date,eth_open,eth_high,eth_low,eth_close,eth_volume,btc_open,btc_high,btc_low,btc_close,btc_volume,tvl_total_usd,tvl_uniswap_usd,tvl_aave_usd,usdc,vixcls,dtwexbgs,fear_greed,fedfunds,gtrends_defi,gtrends_crypto_crash,gtrends_ethereum,eth_log_return,btc_log_return,tvl_log_return,eth_vol_30d,btc_vol_30d,tvl_vol_30d,tvl_drawdown,event_luna,event_ftx,event_svb,usdc_depeg,usdc_deviation,usdc_depeg_severity,fg_norm,gtrends_norm,sentiment_composite,sentiment_z,vix_change,dxy_log_return,ffr_change
2020-01-01,129.16,133.05,128.68,130.77,144770.52197,7195.24,7255.0,7175.15,7200.85,16792.388165,607332562,27036432,,1.0035,,,37.0,1.55,,,,,,,,,,0.0,0,0,0,0,0.0035000000000000586,0.0035000000000000586,0.37,,0.37,0.25574203321522154,,,
2020-01-02,130.72,130.78,126.38,127.19,213757.05806,7200.77,7212.5,6924.74,6965.71,31951.483932,606865359,27659587,,1.0027,12.47,114.9745,39.0,1.55,,,,-0.02775802345501787,-0.033199534310396885,-0.0007695665014365,,,,-0.0007692704610822431,0,0,0,0,0.0026999999999999247,0.0026999999999999247,0.39,,0.39,0.4181171434446066,,,0.0
2020-01-03,127.19,135.14,125.88,134.35,413055.18895,6965.49,7405.0,6871.04,7344.96,68428.500451,601231879,26674978,,1.0011,14.02,114.9867,38.0,1.55,,,,0.0547663035981071,0.05301482343029991,-0.009326270528173095,,,,-0.010045045139535923,0,0,0,0,0.001100000000000101,0.001100000000000101,0.38,,0.38,0.33692958832991404,1.549999999999999,0.00010610485604901302,0.0
2020-01-04,134.37,135.85,132.5,134.2,184276.17102,7345.0,7404.0,7272.21,7354.11,29987.974977,609464833,27773802,,1.0008,,,38.0,1.55,,,,-0.0011171105239188646,0.0012449768838231309,0.013600567055071525,,,,0.0,0,0,0,0,0.0007999999999999119,0.0007999999999999119,0.38,,0.38,0.33692958832991404,,,0.0
2020-01-05,134.2,138.19,134.19,135.37,254120.45343,7354.19,7495.0,7318.0,7358.75,38331.085604,611312656,27773534,,1.001,,,39.0,1.55,11.0,0.0,15.0,0.008680545660113509,0.000630740747051131,0.0030272910957916625,,,,0.0,0,0,0,0,0.0009999999999998899,0.0009999999999998899,0.39,0.08666666666666666,0.23833333333333334,-0.8132274424615628,,,0.0
2020-01-06,135.37,144.41,134.86,144.15,408020.27375,7357.64,7795.34,7346.76,7758.0,54635.695316,614940284,28416743,,0.9999,13.85,114.9557,41.0,1.55,11.0,0.0,15.0,0.06284265388671631,0.05283448765744147,0.0059166236657846516,,,,0.0,0,0,0,0,-9.999999999998899e-05,9.999999999998899e-05,0.41,0.08666666666666666,0.24833333333333332,-0.7320398873468704,,,0.0
2020-01-07,144.14,145.31,138.76,142.8,447762.17281,7758.9,8207.68,7723.71,8145.28,91171.684661,628391024,30151751,,0.9991,13.79,115.1477,40.0,1.55,11.0,0.0,15.0,-0.009409374178927144,0.04871404936371501,0.0216374584787477,,,,0.0,0,0,0,0,-0.0009000000000000119,0.0009000000000000119,0.4,0.08666666666666666,0.24333333333333335,-0.7726336649042165,-0.0600000000000005,0.0016688153635202449,0.0
2020-01-08,142.8,147.77,137.03,140.72,570465.57764,8145.92,8455.0,7870.0,8055.98,112622.64264,615663241,30536219,,1.001,13.45,115.1328,51.0,1.55,11.0,0.0,15.0,-0.014672949476181342,-0.011023945589959614,-0.02046249502628634,,,,-0.020254558887524785,0,0,0,0,0.0009999999999998899,0.0009999999999998899,0.51,0.08666666666666666,0.29833333333333334,-0.32610211177340787,-0.33999999999999986,-0.0001294073968120855,0.0
2020-01-09,140.76,141.5,135.3,137.74,366076.06569,8054.72,8055.96,7750.0,7817.76,64239.51983,638475972,30761805,,1.0007,12.54,115.2331,44.0,1.55,11.0,0.0,15.0,-0.02140425031275049,-0.03001660428030768,0.036383915457055875,,,,0.0,0,0,0,0,0.0006999999999999229,0.0006999999999999229,0.44,0.08666666666666666,0.2633333333333333,-0.6102585546748318,-0.9100000000000001,0.0008707886569834054,0.0
2020-01-10,137.73,145.17,135.32,144.84,409403.59507,7817.74,8199.0,7672.0,8197.02,82406.777448,595229939,30345012,,1.0008,12.56,115.0677,41.0,1.55,11.0,0.0,15.0,0.0502618347808883,0.04737260507373657,-0.07013625982152213,,,,-0.06773321925417736,0,0,0,0,0.0007999999999999119,0.0007999999999999119,0.41,0.08666666666666666,0.24833333333333332,-0.7320398873468704,0.02000000000000135,-0.00143638257824287,0.0
2020-01-11,144.83,148.05,142.09,142.38,368350.57939,8198.86,8286.34,8003.16,8020.01,54810.032667,593684061,31332907,,1.0005,,,50.0,1.55,11.0,0.0,15.0,-0.017130145221713255,-0.02183100482452105,-0.0026004889692140642,,,,-0.07015441921751756,0,0,0,0,0.0004999999999999449,0.0004999999999999449,0.5,0.08666666666666666,0.29333333333333333,-0.36669588933075414,,,0.0
2020-01-12,142.4,146.6,141.76,146.54,229541.86137,8020.01,8197.0,7960.0,8184.98,38131.494336,616715757,31412020,,1.0003,,,45.0,1.55,11.0,0.0,18.0,0.028798889056090623,0.02036109856547728,0.03806093815794603,,,,-0.03408149398611981,0,0,0,0,0.00029999999999996696,0.00029999999999996696,0.45,0.09666666666666666,0.2733333333333333,-0.5290709995601393,,,0.0
2020-01-13,146.56,147.0,142.27,143.58,207996.61865,8184.97,8196.0,8055.89,8110.34,31159.755683,599230318,31778124,,1.0008,12.32,115.0342,49.0,1.55,11.0,0.0,18.0,-0.02040605758348074,-0.009160976526190662,-0.02876220379553596,,,,-0.06146770704160501,0,0,0,0,0.0007999999999999119,0.0007999999999999119,0.49,0.09666666666666666,0.29333333333333333,-0.36669588933075414,,,0.0
2020-01-14,143.58,171.7,143.51,165.64,1108476.31186,8110.34,8880.0,8105.54,8810.01,120399.126742,618571876,32082128,,0.9997,12.39,115.0239,56.0,1.55,11.0,0.0,18.0,0.1429243875290294,0.08274878422149841,0.03176736688031014,,,,-0.031174385369039385,0,0,0,0,-0.00029999999999996696,0.00029999999999996696,0.56,0.09666666666666666,0.32833333333333337,-0.08253944642933018,0.07000000000000028,-8.954259821221612e-05,0.0
2020-01-15,165.6,171.98,159.2,166.4,721687.80381,8814.64,8916.48,8564.0,8821.41,84816.297606,655173775,36852856,,1.0013,12.42,114.9528,54.0,1.55,11.0,0.0,18.0,0.004577769709741938,0.001293146166175448,0.05748711052492838,,,,0.0,0,0,0,0,0.0013000000000000789,0.0013000000000000789,0.54,0.09666666666666666,0.31833333333333336,-0.16372700154402273,0.02999999999999936,-0.0006183235281250375,0.0
2020-01-16,166.4,167.4,157.8,164.21,456170.86719,8820.01,8859.81,8586.0,8720.01,51991.074284,716155639,36900284,,1.0014,12.32,115.0006,55.0,1.55,11.0,0.0,18.0,-0.013248431883362196,-0.011561336478177777,0.08899701045208253,0.8812919573164413,0.6823929813001808,0.7248477943882516,0.0,0,0,0,0,0.0014000000000000679,0.0014000000000000679,0.55,0.09666666666666666,0.32333333333333336,-0.12313322398667646,-0.09999999999999964,0.00041573641171196627,0.0
2020-01-17,164.24,174.81,162.14,169.85,767180.67853,8720.15,9041.65,8672.44,8913.28,70897.737377,695449832,37914222,,1.0017,12.1,115.0656,54.0,1.55,11.0,0.0,18.0,0.03376959810284693,0.021921914733313886,-0.029338639760703163,0.8560258129747553,0.6607045268889067,0.7262754600320548,-0.028912440079243724,0,0,0,0,0.0017000000000000348,0.0017000000000000348,0.54,0.09666666666666666,0.31833333333333336,-0.16372700154402273,-0.22000000000000064,0.0005650547688401125,0.0
2020-01-18,169.92,179.5,164.92,174.14,688783.17982,8913.27,8988.88,8806.38,8915.96,38294.746545,734902436,46700881,,1.0009,,,51.0,1.55,11.0,0.0,18.0,0.024943878793876537,0.0003006297542892932,0.05517887378312703,0.829801184039821,0.642568651597493,0.7357691879775297,0.0,0,0,0,0,0.0008999999999999009,0.0008999999999999009,0.51,0.09666666666666666,0.30333333333333334,-0.2855083342160616,,,0.0
2020-01-19,174.1,178.05,161.66,166.79,624681.28604,8915.09,9198.98,8466.0,8701.7,70676.889259,722303915,47558253,,1.0007,,,53.0,1.55,12.0,0.0,15.0,-0.04312403731138772,-0.024324520325978746,-0.017291765038400235,0.8491162251399308,0.6451393072608825,0.7252521484325192,-0.017143120478103846,0,0,0,0,0.0006999999999999229,0.0006999999999999229,0.53,0.09,0.31,-0.23138329747293335,,,0.0
2020-01-20,166.79,169.33,161.24,166.87,358092.8841,8701.72,8746.99,8521.28,8642.35,38896.639746,716064048,47065175,,1.0018,,,48.0,1.55,12.0,0.0,15.0,0.00047953006972962516,-0.0068438722969167065,-0.008676369753655879,0.8271686210118676,0.6315637621040106,0.7093715658329125,-0.02563386250634227,0,0,0,0,0.0018000000000000238,0.0018000000000000238,0.48,0.09,0.285,-0.43435218525966474,,,0.0
2020-01-21,166.86,170.32,164.8,169.49,308007.6353,8642.35,8789.0,8488.0,8736.03,36494.687659,689575460,47072327,,1.0017,12.85,115.1876,49.0,1.55,12.0,0.0,15.0,0.015578861871151562,0.010781316488657582,-0.03769348260455017,0.8051924359908063,0.6147396019185875,0.7182964551795075,-0.06167754218738227,0,0,0,0,0.0017000000000000348,0.0017000000000000348,0.49,0.09,0.29,-0.39375840770231846,,,0.0
2020-01-22,169.48,171.47,166.03,168.07,272240.90286,8736.04,8818.0,8590.0,8682.36,29080.557138,723306346,48384175,,1.0029,12.91,115.2273,52.0,1.55,12.0,0.0,15.0,-0.008413368741488026,-0.006162471944631271,0.047756714623528596,0.7898505019563682,0.602795515111486,0.7210771502926183,-0.015779087715529085,0,0,0,0,0.0028999999999999027,0.0028999999999999027,0.52,0.09,0.305,-0.2719770750302796,0.0600000000000005,0.0003445957739090957,0.0
2020-01-23,168.07,168.2,159.21,162.81,373414.34985,8682.77,8691.81,8306.39,8404.52,48165.944597,720330464,48091706,,1.0026,12.98,115.5545,49.0,1.55,12.0,0.0,15.0,-0.031796682545051934,-0.03252372475192156,-0.004122763003155952,0.791142578482043,0.6119974956137534,0.7055224895394878,-0.01982844427528881,0,0,0,0,0.0025999999999999357,0.0025999999999999357,0.49,0.09,0.29,-0.39375840770231846,0.07000000000000028,0.00283558078876343,0.0
2020-01-24,162.85,164.45,155.55,162.54,430013.19902,8404.52,8528.02,8238.0,8439.0,41687.529529,707422571,47387144,,1.002,14.56,115.5556,40.0,1.55,12.0,0.0,15.0,-0.001659751418364508,0.004094161809795407,-0.018081901244114434,0.7743380183247864,0.5980407597551146,0.6969440244863309,-0.03739253491874396,0,0,0,0,0.0020000000000000018,0.0020000000000000018,0.4,0.09,0.245,-0.7591024057184345,1.58,9.51927241610931e-06,0.0
2020-01-25,162.51,162.79,157.61,160.35,219921.65197,8438.99,8451.26,8254.9,8340.58,25521.157932,698871473,47650227,,1.0022,,,41.0,1.55,12.0,0.0,15.0,-0.013565199185894754,-0.01173105985876297,-0.012161330593775376,0.7626203217028836,0.5893902136036101,0.6855538234416879,-0.04902822638078723,0,0,0,0,0.0021999999999999797,0.0021999999999999797,0.41,0.09,0.25,-0.7185086281610882,,,0.0
2020-01-26,160.36,168.08,159.41,167.86,251582.55758,8340.01,8618.13,8293.66,8615.0,31130.485164,695253169,47380252,,1.0024,,,42.0,1.55,11.0,0.0,16.0,0.04577137251551764,0.0323721116628264,-0.0051908014755850254,0.7600277585504955,0.5856337075874286,0.6724440320154035,-0.053951742514022634,0,0,0,0,0.0023999999999999577,0.0023999999999999577,0.42,0.09,0.255,-0.6779148506037419,,,0.0
2020-01-27,167.91,172.56,165.22,170.08,365894.81917,8614.39,9000.0,8535.0,8907.57,53973.542996,702454027,49066945,,1.0017,18.23,115.8004,50.0,1.55,11.0,0.0,16.0,0.013138615938956226,0.03339660703325178,0.010303905897275737,0.7447656622422577,0.5821534733635211,0.6591132225658741,-0.044153356160599254,0,0,0,0,0.0017000000000000348,0.0017000000000000348,0.5,0.09,0.295,-0.3531646301449722,,,0.0
2020-01-28,170.04,176.2,170.03,175.64,473433.89609,8907.57,9400.0,8862.4,9374.21,74584.853765,728541959,50325216,,0.9997,16.28,115.7239,54.0,1.55,11.0,0.0,16.0,0.03216753109987873,0.05106082462602789,0.036465263334073864,0.7347925869706078,0.5922198324944783,0.6562035482002908,-0.008654859051249627,0,0,0,0,-0.00029999999999996696,0.00029999999999996696,0.54,0.09,0.315,-0.19078951991558707,-1.9499999999999993,-0.0006608377849236349,0.0
2020-01-29,175.58,178.45,173.33,173.72,317382.90161,9375.34,9449.24,9216.0,9301.53,53864.065122,759776417,52114660,,1.0016,16.39,115.7003,57.0,1.55,11.0,0.0,16.0,-0.010991638026895525,-0.007783398882224428,0.041978981432985556,0.7253861856849642,0.5845944527012674,0.6563861541425977,0.0,0,0,0,0,0.0016000000000000458,0.0016000000000000458,0.57,0.09,0.32999999999999996,-0.0690081872435487,0.10999999999999943,-0.00020395447046426618,0.0
2020-01-30,173.68,187.0,170.93,184.69,477721.6609,9301.57,9578.0,9204.44,9513.21,60626.744259,774672284,52893014,,1.0013,15.49,115.8077,57.0,1.55,11.0,0.0,16.0,0.061233936221198874,0.022502456278908796,0.019415878727622432,0.7350145098316787,0.5760138083543489,0.6458299631753098,0.0,0,0,0,0,0.0013000000000000789,0.0013000000000000789,0.57,0.09,0.32999999999999996,-0.0690081872435487,-0.9000000000000004,0.0009278297743902559,0.0
2020-01-31,184.71,185.82,175.22,179.99,385596.53365,9511.52,9530.22,9210.01,9352.89,45552.022352,776206439,55310600,,1.0016,18.84,115.7345,55.0,1.55,11.0,0.0,16.0,-0.025777450096432102,-0.01699597258492471,0.001978433874504662,0.7340934627509267,0.573549198920305,0.6349914539528803,0.0,0,0,0,0,0.0016000000000000458,0.0016000000000000458,0.55,0.09,0.32,-0.1501957423582408,3.3499999999999996,-0.0006322821709274292,0.0
2020-02-01,179.94,184.28,179.23,183.6,259370.12902,9351.71,9464.53,9281.0,9384.61,28578.067354,787764254,54561631,,1.0012,,,57.0,1.58,11.0,0.0,16.0,0.019858184395002133,0.003385727050131138,0.014780360604046451,0.7214179474347209,0.5537523650739419,0.6345499858955015,0.0,0,0,0,0,0.0012000000000000899,0.0012000000000000899,0.57,0.09,0.32999999999999996,-0.0690081872435487,,,0.030000000000000027
2020-02-02,183.63,193.43,179.1,188.44,552621.13619,9384.41,9477.03,9120.0,9331.51,45690.91254,798788470,56140675,,1.0014,,,57.0,1.58,12.0,0.0,22.0,0.026020175645450325,-0.005674268221518584,0.013897292239429364,0.7069103666128417,0.5337657885682456,0.6314108425538888,0.0,0,0,0,0,0.0014000000000000679,0.0014000000000000679,0.57,0.11333333333333334,0.3416666666666667,0.02571062705692625,,,0.0
2020-02-03,188.48,195.19,186.62,189.69,417175.95781,9331.59,9618.79,9234.0,9292.24,50892.133451,820986502,57903001,,1.0014,17.97,116.1172,59.0,1.58,12.0,0.0,22.0,0.006611506906791144,-0.004217202035113095,0.02741050110531446,0.7057177997529409,0.534971844472039,0.6343782279945521,0.0,0,0,0,0,0.0014000000000000679,0.0014000000000000679,0.59,0.11333333333333334,0.3516666666666667,0.10689818217161881,,,0.0
2020-02-04,189.74,191.6,184.69,188.91,366389.69686,9291.35,9350.0,9093.01,9197.02,53308.175266,809492709,59474870,,1.0034,16.05,115.9291,56.0,1.58,12.0,0.0,22.0,-0.0041204495698705275,-0.01030012470407638,-0.014098902108763453,0.7077790705143542,0.538164036172694,0.6395158123109217,-0.013999978041051886,0,0,0,0,0.0034000000000000696,0.0034000000000000696,0.56,0.11333333333333334,0.33666666666666667,-0.014883150500420023,-1.9199999999999982,-0.0016212285324082231,0.0
2020-02-05,188.91,207.61,188.19,203.78,550942.11417,9197.02,9744.45,9177.22,9612.04,64870.415615,802182891,59226761,,1.0003,15.15,116.009,53.0,1.58,12.0,0.0,22.0,0.0757702693773784,0.04413696079004374,-0.00907114077339739,0.7209852939798195,0.5297176586581829,0.6426605722759811,-0.022903678628324146,0,0,0,0,0.00029999999999996696,0.00029999999999996696,0.53,0.11333333333333334,0.32166666666666666,-0.13666448317245886,-0.9000000000000004,0.0006889769568744985,0.0
2020-02-06,203.78,216.33,201.02,213.19,608240.2233,9612.03,9862.57,9526.35,9772.0,64949.706588,835607155,62806196,,1.0022,14.96,116.1518,61.0,1.58,12.0,0.0,22.0,0.04514280633031147,0.016504674065094656,0.040821966845767686,0.7261265681306746,0.5094288828288079,0.6508923160004035,0.0,0,0,0,0,0.0021999999999999797,0.0021999999999999797,0.61,0.11333333333333334,0.3616666666666667,0.18808573728631137,-0.1899999999999995,0.0012301819946246868,0.0
2020-02-07,213.16,225.0,213.14,223.33,629361.15466,9772.0,9885.0,9730.0,9813.73,43966.114632,871591970,65271144,,1.0011,15.47,116.5086,56.0,1.58,12.0,0.0,22.0,0.04646671135593256,0.00426127217580927,0.04216279773112764,0.7277355378993733,0.505750372009044,0.6512634116259366,0.0,0,0,0,0,0.001100000000000101,0.001100000000000101,0.56,0.11333333333333334,0.33666666666666667,-0.014883150500420023,0.5099999999999998,0.003067133725469511,0.0
2020-02-08,223.36,227.75,213.22,223.05,548551.87465,9813.87,9940.0,9667.11,9895.05,43600.843666,900880582,67631881,,0.9994,,,56.0,1.58,12.0,0.0,22.0,-0.001254536658109426,0.008252206527558531,0.033051319337240495,0.7182430857613467,0.4882093816768789,0.6497684107876439,0.0,0,0,0,0,-0.0006000000000000449,0.0006000000000000449,0.56,0.11333333333333334,0.33666666666666667,-0.014883150500420023,,,0.0
2020-02-09,223.01,230.65,222.86,228.49,350336.24399,9895.04,10166.0,9880.75,10151.75,43408.475616,907158176,67744707,,0.9993,,,56.0,1.58,12.0,0.0,33.0,0.024096484126179114,0.025611472320488028,0.006944120194425836,0.7082943462514356,0.47165949493426446,0.5797698453684585,0.0,0,0,0,0,-0.0007000000000000339,0.0007000000000000339,0.56,0.15,0.35500000000000004,0.13396070054318315,,,0.0
2020-02-10,228.53,229.4,216.37,222.89,510415.49949,10151.72,10188.0,9756.0,9851.83,59573.084619,908285885,70231462,,1.0004,15.04,116.5711,57.0,1.58,12.0,0.0,33.0,-0.024814069482351556,-0.02998887968955256,0.001242350749627932,0.7131982473136613,0.4787686860380534,0.5785347916589965,0.0,0,0,0,0,0.00039999999999995595,0.00039999999999995595,0.57,0.15,0.36,0.17455447810052896,,,0.0
2020-02-11,222.89,239.15,218.17,236.69,595576.90276,9851.74,10323.59,9700.0,10223.08,62422.395224,861087514,68760133,,0.9956,15.18,116.3585,52.0,1.58,12.0,0.0,33.0,0.06007289183861839,0.03699068450599928,-0.053363038828675824,0.7290146544049051,0.4880951393931662,0.6175941764347039,-0.051964223797224374,0,0,0,0,-0.0043999999999999595,0.0043999999999999595,0.52,0.15,0.335,-0.028414409686201965,0.14000000000000057,-0.0018254447613041196,0.0
2020-02-12,236.69,275.34,236.69,265.74,1038073.74782,10223.08,10450.0,10223.08,10326.46,61008.06393,899925302,72777142,,0.9977,13.74,116.2794,61.0,1.58,12.0,0.0,33.0,0.11576711910644197,0.010061623972999353,0.044115620563099464,0.7951981243064361,0.48447232959368863,0.6106276017459779,-0.009204792387586206,0,0,0,0,-0.0022999999999999687,0.0022999999999999687,0.61,0.15,0.38,0.33692958832991404,-1.4399999999999995,-0.0006800267974241284,0.0
2020-02-13,265.74,277.69,256.08,268.32,1089679.1537,10325.33,10500.0,10080.0,10229.63,79344.358759,979931389,79809308,,1.0002,14.15,116.3999,65.0,1.58,12.0,0.0,33.0,0.00966191091173689,-0.009421122032285924,0.08517079588720074,0.66166399198917,0.40591458369913214,0.6573024874234403,0.0,0,0,0,0,0.00019999999999997797,0.00019999999999997797,0.65,0.15,0.4,0.49930469855929915,0.41000000000000014,0.0010357604717970727,0.0
2020-02-14,268.34,287.15,260.28,285.15,734944.32266,10227.78,10381.56,10111.37,10344.36,47038.480173,1004962044,83025810,,0.998,13.68,116.4223,63.0,1.58,12.0,0.0,33.0,0.060835059527649074,0.011153032471666205,0.025222494626572143,0.6782465317983812,0.40624425563167976,0.6406852714524983,0.0,0,0,0,0,-0.0020000000000000018,0.0020000000000000018,0.63,0.15,0.39,0.4181171434446066,-0.47000000000000064,0.0001924215136624933,0.0
2020-02-15,285.11,288.41,261.86,264.88,860813.14274,10344.36,10375.0,9801.0,9904.72,57657.202947,1036964909,82206596,,1.0001,,,64.0,1.58,12.0,0.0,33.0,-0.073738464363557,-0.043430032448461935,0.031348316082642866,0.742999388951116,0.4369488999493455,0.5851983217185893,0.0,0,0,0,0,9.999999999998899e-05,9.999999999998899e-05,0.64,0.15,0.395,0.4587109210019529,,,0.0
2020-02-16,264.91,274.0,237.41,258.85,1110118.46395,9904.46,10050.0,9638.12,9917.27,60023.999537,1055097547,77866388,,0.9993,,,59.0,1.58,11.0,0.0,27.0,-0.02302814989108039,0.0012662706092510477,0.017335134548787424,0.7521985392060505,0.43234809413004543,0.5656812624026405,0.0,0,0,0,0,-0.0007000000000000339,0.0007000000000000339,0.59,0.12666666666666665,0.3583333333333333,0.16102321891474658,,,0.0
2020-02-17,258.89,268.77,242.0,267.85,1110371.39094,9910.7,9964.16,9452.67,9706.0,70261.011901,1008178689,77445524,,0.9995,,,49.0,1.58,11.0,0.0,27.0,0.0341783789790589,-0.021533430825940978,-0.04548779949320019,0.7545686141648132,0.44103884354374917,0.5819566909621119,-0.04446873953352107,0,0,0,0,-0.0004999999999999449,0.0004999999999999449,0.49,0.12666666666666665,0.30833333333333335,-0.24491455665871528,,,0.0
2020-02-18,267.9,285.88,258.0,282.61,1115523.43992,9706.0,10250.0,9576.01,10164.71,70604.124019,955224286,77939044,,0.9977,14.83,116.6039,53.0,1.58,11.0,0.0,27.0,0.053640733001574015,0.04617766642322519,-0.05395453639702691,0.7370851410254211,0.4547514761448517,0.617018681083064,-0.09465784588730543,0,0,0,0,-0.0022999999999999687,0.0022999999999999687,0.53,0.12666666666666665,0.32833333333333337,-0.08253944642933018,,,0.0
2020-02-19,282.64,285.0,251.56,258.45,705973.72988,10164.78,10250.0,9350.0,9593.79,55162.586895,1005089656,82833716,,0.9998,14.38,116.7829,50.0,1.58,11.0,0.0,27.0,-0.08936560368649504,-0.05780590324636327,0.050885859107451074,0.8247273993872748,0.503807627251512,0.6299982689574609,-0.0473964621964949,0,0,0,0,-0.00019999999999997797,0.00019999999999997797,0.5,0.12666666666666665,0.31333333333333335,-0.204320779101369,-0.4499999999999993,0.0015339345249882068,0.0
2020-02-20,258.44,264.33,245.34,256.96,972969.71691,9594.65,9699.0,9400.0,9596.42,60152.342914,977171420,63304419,,0.9993,15.56,117.2454,44.0,1.58,11.0,0.0,27.0,-0.005781820883651542,0.00027409809652581926,-0.028169934336236192,0.8277627375373552,0.5032241754260077,0.6214946261858333,-0.07385679856954497,0,0,0,0,-0.0007000000000000339,0.0007000000000000339,0.44,0.12666666666666665,0.2833333333333333,-0.44788344444544664,1.1799999999999997,0.0039525185809860764,0.0
2020-02-21,256.97,268.24,253.61,265.27,525827.8734,9597.21,9755.51,9550.21,9677.05,42181.554524,885698851,61630939,,0.9984,17.08,117.0473,44.0,1.58,11.0,0.0,27.0,0.0318277444587201,0.008366990519610176,-0.09828509659251021,0.8260266451039577,0.5023982053034824,0.7161706422710723,-0.1605526394044398,0,0,0,0,-0.0016000000000000458,0.0016000000000000458,0.44,0.12666666666666665,0.2833333333333333,-0.44788344444544664,1.5199999999999978,-0.0016910475418816788,0.0
2020-02-22,265.32,266.81,256.0,261.57,313062.52133,9677.05,9709.17,9560.02,9650.86,24636.757623,913902886,63548385,,0.9984,,,43.0,1.58,11.0,0.0,27.0,-0.014046241109283649,-0.002710072225020686,0.031347318632199105,0.8155665932673349,0.4858976789020602,0.7200682922310397,-0.13382142855081436,0,0,0,0,-0.0016000000000000458,0.0016000000000000458,0.43,0.12666666666666665,0.2783333333333333,-0.4884772220027929,,,0.0
2020-02-23,261.55,275.68,261.02,274.48,444740.82883,9650.85,9990.0,9645.0,9936.4,37702.089843,917192468,63084159,,0.997,,,46.0,1.58,12.0,0.0,21.0,0.04817646444236108,0.029157751478757078,0.003593024832713305,0.8206451322354061,0.4933705319097585,0.7141567325015392,-0.13070362962373563,0,0,0,0,-0.0030000000000000027,0.0030000000000000027,0.46,0.11,0.28500000000000003,-0.4343521852596643,,,0.0
2020-02-24,274.5,277.2,257.09,265.52,696591.72983,9936.4,9990.0,9473.56,9656.13,55796.59612,944593591,64842806,,1.0002,25.03,117.4018,46.0,1.58,12.0,0.0,21.0,-0.03318823113847527,-0.02861183519342414,0.02943743355588955,0.8327491158182639,0.5041626670523918,0.7136348701963576,-0.10473340243677014,0,0,0,0,0.00019999999999997797,0.00019999999999997797,0.46,0.11,0.28500000000000003,-0.4343521852596643,,,0.0
2020-02-25,265.47,266.22,244.44,246.67,774791.01027,9655.52,9675.0,9250.0,9315.84,54379.344552,950000082,63266196,,1.0009,27.85,117.2425,44.0,1.58,12.0,0.0,21.0,-0.07363875645940655,-0.03587676971484084,0.005707298353862969,0.883121024554373,0.5134428205091741,0.7117166946348396,-0.09960924020610959,0,0,0,0,0.0008999999999999009,0.0008999999999999009,0.44,0.11,0.275,-0.5155397403743568,2.8200000000000003,-0.0013578000784510923,0.0
2020-02-26,246.67,250.32,215.66,223.93,1395879.41507,9316.48,9377.44,8633.63,8785.25,92130.345482,919292557,60402798,,1.0008,27.56,117.405,41.0,1.58,12.0,0.0,21.0,-0.09671790793557251,-0.05864199828916444,-0.03285765645111785,0.9622287343379914,0.5434651194651942,0.7275419761237355,-0.1287132079741249,0,0,0,0,0.0007999999999999119,0.0007999999999999119,0.41,0.11,0.26,-0.6373210730463956,-0.2900000000000027,0.0013850565292882243,0.0
2020-02-27,223.98,238.3,210.0,227.79,1273793.11658,8786.0,8971.77,8531.0,8823.21,72483.578762,837837072,54592991,,1.0008,39.16,117.3678,39.0,1.58,12.0,0.0,21.0,0.01709064887651205,0.004311570552474216,-0.09278075770112951,0.9591252604414703,0.5111889622605008,0.8019311676098063,-0.2059150602877859,0,0,0,0,0.0007999999999999119,0.0007999999999999119,0.39,0.11,0.25,-0.7185086281610882,11.599999999999998,-0.0003169021310077486,0.0
2020-02-28,227.73,234.67,214.01,226.76,1054994.92397,8823.25,8900.0,8445.0,8692.91,71155.208977,829575442,56812432,,0.9986,40.11,117.6568,40.0,1.58,12.0,0.0,21.0,-0.00453196243714914,-0.014877998499183857,-0.009909602498898041,0.9577225403871784,0.5127923154179904,0.7919001852312769,-0.2137452652043745,0,0,0,0,-0.0013999999999999568,0.0013999999999999568,0.4,0.11,0.255,-0.6779148506037419,0.9500000000000028,0.0024593182642320835,0.0
2020-02-29,226.76,233.0,217.0,217.21,546866.6851,8690.8,8790.0,8523.55,8523.61,36748.183035,805408701,57653882,,0.9999,,,38.0,1.58,12.0,0.0,21.0,-0.043027561940500746,-0.019667790863484216,-0.02956420257268959,0.9550341651153679,0.5082429039786818,0.7974758274968319,-0.23665001090178822,0,0,0,0,-9.999999999998899e-05,9.999999999998899e-05,0.38,0.11,0.245,-0.7591024057184345,,,0.0
2020-03-01,217.29,227.89,212.36,217.81,715016.01941,8523.61,8750.0,8411.0,8531.88,43892.201779,827142708,56407262,,1.0009,,,39.0,0.65,13.0,0.0,18.0,0.0027584956115343784,0.0009697757904506052,0.026627389514293196,0.9484712865834135,0.5061693477913872,0.8023606582988342,-0.21605096102076332,0,0,0,0,0.0008999999999999009,0.0008999999999999009,0.39,0.10333333333333333,0.24666666666666667,-0.7455711465326523,,,-0.93
2020-03-02,217.81,234.4,216.07,231.97,810051.4833,8530.3,8965.75,8498.0,8915.24,60401.31773,820194967,55643596,,0.9994,33.42,116.8144,38.0,0.65,13.0,0.0,18.0,0.06298492983304228,0.043952436059954136,-0.008435164569916331,0.9679273098163631,0.531802863850298,0.8018357548364232,-0.22263588866063394,0,0,0,0,-0.0006000000000000449,0.0006000000000000449,0.38,0.10333333333333333,0.24166666666666667,-0.7861649240899986,,,0.0
2020-03-03,232.1,232.46,219.57,223.91,741498.54825,8911.18,8919.65,8651.0,8760.07,55154.997282,812416576,55503924,,1.0,36.82,116.4958,38.0,0.65,13.0,0.0,18.0,-0.03536386755693175,-0.017558276088587222,-0.009528843390839006,0.9770189114629432,0.5345263308284173,0.8013833807606471,-0.23000808947952184,0,0,0,0,0.0,0.0,0.38,0.10333333333333333,0.24166666666666667,-0.7861649240899986,3.3999999999999986,-0.002731129612320958,0.0
2020-03-04,223.84,228.85,220.23,224.26,443780.33772,8760.07,8848.29,8660.0,8750.87,38696.482578,836022679,57715014,,0.9994,31.99,116.7802,40.0,0.65,13.0,0.0,18.0,0.0015619076294873923,-0.0010507717856942027,0.02864250746709987,0.9771215521061295,0.5344830607567771,0.8019141925058071,-0.20763470507812676,0,0,0,0,-0.0006000000000000449,0.0006000000000000449,0.4,0.10333333333333333,0.2516666666666667,-0.7049773689753058,-4.830000000000002,0.0024383146222110453,0.0
2020-03-05,224.26,234.09,224.23,228.38,601479.87587,8750.99,9159.42,8746.54,9054.68,58201.866355,818677774,57947473,,0.9985,39.62,116.7901,41.0,0.65,13.0,0.0,18.0,0.018204815240767405,0.0341286271212737,-0.02096517261071392,0.9774348368982839,0.5480934225464096,0.8038540935723728,-0.22407385333443486,0,0,0,0,-0.0014999999999999458,0.0014999999999999458,0.41,0.10333333333333333,0.25666666666666665,-0.66438359141796,7.629999999999999,8.47710518498466e-05,0.0
2020-03-06,228.38,245.16,227.33,244.88,628147.3257,9054.64,9170.0,8985.5,9131.88,43782.948044,836095078,59134109,,0.9977,41.94,116.7106,39.0,0.65,13.0,0.0,18.0,0.06975738636365515,0.008489836857210005,0.021051768186584212,0.9722692747697772,0.5251619679918411,0.8062616148123883,-0.2075660867781356,0,0,0,0,-0.0022999999999999687,0.0022999999999999687,0.39,0.10333333333333333,0.24666666666666667,-0.7455711465326523,2.3200000000000003,-0.0006809401691033428,0.0
2020-03-07,244.93,251.93,236.0,237.23,633748.89662,9130.89,9188.0,8835.0,8886.66,45422.204525,849525548,62675231,,0.9989,,,38.0,0.65,13.0,0.0,18.0,-0.0317381599628838,-0.027220312082118024,0.015935678537994286,0.9704169352361989,0.5282139976350533,0.7955405212713246,-0.19483696041613488,0,0,0,0,-0.0010999999999999899,0.0010999999999999899,0.38,0.10333333333333333,0.24166666666666667,-0.7861649240899986,,,0.0
2020-03-08,237.23,237.23,195.5,199.43,1278973.53741,8885.25,8886.76,8000.0,8033.31,77537.315166,864526839,61291597,,1.0,,,33.0,0.65,13.0,0.0,25.0,-0.17356683710914297,-0.10095462863465858,0.017504335511549125,1.1371513613967015,0.6277174528638788,0.7838707385729982,-0.1806190418524402,0,0,0,0,0.0,0.0,0.33,0.12666666666666665,0.22833333333333333,-0.8944149975762553,,,0.0
2020-03-09,199.43,208.62,190.0,202.81,1661331.83553,8034.76,8179.31,7632.01,7929.87,116968.863268,814793875,54568117,,1.0002,54.46,117.1871,17.0,0.65,13.0,0.0,25.0,0.016806282600910508,-0.012960005190206313,-0.05924718319032267,1.1393975777813048,0.625726986969802,0.8004251075762834,-0.22775493382888132,0,0,0,0,0.00019999999999997797,0.00019999999999997797,0.17,0.12666666666666665,0.14833333333333332,-1.5439154384937952,,,0.0
2020-03-10,202.79,206.2,195.54,200.7,1020260.107,7929.87,8149.0,7728.01,7894.56,86783.443875,745730680,53184453,,1.0001,47.3,117.9027,16.0,0.65,13.0,0.0,25.0,-0.010458324363748411,-0.00446272739082808,-0.08857065088822477,1.1353573661892034,0.6144612883865936,0.8526031848197757,-0.2932116256735075,0,0,0,0,9.999999999998899e-05,9.999999999998899e-05,0.16,0.12666666666666665,0.1433333333333333,-1.5845092160511416,-7.160000000000004,0.006087905218894301,0.0
2020-03-11,200.74,203.18,181.73,194.61,1079824.90167,7894.57,7980.0,7590.0,7934.52,79942.411172,747162968,53860439,,0.9994,53.9,118.2505,17.0,0.65,13.0,0.0,25.0,-0.030813699909218565,0.0050489459763729885,0.0019188084045660015,1.1369120488440085,0.6110993805286278,0.8526840774938579,-0.29185413223219253,0,0,0,0,-0.0006000000000000449,0.0006000000000000449,0.17,0.12666666666666665,0.14833333333333332,-1.5439154384937952,6.600000000000001,0.0029455476484471646,0.0
2020-03-12,194.61,195.55,101.2,107.82,3814533.14046,7934.58,7966.17,4410.0,4800.0,261505.608653,753596940,50884181,,1.0005,75.47,120.4883,14.0,0.65,13.0,0.0,25.0,-0.5905343858695511,-0.5026069427414592,0.00857433808574789,2.320493565834951,1.820856838823663,0.8370746222110371,-0.28575614440320557,0,0,0,0,0.0004999999999999449,0.0004999999999999449,0.14,0.12666666666666665,0.13333333333333333,-1.665696771165834,21.57,0.018747397088045206,0.0
2020-03-13,107.67,139.68,86.0,134.06,4663239.92861,4800.01,5955.0,3782.13,5578.6,402201.673764,526215500,26965638,,0.9921,57.83,120.4388,10.0,0.65,13.0,0.0,25.0,0.21782429090628908,0.15032193094234547,-0.35914683809157083,2.424078408269413,1.9181698420541926,1.4786160350214232,-0.5012636495116408,0,0,0,1,-0.007900000000000018,0.007900000000000018,0.1,0.12666666666666665,0.11333333333333333,-1.8280718813952188,-17.64,-0.00041091268434723593,0.0
2020-03-14,134.06,134.68,120.0,122.54,1237674.88642,5576.05,5640.52,5055.13,5172.06,136910.135974,500864738,32554354,,1.0017,,,8.0,0.65,13.0,0.0,25.0,-0.08984995363230312,-0.07566678708579554,-0.04937474405210567,2.4321395989437984,1.9272392665873896,1.4344035903191636,-0.5252905862361937,0,0,0,0,0.0017000000000000348,0.0017000000000000348,0.08,0.12666666666666665,0.10333333333333333,-1.9092594365099114,,,0.0
2020-03-15,122.54,133.5,120.16,123.78,1312950.90137,5172.48,5940.0,5093.1,5361.3,139916.146534,500878204,28687922,,1.0026,,,12.0,0.65,17.0,0.0,25.0,0.010068289013706901,0.03593542121832906,2.6885140760591447e-05,2.4156845558266364,1.934648115777293,1.4265523167494387,-0.5252778234352202,0,0,0,0,0.0025999999999999357,0.0025999999999999357,0.12,0.14,0.13,-1.692759289537398,,,0.0
2020-03-16,123.82,124.33,101.1,111.02,2442064.14448,5360.33,5365.42,4442.12,5028.97,227276.92276,480452769,29349312,,0.9984,82.69,120.9352,9.0,0.65,17.0,0.0,25.0,-0.10879543104920024,-0.06399129121736558,-0.0416340376879082,2.42714005640765,1.9388518155308114,1.414080049210187,-0.5446366353840078,0,0,0,0,-0.0016000000000000458,0.0016000000000000458,0.09,0.14,0.115,-1.8145406222094367,,,0.0
2020-03-17,111.02,120.8,109.38,115.67,1295108.4848,5028.86,5525.0,4921.45,5312.64,150089.926318,407503260,27052909,,0.9967,75.91,122.4816,8.0,0.65,17.0,0.0,25.0,0.04103094404529498,0.054873695073120565,-0.16467999540461356,2.439373286704864,1.956094846229649,1.4851859464813006,-0.6137766966109722,0,0,0,0,-0.0032999999999999696,0.0032999999999999696,0.08,0.14,0.11000000000000001,-1.8551343997667828,-6.780000000000001,0.01270594966598672,0.0
2020-03-18,115.67,118.5,109.86,118.11,1201850.31275,5312.64,5436.17,5009.37,5393.04,137127.634894,448877996,29168346,,0.9964,76.45,124.1623,11.0,0.65,17.0,0.0,25.0,0.020875084316445632,0.015020346505170423,0.09670219433899277,2.4356227612679,1.960075206244406,1.549984907711659,-0.5745625631712326,0,0,0,0,-0.0036000000000000476,0.0036000000000000476,0.11,0.14,0.125,-1.7333530670947441,0.5400000000000063,0.013628766126482436,0.0
2020-03-19,118.11,143.13,115.46,136.3,1801071.18816,5393.26,6400.0,5252.53,6162.37,199020.873439,443056136,29626742,,0.9973,72.0,125.0587,12.0,0.65,17.0,0.0,25.0,0.14324194507873111,0.13335221046196347,-0.013054647137844056,2.492485245874029,2.019571636218437,1.5475869688737536,-0.5800804036937071,0,0,0,0,-0.0027000000000000357,0.0027000000000000357,0.12,0.14,0.13,-1.692759289537398,-4.450000000000003,0.007193646326859701,0.0
2020-03-20,136.3,152.55,116.74,133.48,2504057.63799,6162.05,6900.0,5670.0,6208.36,219298.329514,475636695,34353978,,0.9998,66.04,124.9362,9.0,0.65,17.0,0.0,25.0,-0.020906684819313827,0.007435327078688863,0.07095783716266706,2.481408735861689,2.015668402182627,1.5615942642558864,-0.5492012123879955,0,0,0,0,-0.00019999999999997797,0.00019999999999997797,0.09,0.14,0.115,-1.8145406222094367,-5.959999999999994,-0.0009800200708453444,0.0
2020-03-21,133.49,137.49,125.69,132.66,1231842.11121,6204.57,6456.98,5860.02,6186.98,128913.668363,533013767,33692860,,0.999,,,9.0,0.65,17.0,0.0,25.0,-0.006162189785763301,-0.0034496869311265673,0.11389293608783405,2.4813777522281373,2.015366531909332,1.6347995246552915,-0.4948203902894677,0,0,0,0,-0.0010000000000000009,0.0010000000000000009,0.09,0.14,0.115,-1.8145406222094367,,,0.0
2020-03-22,132.63,137.13,121.1,122.32,1055699.86532,6187.04,6407.87,5734.01,5816.19,119115.990527,493294754,34403643,,0.9993,,,11.0,0.65,18.0,0.0,18.0,-0.08114890247660304,-0.06180167576087353,-0.07744037941975285,2.481801734524109,2.0201445764509702,1.623849057965802,-0.5324652631383665,0,0,0,0,-0.0007000000000000339,0.0007000000000000339,0.11,0.12,0.11499999999999999,-1.8145406222094367,,,0.0
2020-03-23,122.31,137.5,119.5,135.92,1436796.12449,5816.05,6600.0,5688.0,6467.31,164674.215785,485592455,32497562,,0.9959,61.59,126.1262,10.0,0.65,18.0,0.0,18.0,0.10542591574286976,0.1061148487906949,-0.01573717153564093,2.523561176185262,2.064978642771684,1.6135619579364768,-0.5397653455069591,0,0,0,0,-0.0040999999999999925,0.0040999999999999925,0.1,0.12,0.11,-1.855134399766783,,,0.0
2020-03-24,135.89,143.36,132.2,138.42,1244377.16334,6465.25,6833.0,6371.33,6744.72,151138.009878,475090969,35618265,,0.9969,61.67,125.5001,12.0,0.65,18.0,0.0,18.0,0.01822606405004066,0.041999719577783305,-0.021863402762726535,2.515253851128429,2.0687876098710385,1.6111042968656917,-0.5497184403936445,0,0,0,0,-0.0030999999999999917,0.0030999999999999917,0.12,0.12,0.12,-1.7739468446520905,0.0799999999999983,-0.004976437614905497,0.0
2020-03-25,138.42,142.33,132.54,136.1,1034248.74369,6744.69,6957.96,6450.0,6677.43,132155.734989,516417986,36314345,,0.9977,63.95,124.7916,13.0,0.65,18.0,0.0,18.0,-0.016902631756296835,-0.01002679358492966,0.08341018857296974,2.5150503296658875,2.0680283001644524,1.6434367315523353,-0.5105495340517553,0,0,0,0,-0.0022999999999999687,0.0022999999999999687,0.13,0.12,0.125,-1.7333530670947441,2.280000000000001,-0.005661409406514864,0.0
2020-03-26,136.11,139.74,133.26,138.4,751060.63102,6677.42,6780.0,6510.0,6737.36,83026.555211,516810487,35861619,,0.9964,61.0,122.4308,14.0,0.65,18.0,0.0,18.0,0.016758133526148893,0.008934973816594624,0.0007597564897541335,2.5115780783716932,2.0675039312579457,1.6425481870654226,-0.5101775295853285,0,0,0,0,-0.0036000000000000476,0.0036000000000000476,0.14,0.12,0.13,-1.692759289537398,-2.950000000000003,-0.019099173567123005,0.0
2020-03-27,138.4,141.27,129.68,131.33,706948.54559,6737.27,6842.59,6261.0,6359.11,82914.968354,523279907,37064974,,0.999,65.54,122.4007,12.0,0.65,18.0,0.0,18.0,-0.05243480358650061,-0.057779726345443316,0.012440271482651838,2.499108586832278,2.0672549803323337,1.6457831712724642,-0.5040459448627644,0,0,0,0,-0.0010000000000000009,0.0010000000000000009,0.12,0.12,0.12,-1.7739468446520905,4.540000000000006,-0.00024588339451138056,0.0
2020-03-28,131.33,132.97,124.88,130.98,896032.10594,6359.11,6360.0,6024.0,6236.65,93159.693429,526332929,35458547,,0.9979,,,8.0,0.65,18.0,0.0,18.0,-0.002668599807161183,-0.019445251206402104,0.005817441451687818,2.4965868783943796,2.0667339255563317,1.6257990401050788,-0.5011523526933193,0,0,0,0,-0.0020999999999999908,0.0020999999999999908,0.08,0.12,0.1,-1.9363219548814754,,,0.0
2020-03-29,130.94,131.84,123.81,124.5,543997.0,6236.65,6266.0,5866.56,5881.42,63311.627714,513006482,35554628,,1.0004,,,12.0,0.65,20.0,0.0,17.0,-0.050738923885145136,-0.058644949893034606,-0.02564547681098549,2.4985473625287002,2.073245088759166,1.6260449703714854,-0.513782888171192,0,0,0,0,0.00039999999999995595,0.00039999999999995595,0.12,0.12333333333333334,0.12166666666666667,-1.7604155854663084,,,0.0
2020-03-30,124.47,135.42,124.06,132.06,764831.92747,5880.5,6599.0,5857.76,6394.38,118889.549992,511092559,34272198,,0.9983,57.08,123.2883,10.0,0.65,20.0,0.0,17.0,0.058950648861662916,0.08362125023444582,-0.003737773695028192,2.5119949926465592,2.1002075661807207,1.6258329405981369,-0.5155968654716245,0,0,0,0,-0.0017000000000000348,0.0017000000000000348,0.1,0.12333333333333334,0.11166666666666666,-1.841603140581001,,,0.0
2020-03-31,132.09,135.0,130.38,132.72,547669.27789,6394.45,6523.23,6321.4,6410.44,72337.595259,523812722,36307381,,0.9978,53.54,122.5301,12.0,0.65,20.0,0.0,17.0,0.004985281115763737,0.002508431734471707,0.024583512801311644,2.5122228311131836,2.1003117059593444,1.6251872646717322,-0.5035409536403747,0,0,0,0,-0.0021999999999999797,0.0021999999999999797,0.12,0.12333333333333334,0.12166666666666667,-1.7604155854663084,-3.539999999999999,-0.006168801069275374,0.0
2020-04-01,132.72,136.99,128.62,135.69,680922.24747,6412.14,6679.94,6150.11,6642.92,97500.7524,533584510,36688265,,0.9969,57.06,123.7933,12.0,0.05,20.0,0.0,17.0,0.022131226275672357,0.03562371453633789,0.01848324526986641,2.4999631463136636,2.0978418800613214,1.6293104443968613,-0.49427945167993076,0,0,0,0,-0.0030999999999999917,0.0030999999999999917,0.12,0.12333333333333334,0.12166666666666667,-1.7604155854663084,3.520000000000003,0.010256525150637592,-0.6
2020-04-02,135.65,149.76,135.01,141.28,1138977.66114,6643.36,7198.0,6551.0,6794.09,149299.906871,538682854,37072141,,0.9994,50.91,123.5916,14.0,0.05,20.0,0.0,17.0,0.040370864697788396,0.02250149077446257,0.009509535759315464,2.5072412156326966,2.100630634005904,1.631368677407876,-0.48944734490980674,0,0,0,0,-0.0006000000000000449,0.0006000000000000449,0.14,0.12333333333333334,0.13166666666666668,-1.6792280303516158,-6.150000000000006,-0.0016306576892454292,0.0
2020-04-03,141.27,146.72,137.26,141.31,797546.11446,6793.86,7048.0,6602.1,6734.1,104080.276939,553807713,38427066,,0.9991,46.8,124.4152,14.0,0.05,20.0,0.0,17.0,0.00021232173900503587,-0.008868945989810946,0.027690537346502786,2.507131056810795,2.100460016185674,1.6310610683439233,-0.47511231110842495,0,0,0,0,-0.0009000000000000119,0.0009000000000000119,0.14,0.12333333333333334,0.13166666666666668,-1.6792280303516158,-4.109999999999999,0.006641777787016795,0.0
2020-04-04,141.3,146.28,138.88,144.1,573508.14086,6732.97,6990.41,6650.01,6856.99,72990.861139,581673159,38581595,,0.9977,,,12.0,0.05,20.0,0.0,17.0,0.019551444410821524,0.018084399293975692,0.049091169460218555,2.5073625909753434,2.09708222637779,1.6453905664430561,-0.44870200802390836,0,0,0,0,-0.0022999999999999687,0.0022999999999999687,0.12,0.12333333333333334,0.12166666666666667,-1.7604155854663084,,,0.0
2020-04-05,144.1,145.58,140.68,142.68,414987.45246,6857.41,6895.54,6677.52,6772.78,49685.356983,571488008,39263781,,0.9988,,,12.0,0.05,18.0,0.0,21.0,-0.009903142514785501,-0.012356932145710244,-0.017665207873078785,2.488656820000009,2.0961209777574483,1.6413188607682894,-0.45835528703015743,0,0,0,0,-0.0011999999999999789,0.0011999999999999789,0.12,0.13,0.125,-1.7333530670947441,,,0.0
2020-04-06,142.69,172.0,142.6,171.32,1636338.7311,6772.78,7355.14,6765.0,7329.9,118052.000832,574590832,39090721,,0.9984,45.24,124.16,12.0,0.05,18.0,0.0,21.0,0.1829287922564794,0.07905023544895948,0.005414691332998709,2.584544200344648,2.1177721940780914,1.6394190847044308,-0.4554144935378188,0,0,0,0,-0.0016000000000000458,0.0016000000000000458,0.12,0.13,0.125,-1.7333530670947441,,,0.0
2020-04-07,171.32,176.22,162.22,164.63,1717962.82538,7329.9,7459.69,7077.0,7197.32,103585.168918,597306568,45710578,,0.9999,46.7,123.0956,20.0,0.05,18.0,0.0,21.0,-0.03983262108723979,-0.018253138732796458,0.03877230485650978,2.519860154527098,2.090782357627918,1.6460702987682787,-0.4338849808737163,0,0,0,0,-9.999999999998899e-05,9.999999999998899e-05,0.2,0.13,0.165,-1.4086028466359741,1.4600000000000009,-0.00860976718143925,0.0
2020-04-08,164.62,174.48,163.59,173.11,1023575.92076,7197.32,7420.0,7150.0,7361.28,76059.145838,646148431,45505273,,0.9987,43.35,123.2216,21.0,0.05,18.0,0.0,21.0,0.05022669892870782,0.02252509615524215,0.07859875091237101,2.5264205111261515,2.0924594308485345,1.666708311683215,-0.3875936563048421,0,0,0,0,-0.0012999999999999678,0.0012999999999999678,0.21,0.13,0.16999999999999998,-1.3680090690786282,-3.3500000000000014,0.0010230711536998907,0.0
2020-04-09,173.15,173.38,165.19,169.52,719837.24423,7360.26,7371.92,7108.08,7283.54,61094.872417,633428002,47272695,,0.9989,41.67,122.476,22.0,0.05,18.0,0.0,21.0,-0.020956316628594582,-0.010616822906183088,-0.01988290458153539,2.5269567451625874,2.092642920613982,1.6418108673093925,-0.39964982024548296,0,0,0,0,-0.0010999999999999899,0.0010999999999999899,0.22,0.13,0.175,-1.3274152915212818,-1.6799999999999997,-0.006069267984245064,0.0
2020-04-10,169.56,170.1,152.11,157.81,1314841.362,7283.54,7295.75,6739.98,6858.92,104674.623375,636221212,47174199,,0.9985,,122.1592,15.0,0.05,18.0,0.0,21.0,-0.07157913620000234,-0.060067012815594734,0.004399978317685083,2.5360547843698202,2.101919323712446,1.6419736513400955,-0.39700247260644994,0,0,0,0,-0.0014999999999999458,0.0014999999999999458,0.15,0.13,0.14,-1.6115717344227054,,-0.0025899803224649267,0.0
2020-04-11,157.81,161.37,153.91,158.33,621599.61289,6858.92,6944.3,6760.0,6876.83,45470.293206,589048238,44580522,,0.9985,,,15.0,0.05,18.0,0.0,21.0,0.0032896847533014973,0.002607795009356709,-0.07703824204511685,1.4138633443172064,1.0924149520603819,1.6598880087182486,-0.4417120581174093,0,0,0,0,-0.0014999999999999458,0.0014999999999999458,0.15,0.13,0.14,-1.6115717344227054,,,0.0
2020-04-12,158.33,164.78,155.0,158.59,809100.24594,6876.84,7177.0,6780.0,6903.79,73868.666501,593923537,44877136,,0.9988,,,10.0,0.05,16.0,0.0,20.0,0.001640792997166627,0.003912746218315506,0.008242507057023903,1.204968234170016,0.9717679063099274,1.0732882709596367,-0.4370913488627417,0,0,0,0,-0.0011999999999999789,0.0011999999999999789,0.1,0.12,0.11,-1.855134399766783,,,0.0
2020-04-13,158.56,158.97,150.0,156.29,1042091.03622,6903.79,6903.79,6575.0,6837.91,96415.476573,590235680,45374800,,0.9976,41.17,122.5203,11.0,0.05,16.0,0.0,20.0,-0.01460899965640739,-0.009588406781744151,-0.006228670722643446,1.1576019716865669,0.9272427579093995,1.0566879949539958,-0.44058662473603494,0,0,0,0,-0.0023999999999999577,0.0023999999999999577,0.11,0.12,0.11499999999999999,-1.8145406222094367,,,0.0
2020-04-14,156.28,161.85,155.23,158.45,698030.65089,6838.04,6978.0,6754.28,6868.7,69068.623285,584963495,45429233,,0.9991,37.76,122.1121,15.0,0.05,16.0,0.0,20.0,0.013725830282827443,0.004492730411147657,-0.008972471189539089,1.1577501708781754,0.9223511048337446,1.0577374838463558,-0.44558349447096196,0,0,0,0,-0.0009000000000000119,0.0009000000000000119,0.15,0.12,0.135,-1.6521655119800516,-3.4100000000000037,-0.0033372552356336896,0.0
2020-04-15,158.46,161.29,152.0,152.73,729119.66505,6868.57,6933.0,6605.0,6621.24,61571.384994,592156479,46521777,,0.9997,40.84,123.0752,18.0,0.05,16.0,0.0,20.0,-0.03676742955457538,-0.03669219621182481,0.01222147901668058,1.0914776781260735,0.9000830179017091,1.044338112477845,-0.4387661305026236,0,0,0,0,-0.00029999999999996696,0.00029999999999996696,0.18,0.12,0.15,-1.530384179308013,3.0800000000000054,0.007856075362568084,0.0
2020-04-16,152.74,174.79,148.33,172.29,1647207.59991,6621.25,7190.0,6468.27,7101.94,125009.857539,678972975,45109980,,0.9984,40.11,123.4615,13.0,0.05,16.0,0.0,20.0,0.12050744696196056,0.07008532257417706,0.13681040299633734,1.1528187014869613,0.9112989079775625,0.945447252603864,-0.3564832209774818,0,0,0,0,-0.0016000000000000458,0.0016000000000000458,0.13,0.12,0.125,-1.7333530670947441,-0.730000000000004,0.0031338159077162766,0.0
2020-04-17,172.31,174.96,168.31,170.69,723537.75591,7101.99,7148.12,6972.98,7027.55,54126.509763,624065475,49351302,,0.9991,38.15,122.871,15.0,0.05,16.0,0.0,20.0,-0.009330057768073236,-0.01052984748182655,-0.08432603483890741,1.1551265573675227,0.9137674546615514,0.9640910537543097,-0.4085234329523088,0,0,0,0,-0.0009000000000000119,0.0009000000000000119,0.15,0.12,0.135,-1.6521655119800516,-1.9600000000000009,-0.0047943420465292735,0.0
2020-04-18,170.61,189.54,170.48,187.4,1127296.36979,7026.78,7293.08,7014.4,7248.6,49488.542819,631895664,48967407,,0.9984,,,18.0,0.05,16.0,0.0,20.0,0.0933963240280803,0.030970208092469646,0.012469001161140622,1.0955441614033232,0.8009801885586653,0.9601840032574424,-0.4011021390423155,0,0,0,0,-0.0016000000000000458,0.0016000000000000458,0.18,0.12,0.15,-1.530384179308013,,,0.0
2020-04-19,187.4,188.35,175.75,180.03,995759.5775,7248.6,7266.15,7055.6,7120.74,45664.86393,648643981,53897584,,0.9986,,,16.0,0.05,15.0,0.0,24.0,-0.04012186613479064,-0.017796694163898973,0.02615970879099559,1.1045157365241183,0.8050030031648537,0.9379221542193301,-0.3852284247609951,0,0,0,0,-0.0013999999999999568,0.0013999999999999568,0.16,0.13,0.14500000000000002,-1.570977956865359,,,0.0
2020-04-20,180.02,186.46,166.7,170.2,1547821.52737,7121.4,7220.0,6751.0,6826.83,90149.49137,679939763,51331426,,0.9986,43.83,123.1033,15.0,0.05,15.0,0.0,24.0,-0.05614928753025744,-0.04215121560930678,0.047120209721210456,1.1272346983629635,0.8210155414672475,0.8717172362379236,-0.35556691897038406,0,0,0,0,-0.0013999999999999568,0.0013999999999999568,0.15,0.13,0.14,-1.6115717344227054,,,0.0
2020-04-21,170.21,174.7,168.0,170.74,906381.65398,6828.98,6940.0,6762.0,6841.37,60109.710808,664153050,54553972,,0.9983,45.41,123.9116,17.0,0.05,15.0,0.0,24.0,0.0031677154428867106,0.0021275669780452776,-0.023491590518808073,1.0804121009241212,0.7868020291891921,0.8240845486198437,-0.37052924453439184,0,0,0,0,-0.0017000000000000348,0.0017000000000000348,0.17,0.13,0.15000000000000002,-1.5303841793080128,1.5799999999999983,0.006544567838195354,0.0
2020-04-22,170.73,184.0,169.78,182.7,988698.39076,6841.36,7156.38,6818.0,7125.14,61486.377334,645568144,53117584,,0.999,41.98,123.9256,19.0,0.05,15.0,0.0,24.0,0.06770353180180066,0.0406413711082043,-0.028381847412307502,1.0464466716329401,0.7108032954325506,0.8301958716120446,-0.3881436405235051,0,0,0,0,-0.0010000000000000009,0.0010000000000000009,0.19,0.13,0.16,-1.4491966241933205,-3.4299999999999997,0.00011297739011649354,0.0
2020-04-23,182.7,193.63,178.16,185.51,1457867.08713,7125.12,7738.0,7020.0,7482.39,102773.569561,669577796,56497092,,0.999,41.38,123.7542,19.0,0.05,15.0,0.0,24.0,0.015263325566320776,0.048922884583249386,0.0365165860381493,1.046199524998765,0.7159477367207616,0.8274134620980097,-0.36538778058594046,0,0,0,0,-0.0010000000000000009,0.0010000000000000009,0.19,0.13,0.16,-1.4491966241933205,-0.5999999999999943,-0.0013840452661935732,0.0
2020-04-24,185.57,189.8,184.72,187.59,780904.21257,7483.96,7615.96,7388.0,7505.0,60182.119939,681330696,55260334,,0.9991,35.93,124.1615,20.0,0.05,15.0,0.0,24.0,0.011149941297034477,0.003017205417696101,0.017400433276628356,1.0417676037749126,0.7142989432758847,0.7861526475620336,-0.3542486209571294,0,0,0,0,-0.0009000000000000119,0.0009000000000000119,0.2,0.13,0.165,-1.4086028466359741,-5.450000000000003,0.0032857972806878857,0.0
2020-04-25,187.6,198.36,185.76,194.21,866478.04928,7505.0,7705.0,7431.07,7538.67,43874.427726,693764696,54561294,,0.9991,,,24.0,0.05,15.0,0.0,24.0,0.03468131759004386,0.004476308802495665,0.018085056453195893,1.0449513799307077,0.7140722199970401,0.7861237836671666,-0.3424639285982531,0,0,0,0,-0.0009000000000000119,0.0009000000000000119,0.24,0.13,0.185,-1.2462277364065895,,,0.0
2020-04-26,194.21,200.0,192.3,197.38,758525.81533,7539.03,7700.0,7480.0,7693.1,50522.616209,704976326,58047861,,0.9986,,,21.0,0.05,16.0,0.0,30.0,0.016190756906501114,0.02027804933449806,0.01603137384689689,1.0193791541620887,0.6805431131375599,0.7863744660121662,-0.33183777366890227,0,0,0,0,-0.0013999999999999568,0.0013999999999999568,0.21,0.15333333333333335,0.18166666666666667,-1.2732902547781535,,,0.0
2020-04-27,197.39,199.05,189.29,196.34,896627.37271,7693.1,7792.02,7606.0,7774.62,65441.339576,709913375,58241696,,0.998,33.29,123.8843,28.0,0.05,16.0,0.0,30.0,-0.005282954479485703,0.010540759050406048,0.006978733443043911,1.0199442974780994,0.6742474071833704,0.7863083646786205,-0.3271585390198997,0,0,0,0,-0.0020000000000000018,0.0020000000000000018,0.28,0.15333333333333335,0.21666666666666667,-0.9891338118767298,,,0.0
2020-04-28,196.33,198.5,192.36,196.24,636829.89397,7773.51,7780.0,7659.12,7738.98,46302.752638,717581426,58078948,,0.998,33.57,123.3693,26.0,0.05,16.0,0.0,30.0,-0.0005094503141414406,-0.004594686301061086,0.010743471359402432,0.9948706727545724,0.6327448847397527,0.7757347368945579,-0.31989091620928584,0,0,0,0,-0.0020000000000000018,0.0020000000000000018,0.26,0.15333333333333335,0.20666666666666667,-1.0703213669914222,0.28000000000000114,-0.004165769434782372,0.0
2020-04-29,196.24,218.77,196.22,215.36,1620422.72431,7738.58,8952.89,7710.05,8778.57,183546.887514,728259733,58975383,,0.9991,31.23,122.7782,26.0,0.05,16.0,0.0,30.0,0.09297264650612909,0.12604362825102328,0.014771333757083187,1.0204640555493139,0.708370541940146,0.7739373213996461,-0.3097702339743948,0,0,0,0,-0.0009000000000000119,0.0009000000000000119,0.26,0.15333333333333335,0.20666666666666667,-1.0703213669914222,-2.34,-0.0048028205547140605,0.0
2020-04-30,215.4,227.3,202.0,206.08,1749691.00151,8778.58,9460.0,8401.0,8620.0,206277.214124,774582432,65704213,,0.9994,34.15,122.327,44.0,0.05,16.0,0.0,30.0,-0.044046603540374145,-0.018228439547185536,0.06166632606437484,1.0414242825997095,0.7150001678208916,0.7922369620548498,-0.265866521818385,0,0,0,0,-0.0006000000000000449,0.0006000000000000449,0.44,0.15333333333333335,0.2966666666666667,-0.3396333709591898,2.919999999999998,-0.0036816885946241275,0.0
2020-05-01,206.07,217.14,205.91,212.02,794913.95828,8620.0,9059.18,8613.56,8826.96,91468.815059,762944373,61822082,,0.9993,37.19,123.1492,40.0,0.05,16.0,0.0,30.0,0.028416166928962833,0.023725589801303106,-0.015138963739440247,1.0422216423853379,0.7107987307098713,0.7979887592474727,-0.27689683748264843,0,0,0,0,-0.0007000000000000339,0.0007000000000000339,0.4,0.15333333333333335,0.27666666666666667,-0.5020084811885749,3.039999999999999,0.006698841473407949,0.0
2020-05-02,212.01,215.37,210.36,213.9,443494.67248,8825.67,9010.0,8753.0,8972.05,59002.08755,776982392,63898765,,0.9988,,,40.0,0.05,16.0,0.0,30.0,0.008828006243408303,0.016303515058974757,0.0182325656011467,1.0383105314647294,0.7096970457853892,0.7982372983153847,-0.2635918885327482,0,0,0,0,-0.0011999999999999789,0.0011999999999999789,0.4,0.15333333333333335,0.27666666666666667,-0.5020084811885749,,,0.0
2020-05-03,213.89,219.3,203.92,209.86,748383.91311,8972.58,9200.0,8712.0,8894.16,90126.065643,782068269,65499822,,0.999,,,45.0,0.05,14.0,0.0,27.0,-0.019067974358594923,-0.008719307953238976,0.006524348654142255,1.043656253776831,0.709649102887693,0.7964830722209187,-0.25877159773171193,0,0,0,0,-0.0010000000000000009,0.0010000000000000009,0.45,0.13666666666666666,0.29333333333333333,-0.36669588933075414,,,0.0
2020-05-04,209.86,210.65,194.88,206.48,1114249.32658,8894.15,8950.0,8522.0,8871.96,84418.512331,797193334,63633749,,0.9984,35.97,123.2117,44.0,0.05,14.0,0.0,27.0,-0.016237086319406596,-0.002499140111014321,0.0191551892911461,1.0483626674927933,0.7100644269935258,0.7854708729404268,-0.24443636868771906,0,0,0,0,-0.0016000000000000458,0.0016000000000000458,0.44,0.13666666666666666,0.28833333333333333,-0.40728966688810037,,,0.0
2020-05-05,206.47,211.68,201.0,205.29,640644.66268,8871.92,9118.58,8760.0,9021.83,76480.765342,759931457,64279874,,0.9992,33.61,122.803,40.0,0.05,14.0,0.0,27.0,-0.005779941777842336,0.01675145450840847,-0.047868985482212655,1.0473771192029504,0.7065080697370466,0.8059048308398901,-0.27975241800083533,0,0,0,0,-0.0008000000000000229,0.0008000000000000229,0.4,0.13666666666666666,0.2683333333333333,-0.5696647771174855,-2.3599999999999994,-0.0033225687406942114,0.0
2020-05-06,205.3,210.77,197.71,198.97,862700.67849,9021.36,9395.0,8906.21,9142.92,105925.30242,762064433,61700744,,0.999,34.12,123.609,42.0,0.05,14.0,0.0,27.0,-0.03126955404135943,0.013332613300691144,0.0028028687993383325,0.856897963102479,0.6608629788127488,0.8061229133788659,-0.27773082672137045,0,0,0,0,-0.0010000000000000009,0.0010000000000000009,0.42,0.13666666666666666,0.2783333333333333,-0.4884772220027929,0.509999999999998,0.0065419125245867,0.0
2020-05-07,198.92,215.1,196.43,212.0,1305778.73764,9143.4,10067.0,9021.0,9986.4,147154.611378,805186528,60980522,,0.9983,31.44,123.1249,49.0,0.05,14.0,0.0,27.0,0.0634322150808559,0.08824435807397825,0.05504285252414828,0.8645858603715563,0.7113702354490153,0.8155243313524976,-0.23686058195337648,0,0,0,0,-0.0017000000000000348,0.0017000000000000348,0.49,0.13666666666666666,0.31333333333333335,-0.204320779101369,-2.679999999999996,-0.003924070597466594,0.0
2020-05-08,212.01,216.61,206.9,211.31,917908.1944,9986.3,10035.96,9705.0,9800.01,100683.7964,787553138,63476311,,0.9994,27.98,122.5379,55.0,0.05,14.0,0.0,27.0,-0.0032600250931766636,-0.018840761270535238,-0.022143117130045985,0.8520799114198299,0.7174812462260249,0.7838897705301173,-0.2535731504264411,0,0,0,0,-0.0006000000000000449,0.0006000000000000449,0.55,0.13666666666666666,0.3433333333333334,0.03924188624270865,-3.460000000000001,-0.004778917419820483,0.0
2020-05-09,211.32,214.6,208.4,210.07,587871.98073,9800.02,9914.25,9520.0,9539.4,81950.679567,804776036,64394491,,1.0,,,56.0,0.05,14.0,0.0,27.0,-0.005885441071246809,-0.026952815683587594,0.02163317731147593,0.8475446100696272,0.7254752348727949,0.7796028867138601,-0.23724963792376252,0,0,0,0,0.0,0.0,0.56,0.13666666666666666,0.3483333333333334,0.07983566380005493,,,0.0
2020-05-10,210.09,210.18,179.59,187.54,1473226.05475,9539.1,9574.83,8117.0,8722.77,183865.182028,809797005,65500458,,0.9995,,,48.0,0.05,13.0,0.0,27.0,-0.11344865251611,-0.08949374237266458,0.006219582586958903,0.906993257357549,0.7668155246328368,0.7795235330706445,-0.23249086560524437,0,0,0,0,-0.0004999999999999449,0.0004999999999999449,0.48,0.13333333333333333,0.30666666666666664,-0.25844581584449766,,,0.0
2020-05-11,187.62,193.5,176.0,185.73,1093299.81927,8722.77,9168.0,8200.0,8561.52,168807.251832,760285697,61637360,,0.9991,27.57,123.2333,40.0,0.05,13.0,0.0,27.0,-0.009698149792228617,-0.018659103544510936,-0.06308932540065393,0.9085673043035265,0.7722709126142165,0.7616760818271394,-0.27941667653218416,0,0,0,0,-0.0009000000000000119,0.0009000000000000119,0.4,0.13333333333333333,0.26666666666666666,-0.5831960363032674,,,0.0
2020-05-12,185.8,192.24,185.48,189.76,669755.79567,8562.04,8978.26,8528.78,8810.79,86522.780066,736846654,61048397,,0.9993,33.04,123.0592,39.0,0.05,13.0,0.0,27.0,0.02146610961011009,0.028699362273097852,-0.031314477048892474,0.9101869318568263,0.7757327762530665,0.7742421349786177,-0.301631724862687,0,0,0,0,-0.0007000000000000339,0.0007000000000000339,0.39,0.13333333333333333,0.26166666666666666,-0.6237898138606137,5.469999999999999,-0.001413766387513302,0.0
2020-05-13,189.77,201.0,188.35,199.58,806143.00704,8810.99,9398.0,8792.99,9309.37,92466.274018,730608535,61154761,,0.9986,35.28,123.5408,41.0,0.05,13.0,0.0,27.0,0.050455042646805885,0.05504431306987792,-0.008502006225637907,0.9199036033077171,0.7897839641587573,0.7747783648065273,-0.30754408720087756,0,0,0,0,-0.0013999999999999568,0.0013999999999999568,0.41,0.13333333333333333,0.27166666666666667,-0.5426022587459212,2.240000000000002,0.0039059254848676376,0.0
2020-05-14,199.61,206.02,195.67,203.29,1114700.24937,9309.35,9939.0,9256.76,9791.98,129565.37747,742888896,64069344,,0.9996,32.61,123.6429,40.0,0.05,13.0,0.0,27.0,0.01841837257680612,0.050542263457842476,0.016668702744088163,0.9204070691704634,0.8017761492193077,0.7732393505829008,-0.2959050107620049,0,0,0,0,-0.00039999999999995595,0.00039999999999995595,0.4,0.13333333333333333,0.26666666666666666,-0.5831960363032674,-2.6700000000000017,0.0008261062991330694,0.0
2020-05-15,203.29,204.08,191.66,194.86,904749.6357,9791.97,9845.62,9150.0,9316.42,115890.761516,761434154,64544754,,1.0009,31.89,123.5991,44.0,0.05,13.0,0.0,27.0,-0.04235217903577746,-0.049785248551448925,0.0246572005689522,0.9240482714625115,0.8129695005860964,0.7753145031721338,-0.2783281923410632,0,0,0,0,0.0008999999999999009,0.0008999999999999009,0.44,0.13333333333333333,0.2866666666666667,-0.42082092607388233,-0.7199999999999989,-0.0003543087376593687,0.0
2020-05-16,194.87,203.5,193.21,200.45,669900.03754,9315.96,9588.0,9220.0,9381.27,59587.627862,749335669,63278344,,1.0002,,,41.0,0.05,13.0,0.0,27.0,0.02828348709132059,0.006936713576645949,-0.016016660451520354,0.8345293191815905,0.7849356138045857,0.625465980924223,-0.25674319723693345,0,0,0,0,0.00019999999999997797,0.00019999999999997797,0.41,0.13333333333333333,0.27166666666666667,-0.5426022587459212,,,0.0
2020-05-17,200.44,209.85,199.68,207.0,708711.89315,9380.81,9888.0,9322.1,9680.04,68647.764323,754654878,62872808,,1.0004,,,40.0,0.05,12.0,0.0,26.0,0.03215395417685316,0.03135088520193182,0.007073490174722636,0.838071982043548,0.7852271900820366,0.5396956685398265,-0.24916660569034849,0,0,0,0,0.00039999999999995595,0.00039999999999995595,0.4,0.12666666666666665,0.2633333333333333,-0.6102585546748318,,,0.0
2020-05-18,207.02,217.07,207.0,214.91,1064139.2485,9681.11,9950.0,9464.23,9733.93,82006.603583,771047477,63879400,,1.0005,29.3,122.7968,50.0,0.05,12.0,0.0,26.0,0.037500542571745524,0.005551686585784176,0.021489420628753975,0.7861371595740181,0.7819567561816183,0.5418990236461914,-0.2328570168868597,0,0,0,0,0.0004999999999999449,0.0004999999999999449,0.5,0.12666666666666665,0.31333333333333335,-0.204320779101369,,,0.0
2020-05-19,214.92,215.95,209.45,214.58,643702.98849,9733.93,9897.21,9474.0,9775.53,78539.760454,788501728,63631678,,0.9997,30.53,122.5655,50.0,0.05,12.0,0.0,26.0,-0.0015367066285144793,0.004264604253293181,0.02238464776657186,0.7698839113810312,0.7759107372134699,0.5403447794297217,-0.19307737428505636,0,0,0,0,-0.00029999999999996696,0.00029999999999996696,0.5,0.12666666666666665,0.31333333333333335,-0.204320779101369,1.2300000000000004,-0.0018853757770913963,0.0
2020-05-20,214.6,215.75,204.27,209.98,679532.61037,9775.13,9842.0,9326.0,9511.43,74923.73809,850810275,62799720,54026260.0,1.0004,27.99,122.1007,52.0,0.05,12.0,0.0,26.0,-0.021670341121805062,-0.02738809106362215,0.07605456221844138,0.7438903922977255,0.7649180311865863,0.5759669421009057,-0.10441031414563605,0,0,0,0,0.00039999999999995595,0.00039999999999995595,0.52,0.12666666666666665,0.32333333333333336,-0.12313322398667646,-2.5400000000000027,-0.0037994668585383524,0.0
2020-05-21,209.99,211.64,191.71,198.74,1003923.4342,9511.43,9578.47,8815.0,9068.65,108928.780969,864288456,63636096,57638725.0,1.0009,29.53,122.0914,49.0,0.05,12.0,0.0,26.0,-0.05501485028357788,-0.04767082257525894,0.01571741407396067,0.7747091421150858,0.7914933548985047,0.5655801146502354,-0.09022275642287787,0,0,0,0,0.0008999999999999009,0.0008999999999999009,0.49,0.12666666666666665,0.30833333333333335,-0.24491455665871528,1.5400000000000027,-7.61695403291683e-05,0.0
2020-05-22,198.72,209.19,196.24,207.36,787672.36081,9067.51,9271.0,8933.52,9170.0,58943.131024,932874609,59881350,56713126.0,1.0,28.16,122.3211,42.0,0.05,12.0,0.0,26.0,0.042458975360692604,0.011113875556824242,0.07636422212111997,0.7537381745987412,0.7834822312229501,0.5961424516832107,-0.018026812128212007,0,0,0,0,0.0,0.0,0.42,0.12666666666666665,0.2733333333333333,-0.5290709995601393,-1.370000000000001,0.0018796098204980625,0.0
2020-05-23,207.36,211.2,204.55,206.6,478559.92006,9170.0,9307.85,9070.0,9179.15,43526.296966,941337473,63237290,55708506.0,0.9999,,,40.0,0.05,12.0,0.0,26.0,-0.0036718564783718424,0.0009973214844743207,0.009030911281175526,0.7531400418282665,0.7700097535915007,0.5897477911137704,-0.009118535002400136,0,0,0,0,-9.999999999998899e-05,9.999999999998899e-05,0.4,0.12666666666666665,0.2633333333333333,-0.6102585546748318,,,0.0
2020-05-24,206.6,210.55,199.5,199.9,673535.05784,9179.01,9298.0,8700.0,8720.34,70379.86645,965064677,63672661,55555950.0,1.0005,,,43.0,0.05,13.0,0.0,24.0,-0.03296731517918375,-0.051276379766393834,0.02489341429274325,0.7632193664212912,0.7962205764356014,0.5912916305757332,0.0,0,0,0,0,0.0004999999999999449,0.0004999999999999449,0.43,0.12333333333333334,0.27666666666666667,-0.5020084811885749,,,0.0
2020-05-25,199.9,205.67,198.01,204.15,469931.62492,8718.14,8979.66,8642.72,8900.35,62833.910949,1030796010,62592882,56144278.0,1.0002,,,41.0,0.05,13.0,0.0,24.0,0.02103777625923049,0.02043237382109617,0.06589148609975581,0.7573540903375284,0.7980308645503038,0.6206693049075196,0.0,0,0,0,0,0.00019999999999997797,0.00019999999999997797,0.41,0.12333333333333334,0.26666666666666666,-0.5831960363032674,,,0.0
2020-05-26,204.22,205.0,196.9,200.89,477176.7353,8900.35,9017.67,8700.0,8841.18,58299.770138,1011937027,63163534,54726168.0,1.0003,28.01,121.3864,39.0,0.05,13.0,0.0,24.0,-0.016097523191526842,-0.006670249903320307,-0.018464986364051507,0.7579328889863491,0.79730026106765,0.63027670499478,-0.018295552967846664,0,0,0,0,0.00029999999999996696,0.00029999999999996696,0.39,0.12333333333333334,0.25666666666666665,-0.66438359141796,,,0.0
2020-05-27,200.92,208.44,200.76,208.29,494816.72727,8841.0,9225.0,8811.73,9204.07,68910.355514,1013602098,63230744,54997126.0,1.0001,27.62,121.5677,39.0,0.05,13.0,0.0,24.0,0.036173844859233764,0.040225425628930105,0.001644077228136283,0.767623884208835,0.8067344990274437,0.6310909450532722,-0.016680227545700338,0,0,0,0,9.999999999998899e-05,9.999999999998899e-05,0.39,0.12333333333333334,0.25666666666666665,-0.66438359141796,-0.39000000000000057,0.0014924632566645692,0.0
2020-05-28,208.29,220.5,204.67,220.21,643945.97769,9204.07,9625.47,9110.0,9575.89,74110.787662,1022576737,64767046,56126544.0,0.9998,28.59,121.0138,41.0,0.05,13.0,0.0,24.0,0.055650297084809126,0.0396027036055747,0.00881523465689694,0.7900093194718487,0.8143806920500043,0.6311701311344249,-0.007973714411253881,0,0,0,0,-0.00019999999999997797,0.00019999999999997797,0.41,0.12333333333333334,0.26666666666666666,-0.5831960363032674,0.9699999999999989,-0.004566720567139568,0.0
2020-05-29,220.24,224.79,217.57,220.67,603058.0759,9575.87,9605.26,9330.0,9427.07,57374.362961,1010332469,66533539,56232696.0,1.0003,27.51,120.9458,48.0,0.05,13.0,0.0,24.0,0.002086736376888281,-0.015663143272285802,-0.012046200615632678,0.7215943905275118,0.6951588900257915,0.6364937561912637,-0.019852173273352116,0,0,0,0,0.00029999999999996696,0.00029999999999996696,0.48,0.12333333333333334,0.30166666666666664,-0.29903959340184394,-1.0799999999999983,-0.0005620773202656252,0.0
2020-05-30,220.63,247.0,218.8,243.66,1019550.75146,9426.6,9740.0,9331.23,9697.72,55665.27254,1039978610,67230279,57608742.0,0.9998,,,48.0,0.05,13.0,0.0,24.0,0.09910543803127221,0.028305468467552164,0.028920691720125073,0.779985319082434,0.6967470985539775,0.6134612341428102,0.0,0,0,0,0,-0.00019999999999997797,0.00019999999999997797,0.48,0.12333333333333334,0.30166666666666664,-0.29903959340184394,,,0.0
2020-05-31,243.71,245.39,229.58,231.57,821608.68884,9697.72,9700.0,9381.41,9448.27,48333.786403,1104016559,76220670,63417218.0,1.0007,,,51.0,0.05,11.0,0.0,29.0,-0.050891607296389266,-0.026059150370553428,0.059754801202542104,0.7995748522455428,0.700571222412204,0.6304937887438348,0.0,0,0,0,0,0.0006999999999999229,0.0006999999999999229,0.51,0.13333333333333333,0.32166666666666666,-0.13666448317245886,,,0.0
2020-06-01,231.56,250.68,230.66,248.23,823816.69936,9448.27,10380.0,9421.67,10200.77,76649.12696,1118893117,73372953,65027863.0,0.9992,28.23,120.2686,50.0,0.08,11.0,0.0,29.0,0.06947353210232725,0.07663155167361478,0.013384961398554022,0.8324998483435789,0.7459193043105659,0.6301480259496949,0.0,0,0,0,0,-0.0008000000000000229,0.0008000000000000229,0.5,0.13333333333333333,0.31666666666666665,-0.17725826072980513,,,0.03
2020-06-02,248.23,253.8,225.0,237.71,955520.91863,10202.71,10228.99,9266.0,9518.04,108970.773151,1110406433,77901321,65990758.0,1.0,26.84,119.6854,56.0,0.08,11.0,0.0,29.0,-0.0433042924150342,-0.06927426238341051,-0.0076138040737729765,0.845495588849229,0.7879226044057855,0.6336582077905869,-0.007584892489780147,0,0,0,0,0.0,0.0,0.56,0.13333333333333333,0.3466666666666667,0.06630440461427253,-1.3900000000000006,-0.0048609412500462265,0.0
2020-06-03,237.71,245.0,232.71,244.52,502928.13371,9518.02,9690.0,9365.21,9666.24,46252.644939,1143938485,73783077,68571374.0,1.0001,25.66,119.2556,48.0,0.08,11.0,0.0,29.0,0.0282456618433596,0.015450457159570928,0.02975101549729902,0.8462297686660682,0.7890448211973752,0.636302802969644,0.0,0,0,0,0,9.999999999998899e-05,9.999999999998899e-05,0.48,0.13333333333333333,0.30666666666666664,-0.25844581584449766,-1.1799999999999997,-0.00359754469556037,0.0
2020-06-04,244.54,246.6,236.0,243.21,669369.3392,9666.32,9881.63,9450.0,9789.06,57456.100969,1135156109,76085932,68492633.0,1.0001,25.81,119.3014,54.0,0.08,11.0,0.0,29.0,-0.005371837492799228,0.01262603317612486,-0.0077069372140642495,0.8461616674475266,0.7882613889387968,0.6032757466143959,-0.007677314921352611,0,0,0,0,9.999999999998899e-05,9.999999999998899e-05,0.54,0.13333333333333333,0.33666666666666667,-0.014883150500420023,0.14999999999999858,0.00038397532298553214,0.0
2020-06-05,243.22,247.87,239.14,240.03,502547.41103,9788.14,9854.75,9581.0,9621.16,47788.05005,1147887531,76757229,67636747.0,1.0007,24.52,118.8138,53.0,0.08,11.0,0.0,29.0,-0.013161352137583198,-0.017300596060589795,0.011153141141216403,0.8385404832529966,0.7903101262474816,0.6021357124979134,0.0,0,0,0,0,0.0006999999999999229,0.0006999999999999229,0.53,0.13333333333333333,0.33166666666666667,-0.0554769280577663,-1.2899999999999991,-0.004095502358088677,0.0
2020-06-06,240.04,244.7,237.83,241.94,389423.07798,9621.17,9735.0,9531.05,9666.3,32752.950893,1160547395,76163017,69313598.0,1.0001,,,54.0,0.08,11.0,0.0,29.0,0.007925846001559931,0.004680770035723853,0.010968462467670333,0.8128613471192397,0.7262929993455244,0.5833383134588969,0.0,0,0,0,0,9.999999999998899e-05,9.999999999998899e-05,0.54,0.13333333333333333,0.33666666666666667,-0.014883150500420023,,,0.0
2020-06-07,241.94,245.37,234.6,244.56,571102.55515,9666.85,9802.0,9372.46,9746.99,57952.848385,1166356805,76232553,69493185.0,0.9995,,,54.0,0.08,11.0,0.0,24.0,0.01077091605087696,0.008312909833360433,0.004993262782660663,0.8126697395626316,0.7241107937866262,0.5707830223615381,0.0,0,0,0,0,-0.0004999999999999449,0.0004999999999999449,0.54,0.11666666666666665,0.32833333333333337,-0.08253944642933018,,,0.0
2020-06-08,244.57,247.7,240.59,246.4,383116.54719,9746.99,9800.0,9633.0,9782.01,40664.664125,1154848957,76629570,72028582.0,0.9995,25.81,118.6621,53.0,0.08,11.0,0.0,24.0,0.00749555407678571,0.0035864650046320786,-0.009915486574156005,0.8117803872413496,0.7177065973835077,0.5754290561052083,-0.009866490211801011,0,0,0,0,-0.0004999999999999449,0.0004999999999999449,0.53,0.11666666666666665,0.32333333333333336,-0.12313322398667646,,,0.0
2020-06-09,246.37,249.82,238.0,243.8,420327.17133,9782.0,9877.0,9570.0,9772.43,46024.001289,1172194648,74983199,71060252.0,0.9995,27.57,118.5893,52.0,0.08,11.0,0.0,24.0,-0.010608014612193545,-0.000979828700433323,0.014908197013981486,0.6929716824448802,0.6396546306364996,0.5751211761382824,0.0,0,0,0,0,-0.0004999999999999449,0.0004999999999999449,0.52,0.11666666666666665,0.31833333333333336,-0.16372700154402273,1.7600000000000016,-0.0006136950280153851,0.0
2020-06-10,243.79,250.28,242.0,247.78,431285.61715,9772.44,9992.72,9704.18,9885.0,47130.762982,1167232725,77807436,78967293.0,0.9994,27.57,118.5231,54.0,0.08,11.0,0.0,24.0,0.016193038640421677,0.011453300920539622,-0.004242004259603487,0.6901777911634425,0.6349611040404922,0.5110570179980638,-0.004233019668248818,0,0,0,0,-0.0006000000000000449,0.0006000000000000449,0.54,0.11666666666666665,0.32833333333333337,-0.08253944642933018,0.0,-0.0005583849829874477,0.0
2020-06-11,247.78,250.09,226.2,230.51,816456.89161,9885.22,9964.0,9113.0,9280.4,94418.98473,1125236418,78184275,82944086.0,1.0012,40.79,119.2347,52.0,0.08,11.0,0.0,24.0,-0.07224701024400662,-0.06311380730512214,-0.03664259210496773,0.7451324198567619,0.6711789927152766,0.5173405067880774,-0.04006009588946698,0,0,0,0,0.0012000000000000899,0.0012000000000000899,0.52,0.11666666666666665,0.31833333333333336,-0.16372700154402273,13.219999999999999,0.0059859413639118605,0.0
2020-06-12,230.46,239.38,228.19,237.55,446515.34124,9278.88,9557.12,9232.51,9465.13,50119.066932,1186850100,75186566,87919788.0,1.0002,36.09,119.6645,38.0,0.08,11.0,0.0,24.0,0.030083882189344102,0.019709870061973344,0.05330965999002726,0.7332963736085375,0.6467239216938865,0.5281472147671044,0.0,0,0,0,0,0.00019999999999997797,0.00019999999999997797,0.38,0.11666666666666665,0.24833333333333332,-0.7320398873468704,-4.699999999999996,0.00359817415640711,0.0
2020-06-13,237.55,238.73,234.66,238.11,253797.7809,9464.96,9494.73,9351.0,9473.34,27759.784851,1165808622,77090658,88170357.0,0.9998,,,38.0,0.08,11.0,0.0,24.0,0.0023546241379635777,0.0008670183509335627,-0.01788788051978033,0.7319582615232256,0.6211005761341812,0.5413288434275441,-0.01772884208376441,0,0,0,0,-0.00019999999999997797,0.00019999999999997797,0.38,0.11666666666666665,0.24833333333333332,-0.7320398873468704,,,0.0
2020-06-14,238.13,238.59,229.83,231.77,304943.21188,9473.34,9480.99,9245.0,9342.1,30055.506608,1154936959,76875285,86345505.0,1.0009,,,40.0,0.08,12.0,0.0,23.0,-0.02698725115642562,-0.013950471361775322,-0.009369180849904237,0.7212602060359867,0.5978926068473384,0.5466896569788131,-0.026888939892240813,0,0,0,0,0.0008999999999999009,0.0008999999999999009,0.4,0.11666666666666665,0.25833333333333336,-0.6508523322321776,,,0.0
2020-06-15,231.74,233.55,218.27,230.86,875026.92057,9342.1,9495.0,8910.45,9426.02,86107.924707,1123005696,74374116,82814173.0,0.9997,34.4,119.9539,37.0,0.08,12.0,0.0,23.0,-0.003934034427702026,0.008942883921489994,-0.02803701366011069,0.7173537986362235,0.5982225407061313,0.5564851212238517,-0.05379314877253665,0,0,0,0,-0.00029999999999996696,0.00029999999999996696,0.37,0.11666666666666665,0.24333333333333332,-0.7726336649042167,,,0.0
2020-06-16,230.86,236.0,228.7,235.3,499194.66758,9426.05,9589.0,9373.09,9525.59,52052.446927,1119406845,78277657,81113527.0,1.0004,33.67,119.567,39.0,0.08,12.0,0.0,23.0,0.019049829546550583,0.010507911061560557,-0.0032098055322715775,0.7124832575805485,0.5888889445956011,0.5591262426257501,-0.05682541965493368,0,0,0,0,0.00039999999999995595,0.00039999999999995595,0.39,0.11666666666666665,0.25333333333333335,-0.6914461097895239,-0.7299999999999969,-0.0032306185932241627,0.0
2020-06-17,235.31,237.3,227.65,233.82,478187.2917,9526.97,9565.0,9236.61,9465.14,48046.411152,1233446354,78644731,84007164.0,1.001,33.47,119.9105,38.0,0.08,12.0,0.0,23.0,-0.00630970715464397,-0.006366285463241823,0.09701322282250836,0.7030924081108499,0.5888055247415764,0.6307822251270094,0.0,0,0,0,0,0.0009999999999998899,0.0009999999999998899,0.38,0.11666666666666665,0.24833333333333332,-0.7320398873468704,-0.20000000000000284,0.0028687474654234975,0.0
2020-06-18,233.82,234.65,227.93,231.27,334347.79917,9465.13,9489.0,9280.0,9386.32,37381.953765,1317857912,78899747,83988761.0,1.0012,32.94,120.2173,40.0,0.08,12.0,0.0,23.0,-0.010965729439392263,-0.008362265766844552,0.06619545934063578,0.7045939122846088,0.5890497365857873,0.6547168998624321,0.0,0,0,0,0,0.0012000000000000899,0.0012000000000000899,0.4,0.11666666666666665,0.25833333333333336,-0.6508523322321776,-0.5300000000000011,0.002555307356665733,0.0
2020-06-19,231.26,231.95,226.74,229.0,397284.59808,9386.32,9438.3,9215.79,9310.23,45330.983673,1416985396,80429471,88451404.0,1.0017,35.12,120.2186,39.0,0.08,12.0,0.0,23.0,-0.009863855585040906,-0.008139514519042584,0.07252402987201463,0.7006897448521562,0.5821281660479136,0.6508212677116766,0.0,0,0,0,0,0.0017000000000000348,0.0017000000000000348,0.39,0.11666666666666665,0.25333333333333335,-0.6914461097895239,2.1799999999999997,1.0813692963671077e-05,0.0
2020-06-20,229.0,230.85,225.62,228.89,303704.98826,9310.23,9395.0,9170.95,9358.95,30329.065384,1500793618,79594347,96273753.0,1.0004,,,38.0,0.08,12.0,0.0,23.0,-0.0004804647496826767,0.005219309107220791,0.057462392487502796,0.6690737971414253,0.5571257075783393,0.6658973551774947,0.0,0,0,0,0,0.00039999999999995595,0.00039999999999995595,0.38,0.11666666666666665,0.24833333333333332,-0.7320398873468704,,,0.0
2020-06-21,228.88,231.49,227.11,228.04,256305.23734,9358.95,9422.0,9281.54,9294.69,24316.926234,1619259330,80571327,109248955.0,1.0015,,,37.0,0.08,12.0,0.0,25.0,-0.0037204866411758575,-0.006889835356610858,0.07597479412904658,0.6555320553335586,0.556571567028171,0.6654719131802636,0.0,0,0,0,0,0.0015000000000000568,0.0015000000000000568,0.37,0.12333333333333334,0.24666666666666667,-0.7455711465326523,,,0.0
2020-06-22,228.03,246.89,227.51,243.13,749030.11114,9294.69,9780.0,9277.09,9685.69,57895.468343,1693850491,75863416,121787661.0,1.0,31.77,119.7532,38.0,0.08,12.0,0.0,25.0,0.06407522755056082,0.04120626916014081,0.04503549337448797,0.6884020822224407,0.5744530057591818,0.6709321749882629,0.0,0,0,0,0,0.0,0.0,0.38,0.12333333333333334,0.25166666666666665,-0.7049773689753063,,,0.0
2020-06-23,243.11,244.87,240.75,243.14,442296.31477,9685.69,9720.0,9577.03,9624.89,41031.02938,1701064886,80150638,128547140.0,1.0005,31.37,119.3285,41.0,0.08,12.0,0.0,25.0,4.112941370607536e-05,-0.006297086976149205,0.004250124117187083,0.6747234537312875,0.5427032198797026,0.6727367134062531,0.0,0,0,0,0,0.0004999999999999449,0.0004999999999999449,0.41,0.12333333333333334,0.26666666666666666,-0.5831960363032674,-0.3999999999999986,-0.0035527641531596034,0.0
2020-06-24,243.15,249.24,231.07,234.58,921634.0534,9624.33,9670.0,9208.0,9296.49,61571.561464,1766805368,80232249,119278799.0,1.0012,33.84,119.9744,50.0,0.08,12.0,0.0,25.0,-0.03584072803428882,-0.03471554197335148,0.03791858051409957,0.6883584140093234,0.5547357588988062,0.6549822162086945,0.0,0,0,0,0,0.0012000000000000899,0.0012000000000000899,0.5,0.12333333333333334,0.31166666666666665,-0.2178520382871514,2.4700000000000024,0.005398192570886018,0.0
2020-06-25,234.57,235.39,227.56,232.5,613748.59348,9298.33,9340.0,9009.69,9249.49,55831.619156,1832782635,74925959,128276655.0,1.0008,32.22,120.2997,43.0,0.08,12.0,0.0,25.0,-0.00890645606594809,-0.0050684946945599284,0.03666233854096084,0.6860861364410725,0.5544686701364054,0.6445370670876625,0.0,0,0,0,0,0.0007999999999999119,0.0007999999999999119,0.43,0.12333333333333334,0.27666666666666667,-0.5020084811885749,-1.6200000000000045,0.0027077425220174015,0.0
2020-06-26,232.49,233.61,227.75,229.64,628340.07007,9249.49,9298.0,9045.45,9162.21,50292.298277,1846255707,71909376,117297072.0,1.001,34.73,120.533,40.0,0.08,12.0,0.0,25.0,-0.012377359727975035,-0.009480998907668087,0.007324268451502159,0.6790706869247969,0.5376316326419769,0.6428255766687783,0.0,0,0,0,0,0.0009999999999998899,0.0009999999999998899,0.4,0.12333333333333334,0.26166666666666666,-0.6237898138606137,2.509999999999998,0.0019374451474244334,0.0
2020-06-27,229.66,231.42,216.0,220.94,645950.61438,9162.21,9196.24,8833.0,9012.0,46290.930113,1873007337,70440028,112475360.0,1.001,,,43.0,0.08,12.0,0.0,25.0,-0.038621693855306935,-0.016530393391535187,0.014385694709995147,0.6670250636705245,0.5207787265118883,0.641899948745991,0.0,0,0,0,0,0.0009999999999998899,0.0009999999999998899,0.43,0.12333333333333334,0.27666666666666667,-0.5020084811885749,,,0.0
2020-06-28,220.94,227.96,218.32,224.93,444766.56881,9012.0,9191.0,8948.06,9116.35,30688.176421,1892069877,69521077,113665677.0,1.0006,,,40.0,0.08,13.0,0.0,23.0,0.01789807124407853,0.011512482108878288,0.010126062123608396,0.6698885839891914,0.5204468085746592,0.6324822174438401,0.0,0,0,0,0,0.0005999999999999339,0.0005999999999999339,0.4,0.12,0.26,-0.6373210730463956,,,0.0
2020-06-29,224.89,229.96,221.26,227.93,597915.52242,9116.16,9238.0,9024.67,9192.56,42120.293261,1871755195,70664898,115591767.0,1.0004,31.78,120.6658,41.0,0.08,13.0,0.0,23.0,0.013249321582838747,0.008324956553215883,-0.01079480522064872,0.570635406985878,0.5108069227940638,0.6412635857538106,-0.01073675039539779,0,0,0,0,0.00039999999999995595,0.00039999999999995595,0.41,0.12,0.265,-0.5967272954890493,,,0.0
2020-06-30,227.98,228.7,222.91,225.6,415036.02977,9192.93,9205.0,9064.89,9138.55,31463.162801,1886377777,72105427,114006809.0,1.0001,30.43,120.4649,44.0,0.08,13.0,0.0,23.0,-0.010275044647142581,-0.0058927316772564384,0.007781872488903602,0.5440019438125089,0.503535828978442,0.6257279052322595,-0.003008398404939037,0,0,0,0,9.999999999998899e-05,9.999999999998899e-05,0.44,0.12,0.28,-0.47494596281701057,-1.3500000000000014,-0.001666316619867138,0.0
2020-07-01,225.59,232.71,224.16,230.99,517351.58865,9138.08,9292.0,9080.1,9232.0,38488.528699,1855626154,71549157,114489984.0,0.9995,28.62,120.0808,42.0,0.09,13.0,0.0,23.0,0.023610899917558843,0.01017398021090804,-0.01643628166261685,0.4902232270120272,0.4209850624962986,0.63695540086363,-0.019261298667142195,0,0,0,0,-0.0004999999999999449,0.0004999999999999449,0.42,0.12,0.27,-0.5561335179317031,-1.8099999999999987,-0.003193574663362099,0.009999999999999995
2020-07-02,230.99,232.01,222.87,226.46,592485.91115,9231.99,9261.96,8940.0,9086.54,45725.168076,1925311909,74526473,114853869.0,0.9999,27.68,119.8555,42.0,0.09,13.0,0.0,23.0,-0.01980609065556911,-0.01588151210121853,0.0368657968349632,0.4720606996996709,0.3511085944404225,0.6343325285060936,0.0,0,0,0,0,-9.999999999998899e-05,9.999999999998899e-05,0.42,0.12,0.27,-0.5561335179317031,-0.9400000000000013,-0.001877999004045381,0.0
2020-07-03,226.46,228.13,223.97,224.87,314578.5004,9086.54,9125.0,9037.47,9058.26,28943.420177,1983685859,72080495,123895757.0,0.9999,,,41.0,0.09,13.0,0.0,23.0,-0.007045871437151933,-0.0031171490343047835,0.029868673864892687,0.459854765555757,0.34572756271983884,0.6343592875396437,0.0,0,0,0,0,-9.999999999998899e-05,9.999999999998899e-05,0.41,0.12,0.265,-0.5967272954890493,,,0.0
2020-07-04,224.86,230.71,224.43,229.17,307726.46593,9057.79,9190.0,9040.04,9135.46,26441.968484,2039878540,71770872,123439548.0,0.9997,,,40.0,0.09,13.0,0.0,23.0,0.01894162877263628,0.008486495706433785,0.027933607739466237,0.46591847959179344,0.34379460796043376,0.6280842324774786,0.0,0,0,0,0,-0.00029999999999996696,0.00029999999999996696,0.4,0.12,0.26,-0.6373210730463956,,,0.0
2020-07-05,229.24,229.85,223.05,227.56,355747.12006,9135.0,9145.24,8893.03,9069.41,34073.653627,2061643094,72525879,126205313.0,0.9997,,,38.0,0.09,13.0,0.0,25.0,-0.007050146338931328,-0.007256331939539371,0.010613016451634993,0.46455856461616535,0.340044594634564,0.6281777981362228,0.0,0,0,0,0,-0.00029999999999996696,0.00029999999999996696,0.38,0.12666666666666665,0.2533333333333333,-0.6914461097895244,,,0.0
2020-07-06,227.54,242.0,226.93,241.6,864817.507,9069.41,9375.0,9055.92,9344.2,54463.132277,2083716129,72903691,123501772.0,0.9996,27.94,119.2852,40.0,0.09,13.0,0.0,25.0,0.05986952617821327,0.029848617569280738,0.010649616802176904,0.5112052222499726,0.35714079427863654,0.6282334066476549,0.0,0,0,0,0,-0.00039999999999995595,0.00039999999999995595,0.4,0.12666666666666665,0.2633333333333333,-0.6102585546748318,,,0.0
2020-07-07,241.6,243.77,234.4,239.39,600424.97209,9342.47,9379.42,9203.0,9257.39,34587.336678,2198067688,76425233,138495482.0,1.0001,29.43,119.5717,43.0,0.09,13.0,0.0,25.0,-0.009189444903626248,-0.009333678488988535,0.053425750653969484,0.5106297769689344,0.35657231358209507,0.6368044845933194,0.0,0,0,0,0,9.999999999998899e-05,9.999999999998899e-05,0.43,0.12666666666666665,0.2783333333333333,-0.4884772220027929,1.4899999999999984,0.002398927034530301,0.0
2020-07-08,239.39,248.88,237.78,246.95,958185.83708,9257.4,9470.0,9231.0,9436.06,56140.517781,2199946230,74359506,153656372.0,0.9998,28.08,119.5525,44.0,0.09,13.0,0.0,25.0,0.03109186582960024,0.01911636867434222,0.000854268380804385,0.5219120815495861,0.3635268181797492,0.6312816688836871,0.0,0,0,0,0,-0.00019999999999997797,0.00019999999999997797,0.44,0.12666666666666665,0.2833333333333333,-0.44788344444544664,-1.3500000000000014,-0.00016058600544215128,0.0
2020-07-09,246.94,247.9,237.88,241.98,647641.58291,9436.06,9440.79,9160.0,9232.43,48044.450645,2338511330,79205204,160199722.0,1.0,29.26,119.5129,44.0,0.09,13.0,0.0,25.0,-0.02033080887330209,-0.021816234347635674,0.061081624001673857,0.5255062609710729,0.3705649511188422,0.6456120055377439,0.0,0,0,0,0,0.0,0.0,0.44,0.12666666666666665,0.2833333333333333,-0.44788344444544664,1.1800000000000033,-0.00033129010188996124,0.0
2020-07-10,241.97,242.16,235.72,241.26,455025.12385,9232.42,9317.48,9125.0,9288.34,38295.494006,2335577251,83592956,159673156.0,1.0,27.29,119.3509,41.0,0.09,13.0,0.0,25.0,-0.002979887976094124,0.006037564295295626,-0.0012554658879665975,0.5222006666275606,0.36858585187770876,0.6441069598400226,-0.0012546781203749823,0,0,0,0,0.0,0.0,0.41,0.12666666666666665,0.2683333333333333,-0.5696647771174855,-1.9700000000000024,-0.0013564217335434018,0.0
2020-07-11,241.27,241.67,237.54,239.19,294476.00626,9288.34,9299.28,9178.25,9234.03,22561.366,2345072800,82885319,153118910.0,1.0,,,44.0,0.09,13.0,0.0,25.0,-0.00861697495472381,-0.005864277156991474,0.004057368922280433,0.4556948924266089,0.2962578831989675,0.6113911636133195,0.0,0,0,0,0,0.0,0.0,0.44,0.12666666666666665,0.2833333333333333,-0.44788344444544664,,,0.0
2020-07-12,239.19,244.0,236.52,242.79,469315.1172,9234.02,9345.0,9157.5,9302.75,30872.702286,2383208057,86115983,169445826.0,1.0001,,,41.0,0.09,13.0,0.0,24.0,0.014938656993206505,0.00741448243121315,0.0161310569673112,0.4465972498192279,0.28888765158752594,0.6030200291112058,0.0,0,0,0,0,9.999999999998899e-05,9.999999999998899e-05,0.41,0.12333333333333334,0.26666666666666666,-0.5831960363032674,,,0.0
2020-07-13,242.76,245.33,237.33,239.5,604093.04245,9303.31,9343.82,9200.89,9242.62,42740.069115,2398826107,88232457,191566427.0,1.0007,32.19,119.1891,43.0,0.09,13.0,0.0,24.0,-0.01364345532475022,-0.006484660129130597,0.006531992451546119,0.449341383522962,0.28956252186051545,0.5878843743765491,0.0,0,0,0,0,0.0006999999999999229,0.0006999999999999229,0.43,0.12333333333333334,0.27666666666666667,-0.5020084811885749,,,0.0
2020-07-14,239.5,242.09,237.0,240.44,426320.89188,9242.61,9279.54,9113.0,9255.85,45772.552509,2420443899,86627802,198199322.0,1.0,29.52,119.3901,43.0,0.09,13.0,0.0,24.0,0.0039171613199912945,0.0014303888111533642,0.008971457074993583,0.43861428226437227,0.2857300972694173,0.578161526345615,0.0,0,0,0,0,0.0,0.0,0.43,0.12333333333333334,0.27666666666666667,-0.5020084811885749,-2.669999999999998,0.001684975450966612,0.0
2020-07-15,240.45,241.45,236.83,238.61,368350.66518,9255.85,9276.49,9160.57,9197.6,39053.579665,2372840192,89049405,196437939.0,1.001,27.76,119.0331,44.0,0.09,13.0,0.0,24.0,-0.007640158237027679,-0.006313203598260291,-0.01986332179036414,0.4393527303173772,0.28446505260851696,0.5694210940890708,-0.019667345737559686,0,0,0,0,0.0009999999999998899,0.0009999999999998899,0.44,0.12333333333333334,0.2816666666666667,-0.4614147036312286,-1.759999999999998,-0.002994677252890581,0.0
2020-07-16,238.59,239.39,230.02,233.57,587161.73894,9197.6,9226.15,9047.25,9133.72,43375.571191,2413353321,92478285,210924741.0,1.0005,28.0,118.9275,43.0,0.09,13.0,0.0,24.0,-0.0213486018845483,-0.006969520861188566,0.016929568981568943,0.4411736844659296,0.282230589083009,0.5611652425025722,-0.0029294535613609775,0,0,0,0,0.0004999999999999449,0.0004999999999999449,0.43,0.12333333333333334,0.27666666666666667,-0.5020084811885749,0.23999999999999844,-0.0008875419454484982,0.0
2020-07-17,233.58,234.84,231.65,232.67,325600.21444,9133.72,9186.83,9089.81,9154.32,28054.358741,2414374942,96702770,213301347.0,1.0003,25.68,119.124,41.0,0.09,13.0,0.0,24.0,-0.003860677410183567,0.0022528394199239758,0.0004232305380894779,0.44083259409653813,0.2819228907755892,0.5047774095496035,-0.0025073735452027512,0,0,0,0,0.00029999999999996696,0.00029999999999996696,0.41,0.12333333333333334,0.26666666666666666,-0.5831960363032674,-2.3200000000000003,0.0016509036458899709,0.0
2020-07-18,232.66,236.8,232.32,235.67,341356.6182,9154.31,9219.3,9121.1,9170.28,22554.541457,2528172572,101045153,244329338.0,0.9999,,,44.0,0.09,13.0,0.0,24.0,0.012811380760802054,0.0017419211372258878,0.04605630777959188,0.44130136162191025,0.2808537646622593,0.487366822603609,0.0,0,0,0,0,-9.999999999998899e-05,9.999999999998899e-05,0.44,0.12333333333333334,0.2816666666666667,-0.4614147036312286,,,0.0
2020-07-19,235.67,239.92,233.28,239.11,348803.52073,9170.3,9232.27,9101.35,9208.99,26052.019417,2538505370,103983282,240844088.0,0.9995,,,41.0,0.09,14.0,0.0,34.0,0.014491175694506546,0.004212360691051645,0.004078732630347987,0.4421892512069523,0.28008148120858783,0.45495713210106975,0.0,0,0,0,0,-0.0004999999999999449,0.0004999999999999449,0.41,0.16,0.285,-0.43435218525966474,,,0.0
2020-07-20,239.12,239.72,234.05,236.01,396657.91938,9208.99,9221.52,9131.0,9160.78,35458.764082,2753494519,110030663,349853150.0,0.9997,24.46,119.0483,44.0,0.09,14.0,0.0,34.0,-0.01304952008524958,-0.005248852945236642,0.08129536833537755,0.44504053551417994,0.2798348041020256,0.4865293627590554,0.0,0,0,0,0,-0.00029999999999996696,0.00029999999999996696,0.44,0.16,0.3,-0.3125708525876259,,,0.0
2020-07-21,236.0,246.66,235.57,245.59,637462.08074,9160.78,9437.73,9152.8,9390.0,60413.582486,2953971382,110049099,453478436.0,0.9994,24.84,118.4042,44.0,0.09,14.0,0.0,34.0,0.03978930182240497,0.02471396532100174,0.07027965702047494,0.4646510766351229,0.29248240153835375,0.4786582681297921,0.0,0,0,0,0,-0.0006000000000000449,0.0006000000000000449,0.44,0.16,0.3,-0.3125708525876259,0.379999999999999,-0.005425098322782662,0.0
2020-07-22,245.53,269.61,241.51,263.74,718417.68296,9390.0,9544.0,9261.0,9518.16,48815.004107,3054564955,115474628,500363276.0,0.9981,24.32,118.1337,50.0,0.09,14.0,0.0,34.0,0.07130029054788732,0.013556259591711564,0.033486682046370175,0.47722087905314603,0.2576898547665977,0.47272593884848646,0.0,0,0,0,0,-0.0019000000000000128,0.0019000000000000128,0.5,0.16,0.33,-0.06900818724354824,-0.5199999999999996,-0.002287160898256117,0.0
2020-07-23,263.75,279.98,259.7,275.3,1068774.57879,9518.16,9664.0,9440.33,9603.27,51856.2335,3210605288,119854968,521108992.0,0.9991,26.08,118.0613,55.0,0.09,14.0,0.0,34.0,0.04289764276900866,0.008902112662382592,0.04982230437819597,0.49719658098622943,0.25889766954583704,0.48069387878372144,0.0,0,0,0,0,-0.0009000000000000119,0.0009000000000000119,0.55,0.16,0.35500000000000004,0.13396070054318315,1.759999999999998,-0.0006130527933912695,0.0
2020-07-24,275.31,287.34,266.0,279.15,926033.06692,9603.27,9637.0,9463.44,9537.8,43931.136205,3426440852,124086162,591254138.0,0.9987,25.84,118.1329,53.0,0.09,14.0,0.0,34.0,0.013887859607807657,-0.006840814574633343,0.06506258735968373,0.476700497321515,0.22841870869704528,0.5014703888161587,0.0,0,0,0,0,-0.0012999999999999678,0.0012999999999999678,0.53,0.16,0.34500000000000003,0.05277314542849059,-0.23999999999999844,0.0006062807824511575,0.0
2020-07-25,279.15,308.94,279.09,305.26,1058927.30554,9538.1,9732.9,9513.0,9700.42,40679.545416,3479650403,132604793,552271561.0,0.9989,,,55.0,0.09,14.0,0.0,34.0,0.08941460073060663,0.01690633264140375,0.015409759866332536,0.5553959394702451,0.23403869691610454,0.49916504810824824,0.0,0,0,0,0,-0.0010999999999999899,0.0010999999999999899,0.55,0.16,0.35500000000000004,0.13396070054318315,,,0.0
2020-07-26,305.31,318.75,299.0,311.0,1270368.753,9700.42,10111.0,9650.0,9931.54,65279.269319,3511363205,147687056,621524195.0,0.999,,,55.0,0.09,15.0,0.0,63.0,0.01862903969225816,0.023546368090711377,0.009072509739632027,0.5508333097398225,0.2425781429207428,0.498582810721541,0.0,0,0,0,0,-0.0010000000000000009,0.0010000000000000009,0.55,0.26,0.405,0.5398984761166454,,,0.0
2020-07-27,311.02,333.31,310.78,321.93,1636122.34727,9931.54,11394.86,9917.21,11029.96,150188.933144,3425316368,152540638,471939976.0,0.9984,24.74,117.3869,58.0,0.09,15.0,0.0,63.0,0.034541218427911684,0.10489965515383327,-0.024810501904334255,0.5280112726825701,0.42367601519236586,0.5236654596727675,-0.024505251088088452,0,0,0,0,-0.0016000000000000458,0.0016000000000000458,0.58,0.26,0.42,0.6616798087886838,,,0.0
2020-07-28,321.95,326.8,305.86,316.77,1093231.55578,11029.96,11242.23,10565.0,10906.27,97267.734187,3395916701,162258558,384847356.0,0.9979,25.44,117.3189,76.0,0.09,15.0,0.0,63.0,-0.0161581721206131,-0.011277353573673094,-0.00862009808204531,0.5369550523369213,0.42787834902596444,0.5321821764187071,-0.03287797281568883,0,0,0,0,-0.0020999999999999908,0.0020999999999999908,0.76,0.26,0.51,1.3923678048209163,0.7000000000000028,-0.000579448841082319,0.0
2020-07-29,316.77,325.0,312.38,317.71,792802.32148,10906.27,11342.82,10812.0,11100.53,76838.094233,3406330580,160962953,373754228.0,0.9992,24.1,117.2126,71.0,0.09,15.0,0.0,63.0,0.002963058529013788,0.017655001714241426,0.0030618960781122846,0.53771046301351,0.4297566210658593,0.5243930541591648,-0.02991220755814692,0,0,0,0,-0.0008000000000000229,0.0008000000000000229,0.71,0.26,0.485,1.189398917034185,-1.3399999999999999,-0.0009064881031254147,0.0
2020-07-30,317.76,342.0,314.05,334.87,1008827.56698,11100.52,11170.0,10831.0,11099.61,60794.826456,3523826771,156623812,407368505.0,0.9988,24.76,117.4008,76.0,0.09,15.0,0.0,63.0,0.052603379793376634,-8.288236024881114e-05,0.03391191427837421,0.5508637302390081,0.4281591144479129,0.5246769288800361,0.0,0,0,0,0,-0.0011999999999999789,0.0011999999999999789,0.76,0.26,0.51,1.3923678048209163,0.6600000000000001,0.001604341784122659,0.0
2020-07-31,334.82,349.45,328.4,346.33,948088.44982,11099.79,11444.0,10960.0,11335.46,70063.660974,3632924677,158594918,462325379.0,0.9984,24.46,117.2082,75.0,0.09,15.0,0.0,63.0,0.03364968093680153,0.02102589283746785,0.030490470079363553,0.5543612633410188,0.43100119248619717,0.5079937170763072,0.0,0,0,0,0,-0.0016000000000000458,0.0016000000000000458,0.75,0.26,0.505,1.35177402726357,-0.3000000000000007,-0.001641881115107781,0.0
2020-08-01,346.32,392.67,343.07,387.0,1440843.34203,11335.46,11861.0,11220.0,11801.17,85087.485126,3761502667,168043320,494082479.0,0.9987,,,75.0,0.1,15.0,0.0,63.0,0.11103261528405725,0.04026281369533566,0.03478050302243699,0.6371015037861385,0.43817660492348376,0.5072976085456093,0.0,0,0,0,0,-0.0012999999999999678,0.0012999999999999678,0.75,0.26,0.505,1.35177402726357,,,0.010000000000000009
2020-08-02,387.01,415.85,325.0,372.42,2324909.09616,11801.17,12123.46,10518.5,11071.35,97553.077604,3990659182,187806910,490568392.0,1.0,,,80.0,0.1,14.0,0.0,66.0,-0.03840244337616544,-0.06383798859409126,0.05913790273410794,0.6614538640529115,0.5049163180897028,0.5228119953374414,0.0,0,0,0,0,0.0,0.0,0.8,0.26666666666666666,0.5333333333333333,1.5818054334218654,,,0.0
2020-08-03,372.45,398.0,366.5,385.94,1191565.09389,11071.36,11473.0,10936.0,11219.81,56931.841475,3887099640,177228107,521072176.0,0.999,24.28,117.8074,75.0,0.1,14.0,0.0,66.0,0.035659667314593343,0.013320275400209495,-0.026293140070947997,0.6646923860456535,0.5054141151586029,0.5502581080049808,-0.025950485189792385,0,0,0,0,-0.0010000000000000009,0.0010000000000000009,0.75,0.26666666666666666,0.5083333333333333,1.378836545635134,,,0.0
2020-08-04,385.91,402.98,380.77,389.61,1180792.42379,11219.68,11414.98,11000.0,11191.97,58629.113709,4030468458,190972151,476133042.0,0.9995,23.76,117.7833,72.0,0.1,14.0,0.0,66.0,0.009464321821898712,-0.002484409031295822,0.03621932617613307,0.6595307775619127,0.5040098650820383,0.5511341836804491,0.0,0,0,0,0,-0.0004999999999999449,0.0004999999999999449,0.72,0.26666666666666666,0.4933333333333333,1.2570552129630952,-0.5199999999999996,-0.00020459211746537686,0.0
2020-08-05,389.59,407.0,384.11,400.72,1124119.0672,11191.99,11780.93,11093.0,11744.91,74970.256852,4074452908,197497717,479335393.0,0.9989,22.99,116.8736,75.0,0.1,14.0,0.0,66.0,0.028116690259252897,0.04822339837274129,0.010853870091365084,0.6432116715123583,0.5183605794695793,0.5510800836566189,0.0,0,0,0,0,-0.0010999999999999899,0.0010999999999999899,0.75,0.26666666666666666,0.5083333333333333,1.378836545635134,-0.7700000000000031,-0.007753486535713751,0.0
2020-08-06,400.72,403.66,390.51,394.77,821379.08397,11744.91,11900.0,11562.5,11762.46,63529.08502,4279607614,205479696,483245556.0,0.9992,22.65,117.0422,79.0,0.1,14.0,0.0,66.0,-0.014959612219202561,0.0014931490218287942,0.04912484444476841,0.6464602595827293,0.5152696145414546,0.5482246124833484,0.0,0,0,0,0,-0.0008000000000000229,0.0008000000000000229,0.79,0.26666666666666666,0.5283333333333333,1.541211655864519,-0.33999999999999986,0.0014415446002074763,0.0
2020-08-07,394.77,398.26,362.85,379.34,1041207.35946,11762.47,11909.94,11322.0,11594.23,65755.926022,4217507871,210303478,491674122.0,0.9989,22.21,117.6239,77.0,0.1,14.0,0.0,66.0,-0.03987041627398264,-0.01440554370016026,-0.01461692471123627,0.673366714734458,0.5194035715348854,0.5583718465899361,-0.01451061606602703,0,0,0,0,-0.0010999999999999899,0.0010999999999999899,0.77,0.26666666666666666,0.5183333333333333,1.4600241007498265,-0.4399999999999977,0.004957692580673264,0.0
2020-08-08,379.34,397.05,375.79,397.03,623029.78053,11594.36,11808.27,11512.0,11761.41,41858.16104,4280508106,218033731,531341998.0,0.9994,,,77.0,0.1,14.0,0.0,66.0,0.04557894402662082,0.014316272674542746,0.014827317194884133,0.6699298446588062,0.5094869805848978,0.5403226844851627,0.0,0,0,0,0,-0.0006000000000000449,0.0006000000000000449,0.77,0.26666666666666666,0.5183333333333333,1.4600241007498265,,,0.0
2020-08-09,397.05,400.0,383.36,390.14,594900.58133,11761.02,11797.11,11521.97,11681.68,41493.067342,4378644330,233220872,554227431.0,0.9994,,,79.0,0.1,17.0,0.0,50.0,-0.01750619551601051,-0.006802030569309808,0.022667443877857064,0.6771250246302877,0.5120933789889915,0.5348085561386726,0.0,0,0,0,0,-0.0006000000000000449,0.0006000000000000449,0.79,0.22333333333333333,0.5066666666666667,1.3653052864493525,,,0.0
2020-08-10,390.14,399.18,385.13,395.44,826969.90633,11681.69,12067.35,11450.0,11892.92,84952.337887,4477954700,240078482,594163572.0,0.9991,22.13,117.5821,78.0,0.1,17.0,0.0,50.0,0.013493419931917243,0.01792146240338923,0.022427239221651556,0.67136681199448,0.5109170298644531,0.5313330194963571,0.0,0,0,0,0,-0.0009000000000000119,0.0009000000000000119,0.78,0.22333333333333333,0.5016666666666667,1.3247115088920063,,,0.0
2020-08-11,395.43,398.21,367.0,379.0,992412.6023,11892.9,11935.0,11125.0,11392.08,90748.284634,4531244051,246323459,541829895.0,1.0004,24.03,117.3781,84.0,0.1,17.0,0.0,50.0,-0.04246286391627746,-0.04302488795968553,0.011830124735101885,0.7024604191422026,0.5415583328696868,0.5320975293960601,0.0,0,0,0,0,0.00039999999999995595,0.00039999999999995595,0.84,0.22333333333333333,0.5316666666666666,1.5682741742360828,1.9000000000000021,-0.0017364647396474683,0.0
2020-08-12,378.99,389.23,365.85,387.18,751848.7983,11392.09,11617.52,11150.0,11564.33,64909.613644,4463565026,251875466,528978533.0,0.9997,22.28,117.2559,75.0,0.1,17.0,0.0,50.0,0.021353496093377,0.01500698346852347,-0.01504874681802939,0.6951657347817699,0.5401326131814647,0.5448678459636953,-0.014936080298977479,0,0,0,0,-0.00029999999999996696,0.00029999999999996696,0.75,0.22333333333333333,0.4866666666666667,1.2029301762199673,-1.75,-0.0010416223654601765,0.0
2020-08-13,387.18,431.49,376.59,424.54,1511330.7732,11564.34,11792.96,11270.36,11780.0,70132.491502,4505273736,308216195,515902188.0,0.9987,22.13,117.1193,75.0,0.1,17.0,0.0,50.0,0.09211652864049456,0.01847781763804461,0.009300872003226665,0.7423276664970487,0.541005828373652,0.544779811968895,-0.005731387386708649,0,0,0,0,-0.0012999999999999678,0.0012999999999999678,0.75,0.22333333333333333,0.4866666666666667,1.2029301762199673,-0.15000000000000213,-0.001165652470628814,0.0
2020-08-14,424.54,444.71,417.05,438.11,1109670.94324,11779.77,11850.0,11634.03,11760.54,59818.852697,4723600020,292148633,533968202.0,0.9988,22.05,116.9395,78.0,0.1,17.0,0.0,50.0,0.03146379058189895,-0.001653318439828755,0.04732257305662355,0.7372107544295928,0.5396925668244171,0.5320582349638429,0.0,0,0,0,0,-0.0011999999999999789,0.0011999999999999789,0.78,0.22333333333333333,0.5016666666666667,1.3247115088920063,-0.0799999999999983,-0.0015363663777390906,0.0
2020-08-15,438.12,442.94,427.02,432.32,681698.5971,11760.55,11980.0,11680.0,11852.4,56237.90505,5570047314,283654007,942538769.0,0.9994,,,79.0,0.1,17.0,0.0,50.0,-0.013303965626362815,0.007780518936332989,0.16483232335853726,0.7320124972860189,0.5369218964734849,0.7258251078052693,0.0,0,0,0,0,-0.0006000000000000449,0.0006000000000000449,0.79,0.22333333333333333,0.5066666666666667,1.3653052864493525,,,0.0
2020-08-16,432.3,436.99,412.47,433.62,716666.25258,11852.4,11931.72,11686.0,11911.0,41368.236906,5914500817,288564678,1017388129.0,0.9997,,,82.0,0.1,17.0,0.0,44.0,0.0030025197511106315,0.004931964178818936,0.0600035528011512,0.7295223221872399,0.5365991521705479,0.727209086071865,0.0,0,0,0,0,-0.00029999999999996696,0.00029999999999996696,0.82,0.2033333333333333,0.5116666666666666,1.4058990640066977,,,0.0
2020-08-17,433.61,446.0,420.37,430.89,868870.64996,11910.99,12468.0,11769.78,12281.13,84734.21154,5990505598,290184216,1068762948.0,0.9987,21.35,116.749,83.0,0.1,17.0,0.0,44.0,-0.0063157374111036686,0.03060159513066791,0.012768714438236002,0.7351713858691671,0.5412606183029272,0.7271504636052888,0.0,0,0,0,0,-0.0012999999999999678,0.0012999999999999678,0.83,0.2033333333333333,0.5166666666666666,1.4464928415640441,,,0.0
2020-08-18,430.89,433.81,415.0,421.95,743254.57018,12281.15,12387.77,11817.93,11945.01,75923.835527,6232852545,289557550,1156489821.0,0.9993,21.51,116.5593,82.0,0.1,17.0,0.0,44.0,-0.020966013507865502,-0.027750320081645123,0.03965828482246496,0.7488602481476566,0.5566303183236315,0.722528981661156,0.0,0,0,0,0,-0.0007000000000000339,0.0007000000000000339,0.82,0.2033333333333333,0.5116666666666666,1.4058990640066977,0.16000000000000014,-0.0016261748236497823,0.0
2020-08-19,421.92,426.75,393.25,407.46,978339.69221,11945.1,12020.08,11561.0,11754.59,73940.169606,6205057307,312003916,1125343188.0,0.9997,22.54,116.567,80.0,0.1,17.0,0.0,44.0,-0.034944055250220575,-0.01606981533902176,-0.004469446169076906,0.7643626838256119,0.5612963583658379,0.7075832379382188,-0.004459473058174201,0,0,0,0,-0.00029999999999996696,0.00029999999999996696,0.8,0.2033333333333333,0.5016666666666667,1.3247115088920063,1.0299999999999976,6.605861288754278e-05,0.0
2020-08-20,407.46,418.98,402.07,415.94,663555.73445,11754.38,11888.0,11668.0,11853.55,46085.254351,6249386807,323641836,1225342304.0,0.9994,22.72,116.8126,75.0,0.1,17.0,0.0,44.0,0.02059825073601981,0.008383598166900236,0.007118693824762186,0.7604622853266289,0.5581712409859243,0.6932040443668375,0.0,0,0,0,0,-0.0006000000000000449,0.0006000000000000449,0.75,0.2033333333333333,0.4766666666666667,1.1217426211052748,0.17999999999999972,0.002104726297112004,0.0
2020-08-21,415.94,418.68,385.1,387.97,860998.7256,11853.54,11878.0,11485.81,11531.34,64448.306142,6498882106,315101191,1275748623.0,1.0002,22.54,117.0572,81.0,0.1,17.0,0.0,44.0,-0.06961300204344363,-0.02755885468727366,0.039146830363269776,0.7932694877407641,0.5710776259450815,0.6943586836399102,0.0,0,0,0,0,0.00019999999999997797,0.00019999999999997797,0.81,0.2033333333333333,0.5066666666666667,1.3653052864493525,-0.17999999999999972,0.0020917629312266002,0.0
2020-08-22,387.93,397.04,379.92,395.24,643235.76543,11531.23,11686.0,11376.81,11662.96,43678.701646,6392078041,286779827,1316913415.0,0.9995,,,78.0,0.1,17.0,0.0,44.0,0.018565158280430833,0.011349461965321588,-0.016570760861240687,0.7861838665410104,0.5712765922381726,0.7032484731449704,-0.01643422103339814,0,0,0,0,-0.0004999999999999449,0.0004999999999999449,0.78,0.2033333333333333,0.4916666666666667,1.2435239537773137,,,0.0
2020-08-23,395.23,396.95,383.15,390.71,445317.81989,11663.51,11718.07,11514.13,11648.13,37900.00469,6335537512,301847223,1329275300.0,0.9996,,,76.0,0.1,16.0,0.0,32.0,-0.01152757850754229,-0.001272355947377651,-0.008884759396064652,0.7904246135218125,0.5699714086166235,0.6947695563612141,-0.025134260221337825,0,0,0,0,-0.00039999999999995595,0.00039999999999995595,0.76,0.16,0.46,0.986430029247454,,,0.0
2020-08-24,390.72,410.42,387.44,407.68,717403.81877,11648.12,11824.9,11585.09,11748.2,46212.391867,6401867358,303158184,1326291415.0,0.9998,22.37,116.912,78.0,0.1,16.0,0.0,32.0,0.04251695612452415,0.008554385259456227,0.010415064334082824,0.7477996887830743,0.5688255423615918,0.6954471874747198,-0.014927913203785082,0,0,0,0,-0.00019999999999997797,0.00019999999999997797,0.78,0.16,0.47000000000000003,1.0676175843621465,,,0.0
2020-08-25,407.68,409.06,370.0,382.93,970445.38395,11748.19,11767.85,11117.64,11318.42,69590.923272,6489561469,317812451,1333412430.0,0.9996,22.03,116.8206,75.0,0.1,16.0,0.0,32.0,-0.06263034809115628,-0.03726855030411857,0.01360523567591406,0.7881389492478122,0.5850536374234382,0.6947036829958294,-0.0014341908112773512,0,0,0,0,-0.00039999999999995595,0.00039999999999995595,0.75,0.16,0.455,0.9458362516901078,-0.33999999999999986,-0.0007820903430574782,0.0
2020-08-26,382.91,392.91,377.37,385.81,738690.7794,11318.42,11539.32,11244.0,11461.43,53998.231231,6769424974,304761863,1425205832.0,0.9994,23.27,116.6243,76.0,0.1,16.0,0.0,32.0,0.007492815449008584,0.01255599829022591,0.04222118777496327,0.7818364268687785,0.4607873395442443,0.6788754855494087,0.0,0,0,0,0,-0.0006000000000000449,0.0006000000000000449,0.76,0.16,0.46,0.986430029247454,1.2399999999999984,-0.0016817676999323198,0.0
2020-08-27,385.81,397.1,371.48,383.27,877763.73658,11461.42,11592.2,11125.0,11330.38,63246.036383,6952883744,323104307,1483946183.0,1.0,24.47,116.649,75.0,0.1,16.0,0.0,32.0,-0.006605318653611077,-0.011499871598155137,0.026740354766414055,0.7791290325296889,0.46086430457874333,0.6694772540700051,0.0,0,0,0,0,0.0,0.0,0.75,0.16,0.455,0.9458362516901078,1.1999999999999993,0.00021176877158509178,0.0
2020-08-28,383.31,398.0,379.75,395.11,732601.46905,11330.38,11542.65,11276.89,11526.91,45953.908365,7084338137,322762931,1461689013.0,0.9995,22.96,115.9374,74.0,0.1,16.0,0.0,32.0,0.030424505497155314,0.017196688078947187,0.018729950564731337,0.7835014663569234,0.46066196990573594,0.6655625014812853,0.0,0,0,0,0,-0.0004999999999999449,0.0004999999999999449,0.74,0.16,0.45,0.9052424741327615,-1.509999999999998,-0.006119035509767809,0.0
2020-08-29,395.1,405.69,391.88,398.65,659802.63344,11526.9,11580.02,11417.04,11465.84,32973.7992,7528111384,535868447,1539444017.0,0.9996,,,79.0,0.1,16.0,0.0,32.0,0.008919631803364098,-0.005312121743530515,0.060757746858169384,0.7663154400909158,0.4612140913988517,0.6768782777974285,0.0,0,0,0,0,-0.00039999999999995595,0.00039999999999995595,0.79,0.16,0.47500000000000003,1.1082113619194929,,,0.0
2020-08-30,398.65,429.89,398.3,428.94,894979.71788,11465.84,11719.0,11458.0,11711.16,43177.879054,7844581324,650495414,1623540871.0,0.9999,,,75.0,0.1,20.0,0.0,50.0,0.07323321005831106,0.02117005324622385,0.041178818110506166,0.7962670459864818,0.4612928184918105,0.6789328166846865,0.0,0,0,0,0,-9.999999999998899e-05,9.999999999998899e-05,0.75,0.2333333333333333,0.49166666666666664,1.2435239537773133,,,0.0
2020-08-31,428.94,439.0,418.04,433.79,1040748.68881,11711.17,11800.77,11570.0,11649.51,55353.617744,8207584728,952260979,1700088445.0,0.9997,26.41,115.7586,75.0,0.1,20.0,0.0,50.0,0.011243497022514051,-0.005278114294061569,0.04523567733539614,0.7029942786696565,0.439447522513954,0.6816745555391943,0.0,0,0,0,0,-0.00029999999999996696,0.00029999999999996696,0.75,0.2333333333333333,0.49166666666666664,1.2435239537773133,,,0.0
2020-09-01,433.8,488.84,429.03,475.4,1751354.57719,11649.51,12050.85,11515.0,11921.97,78148.193668,8433963988,1387110161,1538557410.0,0.9996,26.12,115.5687,75.0,0.09,20.0,0.0,50.0,0.09159600889676413,0.023118797396930114,0.02720819187389758,0.7494636043409286,0.3825181898751047,0.6711602712109895,0.0,0,0,0,0,-0.00039999999999995595,0.00039999999999995595,0.75,0.2333333333333333,0.49166666666666664,1.2435239537773133,-0.28999999999999915,-0.0016418299323767496,-0.010000000000000009
2020-09-02,475.4,481.39,420.0,439.5,1880642.46853,11921.97,11954.57,11160.1,11388.54,87221.845602,9410680700,1970084492,1563134880.0,0.9992,26.57,116.0304,83.0,0.09,20.0,0.0,50.0,-0.07851883780086184,-0.04577532981158565,0.10957840346422701,0.8007542373090136,0.4155300254403442,0.7069829835150601,0.0,0,0,0,0,-0.0008000000000000229,0.0008000000000000229,0.83,0.2333333333333333,0.5316666666666666,1.5682741742360828,0.4499999999999993,0.003987067407650618,0.0
2020-09-03,439.5,450.7,372.0,381.4,2408569.34151,11388.54,11462.6,9960.8,10140.85,121950.106015,9265430916,1931960851,1469010708.0,0.9985,33.6,116.0685,79.0,0.09,20.0,0.0,50.0,-0.14178902395891302,-0.11603576554688845,-0.015554920171883726,0.9486884511081144,0.5814332661809429,0.7236337845505287,-0.015434567235928003,0,0,0,0,-0.0014999999999999458,0.0014999999999999458,0.79,0.2333333333333333,0.5116666666666667,1.4058990640066988,7.030000000000001,0.0003283083232383516,0.0
2020-09-04,381.35,400.21,357.0,385.26,1806488.22474,10138.29,10627.05,9875.5,10446.25,92733.599113,8896526476,1779465349,1493953067.0,0.9993,30.75,116.0347,40.0,0.09,20.0,0.0,50.0,0.01006973786769345,0.02967124125373026,-0.04062945178538133,0.9438627353764788,0.5640890701618213,0.7601228280392796,-0.054635178940881504,0,0,0,0,-0.0007000000000000339,0.0007000000000000339,0.4,0.2333333333333333,0.31666666666666665,-0.17725826072980513,-2.8500000000000014,-0.0002912497564784255,0.0
2020-09-05,385.3,395.0,308.42,335.01,2777166.51389,10446.25,10565.68,9825.0,10166.69,90001.605568,8830318893,1975709861,1445457141.0,0.9999,,,41.0,0.09,20.0,0.0,50.0,-0.13975804890820162,-0.027126372308919018,-0.007469788275839539,1.0598319353223828,0.5694491394854287,0.7641044892366333,-0.061670544937307246,0,0,0,0,-9.999999999998899e-05,9.999999999998899e-05,0.41,0.2333333333333333,0.32166666666666666,-0.13666448317245886,,,0.0
2020-09-06,335.04,360.0,316.1,352.8,2017811.14721,10166.69,10347.14,9994.86,10256.2,56368.788815,7572257943,1255949131,1342809076.0,0.9999,,,41.0,0.09,18.0,0.0,35.0,0.05174094200682596,0.008765710743617944,-0.153699830546995,1.0705267013810134,0.5702954771230402,0.9771967614473802,-0.19535491805603392,0,0,0,0,-9.999999999998899e-05,9.999999999998899e-05,0.41,0.17666666666666667,0.29333333333333333,-0.36669588933075414,,,0.0
2020-09-07,352.85,358.51,323.0,353.59,1740618.42462,10255.89,10410.75,9875.0,10373.44,62620.230676,7791526356,1635535218,1368384375.0,1.0,,,41.0,0.09,18.0,0.0,35.0,0.0022367256879634143,0.011366292597355596,0.028545480419113062,1.0566538546953304,0.5691890549486048,0.9775411612168975,-0.17205496558819597,0,0,0,0,0.0,0.0,0.41,0.17666666666666667,0.29333333333333333,-0.36669588933075414,,,0.0
2020-09-08,353.59,356.58,325.38,337.39,1400246.82962,10373.45,10438.0,9850.0,10126.65,73491.878418,7742612698,1734261681,1321124751.0,1.0002,31.46,116.4618,41.0,0.09,18.0,0.0,35.0,-0.04689851855933938,-0.0240781306870189,-0.0062975900354737295,1.0663596607171812,0.5733630792499185,0.9817454810853917,-0.17725264039614053,0,0,0,0,0.00019999999999997797,0.00019999999999997797,0.41,0.17666666666666667,0.29333333333333333,-0.36669588933075414,,,0.0
2020-09-09,337.41,359.0,330.51,350.85,879760.56255,10126.66,10343.0,9981.01,10219.2,49347.113776,7630678702,1583259625,1307499572.0,0.9998,28.81,116.1291,38.0,0.09,18.0,0.0,35.0,0.03911925043703737,0.009097741146643187,-0.014562395413205807,1.075611557445676,0.5697843765268685,0.9885746611448247,-0.1891469974111437,0,0,0,0,-0.00019999999999997797,0.00019999999999997797,0.38,0.17666666666666667,0.2783333333333333,-0.4884772220027929,-2.650000000000002,-0.00286081894785453,0.0
2020-09-10,350.85,377.25,349.91,367.93,1134287.61137,10219.29,10483.35,10070.83,10336.87,58253.75375,7792862111,529810001,1396997371.0,0.9997,29.71,115.8806,38.0,0.09,18.0,0.0,35.0,0.047533920985706406,0.011448811499434249,0.02103140763904633,1.0808889163758983,0.5556014105194674,0.9884001423393876,-0.17191302527138128,0,0,0,0,-0.00029999999999996696,0.00029999999999996696,0.38,0.17666666666666667,0.2783333333333333,-0.4884772220027929,0.9000000000000021,-0.002142152634366214,0.0
2020-09-11,367.93,375.27,355.49,373.63,844017.59966,10336.86,10397.6,10200.0,10387.89,43830.254467,8446563736,1082366294,1525024147.0,0.9994,26.87,116.0866,41.0,0.09,18.0,0.0,35.0,0.015373300232695442,0.004923589278497632,0.08055149945079888,1.0795335782959123,0.5525381884613835,1.0042022228322465,-0.10244922707875956,0,0,0,0,-0.0006000000000000449,0.0006000000000000449,0.41,0.17666666666666667,0.29333333333333333,-0.36669588933075414,-2.84,0.001776113641528804,0.0
2020-09-12,373.62,388.57,364.73,387.78,766542.31635,10387.89,10477.97,10269.25,10440.92,35379.153096,8400517893,766390394,1441543587.0,0.9999,,,41.0,0.09,18.0,0.0,35.0,0.03717216558615946,0.00509199657416824,-0.005466342322254444,1.03589352979648,0.5477657472138328,1.0077306031501736,-0.1073421614442832,0,0,0,0,-9.999999999998899e-05,9.999999999998899e-05,0.41,0.17666666666666667,0.29333333333333333,-0.36669588933075414,,,0.0
2020-09-13,387.78,390.43,350.0,366.42,989195.69047,10440.67,10580.11,10200.0,10332.83,43837.609865,8599335006,714045171,1512806357.0,0.9999,,,38.0,0.09,17.0,0.0,30.0,-0.05665795203976063,-0.010406496224025646,0.023391517508704208,1.0445401313835256,0.5481400478011949,1.0032409072019874,-0.08621540990122001,0,0,0,0,-9.999999999998899e-05,9.999999999998899e-05,0.38,0.15666666666666665,0.2683333333333333,-0.5696647771174855,,,0.0
2020-09-14,366.43,384.64,355.73,377.12,1042059.62265,10332.84,10750.0,10212.34,10671.77,67059.291361,8394906793,1065454097,1520735659.0,0.9998,25.85,115.6428,39.0,0.09,17.0,0.0,30.0,0.02878322272472259,0.03227573226362602,-0.024059687598316025,1.0511093811199717,0.5614403796346045,0.8670653239127656,-0.10793840949252481,0,0,0,0,-0.00019999999999997797,0.00019999999999997797,0.39,0.15666666666666665,0.2733333333333333,-0.5290709995601393,,,0.0
2020-09-15,377.12,382.47,362.34,364.06,883856.33005,10671.77,10930.04,10606.48,10785.31,61822.452786,8527804553,1130309683,1466981966.0,1.0,25.59,115.5908,47.0,0.09,17.0,0.0,30.0,-0.0352447499700682,0.010583085836546963,0.015706761103928196,1.0561033590551046,0.5628525314189857,0.8508911447231473,-0.09381639598079233,0,0,0,0,0.0,0.0,0.47,0.15666666666666665,0.3133333333333333,-0.20432077910136945,-0.26000000000000156,-0.0004497616339196725,0.0
2020-09-16,364.05,373.45,355.0,365.11,841709.98939,10785.23,11093.0,10661.22,10954.01,64991.51244,8404566843,961943393,1490913670.0,1.0,26.04,115.3537,43.0,0.09,17.0,0.0,30.0,0.0028799888249770216,0.015520576216204314,-0.014556718992609343,1.0565369423886242,0.553802040079201,0.8559833098670716,-0.10691191095241388,0,0,0,0,0.0,0.0,0.43,0.15666666666666665,0.29333333333333333,-0.36669588933075414,0.4499999999999993,-0.0020533079012712797,0.0
2020-09-17,365.04,394.14,363.3,389.36,1256300.411,10954.01,11045.46,10745.83,10939.99,55601.614529,8199967636,926966084,1409177184.0,0.9999,26.46,115.4392,48.0,0.09,17.0,0.0,30.0,0.06430568748246898,-0.0012807163530045075,-0.024645022465870692,1.0823984640846938,0.5470565976309693,0.8585401911635786,-0.12865308074898343,0,0,0,0,-9.999999999998899e-05,9.999999999998899e-05,0.48,0.15666666666666665,0.3183333333333333,-0.1637270015440232,0.4200000000000017,0.0007409240397897428,0.0
2020-09-18,389.35,392.58,375.33,384.39,804194.47219,10940.0,11038.03,10812.84,10933.39,47266.728275,8733120313,1402525305,1352452105.0,0.9999,25.83,115.2395,49.0,0.09,17.0,0.0,30.0,-0.01284670333560439,-0.0006034732812486935,0.06299252272708888,1.0768381171180283,0.5450371316514651,0.8771239642744372,-0.07199908365820976,0,0,0,0,-9.999999999998899e-05,9.999999999998899e-05,0.49,0.15666666666666665,0.3233333333333333,-0.1231332239866769,-0.6300000000000026,-0.0017314129990174682,0.0
2020-09-19,384.4,388.72,377.0,385.25,570908.33553,10933.4,11179.79,10887.37,11080.65,38440.036858,9199912198,1919900821,1326091707.0,0.9999,,,48.0,0.09,17.0,0.0,30.0,0.002234812010630659,0.013378934222998818,0.052071210153561844,1.073901047170556,0.5465590771101307,0.8883110589612998,-0.022396732895209163,0,0,0,0,-9.999999999998899e-05,9.999999999998899e-05,0.48,0.15666666666666665,0.3183333333333333,-0.1637270015440232,,,0.0
2020-09-20,385.25,385.45,365.0,371.04,693164.40144,11080.64,11080.64,10723.0,10920.28,39157.922565,9876592771,2146161095,1333588818.0,1.0001,,,52.0,0.09,15.0,0.0,27.0,-0.0375826006930036,-0.014578732844710519,0.07097365073284707,1.05436145404704,0.5408386757902955,0.9068937665591303,0.0,0,0,0,0,9.999999999998899e-05,9.999999999998899e-05,0.52,0.14,0.33,-0.06900818724354824,,,0.0
2020-09-21,371.04,376.8,331.0,340.36,1283946.03098,10920.28,10988.86,10296.35,10417.22,70683.431179,10055555512,2172313316,1333287783.0,1.0001,27.78,116.378,48.0,0.09,15.0,0.0,27.0,-0.08630599252586497,-0.047161404910191086,0.01795767799152115,1.0920398165221783,0.5610437264132256,0.9002404834111756,0.0,0,0,0,0,9.999999999998899e-05,9.999999999998899e-05,0.48,0.14,0.31,-0.23138329747293335,,,0.0
2020-09-22,340.31,346.91,335.34,344.21,842731.12878,10417.22,10572.71,10353.0,10529.61,43991.235476,9393173228,1981776009,1190604347.0,0.9999,26.86,116.5438,39.0,0.09,15.0,0.0,27.0,0.01124805525029054,0.010731082319475616,-0.06814209595162267,1.0932108825233524,0.5632728573195065,0.9428337579645174,-0.06587227162234177,0,0,0,0,-9.999999999998899e-05,9.999999999998899e-05,0.39,0.14,0.265,-0.5967272954890493,-0.9200000000000017,0.0014236540160990083,0.0
2020-09-23,344.18,344.65,313.29,320.72,940904.49756,10529.61,10537.15,10136.82,10241.46,51876.568079,9429095749,2002835342,1198194161.0,1.0004,28.58,117.2526,43.0,0.09,15.0,0.0,27.0,-0.07068346789739553,-0.027747100849892316,0.0038170280808253695,1.1035527768127085,0.5678181924322006,0.9433533658860058,-0.06229986620355301,0,0,0,0,0.00039999999999995595,0.00039999999999995595,0.43,0.14,0.28500000000000003,-0.4343521852596643,1.7199999999999989,0.00606341390700606,0.0
2020-09-24,320.72,353.1,316.67,348.97,1071705.09721,10241.46,10795.24,10190.93,10736.32,57676.619427,9467651325,1914243904,1371209230.0,0.9998,28.51,117.5473,39.0,0.09,15.0,0.0,27.0,0.08441749028802611,0.047188198471375946,0.004080663126905598,1.1307881605355155,0.5828346295354557,0.9438495110939925,-0.05846561001014938,0,0,0,0,-0.00019999999999997797,0.00019999999999997797,0.39,0.14,0.265,-0.5967272954890493,-0.06999999999999673,0.0025102238522889796,0.0
2020-09-25,348.97,358.0,337.58,351.92,860643.77924,10736.33,10760.53,10556.24,10686.67,48101.117008,9788239508,2098300493,1344369327.0,0.9995,26.38,117.8679,46.0,0.09,15.0,0.0,27.0,0.00841791841818661,-0.00463521561603508,0.03330075054132942,1.13090178543049,0.5806003455998688,0.9408327668334995,-0.026583912115147997,0,0,0,0,-0.0004999999999999449,0.0004999999999999449,0.46,0.14,0.30000000000000004,-0.31257085258762546,-2.1300000000000026,0.0027237000686335232,0.0
2020-09-26,351.93,356.4,345.88,353.92,530879.20755,10686.57,10820.94,10644.68,10728.6,28420.836659,10033391998,2140467014,1387435451.0,0.9998,,,45.0,0.09,15.0,0.0,27.0,0.005667021853450953,0.0039159023986676655,0.024737115210763928,1.1312283111623838,0.5800266382201169,0.9404714512609899,-0.0022041063741879523,0,0,0,0,-0.00019999999999997797,0.00019999999999997797,0.45,0.14,0.29500000000000004,-0.35316463014497174,,,0.0
2020-09-27,353.95,362.14,347.24,357.49,569568.55041,10728.59,10799.0,10594.82,10774.25,30549.483253,10305337261,2197893417,1517961867.0,0.9999,,,47.0,0.09,14.0,0.0,22.0,0.01003649082095064,0.004245955171710726,0.02674321165958333,1.1259474171595525,0.5764306773552066,0.9415836938953996,0.0,0,0,0,0,-9.999999999998899e-05,9.999999999998899e-05,0.47,0.12,0.295,-0.3531646301449722,,,0.0
2020-09-28,357.58,368.2,351.7,353.96,757758.4304,10774.26,10950.0,10626.0,10696.12,50095.251734,10216001553,2238377688,1471598695.0,1.0003,26.19,117.6178,43.0,0.09,14.0,0.0,22.0,-0.0099234773157165,-0.007277969114733297,-0.008706670959283024,1.1252842803397993,0.5766028376124895,0.9278425385359529,-0.008668877663818556,0,0,0,0,0.00029999999999996696,0.00029999999999996696,0.43,0.12,0.275,-0.5155397403743568,,,0.0
2020-09-29,353.91,360.63,350.45,359.79,585143.16892,10696.11,10867.54,10635.87,10840.48,41874.898399,10332651976,2284597985,1594587460.0,1.0,26.27,117.526,45.0,0.09,14.0,0.0,22.0,0.01633661551259001,0.013406216589902006,0.011353705089920882,1.0932008652069263,0.5732487651270197,0.9211076322162128,0.0,0,0,0,0,0.0,0.0,0.45,0.12,0.28500000000000003,-0.4343521852596643,0.0799999999999983,-0.0007807988529895603,0.0
2020-09-30,359.78,361.5,351.56,359.83,498943.23226,10840.58,10849.34,10665.13,10776.59,39596.027322,10326440119,2332735343,1549365515.0,0.9999,26.37,116.946,49.0,0.09,14.0,0.0,22.0,0.00011116978416697862,-0.005911086565506154,-0.0006013678779920742,1.0916973447155915,0.5732905795651206,0.9123612643120906,-0.0006011870925710544,0,0,0,0,-9.999999999998899e-05,9.999999999998899e-05,0.49,0.12,0.305,-0.2719770750302796,0.10000000000000142,-0.00494729590734469,0.0
2020-10-01,359.83,370.45,345.51,352.85,758349.31959,10776.59,10920.0,10437.0,10619.13,60866.332893,10145825104,2416607249,1470388342.0,1.0003,26.7,116.7227,45.0,0.09,14.0,0.0,22.0,-0.019588660249067243,-0.014719097354311225,-0.017645306888952987,1.0336396830734287,0.5670875835530571,0.9136757846394047,-0.018081212106432026,0,0,0,0,0.00029999999999996696,0.00029999999999996696,0.45,0.12,0.28500000000000003,-0.4343521852596643,0.3299999999999983,-0.0019112535651903226,0.0
2020-10-02,352.83,354.55,334.24,345.6,733571.84211,10619.13,10664.64,10374.0,10570.4,50130.393705,10200415800,2429254525,1501053598.0,0.9998,27.63,116.7321,41.0,0.09,14.0,0.0,22.0,-0.020761000516938747,-0.004599449436267366,0.0053661830956025555,1.004632943959962,0.5465973778482015,0.8340507136221323,-0.012797893155324445,0,0,0,0,-0.00019999999999997797,0.00019999999999997797,0.41,0.12,0.265,-0.5967272954890493,0.9299999999999997,8.052950725428929e-05,0.0
2020-10-03,345.6,351.0,343.7,345.95,303595.71901,10570.4,10603.56,10496.46,10542.06,22298.221341,9748346052,2408563503,1346567980.0,0.9997,,,40.0,0.09,14.0,0.0,22.0,0.001012219014919437,-0.0026846721814158783,-0.04533084923756296,0.8811980650010218,0.36207043911701386,0.8485869815873696,-0.05654946332821304,0,0,0,0,-0.00029999999999996696,0.00029999999999996696,0.4,0.12,0.26,-0.6373210730463956,,,0.0
2020-10-04,345.94,354.45,343.81,352.37,343932.91712,10542.07,10696.87,10517.87,10666.63,23212.001595,9914090237,2451269957,1350031031.0,0.9998,,,42.0,0.09,13.0,0.0,21.0,0.01838750395991022,0.011747206689254342,0.01685936660627496,0.883255923706801,0.34957110115105805,0.8361000195185652,-0.04050864579318141,0,0,0,0,-0.00019999999999997797,0.00019999999999997797,0.42,0.11333333333333334,0.26666666666666666,-0.5831960363032674,,,0.0
2020-10-05,352.34,356.1,348.54,353.62,376740.30692,10666.62,10798.0,10615.64,10792.21,34025.761653,9892893536,2483169555,1319338289.0,0.9999,27.96,116.1767,42.0,0.09,13.0,0.0,21.0,0.0035411303452131263,0.011704400948838524,-0.0021403267993517156,0.7325133394506226,0.3366748068521065,0.8354175114213374,-0.042560074705065246,0,0,0,0,-9.999999999998899e-05,9.999999999998899e-05,0.42,0.11333333333333334,0.26666666666666666,-0.5831960363032674,,,0.0
2020-10-06,353.63,355.1,336.8,340.75,640063.26951,10792.2,10800.0,10525.0,10599.66,48674.740471,9747639083,2507653565,1182702014.0,1.0001,29.48,116.2681,47.0,0.09,13.0,0.0,21.0,-0.03707381967330129,-0.018002652442652742,-0.0147915643801022,0.7217338905231797,0.3427862767157743,0.6180657523008611,-0.056617884194573594,0,0,0,0,9.999999999998899e-05,9.999999999998899e-05,0.47,0.11333333333333334,0.29166666666666663,-0.3802271485165365,1.5199999999999996,0.000786423311776542,0.0
2020-10-07,340.8,342.85,332.18,341.58,541928.86376,10599.65,10681.87,10546.17,10666.39,32811.990279,9318267012,2422493939,1173893268.0,0.9999,28.06,116.3447,43.0,0.09,13.0,0.0,21.0,0.00243284161440357,0.006275751163339584,-0.04504844186499051,0.7217458260872428,0.34132377628858296,0.6407912756567429,-0.09817276013516629,0,0,0,0,-9.999999999998899e-05,9.999999999998899e-05,0.43,0.11333333333333334,0.27166666666666667,-0.5426022587459212,-1.4200000000000017,0.0006586052252398893,0.0
2020-10-08,341.58,353.32,334.21,350.95,631794.8756,10666.4,10950.0,10530.41,10925.57,51959.691572,9061131098,2443182818,1082928572.0,0.9997,26.36,116.1657,46.0,0.09,13.0,0.0,21.0,0.027061850985385043,0.0240082372384519,-0.0279827109732862,0.7087319923396116,0.33818021325381276,0.6504062760765881,-0.12305852175737696,0,0,0,0,-0.00029999999999996696,0.00029999999999996696,0.46,0.11333333333333334,0.2866666666666667,-0.42082092607388233,-1.6999999999999993,-0.0015397163771025794,0.0
2020-10-09,350.94,368.33,347.32,365.02,650478.19338,10925.44,11104.64,10829.0,11050.64,48240.073237,9305726080,2578923853,1069286057.0,0.9995,25.0,115.2757,48.0,0.09,13.0,0.0,21.0,0.03930838342544397,0.011382431304897278,0.026635960699749776,0.7088592688127385,0.3388318388179058,0.6504926257698062,-0.09938647874575428,0,0,0,0,-0.0004999999999999449,0.0004999999999999449,0.48,0.11333333333333334,0.29666666666666663,-0.3396333709591902,-1.3599999999999994,-0.007690969610702208,0.0
2020-10-10,365.01,378.4,364.71,370.52,591005.32129,11050.64,11491.0,11050.51,11293.22,43648.036943,9722276407,2691869975,1101950442.0,0.9994,,,53.0,0.09,13.0,0.0,21.0,0.014955277783952257,0.02171420080767896,0.043789871087266466,0.6910103741456032,0.34405493044400914,0.6615899359315026,-0.05907249856258974,0,0,0,0,-0.0006000000000000449,0.0006000000000000449,0.53,0.11333333333333334,0.32166666666666666,-0.13666448317245886,,,0.0
2020-10-11,370.51,377.6,368.87,374.16,373318.23779,11293.22,11445.0,11221.0,11369.02,29043.851339,9871684405,2803223500,1061227409.0,0.9997,,,55.0,0.09,12.0,0.0,21.0,0.009776089031804207,0.006689566668831729,0.015250708649423385,0.6897415622037633,0.344237555203554,0.6076958107558406,-0.04461270659949691,0,0,0,0,-0.00029999999999996696,0.00029999999999996696,0.55,0.11,0.33,-0.06900818724354824,,,0.0
2020-10-12,374.17,394.8,365.58,386.51,844422.65444,11369.02,11720.01,11172.0,11528.25,52825.28371,9970519312,2895295545,1044283850.0,0.9994,25.07,,52.0,0.09,12.0,0.0,21.0,0.03247422749635573,0.013908432475919988,0.009962172126958754,0.6867471251607884,0.3462768008924235,0.6066704016536076,-0.03504740746529911,0,0,0,0,-0.0006000000000000449,0.0006000000000000449,0.52,0.11,0.315,-0.19078951991558707,,,0.0
2020-10-13,386.51,387.75,374.51,381.04,645141.91394,11528.24,11557.0,11300.0,11420.56,42205.283709,9990606706,2924140779,1039337579.0,0.9995,26.07,115.9107,56.0,0.09,12.0,0.0,21.0,-0.01425338442138165,-0.009385304987830363,0.0020126520680915443,0.6581319480455214,0.3457859386585534,0.6034029202915765,-0.033103337922779176,0,0,0,0,-0.0004999999999999449,0.0004999999999999449,0.56,0.11,0.335,-0.028414409686201965,1.0,,0.0
2020-10-14,381.05,387.41,373.13,378.69,569557.82936,11420.57,11547.98,11280.0,11417.89,41415.106015,10051250216,2881561172,1063776606.0,0.9994,26.4,115.6872,53.0,0.09,12.0,0.0,21.0,-0.006186428059725072,-0.00023381621889088832,0.006051704222365165,0.6510199407883778,0.32976371116077163,0.5942230159945764,-0.027234224152097777,0,0,0,0,-0.0006000000000000449,0.0006000000000000449,0.53,0.11,0.32,-0.1501957423582408,0.3299999999999983,-0.0019300699132529815,0.0
2020-10-15,378.69,381.79,369.85,377.64,634038.09453,11417.89,11617.34,11250.83,11505.12,48760.717679,10050360121,3000008992,1033137246.0,0.9994,26.97,116.0964,56.0,0.09,12.0,0.0,21.0,-0.0027765675685641512,0.007610730096360131,-8.85595716621285e-05,0.638540562008029,0.32898070128928986,0.5935300859337668,-0.027320368058044425,0,0,0,0,-0.0006000000000000449,0.0006000000000000449,0.56,0.11,0.335,-0.028414409686201965,0.5700000000000003,0.003530883333672412,0.0
2020-10-16,377.63,379.83,361.18,365.5,654029.36404,11505.13,11541.15,11200.0,11319.32,48797.749502,9930149526,3036420892,1013360492.0,0.9994,27.41,115.7679,52.0,0.09,12.0,0.0,21.0,-0.03267508167448254,-0.016281153381309317,-0.012032930848670966,0.6493301736971278,0.33140974797358635,0.592522396643335,-0.03895441856891203,0,0,0,0,-0.0006000000000000449,0.0006000000000000449,0.52,0.11,0.315,-0.19078951991558707,0.4400000000000013,-0.0028335558323976814,0.0
2020-10-17,365.5,370.46,363.36,368.32,285578.24537,11319.24,11402.42,11255.0,11360.2,22368.915241,9743878518,2936524394,1003536970.0,0.9997,,,56.0,0.09,12.0,0.0,21.0,0.007685846343684527,0.003605018472487021,-0.018936292424461935,0.6074801829468176,0.3314073745619875,0.5891848251210776,-0.05698183383777602,0,0,0,0,-0.00029999999999996696,0.00029999999999996696,0.56,0.11,0.335,-0.028414409686201965,,,0.0
2020-10-18,368.31,378.64,367.1,378.11,323468.47095,11360.31,11505.0,11346.22,11503.14,23284.041191,9704822598,2935360806,979587065.0,0.9995,,,55.0,0.09,13.0,0.0,27.0,0.02623303304324833,0.012504022806047878,-0.004016306514974192,0.613838196629311,0.33362780021347926,0.5524623341878501,-0.06076168823437395,0,0,0,0,-0.0004999999999999449,0.0004999999999999449,0.55,0.13333333333333333,0.3416666666666667,0.02571062705692625,,,0.0
2020-10-19,378.12,384.32,372.5,379.3,577252.90265,11503.14,11823.99,11407.96,11751.47,47414.534692,9815637246,2993604412,989796758.0,0.9995,29.18,115.4031,55.0,0.09,13.0,0.0,27.0,0.0031422901180872343,0.021358297570117018,0.011353814336453666,0.6138981550468154,0.3382740615131022,0.5249948596148724,-0.05003698287727948,0,0,0,0,-0.0004999999999999449,0.0004999999999999449,0.55,0.13333333333333333,0.3416666666666667,0.02571062705692625,,,0.0
2020-10-20,379.3,380.73,365.27,368.52,617309.81677,11751.46,12038.38,11677.59,11909.99,62134.750663,9843264813,3011179267,968794272.0,0.9991,29.35,115.2485,56.0,0.09,13.0,0.0,27.0,-0.02883246445412198,0.013399204588298025,0.0028106946263062437,0.6079792290831987,0.33512046763845743,0.46268238222937136,-0.04736317105586408,0,0,0,0,-0.0009000000000000119,0.0009000000000000119,0.56,0.13333333333333333,0.3466666666666667,0.06630440461427253,0.1700000000000017,-0.0013405501904370162,0.0
2020-10-21,368.53,401.49,367.74,390.38,1221663.63784,11910.0,13217.68,11886.95,12780.96,114584.456767,9591888440,2928791695,899280626.0,0.9982,28.65,114.9108,61.0,0.09,13.0,0.0,27.0,0.05762563947773333,0.07057901976281855,-0.025869658840936397,0.5566097942484886,0.3641723112284363,0.4663788392502054,-0.07169152098808675,0,0,0,0,-0.0018000000000000238,0.0018000000000000238,0.61,0.13333333333333333,0.37166666666666665,0.26927329240100345,-0.7000000000000028,-0.002934491392132449,0.0
2020-10-22,390.31,420.73,390.21,413.98,1095897.20667,12780.75,13185.0,12678.08,12968.52,70038.824144,9725785479,2974468578,932239515.0,0.9988,28.11,115.1158,73.0,0.09,13.0,0.0,27.0,0.05869703976117985,0.014568318834834563,0.013862868159569056,0.587522093311463,0.3649366162522975,0.40238399851161644,-0.058732888556547666,0,0,0,0,-0.0011999999999999789,0.0011999999999999789,0.73,0.13333333333333333,0.43166666666666664,0.7563986230891583,-0.5399999999999991,0.00178240302880683,0.0
2020-10-23,413.94,419.33,401.3,409.11,727832.3224,12968.84,13027.69,12720.08,12923.07,50386.999841,9921668666,2961467703,1022962269.0,0.9991,27.55,115.0126,74.0,0.09,13.0,0.0,27.0,-0.011833594941792215,-0.0035107961066538486,0.01994046415735703,0.5229677660560111,0.3451964277227277,0.4076201945242323,-0.03977520107660694,0,0,0,0,-0.0009000000000000119,0.0009000000000000119,0.74,0.13333333333333333,0.43666666666666665,0.7969924006465046,-0.5599999999999987,-0.0008968906655409747,0.0
2020-10-24,409.19,416.66,407.0,412.14,419236.87106,12923.06,13166.73,12870.0,13111.73,35952.20907,10008209832,2853540026,1128877665.0,0.999,,,73.0,0.09,13.0,0.0,27.0,0.007379028915992946,0.014493163177937982,0.008684619922609925,0.44467084517695193,0.3157690418973261,0.40827480907966784,-0.031399697265870635,0,0,0,0,-0.0010000000000000009,0.0010000000000000009,0.73,0.13333333333333333,0.43166666666666664,0.7563986230891583,,,0.0
2020-10-25,412.14,417.4,402.5,405.86,415586.9761,13111.73,13350.0,12888.0,13028.83,38481.579504,10125177972,2941537194,1138364481.0,0.999,,,76.0,0.09,12.0,0.0,26.0,-0.01535482490502241,-0.006342655085969485,0.01161945094792621,0.45043246794180924,0.3165930159381199,0.39400909550662755,-0.020079453414467735,0,0,0,0,-0.0010000000000000009,0.0010000000000000009,0.76,0.12666666666666665,0.44333333333333336,0.8511174373896333,,,0.0
2020-10-26,405.85,411.11,382.3,392.52,895142.67266,13029.64,13238.81,12765.0,13052.19,60951.672986,10127307927,2983072078,1119064416.0,0.9988,32.46,115.2797,75.0,0.09,12.0,0.0,26.0,-0.03342078121052994,0.0017913414618498272,0.0002103401052568198,0.46965887803966755,0.3169067686629559,0.3846895243064387,-0.01987331514474305,0,0,0,0,-0.0011999999999999789,0.0011999999999999789,0.75,0.12666666666666665,0.43833333333333335,0.810523659832287,,,0.0
2020-10-27,392.52,410.25,389.9,403.45,754261.74114,13052.15,13789.29,13019.87,13636.17,80811.01945,9844749016,3002397407,1004721877.0,0.9996,33.35,115.0131,61.0,0.09,12.0,0.0,26.0,0.02746507295622274,0.04376988541595295,-0.028297312208761503,0.476617805506828,0.34228465707765865,0.38499602234003344,-0.04721952903603728,0,0,0,0,-0.00039999999999995595,0.00039999999999995595,0.61,0.12666666666666665,0.3683333333333333,0.24221077402943914,0.8900000000000006,-0.002315314409277762,0.0
2020-10-28,403.41,409.2,380.52,388.23,855275.46882,13636.16,13859.48,12888.0,13266.4,94440.561226,9992836699,3057525170,986776251.0,0.9996,40.28,115.8023,70.0,0.09,12.0,0.0,26.0,-0.0384546167928271,-0.027491298279312352,0.014930287990953221,0.49708243846393496,0.36031700930528704,0.3882601117424779,-0.032887517917887917,0,0,0,0,-0.00039999999999995595,0.00039999999999995595,0.7,0.12666666666666665,0.41333333333333333,0.6075547720455556,6.93,0.006838391853263866,0.0
2020-10-29,388.22,393.72,380.52,387.13,573096.01416,13266.4,13642.91,12920.77,13455.7,74872.602132,9907881598,2975000969,1002413791.0,0.9994,37.59,116.3069,67.0,0.09,12.0,0.0,26.0,-0.002837393566833842,0.01416828517726635,-0.008537944792640846,0.49514217703219393,0.3604925531783204,0.3866604625050172,-0.04110952144586196,0,0,0,0,-0.0006000000000000449,0.0006000000000000449,0.67,0.12666666666666665,0.3983333333333333,0.4857734393735168,-2.6899999999999977,0.00434796031303256,0.0
2020-10-30,387.12,391.97,373.29,382.49,771750.74746,13455.69,13669.98,13115.0,13560.1,70657.778881,9860104700,2941984807,959599065.0,0.9994,38.02,116.1354,74.0,0.09,12.0,0.0,26.0,-0.012058044800868684,0.007728849021307219,-0.004833774194985571,0.49767592898641594,0.35737298134375406,0.38683232601708617,-0.045733397108273996,0,0,0,0,-0.0006000000000000449,0.0006000000000000449,0.74,0.12666666666666665,0.43333333333333335,0.7699298822749407,0.4299999999999997,-0.0014756352963302883,0.0
2020-10-31,382.59,394.88,379.9,386.46,467453.8105,13560.1,14100.0,13411.5,13791.0,67339.238515,9698573476,2924666497,963701873.0,0.999,,,73.0,0.09,12.0,0.0,26.0,0.010325860652868219,0.016884548375875077,-0.016517976855002697,0.49222498242271145,0.3493781771432958,0.3862611690648814,-0.061366481855074144,0,0,0,0,-0.0010000000000000009,0.0010000000000000009,0.73,0.12666666666666665,0.42833333333333334,0.7293361047175945,,,0.0
2020-11-01,386.44,398.29,384.61,396.67,438952.95565,13791.0,13895.0,13603.0,13761.5,36285.648526,9878538103,2993884067,987058133.0,0.9994,,,72.0,0.09,11.0,0.0,30.0,0.026076330976647653,-0.0021413673004317957,0.01838572516401182,0.49083880598328394,0.34830298325221487,0.39180509540355885,-0.04394940176585698,0,0,0,0,-0.0006000000000000449,0.0006000000000000449,0.72,0.13666666666666666,0.42833333333333334,0.7293361047175945,,,0.0
2020-11-02,396.68,404.5,377.92,383.02,779968.57957,13761.49,13830.0,13195.05,13549.37,64566.421908,9873320919,3019263836,977491481.0,0.9991,37.13,116.2361,71.0,0.09,11.0,0.0,30.0,-0.035017493625088485,-0.015534786411904644,-0.0005282727175725119,0.5098679893750646,0.35642243431819515,0.35779152354098,-0.044454323833504096,0,0,0,0,-0.0009000000000000119,0.0009000000000000119,0.71,0.13666666666666666,0.42333333333333334,0.6887423271602482,,,0.0
2020-11-03,383.01,390.0,370.23,387.88,752954.37114,13549.63,14066.11,13284.99,14023.53,74115.630787,9629428640,2897434559,978924578.0,0.9994,35.55,115.4802,71.0,0.09,11.0,0.0,30.0,0.01260880629793201,0.03439658130142223,-0.02501237001748518,0.5081245020274191,0.36770420927253145,0.3633503253919584,-0.06805835884469937,0,0,0,0,-0.0006000000000000449,0.0006000000000000449,0.71,0.13666666666666666,0.42333333333333334,0.6887423271602482,-1.5800000000000054,-0.0065243807310804616,0.0
2020-11-04,387.88,408.39,376.47,402.49,1157064.35076,14023.53,14259.0,13525.0,14144.01,93016.988262,9574772240,2872741684,963913158.0,0.9989,29.57,115.1677,74.0,0.09,11.0,0.0,30.0,0.03697423839314044,0.00855457982732576,-0.005692144954749368,0.5216097873912358,0.3675897516457666,0.3637052160636141,-0.07334803666670985,0,0,0,0,-0.0010999999999999899,0.0010999999999999899,0.74,0.13666666666666666,0.43833333333333335,0.810523659832287,-5.979999999999997,-0.002709759691882411,0.0
2020-11-05,402.5,420.4,396.14,416.69,1475139.77342,14144.01,15750.0,14093.56,15590.02,143741.522673,9664822064,2950119010,944673839.0,0.9985,27.58,114.4556,72.0,0.09,11.0,0.0,30.0,0.034672288230809624,0.09733975303388694,0.009360954305584084,0.5098585548327658,0.4674826819004287,0.36200593086645716,-0.06463296291708955,0,0,0,0,-0.0014999999999999458,0.0014999999999999458,0.72,0.13666666666666666,0.42833333333333334,0.7293361047175945,-1.990000000000002,-0.006202352137812828,0.0
2020-11-06,416.73,458.27,414.76,455.91,1682440.96026,15590.02,15960.0,15166.0,15579.92,122618.197695,9874047452,2981777547,912300161.0,0.9987,24.86,113.9919,90.0,0.09,11.0,0.0,30.0,0.08995288155332784,-0.0006480603012701369,0.021417143433394643,0.5862885947882989,0.4693303023460281,0.33151470668235594,-0.04438400955197332,0,0,0,0,-0.0012999999999999678,0.0012999999999999678,0.9,0.13666666666666666,0.5183333333333333,1.4600241007498265,-2.719999999999999,-0.004059581626608636,0.0
2020-11-07,455.91,468.28,424.14,435.21,1653416.5961,15579.93,15753.52,14344.22,14818.3,101431.206553,10524335299,3104541139,1035343052.0,0.9988,,,88.0,0.09,11.0,0.0,30.0,-0.046466748394703127,-0.050120002204518566,0.06378037750720045,0.614196113834358,0.5156492583764949,0.37848792003014486,0.0,0,0,0,0,-0.0011999999999999789,0.0011999999999999789,0.88,0.13666666666666666,0.5083333333333333,1.378836545635134,,,0.0
2020-11-08,435.2,460.1,431.99,454.3,840908.46841,14818.3,15650.0,14703.88,15475.1,65547.178574,10509939726,3023507629,1122926208.0,0.9994,,,82.0,0.09,12.0,0.0,36.0,0.04292909954643718,0.04336937714861154,-0.0013687731315148277,0.6167051727256107,0.528514998593699,0.3708580058544747,-0.001367836788834335,0,0,0,0,-0.0006000000000000449,0.0006000000000000449,0.82,0.16,0.49,1.2299926945915312,,,0.0
2020-11-09,454.29,459.1,433.09,444.32,1099213.24641,15475.1,15840.0,14805.54,15328.41,108976.334134,10726816021,3115639596,1105354864.0,0.9993,25.75,114.0895,90.0,0.09,12.0,0.0,36.0,-0.022212749206868294,-0.009524311280312406,0.020425326494132787,0.6244714982738085,0.531932844668073,0.3475752231853146,0.0,0,0,0,0,-0.0007000000000000339,0.0007000000000000339,0.9,0.16,0.53,1.5547429150503014,,,0.0
2020-11-10,444.32,455.0,438.7,450.34,866872.41108,15328.41,15460.0,15072.46,15297.21,61681.919606,11204104231,3220471338,1175271700.0,0.999,24.8,114.0757,90.0,0.09,12.0,0.0,36.0,0.013457829473024563,-0.0020375104761155144,0.043533383923946005,0.6248795695195501,0.533522954843731,0.37291415646466447,0.0,0,0,0,0,-0.0010000000000000009,0.0010000000000000009,0.9,0.16,0.53,1.5547429150503014,-0.9499999999999993,-0.00012096498516710824,0.0
2020-11-11,450.34,476.25,449.28,463.09,1205782.84262,15297.21,15965.0,15272.68,15684.24,78469.746458,11383476536,3251555265,1190225583.0,0.999,23.45,,86.0,0.09,12.0,0.0,36.0,0.027918566613755066,0.024985927702935035,0.015882716927475057,0.6226647035212024,0.5359659753798004,0.3746293870474821,0.0,0,0,0,0,-0.0010000000000000009,0.0010000000000000009,0.86,0.16,0.51,1.3923678048209163,-1.3500000000000014,,0.0
2020-11-12,463.09,470.0,451.2,462.39,990776.62912,15684.25,16340.7,15440.64,16291.86,102196.356592,11825134588,3329435760,1208109860.0,0.999,25.35,114.2843,87.0,0.09,12.0,0.0,36.0,-0.001512728818530903,0.03800921004285134,0.038064438663430664,0.6190174390741358,0.5395822796543874,0.3924002969935635,0.0,0,0,0,0,-0.0010000000000000009,0.0010000000000000009,0.87,0.16,0.515,1.4329615823782627,1.9000000000000021,,0.0
2020-11-13,462.48,478.01,457.12,476.43,976665.09752,16291.85,16480.0,15952.35,16320.7,75691.881014,11695694954,3295214748,1192418454.0,0.9989,23.1,114.2397,89.0,0.09,12.0,0.0,36.0,0.02991211696392684,0.0017686441983009846,-0.011006494519323428,0.6225386235430463,0.5390632026057957,0.39665179443423526,-0.010946144674865158,0,0,0,0,-0.0010999999999999899,0.0010999999999999899,0.89,0.16,0.525,1.5141491374929552,-2.25,-0.000390330998637102,0.0
2020-11-14,476.42,477.47,452.0,460.89,735252.7854,16320.04,16326.99,15670.0,16070.45,59116.347179,11983528065,3377719290,1219847058.0,0.9991,,,90.0,0.09,12.0,0.0,36.0,-0.03316140497998663,-0.015452058926512477,0.024312224132584336,0.6377809618381882,0.5473166388300157,0.4017709928907718,0.0,0,0,0,0,-0.0009000000000000119,0.0009000000000000119,0.9,0.16,0.53,1.5547429150503014,,,0.0
2020-11-15,460.9,462.89,440.19,448.08,665217.56671,16069.56,16180.0,15774.72,15957.0,43596.841513,11798768430,3324409778,1189636578.0,0.9992,,,86.0,0.09,13.0,0.0,47.0,-0.02818761490910145,-0.007084577418178802,-0.015537889889862655,0.6344828174873536,0.5424358053584857,0.4039163575778947,-0.015417799666162003,0,0,0,0,-0.0008000000000000229,0.0008000000000000229,0.86,0.2,0.53,1.5547429150503014,,,0.0
2020-11-16,448.07,466.0,445.45,460.55,812060.44638,15957.0,16880.0,15864.0,16713.57,81300.675924,11842644138,3216900192,1218192930.0,0.9995,22.45,113.8312,90.0,0.09,13.0,0.0,47.0,0.027449639532667772,0.04632335988450774,0.003711771303652544,0.6385659179207206,0.5549839596996815,0.394102580504921,-0.0117564648937967,0,0,0,0,-0.0004999999999999449,0.0004999999999999449,0.9,0.2,0.55,1.7171180252796865,,,0.0
2020-11-17,460.51,484.88,459.8,482.15,1151573.37456,16713.08,17858.82,16538.0,17659.38,115221.403102,11919456044,3055162533,1232411139.0,0.9991,22.71,113.682,86.0,0.09,13.0,0.0,47.0,0.04583384152214885,0.055046122658961215,0.006465099714002593,0.6493911077506219,0.5741382238955577,0.3922731583435599,-0.005346674255900781,0,0,0,0,-0.0009000000000000119,0.0009000000000000119,0.86,0.2,0.53,1.5547429150503014,0.26000000000000156,-0.0013115724396482017,0.0
2020-11-18,482.11,495.31,456.6,478.41,1477696.29116,17659.38,18476.93,17214.45,17776.12,149019.788134,11685442898,1779059837,1316328015.0,0.9992,23.84,113.46,91.0,0.09,13.0,0.0,47.0,-0.007787163528402725,0.006588896577796588,-0.01982815630714964,0.6515571861755238,0.5741603958287403,0.4027085703589012,-0.024874574948475326,0,0,0,0,-0.0008000000000000229,0.0008000000000000229,0.91,0.2,0.555,1.7577118028370329,1.129999999999999,-0.001954724979859018,0.0
2020-11-19,478.43,480.75,464.86,471.25,817418.52685,17777.75,18179.8,17335.65,17802.82,93009.561008,11617600135,1652419037,1343681805.0,0.999,23.11,113.694,94.0,0.09,13.0,0.0,47.0,-0.015079366665770106,0.00150088816654907,-0.00582266913203339,0.6435583968692278,0.5757615954085434,0.40463976305592775,-0.030535909626544528,0,0,0,0,-0.0010000000000000009,0.0010000000000000009,0.94,0.2,0.57,1.8794931355090707,-0.7300000000000004,0.002060277017111341,0.0
2020-11-20,471.26,514.4,470.65,510.12,1516361.90736,17802.81,18815.22,17740.04,18655.67,88423.018489,11597087230,1620591410,1353978471.0,0.9993,23.7,113.489,86.0,0.09,13.0,0.0,47.0,0.07925725339647866,0.04679324961628493,-0.0017672355449952735,0.6684128163912516,0.5514968575808963,0.38955610887748005,-0.0322476680409894,0,0,0,0,-0.0007000000000000339,0.0007000000000000339,0.86,0.2,0.53,1.5547429150503014,0.5899999999999999,-0.0018047129903225455,0.0
2020-11-21,510.12,553.32,502.82,552.35,1548851.29067,18655.66,18965.9,18308.58,18703.8,75577.458394,12324282573,1690726910,1442246916.0,0.9991,,,91.0,0.09,13.0,0.0,47.0,0.07953591115958518,0.0025765904402387323,0.060817543428168,0.6914996419868329,0.5525451645166952,0.43299468763735127,0.0,0,0,0,0,-0.0009000000000000119,0.0009000000000000119,0.91,0.2,0.555,1.7577118028370329,,,0.0
2020-11-22,552.42,580.88,511.28,560.03,1850317.93581,18703.8,18750.0,17610.86,18414.43,81645.737778,12422288261,1706707970,1413758150.0,0.9988,,,94.0,0.09,13.0,0.0,78.0,0.013808450404584349,-0.0155921153820781,0.007920790404010307,0.6872618776242535,0.5584459995970285,0.4308097331856349,0.0,0,0,0,0,-0.0011999999999999789,0.0011999999999999789,0.94,0.30333333333333334,0.6216666666666666,2.298962170268315,,,0.0
2020-11-23,560.03,610.85,550.12,608.58,2076008.84846,18413.88,18766.0,18000.0,18368.0,82961.506093,12406188548,1737341573,1337781148.0,0.999,22.66,113.7548,90.0,0.09,13.0,0.0,78.0,0.08313802089309089,-0.002524576253394546,-0.0012968749859558239,0.7323045265496049,0.5605653157717957,0.4318676094511674,-0.0012960344070057802,0,0,0,0,-0.0010000000000000009,0.0010000000000000009,0.9,0.30333333333333334,0.6016666666666667,2.1365870600389307,,,0.0
2020-11-24,608.58,623.0,585.0,604.97,1606450.49193,18368.01,19418.97,18018.0,19160.01,113581.509241,12574263026,1805181194,1455224589.0,0.9991,21.64,113.4316,88.0,0.09,13.0,0.0,78.0,-0.005949504591442188,0.04221527432609045,0.013456683420708977,0.7284469097276932,0.5669508334176468,0.43215385505565873,0.0,0,0,0,0,-0.0009000000000000119,0.0009000000000000119,0.88,0.30333333333333334,0.5916666666666667,2.0553995049242384,-1.0199999999999996,-0.0028452426556891575,0.0
2020-11-25,604.98,606.0,553.83,569.5,1219440.02727,19160.0,19484.21,18500.27,18719.11,93266.576887,12607513972,1719569322,1471123397.0,0.9998,21.25,113.1823,94.0,0.09,13.0,0.0,78.0,-0.06042008713728028,-0.023280367279034576,0.002640875211276436,0.7558181086969932,0.5797100742977287,0.43174055412204704,0.0,0,0,0,0,-0.00019999999999997797,0.00019999999999997797,0.94,0.30333333333333334,0.6216666666666666,2.298962170268315,-0.39000000000000057,-0.0022002189677774522,0.0
2020-11-26,569.38,577.14,481.0,519.83,2683460.74171,18718.83,18915.03,16188.0,17149.47,181005.246693,12396051960,1638751876,1517818958.0,0.9991,,,93.0,0.09,13.0,0.0,78.0,-0.09125694783968574,-0.08757765783988204,-0.016914951605907346,0.8353107083069676,0.6640694971782924,0.42163521319307573,-0.016772697017797124,0,0,0,0,-0.0009000000000000119,0.0009000000000000119,0.93,0.30333333333333334,0.6166666666666667,2.2583683927109695,,,0.0
2020-11-27,519.83,530.62,493.72,518.68,1088064.28114,17149.47,17457.62,16438.08,17139.52,85297.024787,11281146563,1538338051,1295546354.0,0.9995,20.84,,86.0,0.09,13.0,0.0,78.0,-0.002214712366867659,-0.000580361234278455,-0.09424514503107902,0.819106730262625,0.6526867829358262,0.5503384778210789,-0.10520451628653567,0,0,0,0,-0.0004999999999999449,0.0004999999999999449,0.86,0.30333333333333334,0.5816666666666667,1.9742119498095456,,,0.0
2020-11-28,518.59,547.94,506.59,537.52,900508.61431,17139.53,17880.49,16865.56,17719.85,64910.69997,11187830681,1597358966,1287346649.0,0.9992,,,87.0,0.09,13.0,0.0,78.0,0.035678845931211,0.03329857201976857,-0.008306245318016929,0.8227222306951528,0.6581517619281041,0.5502724059691444,-0.11260612474060877,0,0,0,0,-0.0008000000000000229,0.0008000000000000229,0.87,0.30333333333333334,0.5866666666666667,2.014805727366892,,,0.0
2020-11-29,537.5,576.9,530.32,576.3,855276.46664,17719.84,18360.05,17517.0,18184.99,55329.016303,11520014524,1633991930,1332612928.0,0.9991,,,89.0,0.09,13.0,0.0,58.0,0.06966238983072606,0.02591104840521473,0.029259274788484543,0.8430978575509723,0.6606992976207459,0.5561631899981749,-0.08625804027782362,0,0,0,0,-0.0009000000000000119,0.0009000000000000119,0.89,0.2366666666666667,0.5633333333333334,1.825368098765943,,,0.0
2020-11-30,576.32,616.85,570.07,616.66,1501989.45408,18185.0,19863.16,18184.99,19695.87,115463.466888,12119019421,1697269263,1409363991.0,0.9995,20.57,113.2256,88.0,0.09,13.0,0.0,58.0,0.06768946009239209,0.07981244056034183,0.05069015547918781,0.8637296622481282,0.7042393745505392,0.5723236907475001,-0.03874630256884081,0,0,0,0,-0.0004999999999999449,0.0004999999999999449,0.88,0.2366666666666667,0.5583333333333333,1.7847743212085967,,,0.0
2020-12-01,616.65,635.7,560.0,585.26,2163875.81376,19695.87,19888.0,18001.12,18764.96,127698.762652,12803388297,1731793193,1513693024.0,0.9993,20.77,112.8063,95.0,0.09,13.0,0.0,58.0,-0.05226162559488984,-0.0484176681386951,0.054933775088972826,0.894420592746787,0.7337172351106004,0.594885366929973,0.0,0,0,0,0,-0.0007000000000000339,0.0007000000000000339,0.95,0.2366666666666667,0.5933333333333333,2.0689307641100196,0.1999999999999993,-0.003710100043103858,0.0
2020-12-02,585.26,604.93,575.0,596.89,1069538.65619,18764.96,19342.0,18330.0,19204.09,75911.013478,12731126252,1656405681,1540031262.0,0.9994,21.17,112.6115,92.0,0.09,13.0,0.0,58.0,0.019676648869148508,0.023131976224671752,-0.00565996567289746,0.8776802288506661,0.7289372027988131,0.5961492738127774,-0.005643978244175562,0,0,0,0,-0.0006000000000000449,0.0006000000000000449,0.92,0.2366666666666667,0.5783333333333334,1.9471494314379818,0.40000000000000213,-0.0017283466389247859,0.0
2020-12-03,596.88,623.44,585.82,615.85,935687.91723,19204.08,19598.0,18867.2,19421.9,66689.391279,12907585008,1688412850,1541543528.0,0.9991,21.28,112.0236,92.0,0.09,13.0,0.0,58.0,0.03127058557822175,0.011278018177224554,0.013765242762285433,0.8795089431975529,0.7242933529166902,0.5839540224178132,0.0,0,0,0,0,-0.0009000000000000119,0.0009000000000000119,0.92,0.2366666666666667,0.5783333333333334,1.9471494314379818,0.10999999999999943,-0.005234278545579071,0.0
2020-12-04,615.84,620.0,565.82,567.24,1052452.78666,19422.34,19527.0,18565.31,18650.52,71283.6682,13197406236,1746939217,1554414996.0,0.9997,20.79,111.7778,92.0,0.09,13.0,0.0,58.0,-0.08222093279434803,-0.04052726761991646,0.022205189323091564,0.9389848305427235,0.7461591595511976,0.5827653943918794,0.0,0,0,0,0,-0.00029999999999996696,0.00029999999999996696,0.92,0.2366666666666667,0.5783333333333334,1.9471494314379818,-0.490000000000002,-0.00219659125306949,0.0
2020-12-05,567.24,597.11,560.88,596.8,701567.95564,18650.51,19177.0,18500.0,19147.66,42922.748573,12571141754,1612152725,1518248673.0,0.9995,,,93.0,0.09,13.0,0.0,58.0,0.0507995542964057,0.02630648721030668,-0.048616462871580154,0.945668833872731,0.678658279781152,0.6184344187914298,-0.04745360344305158,0,0,0,0,-0.0004999999999999449,0.0004999999999999449,0.93,0.2366666666666667,0.5833333333333334,1.9877432089953282,,,0.0
2020-12-06,596.82,607.5,583.0,601.54,602496.96339,19147.66,19420.0,18857.0,19359.4,37043.091861,12936639955,1723068048,1483194585.0,0.9994,,,95.0,0.09,14.0,0.0,41.0,0.007910984729755429,0.01099757468367193,0.028659741767788474,0.9028520173792292,0.6782540695274072,0.6208109459549909,-0.019758903858599082,0,0,0,0,-0.0006000000000000449,0.0006000000000000449,0.95,0.18333333333333332,0.5666666666666667,1.852430617137507,,,0.0
2020-12-07,601.59,603.15,584.22,591.28,498329.37589,19358.67,19420.91,18902.88,19166.9,41372.296293,13005534015,1727020020,1460106955.0,0.9997,21.3,111.8385,94.0,0.09,14.0,0.0,41.0,-0.01720335514267521,-0.009993256658502918,0.005311368433631649,0.885734399717202,0.6493692152767151,0.5885413760236066,-0.014538631119545996,0,0,0,0,-0.00029999999999996696,0.00029999999999996696,0.94,0.18333333333333332,0.5616666666666666,1.8118368395801605,,,0.0
2020-12-08,591.27,595.0,549.22,554.94,804443.00717,19166.9,19294.84,18200.0,18324.11,61626.947614,13080981635,1718659489,1483199523.0,1.0004,20.68,111.8639,95.0,0.09,14.0,0.0,41.0,-0.06342967868240751,-0.044967153911558415,0.005784431419132423,0.9135493182868951,0.6627639708354238,0.5877809774347824,-0.008821778985814346,0,0,0,0,0.00039999999999995595,0.00039999999999995595,0.95,0.18333333333333332,0.5666666666666667,1.852430617137507,-0.620000000000001,0.0002270874171145697,0.0
2020-12-09,554.92,578.08,530.43,573.09,997192.16738,18324.11,18639.57,17650.0,18541.28,79585.553801,12687681825,1623541124,1450566230.0,0.9996,22.27,112.0305,86.0,0.09,14.0,0.0,41.0,0.03218277264944643,0.011781918605685223,-0.030527804026651405,0.9116050082006171,0.6607949595445425,0.6001934624766195,-0.03862307501072213,0,0,0,0,-0.00039999999999995595,0.00039999999999995595,0.86,0.18333333333333332,0.5216666666666666,1.4870866191213903,1.5899999999999999,0.0014882018554107663,0.0
2020-12-10,573.2,575.7,548.11,558.99,608414.51466,18541.29,18557.32,17911.12,18254.63,52890.675094,12667710662,1686972352,1405459918.0,1.0,22.52,111.9788,94.0,0.09,14.0,0.0,41.0,-0.024911188536239134,-0.015580851185682042,-0.0015752993877118924,0.9187657967550346,0.664634263368204,0.5847318512417812,-0.04013633925695882,0,0,0,0,0.0,0.0,0.94,0.18333333333333332,0.5616666666666666,1.8118368395801605,0.25,-0.00046158798690901616,0.0
2020-12-11,558.99,560.8,535.5,544.43,768921.78317,18254.81,18292.73,17572.33,18036.53,72610.724259,12452972579,1619751311,1371100428.0,1.0,23.31,112.1417,89.0,0.09,14.0,0.0,41.0,-0.02639220810912035,-0.01201960068239654,-0.01709693256886876,0.9228753688946812,0.6637869676449697,0.5876704528992098,-0.05640757310094217,0,0,0,0,0.0,0.0,0.89,0.18333333333333332,0.5366666666666666,1.6088679517934292,0.7899999999999991,0.0014536825385145873,0.0
2020-12-12,544.46,574.0,543.1,568.04,573913.95311,18036.53,18948.66,18020.7,18808.69,49519.978432,12167050737,1603542343,1322305412.0,0.9996,,,90.0,0.09,14.0,0.0,41.0,0.042452462978501596,0.041919851281025024,-0.023227816930466896,0.9314358214511642,0.6663950015034695,0.5804766088424752,-0.07807257582095088,0,0,0,0,-0.00039999999999995595,0.00039999999999995595,0.9,0.18333333333333332,0.5416666666666666,1.6494617293507754,,,0.0
2020-12-13,568.09,595.0,563.22,590.7,657794.46158,18808.69,19411.0,18711.12,19174.99,56560.821744,12637314013,1665301890,1382534918.0,1.0004,,,91.0,0.09,14.0,0.0,55.0,0.03911643553637746,0.019287828659587614,0.037922328319333856,0.9348500583570953,0.6681951662317905,0.5927512010595443,-0.042439568274573194,0,0,0,0,0.00039999999999995595,0.00039999999999995595,0.91,0.23,0.5700000000000001,1.8794931355090716,,,0.0
2020-12-14,590.81,591.48,575.6,586.29,493012.02706,19174.99,19349.0,19000.0,19273.14,47257.201294,12984079772,1714215274,1442118802.0,1.0002,24.72,112.1708,95.0,0.09,14.0,0.0,55.0,-0.007493726603094527,0.005105590997883581,0.027070106896707472,0.9251507949536817,0.6639655494084092,0.594100290620116,-0.016164271992937993,0,0,0,0,0.00019999999999997797,0.00019999999999997797,0.95,0.23,0.59,2.041868245738456,,,0.0
2020-12-15,586.29,597.2,578.58,588.64,569270.52011,19273.69,19570.0,19050.0,19426.43,61834.366011,12977736155,1718395756,1419845524.0,0.9996,22.89,111.8601,91.0,0.09,14.0,0.0,55.0,0.0040002436463691185,0.007922093279086292,-0.0004886882446191871,0.9160626619915239,0.6622881897496231,0.5906029937097967,-0.016644943489030596,0,0,0,0,-0.00039999999999995595,0.00039999999999995595,0.91,0.23,0.5700000000000001,1.8794931355090716,-1.8299999999999983,-0.002773726295783263,0.0
2020-12-16,588.78,640.0,580.71,637.18,1185588.05078,19426.43,21560.0,19278.6,21335.52,114306.33557,13268720516,1737615937,1461520592.0,0.9992,22.5,111.7157,92.0,0.09,14.0,0.0,55.0,0.0792373988673141,0.09373877942102818,0.02217413858566718,0.9464297611625472,0.7165483252525922,0.5943135766039194,0.0,0,0,0,0,-0.0008000000000000229,0.0008000000000000229,0.92,0.23,0.5750000000000001,1.920086913066418,-0.39000000000000057,-0.0012917321112435691,0.0
2020-12-17,637.18,676.25,625.76,642.7,2006130.01975,21335.52,23800.0,21230.0,22797.16,184882.476748,13515110299,1802581287,1456800377.0,0.9996,21.93,111.2226,92.0,0.09,14.0,0.0,55.0,0.00862586215346231,0.06626267735967427,0.018398916519531034,0.9379657349352651,0.7267850378998884,0.596443574900216,0.0,0,0,0,0,-0.00039999999999995595,0.00039999999999995595,0.92,0.23,0.5750000000000001,1.920086913066418,-0.5700000000000003,-0.004423652679780544,0.0
2020-12-18,642.71,664.61,629.4,653.85,1000012.98018,22797.15,23285.18,22350.0,23107.39,79646.134315,13967084205,1805734171,1597265004.0,0.9988,21.57,111.6071,95.0,0.09,14.0,0.0,55.0,0.017199914975270656,0.013516512987803837,0.032895092235814244,0.936190078786796,0.7269559688971858,0.5980733450112691,0.0,0,0,0,0,-0.0011999999999999789,0.0011999999999999789,0.95,0.23,0.59,2.041868245738456,-0.35999999999999943,0.0034510694185948165,0.0
2020-12-19,653.76,669.95,645.42,658.03,858803.88459,23107.39,24171.47,22750.0,23821.61,86045.064677,13950038871,1835925414,1554315444.0,0.999,,,93.0,0.09,14.0,0.0,55.0,0.006372555638657232,0.030440672117046565,-0.001221138444082071,0.9318179169065751,0.7303278559153968,0.5971484227311391,-0.0012203931579289852,0,0,0,0,-0.0010000000000000009,0.0010000000000000009,0.93,0.23,0.5800000000000001,1.9606806906237642,,,0.0
2020-12-20,658.05,661.39,621.01,638.18,823958.22843,23821.6,24295.0,23060.0,23455.52,76690.145685,14373816374,1843977431,1608744660.0,0.9993,,,92.0,0.09,13.0,0.0,59.0,-0.030630147776589726,-0.015487290255670515,0.029925949378250626,0.9092566311980846,0.7227938790650065,0.6021060917185078,0.0,0,0,0,0,-0.0007000000000000339,0.0007000000000000339,0.92,0.24,0.5800000000000001,1.9606806906237642,,,0.0
2020-12-21,638.1,648.0,595.9,607.58,843251.16565,23455.54,24102.77,21815.0,22719.71,88030.297243,14131709453,1818254814,1563588447.0,0.9996,25.16,111.9415,92.0,0.09,13.0,0.0,59.0,-0.04913652142708068,-0.03187303196066846,-0.016987074318138146,0.8914883357368873,0.7356996215763301,0.5753989494113976,-0.016843607480469404,0,0,0,0,-0.00039999999999995595,0.00039999999999995595,0.92,0.24,0.5800000000000001,1.9606806906237642,,,0.0
2020-12-22,607.68,637.73,588.0,636.45,918851.25654,22719.88,23837.1,22353.4,23810.79,87033.12616,13661922869,1842379731,1460869888.0,0.9998,24.23,112.1947,88.0,0.09,13.0,0.0,59.0,0.046422006528945556,0.046906009597780754,-0.03380855914099073,0.9035600099610275,0.744343384333201,0.5905435685959766,-0.04952710445694191,0,0,0,0,-0.00019999999999997797,0.00019999999999997797,0.88,0.24,0.56,1.798305580394379,-0.9299999999999997,0.0022593414870740137,0.0
2020-12-23,636.41,638.44,551.28,585.56,1208807.36518,23810.79,24100.0,22600.0,23232.76,119047.259733,13966871763,1916916984,1504612156.0,1.0002,23.31,111.9807,93.0,0.09,13.0,0.0,59.0,-0.08333720601323273,-0.02457548767882941,0.022075612219606546,0.9072369721370436,0.7524091792765881,0.5939356713510654,-0.0283115214784641,0,0,0,0,0.00019999999999997797,0.00019999999999997797,0.93,0.24,0.585,2.0012744681811094,-0.9200000000000017,-0.0019092198787614332,0.0
2020-12-24,585.48,615.02,565.43,612.31,886335.86333,23232.39,23794.43,22703.42,23729.2,69013.834252,13859906051,1873788162,1494043682.0,1.0004,21.53,,86.0,0.09,13.0,0.0,59.0,0.04467003591079995,0.02114300567337218,-0.007688007542178689,0.9210379258637373,0.7438304165245959,0.594255072120186,-0.035753227231258074,0,0,0,0,0.00039999999999995595,0.00039999999999995595,0.86,0.24,0.55,1.7171180252796865,-1.7799999999999976,,0.0
2020-12-25,612.31,634.24,604.28,626.82,798009.62915,23728.99,24789.86,23433.6,24712.47,79519.943569,13776883205,1993017745,1424455658.0,1.0003,,,94.0,0.09,13.0,0.0,59.0,0.023420727863460878,0.04060161725614667,-0.0060081578201498,0.8974799560427545,0.7443345626253102,0.5951308613759418,-0.04152920515109399,0,0,0,0,0.00029999999999996696,0.00029999999999996696,0.94,0.24,0.59,2.041868245738456,,,0.0
2020-12-26,626.78,652.91,615.26,637.44,958585.50647,24712.47,26867.03,24500.0,26493.39,97806.513386,14391031898,2014070117,1538391852.0,1.0005,,,93.0,0.09,13.0,0.0,59.0,0.016800736878707048,0.06958729338063542,0.04361317021829128,0.8310313751994831,0.6866252886614865,0.6070239445866773,0.0,0,0,0,0,0.0004999999999999449,0.0004999999999999449,0.93,0.24,0.585,2.0012744681811094,,,0.0
2020-12-27,637.44,717.13,625.0,685.11,1859968.15029,26493.4,28422.0,25700.0,26281.66,148455.586214,14597029518,2003911467,1492484959.0,1.0011,,,91.0,0.09,14.0,0.0,100.0,0.07211925435543146,-0.008023910388927925,0.014212822632941451,0.8607991142277273,0.6891687658070814,0.4906245727409261,0.0,0,0,0,0,0.001100000000000101,0.001100000000000101,0.91,0.38,0.645,2.4883997988692648,,,0.0
2020-12-28,685.1,748.09,681.04,730.41,1627154.39266,26281.54,27500.0,26101.0,27079.41,79721.742496,14623311922,2040778796,1496243263.0,1.0016,21.7,111.9752,92.0,0.09,14.0,0.0,100.0,0.06402661100357473,0.02990230298266988,0.001798911976551612,0.8772642086676868,0.6880882033396639,0.48750083942885875,0.0,0,0,0,0,0.0016000000000000458,0.0016000000000000458,0.92,0.38,0.65,2.528993576426611,,,0.0
2020-12-29,730.4,740.78,689.2,732.0,1106876.35855,27079.42,27410.0,25880.0,27385.0,69411.592606,15480590017,2099798099,1639873469.0,1.0008,23.08,111.5172,91.0,0.09,14.0,0.0,100.0,0.0021744936461266283,0.011221757725855123,0.05697001990922275,0.8508974955199785,0.6868309416725846,0.5110605008876321,0.0,0,0,0,0,0.0007999999999999119,0.0007999999999999119,0.91,0.38,0.645,2.4883997988692648,1.379999999999999,-0.0040985791117449264,0.0
2020-12-30,732.0,758.74,716.62,752.17,1008574.09906,27385.0,28996.0,27320.0,28875.54,95356.057826,15523330775,2153883009,1621802656.0,0.9997,22.77,111.3084,91.0,0.09,14.0,0.0,100.0,0.02718184826973824,0.05299945173010715,0.002757121291981262,0.8264973049673066,0.6601706923489605,0.48975441474348613,0.0,0,0,0,0,-0.00029999999999996696,0.00029999999999996696,0.91,0.38,0.645,2.4883997988692648,-0.3099999999999987,-0.0018741119612283358,0.0
2020-12-31,752.17,755.74,722.0,736.42,863375.57981,28875.55,29300.0,27850.0,28923.63,75508.505152,15067393849,2166260763,1677660114.0,0.9986,22.75,111.3169,95.0,0.09,14.0,0.0,100.0,-0.02116175408829565,0.0016640381201618827,-0.029811042200943164,0.8054615176278809,0.6238791481971231,0.4771310887072385,-0.029371075873373575,0,0,0,0,-0.0013999999999999568,0.0013999999999999568,0.95,0.38,0.665,2.65077490909865,-0.019999999999999574,7.636149174532984e-05,0.0
2021-01-01,736.42,749.0,714.29,728.91,675114.09329,28923.63,29600.0,28624.57,29331.69,54182.925011,15313433312,2245933891,1736188234.0,0.9974,,,94.0,0.09,14.0,0.0,100.0,-0.010250340545636229,0.014009593427538712,0.016197376115714236,0.8066046558300864,0.6230871858301734,0.47682943152493534,-0.013521419213590133,0,0,0,0,-0.0026000000000000467,0.0026000000000000467,0.94,0.38,0.6599999999999999,2.610181131541303,,,0.0
2021-01-02,728.91,787.69,714.91,774.56,1352618.57668,29331.7,33300.0,28946.53,32178.33,129993.873362,15398582859,2240929592,1780883178.0,0.9989,,,94.0,0.09,14.0,0.0,100.0,0.06074485859426622,0.09262474311680098,0.005545045607164392,0.8242813628871865,0.6803912330181324,0.476039820768453,-0.008036156531619097,0,0,0,0,-0.0010999999999999899,0.0010999999999999899,0.94,0.38,0.6599999999999999,2.610181131541303,,,0.0
2021-01-03,774.44,1011.07,768.71,978.28,2813603.88615,32176.45,34778.11,31962.99,33000.05,120957.56675,15844734388,2321646569,1785602557.0,0.9992,,,93.0,0.09,4.0,0.0,59.0,0.23350080143632587,0.025215831986554423,0.028561746817004623,1.0853679580795381,0.6485349916904216,0.4792884153001615,0.0,0,0,0,0,-0.0008000000000000229,0.0008000000000000229,0.93,0.21,0.5700000000000001,1.8794931355090716,,,0.0
2021-01-04,978.33,1162.97,890.0,1041.43,4245010.94004,33000.05,33600.0,28130.0,31988.71,140899.88569,17433372218,2644755178,1953151436.0,0.9994,26.97,111.2075,94.0,0.09,4.0,0.0,59.0,0.06255412006085227,-0.031126048570094073,0.09554908301885784,1.0905779701813576,0.6709670930217724,0.5329560772577813,0.0,0,0,0,0,-0.0006000000000000449,0.0006000000000000449,0.94,0.21,0.575,1.920086913066417,,,0.0
2021-01-05,1041.45,1134.6,974.45,1099.56,2706995.67525,31989.75,34360.0,29900.0,33949.53,116049.997038,18259396575,2774545936,2078222606.0,0.9969,25.34,110.9574,93.0,0.09,4.0,0.0,59.0,0.05431533107655984,0.059491981974053296,0.046293515466477544,1.0968689959896247,0.6865505667818216,0.5437912661970784,0.0,0,0,0,0,-0.0030999999999999917,0.0030999999999999917,0.93,0.21,0.5700000000000001,1.8794931355090716,-1.629999999999999,-0.0022514817205592143,0.0
2021-01-06,1100.16,1213.0,1057.26,1208.42,2390136.59334,33949.53,36939.21,33288.0,36769.36,127139.20131,20041807756,3021652636,2210745069.0,0.9975,25.07,110.8502,95.0,0.09,4.0,0.0,59.0,0.09440362142142147,0.07978987964728743,0.09314065118868296,1.1179687835137393,0.7103002091260499,0.613113684876129,0.0,0,0,0,0,-0.0024999999999999467,0.0024999999999999467,0.95,0.21,0.58,1.9606806906237633,-0.2699999999999996,-0.0009666035640493869,0.0
2021-01-07,1208.75,1289.0,1131.0,1224.87,1972922.82059,36769.36,40365.0,36300.0,39432.28,132825.700437,21428145786,3236527904,2361847231.0,0.9985,22.37,111.3042,91.0,0.09,4.0,0.0,59.0,0.013520994711918555,0.06991988054158309,0.06688480199021202,1.0737228628822086,0.6872175609390242,0.6387923765477265,0.0,0,0,0,0,-0.0014999999999999458,0.0014999999999999458,0.91,0.21,0.56,1.798305580394379,-2.6999999999999993,0.004087253117919795,0.0
2021-01-08,1224.86,1273.75,1065.0,1216.93,2131172.92341,39432.48,41950.0,36500.0,40582.81,139789.957499,21887379778,3323304209,2509907817.0,0.9991,21.56,111.2847,93.0,0.09,4.0,0.0,59.0,-0.006503422053272033,0.028759807724559636,0.021204923349063466,1.07955986890938,0.6854872495689421,0.615986031877829,0.0,0,0,0,0,-0.0009000000000000119,0.0009000000000000119,0.93,0.21,0.5700000000000001,1.8794931355090716,-0.8100000000000023,-0.0001752108937137428,0.0
2021-01-09,1216.72,1304.37,1171.36,1276.0,1448871.11514,40586.96,41380.0,38720.0,40088.22,75785.979675,22333804802,3338866619,2530823716.0,0.9966,,,93.0,0.09,4.0,0.0,59.0,0.047398891059545104,-0.012262052365310671,0.020191236164618053,1.0667858053261214,0.6830400489215321,0.6118669034616365,0.0,0,0,0,0,-0.0033999999999999586,0.0033999999999999586,0.93,0.21,0.5700000000000001,1.8794931355090716,,,0.0
2021-01-10,1276.0,1348.33,1170.0,1254.25,1951179.35003,40088.22,41350.0,35111.11,38150.02,118209.544503,22292318709,3439474619,2483747733.0,0.9997,,,94.0,0.09,4.0,0.0,47.0,-0.017192400540372875,-0.04955624359220215,-0.0018592744198758125,1.0614040396070297,0.7209859093673497,0.6028251556875203,-0.0018575470399152458,0,0,0,0,-0.00029999999999996696,0.00029999999999996696,0.94,0.17,0.5549999999999999,1.757711802837032,,,0.0
2021-01-11,1254.24,1260.0,915.0,1087.01,4099450.90046,38150.02,38264.74,30420.0,35404.47,251156.138287,22452026103,3325402717,2546736080.0,0.9997,24.08,111.8257,90.0,0.09,4.0,0.0,47.0,-0.1431069766534545,-0.07468819862209011,0.007138693075382935,1.2153805093339136,0.7971861904213052,0.5848294758474544,0.0,0,0,0,0,-0.00029999999999996696,0.00029999999999996696,0.9,0.17,0.535,1.5953366926076478,,,0.0
2021-01-12,1087.0,1150.02,1006.33,1050.16,2302645.34052,35410.37,36628.0,32531.0,34051.24,133948.151996,20017148509,2992739886,2211238181.0,1.0006,23.33,111.5501,84.0,0.09,4.0,0.0,47.0,-0.03448827421575572,-0.03897163438842312,-0.11479152806807769,1.2290937204675012,0.8242788324533392,0.747325218404092,-0.10844801190012228,0,0,0,0,0.0005999999999999339,0.0005999999999999339,0.84,0.17,0.505,1.35177402726357,-0.75,-0.002467591743100422,0.0
2021-01-13,1050.36,1137.65,987.48,1129.89,1564202.39081,34049.15,37850.0,32380.0,37371.38,124477.914938,20269578977,2970174791,2277301089.0,0.9998,22.21,111.3622,78.0,0.09,4.0,0.0,47.0,0.07317774934014597,0.09303872186648503,0.01253185787847543,1.2392276425974134,0.8616505755116701,0.7461705750374732,-0.09720490774364392,0,0,0,0,-0.00019999999999997797,0.00019999999999997797,0.78,0.17,0.47500000000000003,1.1082113619194929,-1.1199999999999974,-0.0016858651990329574,0.0
2021-01-14,1129.79,1247.55,1086.7,1231.62,1555737.38556,37371.38,40100.0,36701.23,39144.5,102950.389421,21240301655,3174061839,2326260686.0,1.0014,23.25,111.1567,83.0,0.09,4.0,0.0,47.0,0.0862100931218444,0.04635475642223115,0.046779208982443046,1.2573526649764257,0.8641310344233779,0.7521351842559714,-0.05396949221603174,0,0,0,0,0.0014000000000000679,0.0014000000000000679,0.83,0.17,0.5,1.3111802497062237,1.0399999999999991,-0.0018470346422040172,0.0
2021-01-15,1231.89,1256.98,1069.42,1168.53,1944038.83738,39145.21,39747.76,34408.0,36742.22,118300.920916,22241894243,3334662844,2398205020.0,0.9999,24.34,111.5106,88.0,0.09,4.0,0.0,47.0,-0.05258382736684979,-0.06333342468810564,0.04607724006645386,1.2692843813798933,0.8766993795570279,0.7590255680916954,-0.009359149104673567,0,0,0,0,-9.999999999998899e-05,9.999999999998899e-05,0.88,0.17,0.525,1.5141491374929552,1.0899999999999999,0.0031787361502516936,0.0
2021-01-16,1168.48,1298.0,1151.77,1227.83,1575384.43797,36737.43,37950.0,35357.8,35994.98,86348.431508,21681150973,3287613918,2496778088.0,1.0001,,,84.0,0.09,4.0,0.0,47.0,0.04950183505149615,-0.020547018278436267,-0.025534374229365067,1.2725906104727072,0.8689554768050843,0.7734973605091829,-0.034334323613537804,0,0,0,0,9.999999999998899e-05,9.999999999998899e-05,0.84,0.17,0.505,1.35177402726357,,,0.0
2021-01-17,1227.83,1269.02,1165.0,1232.45,1317285.00579,35994.98,36852.5,33850.0,35828.61,80157.727384,22482481040,3353959728,2737164323.0,1.0004,,,79.0,0.09,4.0,0.0,39.0,0.003755674500836476,-0.004632748030488363,0.0362931211608112,1.274035888166826,0.8717062061964775,0.7745352144266537,0.0,0,0,0,0,0.00039999999999995595,0.00039999999999995595,0.79,0.14333333333333334,0.4666666666666667,1.0405550659905822,,,0.0
2021-01-18,1232.5,1260.75,1182.58,1258.45,998050.11073,35824.99,37469.83,34800.0,36631.27,70698.11875,22599389603,3369644102,2682725946.0,0.9996,,,79.0,0.09,4.0,0.0,39.0,0.02087674680638684,0.02215551096647076,0.005186511713090346,1.272925436781437,0.8702915129335965,0.773076946367875,0.0,0,0,0,0,-0.00039999999999995595,0.00039999999999995595,0.79,0.14333333333333334,0.4666666666666667,1.0405550659905822,,,0.0
2021-01-19,1258.52,1438.3,1251.49,1365.36,2278852.55758,36622.46,37850.0,35844.06,35891.49,79611.307769,23080189297,3445716283,2771243991.0,0.9997,23.24,111.4527,80.0,0.09,4.0,0.0,39.0,0.08153732516148945,-0.020402027184059653,0.021051746186010127,1.275109848041878,0.8725776502104303,0.7716951673952459,0.0,0,0,0,0,-0.00029999999999996696,0.00029999999999996696,0.8,0.14333333333333334,0.4716666666666667,1.0811488435479286,,,0.0
2021-01-20,1365.36,1407.93,1235.42,1376.99,2219137.62144,35901.94,36415.31,33400.0,35468.23,89368.422918,24543840811,3559031396,2875159479.0,0.9995,21.58,,78.0,0.09,4.0,0.0,39.0,0.008481827427658765,-0.011862853824953393,0.061486295918993024,1.2483027033347422,0.8620129656515447,0.7782665057222765,0.0,0,0,0,0,-0.0004999999999999449,0.0004999999999999449,0.78,0.14333333333333334,0.46166666666666667,0.999961288433236,-1.6600000000000001,,0.0
2021-01-21,1376.72,1390.0,1086.0,1110.96,2310208.57298,35468.23,35600.0,30071.0,30850.13,135004.076658,23628340497,3595544496,2577243841.0,1.0006,21.32,111.1973,75.0,0.09,4.0,0.0,39.0,-0.21467545114703554,-0.13949640193442464,-0.03801407921903907,1.5039362285726265,1.0076604299835463,0.7819469536158163,-0.03730061325975082,0,0,0,0,0.0005999999999999339,0.0005999999999999339,0.75,0.14333333333333334,0.44666666666666666,0.8781799557611971,-0.259999999999998,,0.0
2021-01-22,1111.98,1273.79,1042.31,1232.62,2020593.21673,30851.99,33826.53,28850.0,32945.17,142971.684049,21542376968,3042711165,2494799833.0,0.9992,21.91,111.5516,40.0,0.09,4.0,0.0,39.0,0.10391747886940719,0.06570370018688361,-0.09242484309633518,1.48596399217151,1.019349404448892,0.8717545984302747,-0.1222899001877005,0,0,0,0,-0.0008000000000000229,0.0008000000000000229,0.4,0.14333333333333334,0.27166666666666667,-0.5426022587459212,0.5899999999999999,0.003181163173304177,0.0
2021-01-23,1232.61,1272.44,1195.9,1233.6,1009545.08258,32950.0,33456.0,31390.16,32078.0,64595.287675,22796893252,3354932672,2515307956.0,0.9993,,,74.0,0.09,4.0,0.0,39.0,0.0007947385485328255,-0.02667422755262735,0.056602248812532466,1.4864646044696892,1.0273543077097484,0.8800147268972607,-0.07117661707686179,0,0,0,0,-0.0007000000000000339,0.0007000000000000339,0.74,0.14333333333333334,0.44166666666666665,0.8375861782038508,,,0.0
2021-01-24,1233.46,1398.83,1220.0,1392.51,1510879.53817,32078.0,33071.0,30900.0,32259.9,57978.037966,23528586294,3303205558,2660922186.0,0.999,,,70.0,0.09,4.0,0.0,38.0,0.1211711502951343,0.005654535963060998,0.031591854132515154,1.5251259452414703,1.0214884341719621,0.8776333515598786,-0.041364940590104614,0,0,0,0,-0.0010000000000000009,0.0010000000000000009,0.7,0.14,0.42,0.6616798087886838,,,0.0
2021-01-25,1392.19,1475.0,1293.69,1317.88,1885441.31289,32259.45,34875.0,31910.0,32254.2,88499.226921,25473033726,3681178101,2852577757.0,1.0,23.19,111.8676,74.0,0.09,4.0,0.0,38.0,-0.055083489227751255,-0.00017670555784965065,0.07940427174320625,1.5513292771837197,0.998023563323163,0.8994695158454789,0.0,0,0,0,0,0.0,0.0,0.74,0.14,0.44,0.8240549190180689,,,0.0
2021-01-26,1317.6,1378.49,1244.56,1365.97,1682923.65799,32254.19,32921.88,30837.37,32467.77,84972.20691,25813721185,3507643414,2947020835.0,0.9991,23.02,111.6572,71.0,0.09,4.0,0.0,38.0,0.03584041408047057,0.006599637655448867,0.013285787758118414,1.542363236870658,0.9966368173111058,0.8995378634080935,0.0,0,0,0,0,-0.0009000000000000119,0.0009000000000000119,0.71,0.14,0.425,0.7022735863460301,-0.1700000000000017,-0.0018825657120736348,0.0
2021-01-27,1366.54,1373.9,1207.0,1239.03,2009772.08358,32464.01,32557.29,29241.72,30366.15,95911.961711,25495542717,3580959672,2697907493.0,0.9982,37.21,112.0782,78.0,0.09,4.0,0.0,38.0,-0.09753598354584739,-0.06691940379282074,-0.01240253795856797,1.5904772800892215,1.025492165316739,0.9043076537477562,-0.012325943467030594,0,0,0,0,-0.0018000000000000238,0.0018000000000000238,0.78,0.14,0.46,0.986430029247454,14.190000000000001,0.0037633784987600874,0.0
2021-01-28,1238.93,1360.0,1217.23,1329.69,1365269.71962,30362.19,33783.98,29842.1,33364.86,92621.145617,24525183771,3403694807,2630323512.0,0.9976,30.21,112.0059,55.0,0.09,4.0,0.0,38.0,0.07061701692996554,0.09417474914995402,-0.038803142839755334,1.60000242465105,1.0727601720090119,0.9147115359894057,-0.04991676344396063,0,0,0,0,-0.0023999999999999577,0.0023999999999999577,0.55,0.14,0.34500000000000003,0.05277314542849059,-7.0,-0.0006452934635597174,0.0
2021-01-29,1329.44,1436.9,1285.35,1379.5,2253963.18682,33368.18,38531.9,31915.4,34252.2,231827.005626,26027737408,3575835608,2851928496.0,0.9995,33.09,111.9511,77.0,0.09,4.0,0.0,38.0,0.03677528231630388,0.026247545889008964,0.059462294120066414,1.6009018200751988,1.0621980668160815,0.9262084342906983,0.0,0,0,0,0,-0.0004999999999999449,0.0004999999999999449,0.77,0.14,0.455,0.9458362516901078,2.8800000000000026,-0.0004893796674690465,0.0
2021-01-30,1379.56,1406.0,1326.41,1378.05,1040042.2363,34246.28,34933.0,32825.0,34262.88,84889.68134,27074523123,3605557452,3022498117.0,0.9988,,,76.0,0.09,4.0,0.0,38.0,-0.0010516582717556365,0.00031175618817061364,0.0394303867919164,1.5958885377897511,1.0622730769108728,0.9133493567058775,0.0,0,0,0,0,-0.0011999999999999789,0.0011999999999999789,0.76,0.14,0.45,0.9052424741327615,,,0.0
2021-01-31,1378.04,1380.74,1281.12,1312.55,958704.85571,34262.89,34342.69,32171.67,33092.98,68742.280384,27008023692,3626303421,2862768388.0,0.9991,,,78.0,0.09,6.0,0.0,47.0,-0.0486976464073162,-0.03474137711240443,-0.0024591839116189884,1.6108943064786907,1.0710170030977328,0.916520307603772,-0.002456162596027712,0,0,0,0,-0.0009000000000000119,0.0009000000000000119,0.78,0.17666666666666667,0.47833333333333333,1.1352738802910567,,,0.0
2021-02-01,1312.45,1377.99,1269.99,1374.17,1096397.91862,33092.97,34717.27,32296.16,33526.37,82718.276882,26951162223,3508437831,2965760613.0,0.9998,30.24,112.4189,77.0,0.08,6.0,0.0,47.0,0.04587810249698651,0.013011118061134976,-0.0021075740518830947,1.6069455578959566,1.0230481062115402,0.9183121514310781,-0.004556346179748741,0,0,0,0,-0.00019999999999997797,0.00019999999999997797,0.77,0.17666666666666667,0.47333333333333333,1.0946801027337105,,,-0.009999999999999995
2021-02-02,1374.09,1547.9,1360.28,1511.87,1944227.99878,33517.09,35984.33,33418.0,35466.24,78056.65988,27522631977,3667020763,2845347094.0,0.9991,25.56,112.2862,76.0,0.08,6.0,0.0,47.0,0.09549738273185211,0.056248964732994594,0.020982225608339247,1.4384786875035318,1.0377736013829615,0.9176636953481795,0.0,0,0,0,0,-0.0009000000000000119,0.0009000000000000119,0.76,0.17666666666666667,0.4683333333333333,1.0540863251763641,-4.68,-0.0011811037259629737,0.0
2021-02-03,1511.93,1669.35,1508.39,1664.49,1535869.88801,35472.71,37662.63,35362.38,37618.87,80784.333663,29008397743,3852012069,2853025084.0,0.9989,22.91,112.2567,78.0,0.08,6.0,0.0,47.0,0.096171474979772,0.05892452811562625,0.052576718220692806,1.4572669605039663,1.048633808080689,0.8838136317660521,0.0,0,0,0,0,-0.0010999999999999899,0.0010999999999999899,0.78,0.17666666666666667,0.47833333333333333,1.1352738802910567,-2.6499999999999986,-0.00026275602719770253,0.0
2021-02-04,1664.67,1695.2,1554.44,1595.67,1646502.32962,37620.26,38708.27,36161.95,36936.66,92080.735898,32577056914,4157573372,3203041618.0,0.999,21.77,112.7469,80.0,0.08,6.0,0.0,47.0,-0.042225059473644654,-0.018301232416527882,0.11602289955028199,1.463902833572756,1.0331242294563519,0.9443239126329497,0.0,0,0,0,0,-0.0010000000000000009,0.0010000000000000009,0.8,0.17666666666666667,0.48833333333333334,1.2164614354057492,-1.1400000000000006,0.004357270510960164,0.0
2021-02-05,1595.53,1760.49,1591.0,1719.19,1194123.29946,36936.65,38310.12,36570.0,38290.24,66681.334275,33504713611,4048364996,3528477088.0,0.9992,20.87,112.2379,81.0,0.08,6.0,0.0,47.0,0.07455953893923797,0.03599047963365647,0.02807786877684136,1.4514979310369474,1.002902788611377,0.9068141933280225,0.0,0,0,0,0,-0.0008000000000000229,0.0008000000000000229,0.81,0.17666666666666667,0.49333333333333335,1.2570552129630956,-0.8999999999999986,-0.004524757836213881,0.0
2021-02-06,1718.95,1743.67,1642.94,1676.35,1149808.33101,38289.32,40955.51,38215.94,39186.94,98757.311183,35801001743,4244257024,3909942513.0,0.9985,,,84.0,0.08,6.0,0.0,47.0,-0.025234438863582294,0.023148494595260992,0.06628974092422206,1.4571869948564438,0.9755510608264284,0.906405532277071,0.0,0,0,0,0,-0.0014999999999999458,0.0014999999999999458,0.84,0.17666666666666667,0.5083333333333333,1.378836545635134,,,0.0
2021-02-07,1676.35,1693.0,1490.46,1611.62,1281734.86814,39181.01,39700.0,37351.0,38795.69,84363.679763,35568578562,4114457582,3712317468.0,0.9982,,,86.0,0.08,5.0,0.0,53.0,-0.03937892652140006,-0.010034370035014157,-0.006513251210652401,1.4664860709321856,0.9704237266947674,0.909978437284707,-0.006492085966433735,0,0,0,0,-0.0018000000000000238,0.0018000000000000238,0.86,0.19333333333333333,0.5266666666666666,1.5276803966787367,,,0.0
2021-02-08,1611.46,1775.57,1563.89,1750.15,1339777.09536,38795.69,46794.45,37988.89,46374.87,138597.536914,34840530434,4083651132,3649874801.0,0.999,21.24,112.0428,83.0,0.08,5.0,0.0,53.0,0.08246161426252417,0.1784485597042829,-0.02068124672767602,1.4829394692149895,1.1543705106354054,0.9188384688629953,-0.0268280568207228,0,0,0,0,-0.0010000000000000009,0.0010000000000000009,0.83,0.19333333333333333,0.5116666666666666,1.4058990640066977,,,0.0
2021-02-09,1749.68,1821.88,1708.49,1769.13,1185071.89593,46374.86,48142.19,44961.09,46420.42,115499.861712,37499351350,4408821941,3976404167.0,0.9988,21.63,111.7675,95.0,0.08,5.0,0.0,53.0,0.010786401775912181,0.0009817309404045217,0.07354225876853922,1.4795632141068458,1.1377279862664036,0.9390279163116445,0.0,0,0,0,0,-0.0011999999999999789,0.0011999999999999789,0.95,0.19333333333333333,0.5716666666666667,1.893024394694853,0.39000000000000057,-0.0024601203684313532,0.0
2021-02-10,1769.14,1837.86,1680.0,1740.78,1219932.25474,46420.42,47310.0,43727.0,44807.58,97154.1822,39006702601,4465993665,4007760739.0,0.9994,21.99,111.5834,92.0,0.08,5.0,0.0,53.0,-0.016154611680890132,-0.03536212709216373,0.039409857433810924,1.3752203476862928,1.110328945316865,0.9413609211247296,0.0,0,0,0,0,-0.0006000000000000449,0.0006000000000000449,0.92,0.19333333333333333,0.5566666666666666,1.7712430620228143,0.35999999999999943,-0.0016485274220355802,0.0
2021-02-11,1740.76,1819.0,1703.44,1785.62,735079.82699,44807.58,48678.9,43994.02,47969.51,89561.081454,40254318624,4453060211,4298149263.0,0.9993,21.25,111.5272,93.0,0.08,5.0,0.0,53.0,0.025432405216073647,0.06818827920686066,0.031483800187843795,1.3635317328055958,1.1163509983079989,0.8099480872896114,0.0,0,0,0,0,-0.0007000000000000339,0.0007000000000000339,0.93,0.19333333333333333,0.5616666666666666,1.8118368395801605,-0.7399999999999984,-0.0005037860253043955,0.0
2021-02-12,1785.83,1864.88,1739.88,1840.26,909600.20653,47968.66,48985.8,46125.0,47287.6,85870.035697,41503282708,4644020058,4021527707.0,0.9978,19.97,111.4889,92.0,0.08,5.0,0.0,53.0,0.030141172127228267,-0.01431749606359439,0.030555232390806295,1.3496836273318775,1.0797712704850597,0.8093752880611502,0.0,0,0,0,0,-0.0021999999999999797,0.0021999999999999797,0.92,0.19333333333333333,0.5566666666666666,1.7712430620228143,-1.2800000000000011,-0.0003434729634005782,0.0
2021-02-13,1840.24,1871.72,1765.0,1814.96,767589.07285,47298.15,48150.0,46202.53,47153.69,63768.097399,42312108470,4734414020,4027442154.0,0.9987,,,92.0,0.08,5.0,0.0,53.0,-0.013843437079733154,-0.0028358377938660748,0.01930077182984561,1.3293856476977586,1.071289416463473,0.8052586041100961,0.0,0,0,0,0,-0.0012999999999999678,0.0012999999999999678,0.92,0.19333333333333333,0.5566666666666666,1.7712430620228143,,,0.0
2021-02-14,1815.25,1850.0,1784.11,1800.42,675261.77873,47156.78,49707.43,47014.17,48577.79,73735.475533,41606018760,4712409288,3988657206.0,0.9991,,,95.0,0.08,5.0,0.0,51.0,-0.008043457889004254,0.029754163680420775,-0.016828458803143206,1.3107081511207554,1.0440993572302766,0.8124040054054199,-0.01668765125473786,0,0,0,0,-0.0009000000000000119,0.0009000000000000119,0.95,0.18666666666666668,0.5683333333333334,1.8659618763232892,,,0.0
2021-02-15,1800.03,1835.72,1655.67,1779.25,1053474.57879,48580.47,49010.92,45570.79,47911.1,79398.156784,42014417010,4688774749,4156647754.0,0.9999,,,93.0,0.08,5.0,0.0,51.0,-0.011828043820220503,-0.013819220219635515,0.009767982992660096,1.3074945948506784,1.0419395746017843,0.7961915984335526,-0.007035609208911635,0,0,0,0,-9.999999999998899e-05,9.999999999998899e-05,0.93,0.18666666666666668,0.5583333333333333,1.7847743212085967,,,0.0
2021-02-16,1779.33,1827.28,1724.0,1781.99,817493.47513,47911.1,50689.18,47003.62,49133.45,88813.266298,41604563156,4644464892,4125263876.0,1.0,21.46,111.7879,95.0,0.08,5.0,0.0,51.0,0.0015387901633503094,0.025192855227892837,-0.009802969023682315,1.3077011643353225,1.0420298941415589,0.8020281068212438,-0.01672205284928454,0,0,0,0,0.0,0.0,0.95,0.18666666666666668,0.5683333333333334,1.8659618763232892,,,0.0
2021-02-17,1781.99,1855.0,1733.01,1849.88,795711.63311,49133.45,52618.74,48947.0,52119.71,85743.637818,42153759983,4742433974,4121145946.0,0.9997,21.5,112.0204,95.0,0.08,5.0,0.0,51.0,0.037390054760958566,0.05900312258279128,0.013114032783911888,1.3103316463733712,1.0550507155210906,0.800596449743995,-0.0037423917815930102,0,0,0,0,-0.00029999999999996696,0.00029999999999996696,0.95,0.18666666666666668,0.5683333333333334,1.8659618763232892,0.03999999999999915,0.002077671682743017,0.0
2021-02-18,1849.7,1950.5,1849.69,1939.61,937227.10191,52117.67,52530.0,50901.9,51552.6,60758.046954,43078368514,4946385168,4089477108.0,0.9999,22.49,112.1603,91.0,0.08,5.0,0.0,51.0,0.04736614981642389,-0.010940542497739106,0.021697095208510327,1.2930913993814515,1.051932722440523,0.8006023709928168,0.0,0,0,0,0,-9.999999999998899e-05,9.999999999998899e-05,0.91,0.18666666666666668,0.5483333333333333,1.7035867660939041,0.9899999999999984,0.0012481004668184563,0.0
2021-02-19,1938.91,1972.82,1891.0,1955.0,793404.4115,51552.61,56368.0,50710.2,55906.0,79659.77802,44814972077,5081962541,4242094053.0,0.9997,22.05,111.7058,93.0,0.08,5.0,0.0,51.0,0.007903271499352892,0.0810690632665145,0.03952130124250449,1.2931111094555965,1.0750121527165197,0.7901512601436782,0.0,0,0,0,0,-0.00029999999999996696,0.00029999999999996696,0.93,0.18666666666666668,0.5583333333333333,1.7847743212085967,-0.4399999999999977,-0.0040604685073826205,0.0
2021-02-20,1955.46,2042.34,1803.14,1913.0,1261315.81279,55906.0,57700.46,53863.93,55841.19,80948.205314,46364380778,5143640494,4243124983.0,0.9991,,,91.0,0.08,5.0,0.0,51.0,-0.021717502979213217,-0.001159939811759115,0.033989227050684266,1.0127501238925554,0.9219018003627707,0.7629814633151325,0.0,0,0,0,0,-0.0009000000000000119,0.0009000000000000119,0.91,0.18666666666666668,0.5483333333333333,1.7035867660939041,,,0.0
2021-02-21,1912.9,1976.31,1883.01,1933.53,756568.19743,55841.19,58352.8,55477.59,57408.57,58166.708511,48029076986,5079222749,4618348979.0,0.9992,,,91.0,0.08,5.0,0.0,52.0,0.010674657390529932,0.027681826201509746,0.03527508925746363,0.9643917112365963,0.9074895126518846,0.641261453147793,0.0,0,0,0,0,-0.0008000000000000229,0.0008000000000000229,0.91,0.19,0.55,1.7171180252796865,,,0.0
2021-02-22,1933.54,1936.29,1551.0,1777.58,1807244.98099,57412.35,57508.47,47622.0,54087.67,134019.434944,48462571484,5196395522,4436318832.0,0.9999,23.45,111.918,94.0,0.08,5.0,0.0,52.0,-0.08409445913382413,-0.05958734671550698,0.00898517998871286,1.0237655399184171,0.934961841944153,0.6348166591107978,0.0,0,0,0,0,-9.999999999998899e-05,9.999999999998899e-05,0.94,0.19,0.565,1.8388993579517245,,,0.0
2021-02-23,1777.42,1782.39,1355.0,1577.89,2547837.82068,54087.67,54183.59,44892.56,48891.0,169375.025051,45422277502,4751736108,4137272401.0,1.0004,23.11,111.8981,94.0,0.08,5.0,0.0,52.0,-0.11916437721265055,-0.10101291813933688,-0.06478909946027708,1.0447307792428353,1.0218423579061162,0.7073585563353402,-0.06273488774741881,0,0,0,0,0.00039999999999995595,0.00039999999999995595,0.94,0.19,0.565,1.8388993579517245,-0.33999999999999986,-0.00017782456268731244,0.0
2021-02-24,1577.79,1712.7,1500.2,1623.39,1384388.81727,48891.0,51374.99,46988.69,49676.2,91881.209252,39480689491,4281552943,3464990124.0,0.9995,21.34,111.7212,76.0,0.08,5.0,0.0,52.0,0.028428043912497793,0.015932614704777116,-0.14019099984925756,1.025554159908747,1.0206015750858204,0.8771170004476645,-0.18533647138318657,0,0,0,0,-0.0004999999999999449,0.0004999999999999449,0.76,0.19,0.475,1.1082113619194924,-1.7699999999999996,-0.0015821535699421776,0.0
2021-02-25,1623.16,1671.59,1459.16,1481.75,1032670.79409,49676.21,52041.73,46674.34,47073.73,83310.673121,43083285679,4555536926,3877856689.0,1.0001,28.89,111.9253,79.0,0.08,5.0,0.0,52.0,-0.0912927337288582,-0.053810849213675946,0.08732343989928025,1.0751520159554382,1.0477998726818702,0.9129980975488441,-0.11099876957160601,0,0,0,0,9.999999999998899e-05,9.999999999998899e-05,0.79,0.19,0.49,1.2299926945915312,7.550000000000001,0.0018252023319027236,0.0
2021-02-26,1482.08,1562.25,1400.0,1444.59,1355973.29378,47073.73,48424.11,44106.78,46276.87,109423.200663,42216843741,4242186069,3751233345.0,0.9997,27.95,112.8306,55.0,0.08,5.0,0.0,52.0,-0.025398277406601846,-0.017072827721116277,-0.020315836434640744,1.0184434599571919,1.0142043375016285,0.9166237496634383,-0.1288773490911855,0,0,0,0,-0.00029999999999996696,0.00029999999999996696,0.55,0.19,0.37,0.25574203321522154,-0.9400000000000013,0.00805589438110703,0.0
2021-02-27,1444.56,1529.0,1425.0,1458.13,927423.0475,46276.88,48394.0,45000.0,46106.43,66060.834292,40213504586,4178056260,3433845280.0,0.9993,,,56.0,0.08,5.0,0.0,52.0,0.009329248569763962,-0.0036898485630648403,-0.04861640800188468,0.9908964835461839,0.9735167054858606,0.9247208424697033,-0.17021521238763493,0,0,0,0,-0.0007000000000000339,0.0007000000000000339,0.56,0.19,0.375,0.2963358107725678,,,0.0
2021-02-28,1458.27,1468.75,1293.18,1419.18,1410207.56284,46103.67,46638.46,43000.0,45135.66,83055.369042,40651666193,4227322047,3484998493.0,0.9983,,,55.0,0.08,4.0,0.0,35.0,-0.02707555282154277,-0.02127979822740345,0.010836949724911216,0.9885901590660503,0.9781177646430936,0.9117394926247788,-0.16117397512797652,0,0,0,0,-0.0017000000000000348,0.0017000000000000348,0.55,0.13,0.34,0.012179367871144311,,,0.0
2021-03-01,1418.67,1572.0,1409.91,1569.86,1094695.17839,45134.11,49790.0,44950.53,49587.03,85086.111648,39518770517,4209979518,3362881551.0,0.999,23.35,112.5263,38.0,0.07,4.0,0.0,35.0,0.10090720338220756,0.09405668615894246,-0.02826406191556005,1.0481723131642795,1.0211112495483314,0.9193251617232877,-0.18455068918397802,0,0,0,0,-0.0010000000000000009,0.0010000000000000009,0.38,0.13,0.255,-0.6779148506037419,,,-0.009999999999999995
2021-03-02,1570.0,1602.9,1455.52,1486.78,1061142.38743,49595.76,50200.0,47047.6,48440.65,64221.06214,42892959651,4543002024,3695726055.0,0.9992,24.1,112.5342,78.0,0.07,4.0,0.0,35.0,-0.05437373576751944,-0.023389970343295822,0.08193193977110531,1.0519675878441583,1.0152772284287273,0.9485802506030417,-0.11492604833894993,0,0,0,0,-0.0008000000000000229,0.0008000000000000229,0.78,0.13,0.455,0.9458362516901078,0.75,7.020334535147577e-05,0.0
2021-03-03,1486.79,1656.94,1475.47,1567.69,1054846.31471,48436.61,52640.0,48100.71,50349.37,81035.913705,43374155467,4394474482,3880580377.0,0.9995,26.67,112.7617,78.0,0.07,4.0,0.0,35.0,0.052990490658437174,0.03864676941605752,0.011156065808993462,1.0558036088431753,1.0193056452410312,0.9466219554063554,-0.10499682252065286,0,0,0,0,-0.0004999999999999449,0.0004999999999999449,0.78,0.13,0.455,0.9458362516901078,2.5700000000000003,0.0020195669546087197,0.0
2021-03-04,1567.68,1624.87,1506.36,1539.23,946365.67088,50349.37,51773.88,47500.0,48374.09,82649.716829,45485895394,4527004209,4117530960.0,1.0003,28.57,112.7037,84.0,0.07,4.0,0.0,35.0,-0.018320906916699742,-0.04002176686968146,0.04753851898296824,1.0056394223059064,1.023856677058017,0.9529411369465632,-0.061422165577465375,0,0,0,0,0.00029999999999996696,0.00029999999999996696,0.84,0.13,0.485,1.189398917034185,1.8999999999999986,-0.0005144913701117208,0.0
2021-03-05,1539.22,1548.96,1441.66,1528.31,910786.28976,48374.09,49448.93,46300.0,48751.71,78192.496372,44856957876,4468860990,3948744125.0,0.9999,24.66,113.7487,77.0,0.07,4.0,0.0,35.0,-0.007119741635654105,0.007775933948251446,-0.013923573498000177,0.9447844907329705,1.008744920847437,0.9496959699781391,-0.07439996470658598,0,0,0,0,-9.999999999998899e-05,9.999999999998899e-05,0.77,0.13,0.45,0.9052424741327615,-3.91,0.009229378163990191,0.0
2021-03-06,1528.08,1671.58,1513.03,1650.35,1013300.93928,48746.81,49200.0,47070.0,48882.2,44399.234242,44012539293,4460641399,3703489980.0,0.9997,,,77.0,0.07,4.0,0.0,35.0,0.07682483688188557,0.002673048282055846,-0.019004135811125696,0.973160791720155,1.0043375046364584,0.8824840284768161,-0.09182410373063232,0,0,0,0,-0.00029999999999996696,0.00029999999999996696,0.77,0.13,0.45,0.9052424741327615,,,0.0
2021-03-07,1650.68,1734.16,1630.35,1726.16,848470.78136,48882.2,51450.03,48882.2,50971.75,55235.028032,45381915293,4711764317,3766394628.0,0.9997,,,76.0,0.07,5.0,0.0,39.0,0.044911901618905486,0.04185823565066163,0.030639106874477354,0.9502265120940873,1.0065034077546728,0.8831882797913143,-0.06356774097340427,0,0,0,0,-0.00029999999999996696,0.00029999999999996696,0.76,0.14666666666666667,0.45333333333333337,0.9323049925043259,,,0.0
2021-03-08,1726.46,1843.59,1664.96,1833.18,1149711.39987,50959.11,52402.78,49274.67,52375.17,66987.359664,44164948434,4879046823,3961957086.0,0.9995,25.47,114.2678,81.0,0.07,5.0,0.0,39.0,0.060152875459970855,0.02716106637595351,-0.02718223150407057,0.9680436979610937,1.007283455136663,0.8684156036558802,-0.08867922023945567,0,0,0,0,-0.0004999999999999449,0.0004999999999999449,0.81,0.14666666666666667,0.4783333333333334,1.1352738802910571,,,0.0
2021-03-09,1833.22,1870.77,1798.2,1870.51,857229.47855,52375.18,54895.0,51789.41,54884.5,71656.737076,45319729091,5091609488,3951698963.0,0.9997,24.03,113.928,81.0,0.07,5.0,0.0,39.0,0.020158957246936827,0.04679835308017754,0.025811005829691976,0.9574711491891896,1.0127827521789468,0.8694043035791671,-0.06485092096356494,0,0,0,0,-0.00029999999999996696,0.00029999999999996696,0.81,0.14666666666666667,0.4783333333333334,1.1352738802910571,-1.4399999999999977,-0.002978146408922096,0.0
2021-03-10,1870.5,1877.69,1757.0,1795.12,937230.62831,54874.67,57387.69,53005.0,55851.59,84749.238943,47589547807,5254019809,4076533795.0,0.9999,22.56,113.5881,68.0,0.07,5.0,0.0,39.0,-0.04113924888249015,0.017467017083068827,0.04887069478877739,0.9281744332635291,0.8153304294301963,0.8742836277318117,-0.018014390286496255,0,0,0,0,-9.999999999998899e-05,9.999999999998899e-05,0.68,0.14666666666666667,0.41333333333333333,0.6075547720455556,-1.4700000000000024,-0.002987922638235695,0.0
2021-03-11,1795.28,1846.7,1725.0,1825.78,909011.4961,55851.59,58150.0,54272.82,57773.16,81914.812859,47573848752,5059123047,4106565364.0,0.9998,21.91,112.9214,73.0,0.07,5.0,0.0,39.0,0.016935420913125228,0.03382631374464177,-0.00032993894102303976,0.929250497335892,0.8207167610584026,0.8445948840205528,-0.018338332135211053,0,0,0,0,-0.00019999999999997797,0.00019999999999997797,0.73,0.14666666666666667,0.43833333333333335,0.810523659832287,-0.6499999999999986,-0.0058867458124708906,0.0
2021-03-12,1825.78,1841.88,1719.72,1766.1,869564.6361,57773.15,58081.51,54962.84,57221.72,73405.406047,48130998230,5184072933,4100260485.0,1.0,20.69,113.0269,70.0,0.07,5.0,0.0,39.0,-0.033233567266347144,-0.009590761378339105,0.01164320908893948,0.9351215161684995,0.8086935224380547,0.8370897721552019,-0.0068418419379472975,0,0,0,0,0.0,0.0,0.7,0.14666666666666667,0.42333333333333334,0.6887423271602482,-1.2199999999999989,0.0009338420131230531,0.0
2021-03-13,1766.13,1944.3,1727.75,1922.35,926283.22642,57221.72,61844.0,56078.23,61188.39,83245.091346,49468737783,5170629211,4153708514.0,1.0005,,,74.0,0.07,5.0,0.0,39.0,0.08477467022646717,0.06702391904951818,0.02741448673059806,0.977020374229266,0.807615041737133,0.8357113333075247,0.0,0,0,0,0,0.0004999999999999449,0.0004999999999999449,0.74,0.14666666666666667,0.44333333333333336,0.8511174373896333,,,0.0
2021-03-14,1922.35,1933.1,1836.0,1848.1,637963.63627,61188.38,61724.79,58966.78,58968.31,52601.05275,52387171847,5566381002,4321860298.0,1.0,,,78.0,0.07,4.0,0.0,33.0,-0.03939031163708202,-0.03695728467773086,0.057320839158212206,0.9823133049859591,0.8193053983579716,0.8503452924362871,0.0,0,0,0,0,0.0,0.0,0.78,0.12333333333333334,0.45166666666666666,0.9187737333185434,,,0.0
2021-03-15,1848.1,1891.76,1730.0,1793.48,1025326.79658,58976.08,60633.43,54600.0,55605.2,102771.427298,51922615006,5487335931,4327637232.0,1.0001,20.03,113.1928,76.0,0.07,4.0,0.0,33.0,-0.03000021776153359,-0.05872345889857389,-0.008907312084793761,0.9868147066806042,0.8506494852675192,0.8512200018507768,-0.0088677595033526,0,0,0,0,9.999999999998899e-05,9.999999999998899e-05,0.76,0.12333333333333334,0.44166666666666665,0.8375861782038508,,,0.0
2021-03-16,1793.99,1819.5,1711.68,1805.12,764993.40147,55605.2,56938.29,53271.34,56900.75,77986.694355,50130476311,5396777407,4103078944.0,0.9997,19.79,112.9839,71.0,0.07,4.0,0.0,33.0,0.0064692050214343365,0.023031800001562738,-0.03512530444434988,0.9866976884097644,0.8485572178840585,0.8599661242458798,-0.04307725453457995,0,0,0,0,-0.00029999999999996696,0.00029999999999996696,0.71,0.12333333333333334,0.41666666666666663,0.6346172904171195,-0.240000000000002,-0.0018472288206667826,0.0
2021-03-17,1805.01,1838.88,1741.18,1823.58,658349.44843,56900.74,58974.73,54123.69,58912.97,70421.620841,50685405067,5469780624,4138737456.0,0.9997,19.23,113.1589,71.0,0.07,4.0,0.0,33.0,0.010174530410139519,0.03475274808665303,0.011008867907729666,0.9863382713229224,0.8517110945628336,0.8600415796116185,-0.03248441784508078,0,0,0,0,-0.00029999999999996696,0.00029999999999996696,0.71,0.12333333333333334,0.41666666666666663,0.6346172904171195,-0.5599999999999987,0.0015476949514406,0.0
2021-03-18,1823.58,1850.0,1759.04,1776.08,603721.61056,58912.97,60129.97,57023.0,57648.16,66580.406675,51572008874,5531254896,4056500888.0,1.0002,21.58,112.7744,72.0,0.07,4.0,0.0,33.0,-0.026392913379087828,-0.02170294068462528,0.017341060964630978,0.9908835529900388,0.854729959923231,0.8588738923035988,-0.015560354649049089,0,0,0,0,0.00019999999999997797,0.00019999999999997797,0.72,0.12333333333333334,0.42166666666666663,0.6752110679744657,2.349999999999998,-0.0034036626845185343,0.0
2021-03-19,1775.92,1840.61,1733.47,1809.1,500258.42875,57641.0,59468.0,56270.74,58030.01,52392.652961,52173429881,5417908111,4241512002.0,0.9999,20.95,112.9756,71.0,0.07,4.0,0.0,33.0,0.018420795444552582,0.006601961060385554,0.011594297571203725,0.9840332707031757,0.8325681170078445,0.8587576199157457,-0.004080043996729709,0,0,0,0,-9.999999999998899e-05,9.999999999998899e-05,0.71,0.12333333333333334,0.41666666666666663,0.6346172904171195,-0.629999999999999,0.0017825032405141253,0.0
2021-03-20,1809.01,1868.83,1800.86,1806.1,451556.10639,58030.01,59880.0,57820.17,58102.28,44476.941776,53130228111,5607337113,4313276376.0,1.0,,,75.0,0.07,4.0,0.0,33.0,-0.0016596595975975677,0.001244615245755456,0.01817267471376771,0.9686036182878391,0.8309765906451083,0.85809177170642,0.0,0,0,0,0,0.0,0.0,0.75,0.12333333333333334,0.43666666666666665,0.7969924006465046,,,0.0
2021-03-21,1806.57,1817.16,1747.0,1782.98,465953.98749,58100.02,58589.1,55450.11,57351.56,48564.470274,54768937279,5618180548,4430637567.0,0.9998,,,73.0,0.07,5.0,0.0,28.0,-0.012883702679304781,-0.013004861172545526,0.030377161362474255,0.9685405535892325,0.7846398905682991,0.8543131410783988,0.0,0,0,0,0,-0.00019999999999997797,0.00019999999999997797,0.73,0.11,0.42,0.6616798087886838,,,0.0
2021-03-22,1783.23,1807.51,1655.15,1680.97,582727.49081,57351.56,58430.73,53650.0,54083.25,62581.626169,52863128002,5513317020,4182188477.0,0.9996,18.88,113.0023,70.0,0.07,5.0,0.0,28.0,-0.058915114020876964,-0.05867551851751849,-0.035417112623222606,0.9860861483970269,0.8116766412762887,0.8606733387561513,-0.03479726596284976,0,0,0,0,-0.00039999999999995595,0.00039999999999995595,0.7,0.11,0.40499999999999997,0.539898476116645,,,0.0
2021-03-23,1681.17,1721.17,1650.0,1668.08,577213.99589,54083.25,55830.9,53000.0,54340.89,59789.365427,52459191511,5322141133,4226739493.0,0.9998,20.3,113.2916,66.0,0.07,5.0,0.0,28.0,-0.007697743330170708,0.004752456139708097,-0.007670519855542394,0.9846535408210879,0.8053711195603481,0.8542779370756467,-0.042172550404508645,0,0,0,0,-0.00019999999999997797,0.00019999999999997797,0.66,0.11,0.385,0.3775233658872603,1.4200000000000017,0.002556853345213322,0.0
2021-03-24,1668.2,1740.86,1536.92,1581.84,753834.52393,54342.8,57200.0,51700.0,52303.65,83537.465021,50722291332,5195939109,4006650412.0,1.0002,21.2,113.6565,65.0,0.07,5.0,0.0,28.0,-0.05308453798669118,-0.038210823911918046,-0.03367007757471046,0.9588748730545756,0.789368997577717,0.8633873994116279,-0.07388578541127913,0,0,0,0,0.00019999999999997797,0.00019999999999997797,0.65,0.11,0.38,0.33692958832991404,0.8999999999999986,0.003215715967195396,0.0
2021-03-25,1581.88,1622.0,1549.4,1585.74,701697.00258,52303.66,53287.0,50427.56,51293.78,87400.534538,50372760975,5024696316,4196862639.0,0.9997,19.81,114.0016,60.0,0.07,5.0,0.0,28.0,0.002462448917272808,-0.019496661048352345,-0.006914913080020599,0.8639971996189247,0.7063775437787838,0.8304150109615005,-0.08026769410560795,0,0,0,0,-0.00029999999999996696,0.00029999999999996696,0.6,0.11,0.355,0.13396070054318268,-1.3900000000000006,0.00303174158381312,0.0
2021-03-26,1585.83,1699.93,1585.79,1698.84,515470.92907,51293.78,55073.46,51214.6,55025.59,63813.774692,48754045074,5044725999,3879491976.0,0.9994,18.86,113.7406,54.0,0.07,5.0,0.0,28.0,0.0688944898645591,0.07022885249165932,-0.032662402254169776,0.8917420401199169,0.7445992172725804,0.6644311463595677,-0.1098230585406353,0,0,0,0,-0.0006000000000000449,0.0006000000000000449,0.54,0.11,0.325,-0.10960196480089451,-0.9499999999999993,-0.0022920663299563788,0.0
2021-03-27,1698.84,1732.67,1666.41,1712.63,443845.49957,55025.59,56700.36,53950.0,55817.14,50105.475055,51376111226,5409542293,4111389531.0,0.9997,,,65.0,0.07,5.0,0.0,28.0,0.008084535469532356,0.014282640925523643,0.052385132407171464,0.8265573385946184,0.7160740662209757,0.621052384702744,-0.06194799865691219,0,0,0,0,-0.00029999999999996696,0.00029999999999996696,0.65,0.11,0.38,0.33692958832991404,,,0.0
2021-03-28,1712.52,1725.66,1661.4,1687.01,348895.51314,55817.14,56559.75,54691.84,55777.63,39050.387511,51947770237,5471378505,4133706056.0,1.0003,,,74.0,0.07,5.0,0.0,36.0,-0.015072469453262603,-0.0007080977298643483,0.011065493010246515,0.8225800768313694,0.7117921248972839,0.6140064643087335,-0.05151034842302331,0,0,0,0,0.00029999999999996696,0.00029999999999996696,0.74,0.13666666666666666,0.43833333333333335,0.810523659832287,,,0.0
2021-03-29,1687.16,1841.0,1677.85,1816.74,647724.46387,55777.65,58405.82,54800.01,57635.47,67857.937398,52956656619,5473366510,4317927902.0,1.0002,20.74,113.9314,72.0,0.07,5.0,0.0,36.0,0.07408595493625687,0.0327652838371849,0.019234984034170316,0.856992549587401,0.7167421723250771,0.5815255748523854,-0.03308957138912536,0,0,0,0,0.00019999999999997797,0.00019999999999997797,0.72,0.13666666666666666,0.42833333333333334,0.7293361047175945,,,0.0
2021-03-30,1816.76,1859.13,1786.3,1840.46,568842.00526,57635.46,59368.0,57071.35,58746.57,55122.443122,55647174361,5726154488,4518439410.0,0.9997,19.61,114.203,72.0,0.07,5.0,0.0,36.0,0.012971854211305785,0.019094591554397786,0.049557521918203847,0.8480952480578015,0.7101859422413294,0.5983581487774052,0.0,0,0,0,0,-0.00029999999999996696,0.00029999999999996696,0.72,0.13666666666666666,0.42833333333333334,0.7293361047175945,-1.129999999999999,0.0023810536974502613,0.0
2021-03-31,1840.41,1947.29,1768.15,1919.37,746995.8591,58746.57,59800.0,56769.0,58740.55,60975.542666,58362200833,5782512613,4663603983.0,0.9998,19.4,113.8234,76.0,0.07,5.0,0.0,36.0,0.04198146681880179,-0.00010247931867370034,0.047637133021517994,0.7903716527332103,0.6404075374245844,0.5950844630204448,0.0,0,0,0,0,-0.00019999999999997797,0.00019999999999997797,0.76,0.13666666666666666,0.44833333333333336,0.8917112149469796,-0.21000000000000085,-0.0033294421230285116,0.0
2021-04-01,1919.37,1984.77,1885.02,1968.05,741585.07266,58739.46,59490.0,57935.45,58720.44,47415.61722,58579168386,5911629952,4547898957.0,1.0002,17.33,113.7389,74.0,0.07,5.0,0.0,36.0,0.025046197616483582,-0.00034241155632151754,0.003710710818727976,0.7611373861989438,0.632248869452203,0.5411402689919094,0.0,0,0,0,0,0.00019999999999997797,0.00019999999999997797,0.74,0.13666666666666666,0.43833333333333335,0.810523659832287,-2.0700000000000003,-0.0007426538041119175,0.0
2021-04-02,1968.05,2146.0,1948.48,2133.69,846197.93215,58720.45,60200.0,58428.57,58950.01,47382.418781,61289001350,5998214088,4774333098.0,0.9999,,113.7315,74.0,0.07,5.0,0.0,36.0,0.08080967041185695,0.003901919152452414,0.045221258427469636,0.7869612396431808,0.6214788511145912,0.5546252475318606,0.0,0,0,0,0,-9.999999999998899e-05,9.999999999998899e-05,0.74,0.13666666666666666,0.43833333333333335,0.810523659832287,,-6.506341047106287e-05,0.0
2021-04-03,2133.69,2138.12,1996.3,2008.52,770176.32192,58950.01,59791.72,56880.0,57051.94,47409.852113,64069532850,6324059445,4935565241.0,0.9996,,,73.0,0.07,5.0,0.0,36.0,-0.06045474277576091,-0.03272771563018565,0.04436854086441772,0.8192899940355256,0.6152801986967124,0.552139162519961,0.0,0,0,0,0,-0.00039999999999995595,0.00039999999999995595,0.73,0.13666666666666666,0.43333333333333335,0.7699298822749407,,,0.0
2021-04-04,2008.59,2091.83,1975.24,2075.69,514345.76554,57051.95,58492.85,56388.0,58202.01,41314.081973,69170871898,8465006032,4967929671.0,0.9998,,,74.0,0.07,5.0,0.0,36.0,0.03289549607977363,0.019957809235045493,0.07661090329939196,0.8213470121773976,0.6173112382115842,0.5889201053413471,0.0,0,0,0,0,-0.00019999999999997797,0.00019999999999997797,0.74,0.13666666666666666,0.43833333333333335,0.810523659832287,,,0.0
2021-04-05,2075.7,2130.64,2002.15,2107.38,684923.61494,58202.01,59272.0,56777.77,59129.99,54258.01579,70915080545,8810612755,4821454410.0,1.0,17.91,113.394,71.0,0.07,5.0,0.0,36.0,0.015151841243722527,0.015818350490323988,0.024903264862512722,0.785787536530781,0.6181470505271991,0.5773403275985075,0.0,0,0,0,0,0.0,0.0,0.71,0.13666666666666666,0.42333333333333334,0.6887423271602482,,,0.0
2021-04-06,2107.43,2151.0,2044.65,2112.21,673386.05575,59129.99,59495.24,57413.02,57991.15,54201.000727,73940251921,8786633375,4827825988.0,0.9999,18.12,113.1464,75.0,0.07,5.0,0.0,36.0,0.0022893229482022137,-0.019447828016770405,0.04177424806073155,0.7746749096751185,0.6107596092737549,0.5822041597119647,0.0,0,0,0,0,-9.999999999998899e-05,9.999999999998899e-05,0.75,0.13666666666666666,0.44333333333333336,0.8511174373896333,0.21000000000000085,-0.002185924440775616,0.0
2021-04-07,2112.22,2129.01,1930.01,1963.47,892984.90422,57990.03,58655.0,55473.0,55953.45,71228.405659,74786078122,8778170128,4949548272.0,1.0004,17.16,113.2436,72.0,0.07,5.0,0.0,36.0,-0.07302147663878487,-0.035770317641772804,0.011374385691031504,0.798000149325304,0.6204817912130662,0.5611365775053972,0.0,0,0,0,0,0.00039999999999995595,0.00039999999999995595,0.72,0.13666666666666666,0.42833333333333334,0.7293361047175945,-0.9600000000000009,0.0008586952248120723,0.0
2021-04-08,1963.46,2084.61,1947.35,2080.46,501355.998,55953.44,58153.31,55700.0,58077.52,44283.147019,70225724767,7820590919,4519705831.0,1.0002,16.95,113.0917,73.0,0.07,5.0,0.0,36.0,0.057875707028077115,0.03725857482507307,-0.06291705271621739,0.8191937335448887,0.612695515616126,0.6262765768783863,-0.06097864026992572,0,0,0,0,0.00019999999999997797,0.00019999999999997797,0.73,0.13666666666666666,0.43333333333333335,0.7699298822749407,-0.21000000000000085,-0.0013422565795606135,0.0
2021-04-09,2080.39,2100.0,2047.57,2066.87,426387.4379,58077.52,58894.9,57654.0,58142.54,40831.884911,72818943393,8277414039,4538960271.0,1.0004,16.69,113.2028,70.0,0.07,5.0,0.0,36.0,-0.006553637468456162,0.001118911946587532,0.03626143921797505,0.8041944060995191,0.6101107290589024,0.6190951237419802,-0.02630348827479594,0,0,0,0,0.00039999999999995595,0.00039999999999995595,0.7,0.13666666666666666,0.41833333333333333,0.6481485496029019,-0.259999999999998,0.0009819064000788174,0.0
2021-04-10,2067.19,2200.0,2058.0,2133.49,655458.20894,58142.55,61500.0,57900.01,59769.13,69906.424117,75191633847,8236547699,4717451176.0,1.0002,,,70.0,0.07,5.0,0.0,36.0,0.03172375086109794,0.027591725106052453,0.03206383993643066,0.8086684202652713,0.6063081959719908,0.6198508856443612,0.0,0,0,0,0,0.00019999999999997797,0.00019999999999997797,0.7,0.13666666666666666,0.41833333333333333,0.6481485496029019,,,0.0
2021-04-11,2133.49,2165.02,2113.4,2151.36,392265.50773,59769.13,60699.0,59232.52,60002.43,41156.715391,76889427596,8475445429,4727356856.0,1.0007,,,76.0,0.07,5.0,0.0,47.0,0.008341063797419682,0.003895754468994307,0.022328411831011384,0.7967187190454907,0.6051299605020011,0.6201869097397749,0.0,0,0,0,0,0.0006999999999999229,0.0006999999999999229,0.76,0.1733333333333333,0.4666666666666667,1.0405550659905822,,,0.0
2021-04-12,2151.42,2203.46,2102.0,2137.69,579093.35694,59998.8,61300.0,59350.59,59860.0,56375.037117,76927775094,8466698443,4628524484.0,1.0005,16.91,113.1815,74.0,0.07,5.0,0.0,47.0,-0.0063743935312508965,-0.0023765589774449635,0.0004986113142591878,0.7459386544431597,0.5571858446532544,0.6208472777885559,0.0,0,0,0,0,0.0004999999999999449,0.0004999999999999449,0.74,0.1733333333333333,0.45666666666666667,0.9593675108758897,,,0.0
2021-04-13,2137.86,2318.0,2135.53,2299.19,782608.6209,59860.01,63777.77,59805.15,63575.0,82848.688746,78224904805,8450959796,4689734670.0,0.9999,16.65,113.0391,74.0,0.07,5.0,0.0,47.0,0.07283108022698058,0.060211808883630515,0.01672107673836252,0.7670567853462724,0.5802796331606488,0.6016359642238837,0.0,0,0,0,0,-9.999999999998899e-05,9.999999999998899e-05,0.74,0.1733333333333333,0.45666666666666667,0.9593675108758897,-0.26000000000000156,-0.0012589482903685634,0.0
2021-04-14,2299.19,2447.29,2281.33,2432.6,972931.60866,63575.01,64854.0,61301.0,62959.53,82616.343993,81668698111,8821134790,4816806914.0,1.0,16.99,112.7849,75.0,0.07,5.0,0.0,47.0,0.05640375720793445,-0.009728172284078391,0.04308272377992894,0.7733846963957544,0.5389000316126956,0.60473533392632,0.0,0,0,0,0,0.0,0.0,0.75,0.1733333333333333,0.46166666666666667,0.999961288433236,0.33999999999999986,-0.002251311706157958,0.0
2021-04-15,2432.59,2543.47,2400.0,2514.04,681950.96645,62959.53,63800.0,62020.0,63159.98,51649.70034,86338006323,9045898504,5218705508.0,0.999,16.57,112.6181,79.0,0.07,5.0,0.0,47.0,0.03293037673824547,0.0031787337071748686,0.05559910246421999,0.777293021830065,0.5345724955555101,0.5925806880911271,0.0,0,0,0,0,-0.0010000000000000009,0.0010000000000000009,0.79,0.1733333333333333,0.4816666666666667,1.1623363986626212,-0.41999999999999815,-0.0014800160640915136,0.0
2021-04-16,2514.04,2548.29,2300.0,2422.67,999163.75205,63158.74,63520.61,60000.0,61334.8,91764.139884,88314461325,9284336166,5492370754.0,0.9987,16.25,112.4814,78.0,0.07,5.0,0.0,47.0,-0.0370207831812446,-0.02932349103283781,0.022633970255294133,0.7951824783096588,0.5341139430046966,0.5922117612293178,0.0,0,0,0,0,-0.0012999999999999678,0.0012999999999999678,0.78,0.1733333333333333,0.4766666666666667,1.1217426211052748,-0.3200000000000003,-0.0012145741488087066,0.0
2021-04-17,2422.38,2495.0,2310.0,2317.6,624232.25568,61334.81,62506.05,59580.91,60006.66,58912.256128,88275648007,9037120181,5513296735.0,0.9991,,,76.0,0.07,5.0,0.0,47.0,-0.04433807028619631,-0.021891825636385424,-0.0004395865518384291,0.8077331345480337,0.5342169165047239,0.5958892227513783,-0.0004394899478259372,0,0,0,0,-0.0009000000000000119,0.0009000000000000119,0.76,0.1733333333333333,0.4666666666666667,1.0405550659905822,,,0.0
2021-04-18,2317.65,2340.0,1946.8,2235.64,1475383.69204,60006.67,60499.0,50931.3,56150.01,124882.131824,88638226523,8783673639,5575860370.0,0.998,,,79.0,0.07,5.0,1.0,46.0,-0.036004626931238994,-0.06642869678323018,0.004098932597692073,0.8218201276436824,0.5836083317022079,0.5974615336849254,0.0,0,0,0,0,-0.0020000000000000018,0.0020000000000000018,0.79,0.1733333333333333,0.4816666666666667,1.1623363986626212,,,0.0
2021-04-19,2235.65,2300.0,2080.0,2161.12,820592.26555,56150.01,57526.81,54221.58,55633.14,78229.042267,81090538941,8422400277,4790445904.0,0.9993,17.29,112.1835,74.0,0.07,5.0,1.0,46.0,-0.03390093471144763,-0.00924779241999631,-0.0889969200188857,0.8337323353084475,0.5842255119338481,0.7037985436885189,-0.08515160871411967,0,0,0,0,-0.0007000000000000339,0.0007000000000000339,0.74,0.1733333333333333,0.45666666666666667,0.9593675108758897,,,0.0
2021-04-20,2161.12,2346.62,2055.0,2330.03,992240.809,55633.14,57076.24,53329.96,56425.0,72744.482151,82658653055,8254033415,5206519768.0,0.999,18.68,112.2354,73.0,0.07,5.0,1.0,46.0,0.07525453720088406,0.014133255844769198,0.019153218804894914,0.8647359875721802,0.5851365145395139,0.7016156847494504,-0.06746043668245562,0,0,0,0,-0.0010000000000000009,0.0010000000000000009,0.73,0.1733333333333333,0.45166666666666666,0.9187737333185434,1.3900000000000006,0.00046252789693974433,0.0
2021-04-21,2330.26,2469.54,2235.16,2357.06,1177885.8617,56425.0,56757.91,53536.02,53787.63,66984.756909,83754790914,8868584519,5075665928.0,0.9996,17.5,112.1771,73.0,0.07,5.0,1.0,46.0,0.011533936687040168,-0.0478688076233732,0.013173860065126981,0.8293706585570128,0.5727056461317102,0.6788881081584495,-0.05509401305240282,0,0,0,0,-0.00039999999999995595,0.00039999999999995595,0.73,0.1733333333333333,0.45166666666666666,0.9187737333185434,-1.1799999999999997,-0.0005195789121511846,0.0
2021-04-22,2357.06,2644.47,2303.44,2397.94,2220753.09746,53787.62,55521.48,50500.0,51690.96,104656.631337,84465782504,8964460212,5214888445.0,0.9999,18.71,112.2297,65.0,0.07,5.0,1.0,46.0,0.01719495572334584,-0.03976060378705051,0.008453137559085533,0.8267469532322216,0.5887011924300785,0.6743240472013218,-0.047072738057516605,0,0,0,0,-9.999999999998899e-05,9.999999999998899e-05,0.65,0.1733333333333333,0.4116666666666667,0.5940235128597736,1.2100000000000009,0.0004687915068821696,0.0
2021-04-23,2397.94,2442.89,2107.0,2367.39,2532242.44185,51690.95,52131.85,47500.0,51125.14,132230.780719,86748958832,9000759944,5697613415.0,0.9991,17.33,112.0889,55.0,0.07,5.0,1.0,46.0,-0.012821952956106254,-0.011006558547651292,0.026671905246940644,0.7982297910816861,0.5749328990999579,0.6509638165365863,-0.021314367007441982,0,0,0,0,-0.0009000000000000119,0.0009000000000000119,0.55,0.1733333333333333,0.3616666666666667,0.18808573728631137,-1.3800000000000026,-0.0012553575003662412,0.0
2021-04-24,2367.39,2368.74,2154.8,2213.35,997688.94623,51110.56,51166.22,48657.14,50047.84,55361.512573,84914973510,8980529828,4995596427.0,0.9987,,,37.0,0.07,5.0,1.0,46.0,-0.0672808775731172,-0.02129700475873513,-0.021367972620678917,0.8459452136392694,0.5757051464130496,0.659787321504059,-0.04200504860094289,0,0,0,0,-0.0012999999999999678,0.0012999999999999678,0.37,0.1733333333333333,0.27166666666666667,-0.5426022587459212,,,0.0
2021-04-25,2214.08,2356.64,2168.0,2320.49,857517.38218,50047.84,50567.91,46930.0,49066.77,58255.645004,83666275538,8544298973,4808804404.0,0.999,,,31.0,0.07,5.0,0.0,49.0,0.04727116536137015,-0.019797324384079943,-0.014814468589540854,0.8305793955025875,0.5186861079024585,0.6455231818190849,-0.05609262707563164,0,0,0,0,-0.0010000000000000009,0.0010000000000000009,0.31,0.18,0.245,-0.7591024057184345,,,0.0
2021-04-26,2320.44,2542.8,2303.64,2532.6,1076469.01367,49066.76,54356.62,48753.44,54001.39,86310.802124,87155108774,8908671744,5065727093.0,0.9992,17.64,111.8109,27.0,0.07,5.0,0.0,49.0,0.08746807276063732,0.09582776337101846,0.04085341511024499,0.8728789051540722,0.6221728162687494,0.6390126870358805,-0.016732258836599782,0,0,0,0,-0.0008000000000000229,0.0008000000000000229,0.27,0.18,0.225,-0.9214775159478193,,,0.0
2021-04-27,2532.06,2680.0,2480.29,2666.13,771728.46451,54001.38,55460.0,53222.0,55011.97,54064.034675,95143356236,9534621475,6273546596.0,0.9988,17.56,111.9097,50.0,0.07,5.0,0.0,49.0,0.05138153972385659,0.018541010943021647,0.08769537647667032,0.8767095102181612,0.6259378173209339,0.6834790353598491,0.0,0,0,0,0,-0.0011999999999999789,0.0011999999999999789,0.5,0.18,0.33999999999999997,0.01217936787114386,-0.08000000000000185,0.0008832446044127732,0.0
2021-04-28,2666.13,2760.0,2559.44,2748.24,999383.1852,55011.97,56428.0,53813.16,54846.22,55130.459015,98495217299,9754404638,7111641489.0,0.9991,17.28,111.7909,59.0,0.07,5.0,0.0,49.0,0.030332724032828818,-0.003017528793609669,0.034623224464052214,0.8527113223475083,0.6143683513422532,0.6853187965026025,0.0,0,0,0,0,-0.0009000000000000119,0.0009000000000000119,0.59,0.18,0.385,0.3775233658872603,-0.2799999999999976,-0.0010621340413792606,0.0
2021-04-29,2748.23,2798.0,2668.0,2757.04,863890.01069,54846.23,55195.84,52330.94,53555.0,52486.019455,100648786518,10013094620,7834726418.0,0.9994,17.61,111.7464,52.0,0.07,5.0,0.0,49.0,0.003196933669113188,-0.023824105906546798,0.021629103900972745,0.8535116897581753,0.6143647891629684,0.6773871241029458,0.0,0,0,0,0,-0.0006000000000000449,0.0006000000000000449,0.52,0.18,0.35,0.09336692298583642,0.3299999999999983,-0.00039814384970952426,0.0
2021-04-30,2757.04,2798.3,2723.09,2772.42,695339.20482,53555.0,57963.0,53013.01,57694.27,68578.910045,99481878823,8370824971,8182559676.0,0.9989,18.61,112.0839,51.0,0.07,5.0,0.0,49.0,0.005562944541741023,0.07444869860711945,-0.011661590363723008,0.8476335206729575,0.6713124389287136,0.6782431709835843,-0.011593857565200854,0,0,0,0,-0.0010999999999999899,0.0010999999999999899,0.51,0.18,0.345,0.05277314542849014,1.0,0.0030156797875698954,0.0
2021-05-01,2772.42,2954.28,2743.41,2944.77,690260.07741,57697.25,58458.07,56956.14,57800.37,42600.351836,101674327463,8451882680,8572635709.0,0.999,,,68.0,0.06,5.0,0.0,49.0,0.06031013057980837,0.001837315218213768,0.021799331999214692,0.8631133610835051,0.6713659808337411,0.6764539095429962,0.0,0,0,0,0,-0.0010000000000000009,0.0010000000000000009,0.68,0.18,0.43000000000000005,0.7428673639033768,,,-0.010000000000000009
2021-05-02,2944.83,2985.0,2852.26,2949.56,571982.5445,57797.35,57911.02,56035.25,56578.21,36812.878863,105540350199,8664590699,8972705037.0,0.9993,,,66.0,0.06,6.0,0.0,97.0,0.0016252911032897802,-0.02137124828966742,0.037318508940188774,0.82882577977023,0.6750453905808657,0.6730602852426022,0.0,0,0,0,0,-0.0007000000000000339,0.0007000000000000339,0.66,0.3433333333333334,0.5016666666666667,1.3247115088920063,,,0.0
2021-05-03,2949.33,3454.0,2949.32,3431.04,1329088.0628,56578.21,58981.44,56435.0,57169.39,57649.931286,106615732924,8596789090,9293411462.0,0.9992,18.31,112.005,61.0,0.06,6.0,0.0,97.0,0.15120741553197212,0.01039468653491475,0.010137743111154127,0.9232636301069376,0.6665364391834512,0.666817596092281,0.0,0,0,0,0,-0.0008000000000000229,0.0008000000000000229,0.61,0.3433333333333334,0.4766666666666667,1.1217426211052748,,,0.0
2021-05-04,3431.04,3527.0,3160.0,3239.01,1826039.38558,57169.39,57200.0,53046.69,53200.01,85324.625903,111899890937,9392185139,10360893252.0,0.9995,19.48,112.2896,68.0,0.06,6.0,0.0,97.0,-0.0575956946599089,-0.07196003096966748,0.04837355142349817,0.9580030679213031,0.7078460291189674,0.6418393291682606,0.0,0,0,0,0,-0.0004999999999999449,0.0004999999999999449,0.68,0.3433333333333334,0.5116666666666667,1.4058990640066988,1.1700000000000017,0.002537735217323007,0.0
2021-05-05,3239.01,3549.34,3200.23,3524.26,1174816.73588,53205.05,58069.82,52900.0,57436.11,77263.923439,112846963228,9024403275,10829812017.0,0.9988,19.15,112.1514,48.0,0.06,6.0,0.0,97.0,0.08440275759095238,0.07661461528794215,0.00842795242158941,0.9882682655870212,0.7581613140130049,0.6415465451278669,0.0,0,0,0,0,-0.0011999999999999789,0.0011999999999999789,0.48,0.3433333333333334,0.4116666666666667,0.5940235128597736,-0.33000000000000185,-0.0012315042034762665,0.0
2021-05-06,3524.33,3605.4,3376.47,3489.73,920592.57706,57436.11,58360.0,55200.0,56393.68,70181.671908,114897580194,9481490721,9968541694.0,0.9991,18.39,111.8401,65.0,0.06,6.0,0.0,97.0,-0.009846115823277535,-0.018316104117848727,0.018008531436516626,0.9914649515575922,0.7578243381227269,0.6346073698440169,0.0,0,0,0,0,-0.0009000000000000119,0.0009000000000000119,0.65,0.3433333333333334,0.4966666666666667,1.28411773133466,-0.759999999999998,-0.0027795715500431154,0.0
2021-05-07,3489.74,3587.0,3353.23,3479.53,760544.64781,56393.68,58650.0,55241.63,57314.75,74542.747829,117537095473,9289122040,11062167689.0,0.999,16.69,111.0249,64.0,0.06,6.0,0.0,97.0,-0.002927142130709903,0.016200912209963583,0.02271286538419973,0.9404294978416758,0.7493876905212727,0.6350933355714766,0.0,0,0,0,0,-0.0010000000000000009,0.0010000000000000009,0.64,0.3433333333333334,0.4916666666666667,1.2435239537773137,-1.6999999999999993,-0.007315672139858844,0.0
2021-05-08,3479.79,3958.33,3449.27,3910.26,1130467.54852,57315.49,59500.0,56900.0,58862.05,69709.906028,117166617525,9273075961,10760024964.0,0.9987,,,67.0,0.06,6.0,0.0,97.0,0.11670664075614831,0.02663856290765698,-0.0031569867469672277,0.9919583186109058,0.7437794984837796,0.5740004393871511,-0.003152008704223121,0,0,0,0,-0.0012999999999999678,0.0012999999999999678,0.67,0.3433333333333334,0.5066666666666667,1.3653052864493525,,,0.0
2021-05-09,3910.26,3983.65,3726.08,3923.95,1000401.0082,58866.53,59300.0,56235.66,58240.84,69806.11991,120721665673,9911717785,10548445686.0,0.9988,,,73.0,0.06,6.0,1.0,100.0,0.00349493157185186,-0.010609743743877945,0.029890609020072557,0.9890559439469482,0.7447706419151068,0.5717442083453989,0.0,0,0,0,0,-0.0011999999999999789,0.0011999999999999789,0.73,0.35666666666666663,0.5433333333333333,1.662992988536558,,,0.0
2021-05-10,3923.95,4208.0,3650.0,3945.88,1505897.92612,58240.83,59500.0,53400.0,55816.14,89586.34925,121976533671,9892409872,10970606164.0,0.9989,19.66,110.7905,72.0,0.06,6.0,1.0,100.0,0.005573197073655093,-0.04252375198618774,0.010341067087382123,0.9898158718568034,0.7522615830516821,0.5694854621537255,0.0,0,0,0,0,-0.0010999999999999899,0.0010999999999999899,0.72,0.35666666666666663,0.5383333333333333,1.6223992109792116,,,0.0
2021-05-11,3946.63,4180.22,3771.64,4173.45,1095927.10403,55816.14,56862.43,54370.0,56670.02,64329.54055,122217312504,9767588045,11507609054.0,0.9988,21.84,110.8921,61.0,0.06,6.0,1.0,100.0,0.056071035288974565,0.01518224822672772,0.0019720309483799944,0.9964174538578154,0.7544548832956431,0.5711193008136476,0.0,0,0,0,0,-0.0011999999999999789,0.0011999999999999789,0.61,0.35666666666666663,0.4833333333333333,1.1758676578484026,2.1799999999999997,0.0009166259067127463,0.0
2021-05-12,4173.46,4372.72,3701.58,3823.21,1601842.74017,56670.02,58000.01,48600.0,49631.32,99842.789836,121789969806,10240438297,11047318171.0,1.0001,27.59,111.5636,68.0,0.06,6.0,1.0,100.0,-0.08765264799631596,-0.13262323703978,-0.0035027080411312314,1.0636992131972889,0.8815594640119654,0.5726061215025987,-0.003496580715485899,0,0,0,0,9.999999999998899e-05,9.999999999998899e-05,0.68,0.35666666666666663,0.5183333333333333,1.4600241007498265,5.75,0.006037175397522842,0.0
2021-05-13,3810.15,4034.77,3500.0,3717.91,2068708.17427,49537.15,51367.19,46000.0,49670.97,147332.002121,120731973048,9341277013,12011259965.0,0.9999,23.13,111.5955,31.0,0.06,6.0,1.0,100.0,-0.027928701444750428,0.0007985717571492955,-0.008725012320797698,1.0580188853973114,0.8489415018339367,0.5786662905308647,-0.012153265569077105,0,0,0,0,-9.999999999998899e-05,9.999999999998899e-05,0.31,0.35666666666666663,0.3333333333333333,-0.04194566887198436,-4.460000000000001,0.00028589468426145666,0.0
2021-05-14,3717.92,4173.28,3691.35,4075.01,1153390.42631,49671.92,51483.0,48799.75,49841.45,80082.204306,114937062071,9253060845,11180238830.0,0.999,18.81,111.1353,26.0,0.06,6.0,1.0,100.0,0.09171151823394462,0.0034263093346637553,-0.0491882976513551,1.0818796549568226,0.8498881107408995,0.6098964891803278,-0.05956807823573872,0,0,0,0,-0.0010000000000000009,0.0010000000000000009,0.26,0.35666666666666663,0.30833333333333335,-0.24491455665871528,-4.32,-0.004132348600876995,0.0
2021-05-15,4075.02,4134.05,3632.0,3646.68,1039174.88082,49844.16,50700.0,46555.0,46762.99,89437.449359,118876523477,10106659034,11929810861.0,0.9997,,,27.0,0.06,6.0,1.0,100.0,-0.11105603605137421,-0.06375488905286,0.03370064436484061,1.1686226476001198,0.8708271205933797,0.5945071244532742,-0.027334826454236266,0,0,0,0,-0.00029999999999996696,0.00029999999999996696,0.27,0.35666666666666663,0.31333333333333335,-0.204320779101369,,,0.0
2021-05-16,3646.24,3879.0,3343.06,3582.1,1324065.65875,46762.99,49795.89,43825.39,46431.5,114269.812775,115433783103,9206625672,11892144818.0,0.9997,,,20.0,0.06,6.0,4.0,90.0,-0.017867944012732465,-0.007113969892819319,-0.02938827748180353,1.1603087033849313,0.8680719402451902,0.6088398791512432,-0.05550383380241637,0,0,0,0,-0.00029999999999996696,0.00029999999999996696,0.2,0.33333333333333337,0.2666666666666667,-0.583196036303267,,,0.0
2021-05-17,3581.81,3587.06,3102.0,3282.51,1904012.43998,46426.83,46686.0,42001.0,43538.04,166657.172736,113335391820,9106013471,12119071809.0,1.0,19.72,111.079,27.0,0.06,6.0,4.0,90.0,-0.08734084696477265,-0.06434306949225864,-0.0183455671965274,1.1962114435944742,0.8882300585377394,0.615474238106647,-0.07267317945409173,0,0,0,0,0.0,0.0,0.27,0.33333333333333337,0.3016666666666667,-0.2990395934018435,,,0.0
2021-05-18,3282.25,3565.71,3240.0,3375.07,1287110.84143,43538.02,45799.29,42250.02,42849.78,116979.860784,109378382089,8463957804,11664502490.0,0.9993,21.34,110.8317,21.0,0.06,6.0,4.0,90.0,0.027807691201481986,-0.0159345278743997,-0.03553822573852093,1.184902003320737,0.8655237636299975,0.6341488920127988,-0.1050500142079282,0,0,0,0,-0.0007000000000000339,0.0007000000000000339,0.21,0.33333333333333337,0.27166666666666667,-0.5426022587459212,1.620000000000001,-0.0022288254002644343,0.0
2021-05-19,3375.08,3441.73,1888.0,2438.92,4309836.31939,42849.78,43584.9,30000.0,36690.09,354347.243161,101189767353,8659522796,12248713354.0,0.9983,22.18,110.8807,23.0,0.06,6.0,4.0,90.0,-0.32486074648231034,-0.15519381949293082,-0.07781562752783455,1.6681868979513261,1.00456693063591,0.6137134991272433,-0.1720504625751102,0,0,0,0,-0.0017000000000000348,0.0017000000000000348,0.23,0.33333333333333337,0.2816666666666667,-0.4614147036312286,0.8399999999999999,0.0004420140758729916,0.0
2021-05-20,2438.92,2990.05,2155.0,2768.62,2942777.9301,36671.23,42451.67,34850.0,40526.64,203017.596923,86758376166,6567601781,10479514443.0,0.9978,20.67,110.8605,11.0,0.06,6.0,4.0,90.0,0.1267936827452267,0.0994528443006428,-0.1538706692349633,1.7051594063956557,1.0760465024534458,0.8304264725341851,-0.29013022469168986,0,0,0,0,-0.0021999999999999797,0.0021999999999999797,0.11,0.33333333333333337,0.22166666666666668,-0.9485400343193835,-1.509999999999998,-0.00018219437845458234,0.0
2021-05-21,2767.87,2938.54,2101.0,2430.98,2727031.93514,40525.39,42200.0,33488.0,37252.01,202100.888258,85631023604,7338676358,10695923787.0,0.9987,20.15,111.0576,19.0,0.06,6.0,4.0,90.0,-0.130054532879971,-0.084253632547951,-0.01307932662558583,1.7694233156766483,1.0989639713377508,0.8308754873781848,-0.29935438891934874,0,0,0,0,-0.0012999999999999678,0.0012999999999999678,0.19,0.33333333333333337,0.2616666666666667,-0.6237898138606133,-0.5200000000000031,0.0017763314648663094,0.0
2021-05-22,2430.98,2485.0,2145.0,2294.87,1684318.01157,37263.35,38829.0,35200.62,37449.73,126542.243689,82163616231,6585963939,10663735608.0,0.9992,,,12.0,0.06,6.0,4.0,90.0,-0.057618271205140875,0.005293597223083863,-0.041335063620093974,1.7800315497722419,1.0959982431393542,0.8431161823313749,-0.32772522527599435,0,0,0,0,-0.0008000000000000229,0.0008000000000000229,0.12,0.33333333333333337,0.22666666666666668,-0.9079462567620372,,,0.0
2021-05-23,2295.45,2381.57,1728.74,2096.39,2914548.73125,37458.51,38270.64,31111.01,34655.25,217136.046593,74693893860,6232803046,9527699520.0,0.9987,,,14.0,0.06,6.0,1.0,73.0,-0.0904593791755005,-0.07755027101425602,-0.09531423251877459,1.8066665275638139,1.1205038124719617,0.8984224373818707,-0.3888435907346975,0,0,0,0,-0.0012999999999999678,0.0012999999999999678,0.14,0.26666666666666666,0.20333333333333334,-1.0973838853629865,,,0.0
2021-05-24,2096.63,2675.0,2079.94,2648.43,2186632.92245,34681.44,39920.0,34031.0,38796.29,161630.893971,71689811883,5744753504,7911926911.0,0.9989,18.4,110.9118,10.0,0.06,6.0,1.0,73.0,0.23375019374596437,0.11287539419061506,-0.0410497028017211,1.971663871952333,1.2026642305996316,0.905533793833134,-0.41342343065632625,0,0,0,0,-0.0010999999999999899,0.0010999999999999899,0.1,0.26666666666666666,0.18333333333333335,-1.2597589955923714,,,0.0
2021-05-25,2647.92,2750.0,2378.54,2705.11,2115349.50445,38810.99,39791.77,36419.62,38324.72,111996.228404,79359087634,6945975866,9273891116.0,0.9988,18.84,110.842,22.0,0.06,6.0,1.0,73.0,0.02117556530759306,-0.012229504705664857,0.10163432253584993,1.9668811026576036,1.2020581198756635,0.9788218479079938,-0.3506722901356329,0,0,0,0,-0.0011999999999999789,0.0011999999999999789,0.22,0.26666666666666666,0.24333333333333335,-0.7726336649042165,0.4400000000000013,-0.0006295270007113572,0.0
2021-05-26,2705.1,2910.0,2643.0,2884.94,1583799.59251,38324.72,40841.0,37800.44,39241.91,104780.773396,81778270407,7262825557,9321677306.0,0.9988,17.36,110.8677,22.0,0.06,6.0,1.0,73.0,0.06436152561075188,0.02365018953907607,0.030028599010001523,1.956326935852847,1.1485882801168872,0.9736045329774194,-0.3308781814006628,0,0,0,0,-0.0011999999999999789,0.0011999999999999789,0.22,0.26666666666666666,0.24333333333333335,-0.7726336649042165,-1.4800000000000004,0.00023183469298004522,0.0
2021-05-27,2884.82,2889.74,2633.68,2742.23,1099029.91206,39241.92,40411.14,37134.27,38529.98,86547.158794,87119308982,7625779715,10861302454.0,0.9991,16.74,110.8688,27.0,0.06,6.0,1.0,73.0,-0.050732644515115596,-0.018308668772305418,0.06326698142486925,1.9578475846000858,1.143986877402227,0.948649137362648,-0.28717701938382334,0,0,0,0,-0.0009000000000000119,0.0009000000000000119,0.27,0.26666666666666666,0.2683333333333333,-0.5696647771174855,-0.620000000000001,9.921686325944257e-06,0.0
2021-05-28,2742.23,2762.45,2327.38,2412.1,1554584.61362,38529.99,38877.83,34684.0,35663.49,135377.62972,84952523307,7331574880,11382448935.0,0.9995,16.76,110.7576,21.0,0.06,6.0,1.0,73.0,-0.1282737206263049,-0.07730916315521141,-0.025185995683904446,2.0054609701425883,1.1658906151585713,0.9417583383351057,-0.3049059779953873,0,0,0,0,-0.0004999999999999449,0.0004999999999999449,0.21,0.26666666666666666,0.23833333333333334,-0.8132274424615628,0.020000000000003126,-0.0010034906430954602,0.0
2021-05-29,2412.34,2574.27,2204.1,2278.74,1379427.18851,35661.79,37338.58,33632.76,34605.15,112663.092689,79410419152,6888136308,10092659100.0,0.9995,,,18.0,0.06,6.0,1.0,73.0,-0.05687507874505124,-0.030124961488519942,-0.06746296789326292,2.013546279021983,1.1667420954586123,0.9612055835831708,-0.3502522881167019,0,0,0,0,-0.0004999999999999449,0.0004999999999999449,0.18,0.26666666666666666,0.22333333333333333,-0.9350087751336015,,,0.0
2021-05-30,2278.74,2476.42,2180.53,2385.98,1151113.19883,34605.15,36488.0,33379.0,35641.27,73535.386967,78164308133,6612691795,10617279038.0,0.9994,,,10.0,0.06,5.0,0.0,50.0,0.0459872827806308,0.02950172116854018,-0.015816457596442523,2.0214781810858455,1.1336505379796926,0.9615194211708613,-0.3604481514806522,0,0,0,0,-0.0006000000000000449,0.0006000000000000449,0.1,0.18333333333333332,0.14166666666666666,-1.5980404752369235,,,0.0
2021-05-31,2385.82,2720.0,2271.44,2706.15,1307958.04068,35641.26,37499.0,34153.84,37253.81,94160.735289,82558933133,6855373579,11197109826.0,0.9999,,,18.0,0.06,5.0,0.0,50.0,0.12591701917386455,0.04424998538763259,0.05469925370218639,2.060729795471491,1.1515866670932542,0.98101981148834,-0.3244906843267564,0,0,0,0,-9.999999999998899e-05,9.999999999998899e-05,0.18,0.18333333333333332,0.18166666666666664,-1.2732902547781537,,,0.0
2021-06-01,2706.15,2740.0,2523.74,2634.57,1179577.10806,37253.82,37894.81,35666.0,36693.09,81234.66377,85906685024,7455151691,11782508382.0,1.0,17.9,110.5046,20.0,0.08,5.0,0.0,50.0,-0.026806979763833352,-0.015165767520091036,0.03974926996498462,2.062344178929816,1.1513336229553461,0.9824357388340323,-0.2970988866966912,0,0,0,0,0.0,0.0,0.2,0.18333333333333332,0.19166666666666665,-1.1921026996634612,,,0.020000000000000004
2021-06-02,2634.31,2802.99,2550.0,2706.22,970070.53563,36694.85,38225.0,35920.0,37568.68,67587.372495,87433886963,7255029769,12055393575.0,1.0,17.48,110.5799,23.0,0.08,5.0,0.0,50.0,0.026832846435921022,0.02358227059865497,0.017621280913673817,1.9890406349528154,1.1558232692532542,0.9844102634785185,-0.28460309614369556,0,0,0,0,0.0,0.0,0.23,0.18333333333333332,0.20666666666666667,-1.0703213669914222,-0.41999999999999815,0.0006811875360931701,0.0
2021-06-03,2706.21,2891.95,2662.4,2857.25,1024290.89423,37568.68,39476.0,37170.0,39246.79,75889.106011,91609856128,7390168869,12383789728.0,0.9998,18.04,111.1782,24.0,0.08,5.0,0.0,50.0,0.054306796538697875,0.04369893289158691,0.046655935337054054,1.992154422440006,1.1532217469156378,0.9832202667343758,-0.2504347031440268,0,0,0,0,-0.00019999999999997797,0.00019999999999997797,0.24,0.18333333333333332,0.21166666666666667,-1.029727589434076,0.5599999999999987,0.005395982845325517,0.0
2021-06-04,2857.25,2860.0,2552.0,2689.51,1188314.11191,39246.78,39289.07,35555.15,36829.0,91317.799245,92866343602,7651384796,12559954549.0,0.9994,16.42,110.7521,27.0,0.08,5.0,0.0,50.0,-0.06050060290809493,-0.06358407913456297,0.013622428328083629,1.975102525709062,1.123786718622614,0.984390370873799,-0.24015393810135846,0,0,0,0,-0.0006000000000000449,0.0006000000000000449,0.27,0.18333333333333332,0.22666666666666668,-0.9079462567620372,-1.6199999999999974,-0.0038399490612833027,0.0
2021-06-05,2689.54,2816.87,2552.23,2627.73,961824.12413,36829.15,37925.0,34800.0,35513.2,70459.62149,89909035226,7288447665,11679451747.0,0.9998,,,24.0,0.08,5.0,0.0,50.0,-0.023238665269225783,-0.03638111995464031,-0.03236285437283874,1.975726182926852,1.1262593640586607,0.9842885615098008,-0.26435106955033555,0,0,0,0,-0.00019999999999997797,0.00019999999999997797,0.24,0.18333333333333332,0.21166666666666667,-1.029727589434076,,,0.0
2021-06-06,2627.63,2745.0,2614.0,2711.92,673792.69369,35516.07,36480.0,35222.0,35796.31,47650.206637,90556561498,7160372740,11903745800.0,0.9999,,,17.0,0.08,5.0,0.0,41.0,0.0315365154997358,0.007940357113332096,0.007176204912257566,1.9808103211999857,1.1237064553646197,0.9796330208221772,-0.2590529144957576,0,0,0,0,-9.999999999998899e-05,9.999999999998899e-05,0.17,0.15333333333333335,0.16166666666666668,-1.4356653650075384,,,0.0
2021-06-07,2711.92,2847.55,2570.0,2592.05,1152128.07856,35796.31,36900.0,33300.0,33552.79,77574.952573,91144185616,7306233928,12063475663.0,0.9999,16.42,110.5155,15.0,0.08,5.0,0.0,41.0,-0.045207802690552336,-0.06472479604498639,0.006468065497574889,1.9321082944983965,1.1255775374594177,0.9808920463872658,-0.25424488766256437,0,0,0,0,-9.999999999998899e-05,9.999999999998899e-05,0.15,0.15333333333333335,0.15166666666666667,-1.516852920122231,,,0.0
2021-06-08,2592.05,2620.99,2304.91,2507.23,1693747.42759,33556.96,34068.01,31000.0,33380.81,123251.189037,90562450330,6871423010,12272185727.0,0.9993,17.07,110.649,13.0,0.08,5.0,0.0,41.0,-0.03327051034015327,-0.005138835456786614,-0.006403038287646524,1.9322447732996246,1.1262362322196366,0.9711946223305855,-0.25900473120748735,0,0,0,0,-0.0007000000000000339,0.0007000000000000339,0.13,0.15333333333333335,0.14166666666666666,-1.5980404752369235,0.6499999999999986,0.0012072463366774998,0.0
2021-06-09,2507.43,2626.63,2405.28,2610.18,1276718.24011,33380.8,37534.79,32396.82,37388.05,136607.597517,88809316389,6792623209,11376439467.0,0.9993,17.89,110.5707,14.0,0.08,5.0,0.0,41.0,0.0402406263865517,0.11336995068009252,-0.01954811283419747,1.9406403851911147,1.2124471973812594,0.9690710884926628,-0.2733491305816973,0,0,0,0,-0.0007000000000000339,0.0007000000000000339,0.14,0.15333333333333335,0.14666666666666667,-1.557446697679577,0.8200000000000003,-0.0007078935851532222,0.0
2021-06-10,2610.2,2624.46,2425.11,2471.09,741237.49926,37388.05,38491.0,35782.0,36675.72,109527.284943,90412771053,6995526154,11804812547.0,0.9996,16.1,110.5456,21.0,0.08,5.0,0.0,41.0,-0.05475983562962982,-0.019236178908744933,0.01789397134471264,1.9289042948206974,1.2081866027713006,0.9732487136733895,-0.2602294290341156,0,0,0,0,-0.00039999999999995595,0.00039999999999995595,0.21,0.15333333333333335,0.18166666666666667,-1.2732902547781535,-1.7899999999999991,-0.00022702984906875485,0.0
2021-06-11,2471.01,2497.99,2321.37,2354.01,587364.27358,36677.83,37680.4,35936.77,37331.98,78466.0053,88600196907,6711609495,11882146142.0,1.0002,15.65,111.0933,21.0,0.08,5.0,0.0,41.0,-0.04853909192677941,0.01773537623175507,-0.020251450095056012,1.9157724419512638,1.1347724221218813,0.973584546453594,-0.27506017689514944,0,0,0,0,0.00019999999999997797,0.00019999999999997797,0.21,0.15333333333333335,0.18166666666666667,-1.2732902547781535,-0.45000000000000107,0.004942283280149671,0.0
2021-06-12,2354.09,2454.53,2256.22,2370.74,767439.4984,37331.98,37463.63,34600.36,35546.11,87717.54999,86513450743,6421932246,11429810802.0,1.0,,,28.0,0.08,5.0,0.0,41.0,0.007081885780932287,-0.04901960505525715,-0.023834178267152728,1.9169586494513888,1.142365520330794,0.9746430934382154,-0.29213424047294007,0,0,0,0,0.0,0.0,0.28,0.15333333333333335,0.21666666666666667,-0.9891338118767298,,,0.0
2021-06-13,2370.64,2548.41,2308.41,2509.33,715948.75986,35546.12,39380.0,34757.0,39020.57,86921.025555,87197939876,6422644755,11073633661.0,0.9999,,,23.0,0.08,5.0,0.0,34.0,0.0568136425416618,0.09325821606697823,0.007880803592573926,1.8962612593790484,1.1983944189578757,0.9668770580592427,-0.2865336498612164,0,0,0,0,-9.999999999998899e-05,9.999999999998899e-05,0.23,0.13,0.18,-1.2868215139639356,,,0.0
2021-06-14,2509.33,2609.17,2461.0,2580.77,684183.55622,39020.56,41064.05,38730.0,40516.29,108522.391949,91543023912,6727907017,11148891506.0,0.9999,16.39,110.9659,28.0,0.08,5.0,0.0,34.0,0.028072018778686522,0.03761517248338315,0.04862836309685308,1.8705547589845866,1.1913462282639022,0.9765682851023775,-0.25098153415045904,0,0,0,0,-9.999999999998899e-05,9.999999999998899e-05,0.28,0.13,0.20500000000000002,-1.0838526261772043,,,0.0
2021-06-15,2580.58,2640.0,2507.7,2543.54,599826.64933,40516.28,41330.0,39506.4,40144.04,80679.622838,94235774124,6843663064,11618640208.0,0.9999,17.02,111.3507,38.0,0.08,5.0,0.0,34.0,-0.014530992500364865,-0.009230129428558456,0.028990808802013827,1.8704485359524774,1.191421280982841,0.9822231300661257,-0.22894905645289987,0,0,0,0,-9.999999999998899e-05,9.999999999998899e-05,0.38,0.13,0.255,-0.6779148506037419,0.629999999999999,0.003461733260349665,0.0
2021-06-16,2543.55,2556.19,2351.18,2367.89,624741.78358,40143.8,40527.14,38116.01,38349.01,87771.976937,92358243973,6792195238,11893001322.0,1.0003,18.15,111.1165,33.0,0.08,5.0,0.0,34.0,-0.07155754827824162,-0.04574527341953061,-0.020124905805825984,1.8631806702627884,1.1814572149681788,0.9825067800242625,-0.24431128388641957,0,0,0,0,0.00029999999999996696,0.00029999999999996696,0.33,0.13,0.23,-0.8808837383904731,1.129999999999999,-0.0021054796978453357,0.0
2021-06-17,2368.02,2460.5,2306.0,2373.28,560667.58566,38349.0,39559.88,37365.0,38092.97,79541.307119,89129142095,6442774014,11024184548.0,1.0,17.75,112.5772,26.0,0.08,5.0,0.0,34.0,0.0022737013530689876,-0.006698961944875928,-0.03558861867992443,1.8586294984678822,1.1807446285541248,0.9825253329395118,-0.2707322696849276,0,0,0,0,0.0,0.0,0.26,0.13,0.195,-1.165040181291897,-0.3999999999999986,0.013060008054056004,0.0
2021-06-18,2373.28,2378.0,2139.0,2234.09,778905.20197,38092.97,38202.84,35129.29,35819.84,95228.042935,87258342871,6542785677,10786882359.0,0.9997,20.7,113.0408,25.0,0.08,5.0,0.0,34.0,-0.060438978275987466,-0.06152782082782359,-0.0212131759645382,1.490300940393876,1.0696878930325044,0.9503610193356032,-0.2860394236852152,0,0,0,0,-0.00029999999999996696,0.00029999999999996696,0.25,0.13,0.19,-1.205633958849243,2.9499999999999993,0.004109606968177461,0.0
2021-06-19,2234.09,2278.82,2161.67,2164.67,496872.24997,35820.48,36457.0,34803.52,35483.72,68712.449461,85512707644,6237281031,10519600876.0,0.9999,,,23.0,0.08,5.0,0.0,34.0,-0.03156606142284994,-0.00942793009744289,-0.020208184495242316,1.417397912697287,1.0068245540936729,0.7870513929174939,-0.30032246748020014,0,0,0,0,-9.999999999998899e-05,9.999999999998899e-05,0.23,0.13,0.18,-1.2868215139639356,,,0.0
2021-06-20,2165.34,2280.01,2040.68,2243.47,743883.64741,35483.72,36137.72,33336.0,35600.16,89878.17085,84723658152,6128757249,10236522374.0,1.0001,,,21.0,0.08,4.0,1.0,40.0,0.03575584948671751,0.0032761324830971688,-0.009270112632894878,1.354594055035539,0.96489937665591,0.7863959052823162,-0.30677858630521665,0,0,0,0,9.999999999998899e-05,9.999999999998899e-05,0.21,0.15,0.18,-1.2868215139639356,,,0.0
2021-06-21,2243.49,2260.16,1865.54,1885.49,1629819.66576,35600.17,35750.0,31251.23,31608.93,168778.873159,79862217128,6262811060,9738547849.0,1.0,17.89,112.8391,23.0,0.08,4.0,1.0,40.0,-0.17383604031182356,-0.11891045662276035,-0.059092015746667025,1.4696899359125024,1.0475897632400903,0.8003575640690357,-0.3465556107250663,0,0,0,0,0.0,0.0,0.23,0.15,0.19,-1.205633958849243,,,0.0
2021-06-22,1885.27,1998.0,1700.48,1879.28,1695338.08052,31614.12,33298.78,28805.0,32509.56,204208.179762,73628903144,5347106523,9353724504.0,0.9998,16.66,112.9174,10.0,0.08,4.0,1.0,40.0,-0.0032990093058491046,0.028094524319938106,-0.081265209527423,1.4381643529154144,1.0208000559270716,0.7807694008726229,-0.3975575011797921,0,0,0,0,-0.00019999999999997797,0.00019999999999997797,0.1,0.15,0.125,-1.7333530670947441,-1.2300000000000004,0.0006936677627413667,0.0
2021-06-23,1879.29,2045.0,1821.95,1968.14,918612.30494,32509.56,34881.0,31683.0,33678.07,126966.100563,73468556453,5406384532,8945701258.0,0.9998,16.32,112.3819,14.0,0.08,4.0,1.0,40.0,0.046200209547868486,0.0353126837670968,-0.0021801430826917144,1.1728254479800688,0.943761050974462,0.7669983366934254,-0.3988694813544073,0,0,0,0,-0.00019999999999997797,0.00019999999999997797,0.14,0.15,0.14500000000000002,-1.570977956865359,-0.33999999999999986,-0.004753685505584916,0.0
2021-06-24,1967.95,2036.61,1884.79,1989.52,701231.67478,33675.07,35298.0,32286.57,34663.09,86625.80426,76100782998,5641248253,9252195825.0,1.0002,15.97,112.326,22.0,0.08,4.0,1.0,40.0,0.010804469300155899,0.028828548379449724,0.03520104255744255,1.1699215683094046,0.9504891025060075,0.6880313355537903,-0.3773322171888755,0,0,0,0,0.00019999999999997797,0.00019999999999997797,0.22,0.15,0.185,-1.2462277364065895,-0.34999999999999964,-0.0004975348098855218,0.0
2021-06-25,1989.53,2019.99,1791.22,1808.82,858808.54767,34663.08,35500.0,31275.0,31584.45,116061.130356,76278598816,5810176937,9237283150.0,1.0,15.62,111.9655,27.0,0.08,4.0,1.0,40.0,-0.09521870463650212,-0.09301052120369376,0.0023338577253057,1.174252361656725,0.9948531186379415,0.6788302067142918,-0.3758773020515935,0,0,0,0,0.0,0.0,0.27,0.15,0.21000000000000002,-1.043258848619858,-0.3500000000000014,-0.0032145695261230397,0.0
2021-06-26,1808.97,1852.8,1717.32,1829.64,832315.14904,31576.09,32730.0,30151.0,32283.65,107820.375287,73959276191,5424493767,8947453258.0,1.0002,,,20.0,0.08,4.0,1.0,40.0,0.011444527214784062,0.021895999249812816,-0.030877791628693533,1.1708356151641817,0.9990961161634972,0.6428169388154362,-0.39485434038995565,0,0,0,0,0.00019999999999997797,0.00019999999999997797,0.2,0.15,0.175,-1.3274152915212818,,,0.0
2021-06-27,1829.84,1984.5,1804.26,1982.28,696055.79307,32283.65,34749.0,31973.45,34700.34,96613.244211,74740236648,5420240080,8774633674.0,1.0,,,22.0,0.08,4.0,0.0,32.0,0.08012847118323362,0.07218857505595316,0.010503970357102696,1.1389074286207834,1.000684245953494,0.6410836377552193,-0.3884644072372819,0,0,0,0,0.0,0.0,0.22,0.12,0.16999999999999998,-1.3680090690786282,,,0.0
2021-06-28,1982.27,2145.0,1960.52,2084.41,1044244.68308,34702.49,35297.71,33862.72,34494.89,82222.267819,76772506831,5718165945,8921660125.0,0.9999,15.76,112.0248,25.0,0.08,4.0,0.0,32.0,0.05023814421215937,-0.005938288050668354,0.026828001755274212,1.1406083267474267,0.995339558165813,0.6075910830485775,-0.3718360741364907,0,0,0,0,-9.999999999998899e-05,9.999999999998899e-05,0.25,0.12,0.185,-1.2462277364065895,,,0.0
2021-06-29,2084.42,2245.0,2073.57,2165.33,831257.23277,34494.89,36600.0,34225.43,35911.73,90788.79622,79159964924,5853340264,9192688744.0,0.9999,16.02,112.2613,25.0,0.08,4.0,0.0,32.0,0.038086933196143376,0.04025278594807432,0.03062408554097566,1.1366663197663103,1.0000599842651008,0.6150071025885079,-0.352301541392434,0,0,0,0,-9.999999999998899e-05,9.999999999998899e-05,0.25,0.12,0.185,-1.2462277364065895,0.2599999999999998,0.002108914352277711,0.0
2021-06-30,2165.46,2287.78,2087.99,2275.68,910583.6032,35911.72,36100.0,34017.55,35045.0,77152.197634,81396476485,6011769446,9738799903.0,0.9999,15.83,112.5533,28.0,0.08,4.0,0.0,32.0,0.049706134058565464,-0.024431033120821895,0.027861308014859018,1.055892784648116,0.9906787873942393,0.5918856543465639,-0.33400207534152737,0,0,0,0,-9.999999999998899e-05,9.999999999998899e-05,0.28,0.12,0.2,-1.1244464037345505,-0.1899999999999995,0.0025976975178844046,0.0
2021-07-01,2275.68,2275.93,2073.12,2106.41,787865.25137,35045.0,35057.57,32711.0,33504.69,71708.266112,81142476083,6201591159,9482380791.0,0.9999,15.48,112.74,28.0,0.1,4.0,0.0,32.0,-0.07729383221470298,-0.04494752092035272,-0.003125412151949112,1.0828899204913067,1.0010383578780082,0.573832685004122,-0.33608034393372604,0,0,0,0,-9.999999999998899e-05,9.999999999998899e-05,0.28,0.12,0.2,-1.1244464037345505,-0.34999999999999964,0.0016573954284313606,0.020000000000000004
2021-07-02,2106.41,2160.0,2018.5,2154.13,672282.37476,33502.33,33977.04,32699.0,33786.55,56172.181378,80914925275,5929363552,9371205654.0,0.9999,15.07,112.5425,21.0,0.1,4.0,0.0,32.0,0.02240185311990071,0.008377365268202767,-0.002808276026146536,1.081232960921844,0.9973489185043757,0.5694926956724435,-0.33794219806337367,0,0,0,0,-9.999999999998899e-05,9.999999999998899e-05,0.21,0.12,0.16499999999999998,-1.4086028466359743,-0.41000000000000014,-0.0017533545712344215,0.0
2021-07-03,2153.95,2240.0,2112.01,2226.99,569264.801,33786.54,34945.61,33316.73,34669.13,43044.578641,81050266108,6008501219,9090125199.0,1.0,,,24.0,0.1,4.0,0.0,32.0,0.03326396817441365,0.025786871340954098,0.0016712339650907268,1.0684836168238045,0.9885900423679156,0.5414665432603045,-0.3368348194913275,0,0,0,0,0.0,0.0,0.24,0.12,0.18,-1.2868215139639356,,,0.0
2021-07-04,2226.99,2389.93,2189.58,2322.69,590656.25069,34669.12,35967.85,34357.15,35286.51,43703.475789,83782560850,6067744257,9595220629.0,1.0001,,,27.0,0.1,6.0,0.0,29.0,0.04207509883646496,0.017651072284598005,0.033155349982490576,1.0653187784014173,0.9674871376963763,0.5536544809299468,-0.31447878264171525,0,0,0,0,9.999999999998899e-05,9.999999999998899e-05,0.27,0.11666666666666665,0.19333333333333333,-1.178571440477679,,,0.0
2021-07-05,2322.69,2324.64,2157.32,2196.53,781806.31605,35288.13,35293.78,33125.55,33690.14,64123.874245,85055252203,6166622344,9833983817.0,0.9999,,,29.0,0.1,6.0,0.0,29.0,-0.05584715432301095,-0.04629552498009569,0.01507618981659019,1.0783803267175012,0.9726001136380995,0.547142619267042,-0.304065435081333,0,0,0,0,-9.999999999998899e-05,9.999999999998899e-05,0.29,0.11666666666666665,0.2033333333333333,-1.0973838853629867,,,0.0
2021-07-06,2196.85,2350.0,2193.0,2322.5,785330.17152,33690.15,35118.88,33532.0,34220.01,58210.596349,84783738168,6011355224,9408265217.0,1.0002,16.44,112.9516,20.0,0.1,6.0,0.0,29.0,0.05576534927301046,0.01560534774517823,-0.003197313711180254,1.092210803568878,0.9739285385486238,0.5461843471246468,-0.3062870027908268,0,0,0,0,0.00019999999999997797,0.00019999999999997797,0.2,0.11666666666666665,0.15833333333333333,-1.4627278833791026,,,0.0
2021-07-07,2322.51,2409.0,2291.9,2316.57,666501.35572,34220.02,35059.09,33777.77,33862.12,53807.521675,88104902189,6193949558,9770863175.0,0.9997,16.2,113.1048,28.0,0.1,6.0,0.0,29.0,-0.0025565482865500294,-0.010513575195606917,0.038424417334624386,1.0826209260015007,0.9476371466418396,0.5636588807385139,-0.2791127510178523,0,0,0,0,-0.00029999999999996696,0.00029999999999996696,0.28,0.11666666666666665,0.19833333333333333,-1.1379776629203326,-0.240000000000002,0.0013554141661483387,0.0
2021-07-08,2316.25,2325.6,2084.79,2116.33,880265.04124,33862.11,33929.64,32077.0,32875.71,70136.48032,88223127772,6128233381,9932058114.0,1.0001,19.0,113.0776,20.0,0.1,6.0,0.0,29.0,-0.0904041869515329,-0.029562898272273284,0.0013409734203046933,1.1199312557285777,0.9532163939290994,0.5633943180943893,-0.27814541193488784,0,0,0,0,9.999999999998899e-05,9.999999999998899e-05,0.2,0.11666666666666665,0.15833333333333333,-1.4627278833791026,2.8000000000000007,-0.00024051385192755715,0.0
2021-07-09,2116.32,2189.4,2046.51,2146.99,738611.36304,32875.71,34100.0,32261.07,33815.81,47153.939899,86192127047,5793591621,9290572497.0,1.0001,16.18,112.8375,20.0,0.1,6.0,0.0,29.0,0.014383404756169537,0.028194357383748637,-0.023290308339374798,1.1101851278356025,0.86759772636268,0.5651042368700819,-0.2947633581438877,0,0,0,0,9.999999999998899e-05,9.999999999998899e-05,0.2,0.11666666666666665,0.15833333333333333,-1.4627278833791026,-2.8200000000000003,-0.0021255780636113197,0.0
2021-07-10,2146.99,2194.82,2074.16,2110.69,499071.85904,33815.81,34262.0,33004.78,33502.87,34761.175468,85783839524,5880861470,9159512383.0,1.0001,,,20.0,0.1,6.0,0.0,29.0,-0.01705195297545401,-0.009297337803434783,-0.0047482017194025485,1.0972755348006467,0.8659979922570753,0.5610821191974282,-0.29810402661904045,0,0,0,0,9.999999999998899e-05,9.999999999998899e-05,0.2,0.11666666666666665,0.15833333333333333,-1.4627278833791026,,,0.0
2021-07-11,2110.68,2174.0,2081.02,2140.45,342294.40302,33502.87,34666.0,33306.47,34258.99,31572.647448,86787690765,5804909508,9409581191.0,1.0,,,20.0,0.1,9.0,0.0,26.0,0.014001179053283616,0.022317905214544593,0.011634161929378295,1.0878689808467301,0.8675262372051057,0.5588688623311029,-0.28989036833746806,0,0,0,0,0.0,0.0,0.2,0.11666666666666665,0.15833333333333333,-1.4627278833791026,,,0.0
2021-07-12,2140.54,2167.83,2006.68,2031.58,540630.10742,34259.0,34678.43,32658.34,33086.63,48181.403762,86480983209,5845550241,9494893410.0,1.0,16.17,112.7611,25.0,0.1,9.0,0.0,26.0,-0.05220227186284738,-0.034819738727865,-0.003540257673897694,1.1004184057854003,0.8593932185019085,0.5527400003641435,-0.2923998946043786,0,0,0,0,0.0,0.0,0.25,0.11666666666666665,0.18333333333333332,-1.2597589955923716,,,0.0
2021-07-13,2031.57,2047.35,1918.0,1940.15,647388.24969,33086.94,33340.0,32202.25,32729.77,41126.361008,84475114362,5615751418,9298982719.0,1.0002,17.12,113.0063,20.0,0.1,9.0,0.0,26.0,-0.04604852576506507,-0.01084421199366593,-0.023467556076658288,1.0859187215651906,0.7872506168365879,0.5578971281282047,-0.3088122080966618,0,0,0,0,0.00019999999999997797,0.00019999999999997797,0.2,0.11666666666666665,0.15833333333333333,-1.4627278833791026,0.9499999999999993,0.002172147939951282,0.0
2021-07-14,1940.44,2019.18,1865.0,1994.58,690505.60937,32729.12,33114.03,31550.0,32820.02,46777.823484,83189050435,5415290111,8875647759.0,0.9999,16.33,112.8801,21.0,0.1,9.0,0.0,26.0,0.02766821218840126,0.002753633750060858,-0.015341252578557164,1.0857481035888814,0.772268282198624,0.5301216813430409,-0.3193349720214365,0,0,0,0,-9.999999999998899e-05,9.999999999998899e-05,0.21,0.11666666666666665,0.16333333333333333,-1.4221341058217565,-0.7900000000000027,-0.0011173759299396946,0.0
2021-07-15,1994.41,2042.88,1881.0,1919.51,645271.32563,32820.03,33185.25,31133.0,31880.0,51639.576353,82137426212,5478409168,9176808769.0,1.0002,17.01,113.0041,20.0,0.1,9.0,0.0,26.0,-0.038363556727093254,-0.029059841124266395,-0.012721959941562277,1.090561578238049,0.776069951096031,0.518081536145207,-0.32793951585777376,0,0,0,0,0.00019999999999997797,0.00019999999999997797,0.2,0.11666666666666665,0.15833333333333333,-1.4627278833791026,0.6800000000000033,0.0010979077992689958,0.0
2021-07-16,1919.54,1965.0,1850.0,1876.26,577068.89724,31874.49,32249.18,31020.0,31383.87,48499.864154,80563559506,5358121052,9087311812.0,0.9999,18.45,113.0428,22.0,0.1,9.0,0.0,26.0,-0.022789511403690434,-0.015684787261425026,-0.01934734190883303,1.0686134118216,0.7645111941643039,0.5177949161400988,-0.3408171243876495,0,0,0,0,-9.999999999998899e-05,9.999999999998899e-05,0.22,0.11666666666666665,0.16833333333333333,-1.38154032826441,1.4399999999999977,0.00034240682246138135,0.0
2021-07-17,1876.47,1919.19,1844.45,1899.59,430300.51578,31383.86,31955.92,31164.31,31520.07,34012.242132,79969146521,5281615689,9758720540.0,1.0,,,15.0,0.1,9.0,0.0,26.0,0.012357639681334047,0.004330419138805793,-0.007405540170302788,1.0703821933494164,0.7654753187528892,0.5057257258594413,-0.3456806987276641,0,0,0,0,0.0,0.0,0.15,0.11666666666666665,0.13333333333333333,-1.665696771165834,,,0.0
2021-07-18,1899.5,1993.79,1877.1,1891.64,534837.63654,31520.07,32435.0,31108.97,31778.56,35923.716186,81018263441,5304704165,9856989815.0,1.0,,,19.0,0.1,7.0,0.0,29.0,-0.004193895729117328,0.008167362765899914,0.013033712039949224,1.053158811296489,0.7403940090419654,0.5048337017813764,-0.33709667001270066,0,0,0,0,0.0,0.0,0.19,0.12,0.155,-1.4897904017506667,,,0.0
2021-07-19,1891.65,1919.0,1805.0,1818.73,547419.93771,31778.57,31899.0,30407.44,30839.65,47340.468499,79916136101,5297304957,9862609206.0,1.0003,22.5,113.5472,24.0,0.1,7.0,0.0,29.0,-0.039305722370065674,-0.029990648832101084,-0.013696817750157252,1.05590795677922,0.7457494452947849,0.5024599851865111,-0.3461144377693262,0,0,0,0,0.00029999999999996696,0.00029999999999996696,0.24,0.12,0.18,-1.2868215139639356,,,0.0
2021-07-20,1818.73,1841.34,1706.0,1786.03,786257.272,30839.65,31063.07,29278.0,29790.35,61034.049017,77613109400,5117731463,9584916305.0,1.0,19.73,113.7502,19.0,0.1,7.0,0.0,29.0,-0.018143175687965012,-0.03461668416799106,-0.029241437598778185,1.0458965200787644,0.7523476529999846,0.5107296911563352,-0.3649581404642666,0,0,0,0,0.0,0.0,0.19,0.12,0.155,-1.4897904017506667,-2.7699999999999996,0.0017862065643794885,0.0
2021-07-21,1786.03,2035.23,1747.55,1995.5,1115949.82033,29790.34,32858.0,29482.61,32144.51,82796.265128,77826354919,5040752681,9430573553.0,1.0,17.91,113.3926,10.0,0.1,7.0,0.0,29.0,0.11089936588098752,0.07605715848404894,0.0027437775048422563,0.942770735272751,0.6885260968285528,0.4689714467221865,-0.3632133343101219,0,0,0,0,0.0,0.0,0.1,0.12,0.11,-1.855134399766783,-1.8200000000000003,-0.0031486826387910356,0.0
2021-07-22,1995.5,2046.0,1947.62,2024.56,768854.3659,32144.51,32591.35,31708.0,32287.83,46148.092433,81823298935,5437565524,10162926138.0,1.0001,17.69,113.4695,21.0,0.1,7.0,0.0,29.0,0.01445774749165598,0.0044487049941116285,0.050081905116106426,0.9435747718368664,0.681528976752801,0.40495823811451076,-0.33050975137158217,0,0,0,0,9.999999999998899e-05,9.999999999998899e-05,0.21,0.12,0.16499999999999998,-1.4086028466359743,-0.21999999999999886,0.0006779449096638323,0.0
2021-07-23,2024.27,2130.9,1993.22,2124.25,708160.91322,32287.58,33650.0,31924.32,33634.09,50112.863626,82660080849,5523737729,10242335048.0,0.9996,17.2,113.4398,23.0,0.1,7.0,0.0,29.0,0.04806640590320617,0.040849756917323884,0.010174756064956927,0.9446848431003113,0.6854257783372948,0.40506340498482135,-0.3236630788596775,0,0,0,0,-0.00039999999999995595,0.00039999999999995595,0.23,0.12,0.175,-1.3274152915212818,-0.490000000000002,-0.00026177860642644395,0.0
2021-07-24,2124.26,2199.5,2105.58,2184.75,633075.18592,33634.1,34500.0,33401.14,34258.14,47977.550138,84737012961,5727065112,10490974966.0,0.9994,,,22.0,0.1,7.0,0.0,29.0,0.028082606624002943,0.01838406474345351,0.02481570794589041,0.9485010383311314,0.6808413012095904,0.39650147574396905,-0.30666931529666325,0,0,0,0,-0.0006000000000000449,0.0006000000000000449,0.22,0.12,0.16999999999999998,-1.3680090690786282,,,0.0
2021-07-25,2184.9,2197.41,2105.93,2189.79,535630.27,34261.51,35398.0,33851.12,35381.02,47852.928313,86313053352,5672852561,10592395082.0,0.9994,,,27.0,0.1,6.0,0.0,33.0,0.0023042432941544413,0.03225131745929758,0.01842834705867559,0.8797481937365176,0.602001624580762,0.39982353138331345,-0.2937739213568855,0,0,0,0,-0.0006000000000000449,0.0006000000000000449,0.27,0.13,0.2,-1.1244464037345505,,,0.0
2021-07-26,2189.82,2433.65,2171.57,2228.08,1393738.163,35381.02,40550.0,35205.78,37237.6,152452.512724,87800992796,5706719072,10692719502.0,0.9998,17.58,113.2238,26.0,0.1,6.0,0.0,33.0,0.01733457924346726,0.05114348533727734,0.01709196587001915,0.8804153622827203,0.6214083480621106,0.3815700013939854,-0.2815993823041527,0,0,0,0,-0.00019999999999997797,0.00019999999999997797,0.26,0.13,0.195,-1.165040181291897,,,0.0
2021-07-27,2227.81,2319.26,2150.5,2299.49,906359.23478,37241.33,39542.61,36383.0,39457.87,88397.267015,89650497102,5769063866,10932469572.0,0.9998,19.36,113.2227,32.0,0.1,6.0,0.0,33.0,0.03154713115377506,0.05791451692422995,0.02084593690623054,0.8449187811428048,0.6036545753533468,0.38489316950176533,-0.2664664664503577,0,0,0,0,-0.00019999999999997797,0.00019999999999997797,0.32,0.13,0.225,-0.9214775159478193,1.7800000000000011,-9.715319070990201e-06,0.0
2021-07-28,2299.47,2345.0,2243.15,2300.9,718202.57727,39456.61,40900.0,38772.0,40019.56,101344.528441,91023769286,5924559244,11162376218.0,0.9998,18.31,113.1807,50.0,0.1,6.0,0.0,33.0,0.0006129915264366464,0.014134814167452743,0.015201928399978467,0.8290200729511759,0.6034372844480788,0.3790914881332722,-0.25523015175922054,0,0,0,0,-0.00019999999999997797,0.00019999999999997797,0.5,0.13,0.315,-0.19078951991558707,-1.0500000000000007,-0.0003710191673958847,0.0
2021-07-29,2300.9,2400.0,2266.12,2382.92,499364.83496,40019.57,40640.0,39200.0,40016.48,53998.439283,91485928762,5943935394,11116172184.0,0.9998,17.7,112.4834,50.0,0.1,6.0,0.0,33.0,0.03502627568090282,-7.696532715802908e-05,0.005064503078765371,0.8274706330082269,0.5899899561172829,0.36824870735870285,-0.2514486950528732,0,0,0,0,-0.00019999999999997797,0.00019999999999997797,0.5,0.13,0.315,-0.19078951991558707,-0.6099999999999994,-0.006180001332035133,0.0
2021-07-30,2382.93,2471.7,2315.92,2461.81,762577.28797,40018.49,42316.71,38313.23,42206.37,73602.784805,92904098981,6131641494,11333653598.0,0.9996,18.24,112.6714,53.0,0.1,6.0,0.0,33.0,0.03257022532996052,0.05327978825254109,0.015382590920854275,0.8174449210968281,0.6055691877697849,0.3609226515864147,-0.23984501804554587,0,0,0,0,-0.00039999999999995595,0.00039999999999995595,0.53,0.13,0.33,-0.06900818724354824,0.5399999999999991,0.0016699625652289005,0.0
2021-07-31,2461.77,2553.86,2420.68,2531.05,507601.05026,42206.36,42448.0,41000.15,41461.83,44849.791012,94425471140,6285263050,11667373013.0,0.9994,,,60.0,0.1,6.0,0.0,33.0,0.02773738465118003,-0.017797912555153794,0.01624309080001648,0.7688618644354589,0.583719294668523,0.36215533831636876,-0.22739692760868402,0,0,0,0,-0.0006000000000000449,0.0006000000000000449,0.6,0.13,0.365,0.21514825565787524,,,0.0
2021-08-01,2531.1,2697.61,2511.24,2555.69,853495.94078,41461.84,42599.0,39422.01,39845.44,53953.186326,95492687235,6331734204,11956713357.0,0.9999,,,60.0,0.09,5.0,0.0,44.0,0.009688009499400239,-0.03976527538307319,0.011238812944777203,0.7667495805599107,0.6061209598987561,0.36163146375609645,-0.21866480878578753,0,0,0,0,-9.999999999998899e-05,9.999999999998899e-05,0.6,0.16333333333333333,0.38166666666666665,0.350460847515696,,,-0.010000000000000009
2021-08-02,2555.5,2666.0,2507.0,2606.93,726701.84952,39850.27,40480.01,38690.0,39147.82,50837.351954,95020996862,6266690639,11728856999.0,0.9999,19.46,112.6691,48.0,0.09,5.0,0.0,44.0,0.01985103789973777,-0.017663231962589804,-0.004951784319983064,0.7620934803772187,0.606763187300653,0.36325327301709265,-0.2225242486911165,0,0,0,0,-9.999999999998899e-05,9.999999999998899e-05,0.48,0.16333333333333333,0.32166666666666666,-0.13666448317245886,,,0.0
2021-08-03,2606.92,2632.44,2442.32,2509.04,792960.84375,39146.86,39780.0,37642.03,38207.05,57117.435853,94527727165,6397641095,11720124383.0,1.0,18.04,112.8228,48.0,0.09,5.0,0.0,44.0,-0.03827307394071198,-0.024324684058787516,-0.005204686162218848,0.7647568383890933,0.6125580021105312,0.3506557781382086,-0.22656025379459852,0,0,0,0,0.0,0.0,0.48,0.16333333333333333,0.32166666666666666,-0.13666448317245886,-1.4200000000000017,0.0013632420836703094,0.0
2021-08-04,2508.51,2772.71,2457.68,2724.78,954590.7536,38207.04,39969.66,37508.56,39723.18,52329.35243,94985510333,6197443098,11845211624.0,0.9999,17.97,112.8953,42.0,0.09,5.0,0.0,44.0,0.0824874810472735,0.03891484283709042,0.00483115654013923,0.7837412112948194,0.5988155022535206,0.3484046191881411,-0.222814604683021,0,0,0,0,-9.999999999998899e-05,9.999999999998899e-05,0.42,0.16333333333333333,0.29166666666666663,-0.3802271485165365,-0.07000000000000028,0.0006423942297335751,0.0
2021-08-05,2724.55,2843.98,2529.91,2826.99,1307720.20654,39723.17,41350.0,37332.7,40862.46,84343.755621,98384120258,6490600068,12423959019.0,0.9996,17.28,112.7674,50.0,0.09,5.0,0.0,44.0,0.03682485047539158,0.028276896761954197,0.03515505438603864,0.7716555496518142,0.6031250259837525,0.36419983788122606,-0.19500667914964973,0,0,0,0,-0.00039999999999995595,0.00039999999999995595,0.5,0.16333333333333333,0.33166666666666667,-0.0554769280577663,-0.6899999999999977,-0.0011335503270615017,0.0
2021-08-06,2827.01,2946.75,2720.06,2891.58,825399.48637,40862.46,43392.43,39853.86,42836.87,75753.941347,100614310706,6636305921,12782548303.0,0.9996,16.15,113.3088,52.0,0.09,5.0,0.0,44.0,0.02259052414762768,0.04718738719477047,0.022415089544064463,0.7729037359112174,0.6167720950881632,0.34967635622368604,-0.17675893337364101,0,0,0,0,-0.00039999999999995595,0.00039999999999995595,0.52,0.16333333333333333,0.3416666666666667,0.02571062705692625,-1.1300000000000026,0.004789544719560559,0.0
2021-08-07,2891.54,3171.0,2865.5,3160.31,1205277.10095,42836.87,44700.0,42446.41,44572.54,73396.740808,103199134084,6797639251,12792127968.0,0.9993,,,69.0,0.09,5.0,0.0,44.0,0.08886705851891687,0.03971879398871793,0.02536596126601472,0.7396468988799839,0.6112141567705804,0.35697438028286993,-0.1556095288822323,0,0,0,0,-0.0007000000000000339,0.0007000000000000339,0.69,0.16333333333333333,0.42666666666666664,0.715804845531812,,,0.0
2021-08-08,3160.48,3189.99,2949.03,3011.85,966349.70579,44572.54,45310.0,43261.0,43794.37,69329.092698,105875240899,7184593785,13375539623.0,0.9995,,,74.0,0.09,6.0,0.0,43.0,-0.04811561615229547,-0.01761270403291667,0.025600965931514334,0.7700661036922991,0.6150617486791166,0.3484502429771952,-0.13371322990321152,0,0,0,0,-0.0004999999999999449,0.0004999999999999449,0.74,0.16333333333333333,0.45166666666666666,0.9187737333185434,,,0.0
2021-08-09,3011.84,3186.0,2893.23,3160.52,1129584.61614,43794.36,46454.15,42779.0,46253.4,74587.884845,104890654782,6953674225,12958152995.0,0.9998,16.72,113.4521,65.0,0.09,6.0,0.0,43.0,0.048182063122100834,0.05462970446216788,-0.009343003771961072,0.7734650229252021,0.6318154526613,0.35073724518721716,-0.13875785543685595,0,0,0,0,-0.00019999999999997797,0.00019999999999997797,0.65,0.16333333333333333,0.4066666666666667,0.5534297353024273,,,0.0
2021-08-10,3160.51,3233.0,3051.22,3141.66,880675.74443,46248.87,46700.0,44589.46,45584.99,53814.643421,107495093983,7081551222,13463015202.0,0.9997,16.79,113.4973,71.0,0.09,6.0,0.0,43.0,-0.005985248375036194,-0.01455647910352678,0.024526784645960156,0.776424253086377,0.6363934469132969,0.355864202487446,-0.1096385549811014,0,0,0,0,-0.00029999999999996696,0.00029999999999996696,0.71,0.16333333333333333,0.43666666666666665,0.7969924006465046,0.07000000000000028,0.00039832668072815257,0.0
2021-08-11,3141.14,3274.0,3120.27,3160.5,732546.60433,45585.0,46743.47,45341.14,45511.0,52734.901977,107297329139,7077723854,13307164325.0,0.9994,16.06,113.282,70.0,0.09,6.0,0.0,43.0,0.005978920282418204,-0.0016244406865866849,-0.00184145136043075,0.7408323290379105,0.6175370794876185,0.3552717769236663,-0.0974052234984843,0,0,0,0,-0.0006000000000000449,0.0006000000000000449,0.7,0.16333333333333333,0.43166666666666664,0.7563986230891583,-0.7300000000000004,-0.0018987629354628094,0.0
2021-08-12,3160.4,3239.0,2979.29,3045.96,737628.45808,45510.67,46218.12,43770.0,44399.0,55266.108781,107850245070,7139617383,13400222701.0,0.9997,15.59,113.2691,70.0,0.09,6.0,0.0,43.0,-0.03691412051983386,-0.02473710831782772,0.005139887356825369,0.7320330978287082,0.6254673453219415,0.3377846821935478,-0.09275404499134215,0,0,0,0,-0.00029999999999996696,0.00029999999999996696,0.7,0.16333333333333333,0.43166666666666664,0.7563986230891583,-0.46999999999999886,-0.00011388159239960228,0.0
2021-08-13,3046.11,3327.83,3033.8,3322.32,579333.40323,44400.06,47886.0,44217.39,47800.0,48239.370431,108378512843,6951238979,13012294744.0,0.9994,15.45,113.0615,70.0,0.09,6.0,0.0,43.0,0.08684721165506971,0.07380869283538957,0.004886203196376635,0.7728527522189135,0.6628586840348938,0.32729034715004185,-0.06111963127557448,0,0,0,0,-0.0006000000000000449,0.0006000000000000449,0.7,0.16333333333333333,0.43166666666666664,0.7563986230891583,-0.14000000000000057,-0.001834485113548955,0.0
2021-08-14,3322.33,3330.98,3200.0,3263.16,486102.53787,47799.99,48144.0,45971.03,47068.51,46114.359022,112587995447,7377769177,13588360313.0,0.9994,,,76.0,0.09,6.0,0.0,43.0,-0.01796728302571902,-0.015421439567330678,0.03810524929923084,0.7575842697986221,0.6537319349525229,0.33315513288091747,-0.006594554101749785,0,0,0,0,-0.0006000000000000449,0.0006000000000000449,0.76,0.16333333333333333,0.46166666666666667,0.999961288433236,,,0.0
2021-08-15,3263.16,3320.0,3111.13,3307.09,565579.67765,47068.5,47372.27,45500.0,46973.82,42110.711334,112840507267,7471604463,13737015231.0,0.9992,,,71.0,0.09,5.0,0.0,36.0,0.013372597588089221,-0.002013774690601655,0.0022402839265691574,0.743638688544071,0.6478983598102097,0.3169175204046794,0.0,0,0,0,0,-0.0008000000000000229,0.0008000000000000229,0.71,0.13666666666666666,0.42333333333333334,0.6887423271602482,,,0.0
2021-08-16,3307.35,3335.0,3135.22,3146.53,635667.05422,46973.82,48053.83,45660.0,45901.29,52480.574014,113239113365,7467726663,13720659818.0,0.9998,16.12,113.1698,72.0,0.09,5.0,0.0,36.0,-0.049768390285118105,-0.023097203992741226,0.0035262489376292837,0.7811387877338646,0.6597094872160131,0.31106638472931053,0.0,0,0,0,0,-0.00019999999999997797,0.00019999999999997797,0.72,0.13666666666666666,0.42833333333333334,0.7293361047175945,,,0.0
2021-08-17,3147.18,3290.0,2991.89,3011.72,804996.06971,45901.3,47160.0,44376.0,44695.95,57039.341629,110693940384,7210922378,13277856088.0,1.0001,17.91,113.6174,72.0,0.09,5.0,0.0,36.0,-0.043788914213628044,-0.02661032775885209,-0.022732531377297666,0.8063491475117629,0.6736099389169287,0.3332134555409224,-0.022476094216635427,0,0,0,0,9.999999999998899e-05,9.999999999998899e-05,0.72,0.13666666666666666,0.42833333333333334,0.7293361047175945,1.7899999999999991,0.003947317848476721,0.0
2021-08-18,3011.73,3125.81,2950.0,3014.55,625103.25568,44695.95,46000.0,44203.28,44705.29,54099.415985,109364285770,6993208404,12690405574.0,0.9997,21.57,113.6959,73.0,0.09,5.0,0.0,36.0,0.0009392211792826106,0.00020894564849409231,-0.012084717932533892,0.7838245165934279,0.6583346695350012,0.33179035415447333,-0.03421810256064433,0,0,0,0,-0.00029999999999996696,0.00029999999999996696,0.73,0.13666666666666666,0.43333333333333335,0.7699298822749407,3.66,0.0006906767278518153,0.0
2021-08-19,3014.18,3188.0,2958.33,3184.12,634769.92174,44699.37,47033.0,43927.7,46760.62,53411.75392,110938365495,7064590208,12718873980.0,1.0,21.67,114.1106,70.0,0.09,5.0,0.0,36.0,0.054725390405797096,0.0449495565754806,0.0142904000791442,0.784096974586403,0.64521930907611,0.29939847403837466,-0.020317607597156586,0,0,0,0,0.0,0.0,0.7,0.13666666666666666,0.41833333333333333,0.6481485496029019,0.10000000000000142,0.003640813217257714,0.0
2021-08-20,3184.11,3300.0,3177.16,3284.82,558127.4554,46760.62,49382.99,46622.99,49322.47,56850.352228,114585789547,7172865285,13614196782.0,0.9999,18.56,114.5009,70.0,0.09,5.0,0.0,36.0,0.031135900200595323,0.05333836243326847,0.03234901484509533,0.7129118794821042,0.6226445602996137,0.3057346930081745,0.0,0,0,0,0,-9.999999999998899e-05,9.999999999998899e-05,0.7,0.13666666666666666,0.41833333333333333,0.6481485496029019,-3.110000000000003,0.0034145297083421657,0.0
2021-08-21,3284.81,3309.16,3207.0,3223.43,421156.09084,49322.47,49757.04,48222.0,48821.87,46745.136584,117219797239,7289007489,14305421984.0,0.9992,,,78.0,0.09,5.0,0.0,36.0,-0.01886584590860062,-0.010201389940111036,0.022726985169835772,0.7235762780055967,0.6276303616663477,0.2774369566006627,0.0,0,0,0,0,-0.0008000000000000229,0.0008000000000000229,0.78,0.13666666666666666,0.45833333333333337,0.9728987700616721,,,0.0
2021-08-22,3223.36,3272.0,3126.42,3238.0,406479.07654,48821.88,49500.0,48050.0,49239.22,37007.887795,116658474758,7252016376,14018082127.0,0.9993,,,76.0,0.09,5.0,0.0,33.0,0.004509845249292537,0.008512092205915797,-0.004800134309238071,0.7148018980488223,0.620169328572665,0.28351581415049515,-0.004788632075992393,0,0,0,0,-0.0007000000000000339,0.0007000000000000339,0.76,0.12666666666666665,0.44333333333333336,0.8511174373896333,,,0.0
2021-08-23,3238.0,3377.89,3230.02,3321.28,602103.44614,49239.22,50500.0,49029.0,49488.85,52462.541954,118330912156,7337955625,13900980746.0,0.9998,17.15,113.9418,79.0,0.09,5.0,0.0,33.0,0.025394395539343882,0.005056931265299252,0.014234392954397183,0.7141989849360888,0.6203755000442569,0.2796290343646674,0.0,0,0,0,0,-0.00019999999999997797,0.00019999999999997797,0.79,0.12666666666666665,0.45833333333333337,0.9728987700616721,,,0.0
2021-08-24,3321.28,3357.85,3147.31,3170.62,540480.07853,49488.85,49860.0,47600.0,47674.01,51014.594748,118141620237,7454674304,14314237717.0,0.9999,17.22,113.6795,79.0,0.09,5.0,0.0,33.0,-0.04642309843336153,-0.03736100600577641,-0.0016009636088840735,0.7438191533650325,0.6393702204461815,0.28176969380535305,-0.0015996827502728068,0,0,0,0,-9.999999999998899e-05,9.999999999998899e-05,0.79,0.12666666666666665,0.45833333333333337,0.9728987700616721,0.07000000000000028,-0.002304706247651357,0.0
2021-08-25,3170.63,3248.0,3080.0,3226.87,483697.69444,47674.01,49264.3,47126.28,48973.32,44655.830342,116567140939,7270973581,13517811100.0,0.9999,16.79,113.6322,73.0,0.09,5.0,0.0,33.0,0.017585474802417882,0.026889274355853948,-0.013416652263767884,0.7438408830595685,0.6251363784418691,0.29262271616711694,-0.014905413850564724,0,0,0,0,-9.999999999998899e-05,9.999999999998899e-05,0.73,0.12666666666666665,0.42833333333333334,0.7293361047175945,-0.4299999999999997,-0.0004161686414090469,0.0
2021-08-26,3226.88,3250.0,3053.3,3093.2,442298.47372,48973.32,49352.84,46250.0,46843.87,49371.277774,116005006606,7378740493,13764029104.0,0.9998,18.84,113.7883,75.0,0.09,5.0,0.0,33.0,-0.042306473411100186,-0.044455503018913885,-0.0048340735002777085,0.7641752366706981,0.6265696827978976,0.29373899634963274,-0.01965594203257449,0,0,0,0,-0.00019999999999997797,0.00019999999999997797,0.75,0.12666666666666665,0.43833333333333335,0.810523659832287,2.0500000000000007,0.001372787629213847,0.0
2021-08-27,3093.06,3280.0,3060.18,3273.45,451027.80711,46843.86,49149.93,46348.0,49069.9,42068.104965,115727469551,7188004792,13329090113.0,0.9995,16.39,113.3404,71.0,0.09,5.0,0.0,33.0,0.056638320858238035,0.04642565518730656,-0.0023953240590339174,0.7804346242131819,0.6419625983625682,0.29516356267537286,-0.022001373585017123,0,0,0,0,-0.0004999999999999449,0.0004999999999999449,0.71,0.12666666666666665,0.41833333333333333,0.6481485496029019,-2.4499999999999993,-0.003944024516518849,0.0
2021-08-28,3273.89,3287.0,3210.31,3244.48,262360.34921,49069.9,49299.0,48346.88,48895.35,26681.063786,119063702442,7516912711,13841562356.0,0.9995,,,78.0,0.09,5.0,0.0,33.0,-0.008889383828903476,-0.0035635122599486395,0.02842063800791737,0.7789821667619794,0.6425473312330459,0.30336510668822564,0.0,0,0,0,0,-0.0004999999999999449,0.0004999999999999449,0.78,0.12666666666666665,0.45333333333333337,0.9323049925043259,,,0.0
2021-08-29,3244.75,3285.0,3152.34,3223.47,335806.7827,48895.35,49632.27,47762.54,48767.83,32652.283473,118594634080,7471240389,13631996990.0,0.9994,,,72.0,0.09,5.0,0.0,41.0,-0.006496671711105125,-0.002611425769036323,-0.003947422825181891,0.7768329015320756,0.6207344003306943,0.3055567685139567,-0.003939641993146477,0,0,0,0,-0.0006000000000000449,0.0006000000000000449,0.72,0.15333333333333335,0.43666666666666665,0.7969924006465046,,,0.0
2021-08-30,3223.47,3347.95,3143.0,3229.64,625347.27541,48767.84,48888.61,46853.0,46982.91,40288.35083,117824279116,7494385463,13596008961.0,0.9998,16.19,113.246,73.0,0.09,5.0,0.0,41.0,0.001912256843651099,-0.03728695560163383,-0.0065168871642884325,0.7742050407989431,0.633266744948684,0.3082595379462585,-0.010409749575894177,0,0,0,0,-0.00019999999999997797,0.00019999999999997797,0.73,0.15333333333333335,0.44166666666666665,0.8375861782038508,,,0.0
2021-08-31,3229.14,3476.0,3188.77,3429.2,863071.13092,46982.91,48246.11,46700.0,47100.89,48645.52737,118092088549,7405565359,13817106649.0,0.9997,16.48,113.1076,73.0,0.09,5.0,0.0,41.0,0.0599563219078398,0.0025079782457921107,0.002270377004261757,0.7950571044064616,0.6132044638590924,0.30843356400180666,-0.008160454219650245,0,0,0,0,-0.00029999999999996696,0.00029999999999996696,0.73,0.15333333333333335,0.44166666666666665,0.8375861782038508,0.28999999999999915,-0.0012228656159825842,0.0
2021-09-01,3429.19,3842.0,3382.22,3826.82,845759.95868,47100.89,49156.0,46512.0,48810.52,49904.65528,122995117383,7673667826,14286048509.0,0.9995,16.11,112.8732,71.0,0.08,5.0,0.0,41.0,0.10970717328448963,0.03565396658703159,0.04067992697612863,0.8678047187733232,0.6159676224913081,0.32656443871708457,0.0,0,0,0,0,-0.0004999999999999449,0.0004999999999999449,0.71,0.15333333333333335,0.43166666666666664,0.7563986230891583,-0.370000000000001,-0.002074513268948183,-0.009999999999999995
2021-09-02,3826.82,3836.8,3717.04,3785.82,525165.7996,48810.51,50450.13,48584.06,49246.64,54410.770538,129519971539,7979090277,15342180726.0,0.9995,16.41,112.7863,74.0,0.08,5.0,0.0,41.0,-0.010771663031670611,0.008895278543618722,0.05169043111589407,0.8526039624812438,0.6052708459980806,0.355324307091092,0.0,0,0,0,0,-0.0004999999999999449,0.0004999999999999449,0.74,0.15333333333333335,0.44666666666666666,0.8781799557611971,0.3000000000000007,-0.0007701869790163152,0.0
2021-09-03,3785.82,4027.88,3705.05,3938.11,655903.75739,49246.63,51000.0,48316.84,49999.14,59025.644157,130154447216,7854641462,15395818621.0,0.9996,16.41,112.5476,74.0,0.08,5.0,0.0,41.0,0.03943840471242703,0.015164663339698799,0.004886711156572154,0.8215550216285618,0.5958260430284501,0.3553132081837339,0.0,0,0,0,0,-0.00039999999999995595,0.00039999999999995595,0.74,0.15333333333333335,0.44666666666666666,0.8781799557611971,0.0,-0.0021186345178063745,0.0
2021-09-04,3938.11,3970.0,3832.5,3885.52,364478.1193,49998.0,50535.69,49370.0,49915.64,34664.65959,132361784912,7947297058,15920688037.0,0.9996,,,72.0,0.08,5.0,0.0,41.0,-0.013444089791113096,-0.0016714247769793876,0.016817167461245456,0.8213616307057672,0.5919335238805837,0.34490263568225993,0.0,0,0,0,0,-0.00039999999999995595,0.00039999999999995595,0.72,0.15333333333333335,0.43666666666666665,0.7969924006465046,,,0.0
2021-09-05,3885.61,3980.0,3830.0,3950.29,365759.8597,49917.54,51900.0,49450.0,51756.88,40544.835873,133249814432,7913680283,15889850171.0,0.9993,,,73.0,0.08,5.0,1.0,40.0,0.016532170943003768,0.036222989665486205,0.006686702169541787,0.8205200296821207,0.5836654383116986,0.34206455358437127,0.0,0,0,0,0,-0.0007000000000000339,0.0007000000000000339,0.73,0.15333333333333335,0.44166666666666665,0.8375861782038508,,,0.0
2021-09-06,3950.28,3970.0,3864.3,3926.77,397768.5783,51756.88,52780.0,50969.33,52663.9,49249.667081,135149927254,8033714410,16253810259.0,0.9997,,,79.0,0.08,5.0,1.0,40.0,-0.005971788941050193,0.017372841164721087,0.014159064046530313,0.7715942975877661,0.5726652676014768,0.3376715905559512,0.0,0,0,0,0,-0.00029999999999996696,0.00029999999999996696,0.79,0.15333333333333335,0.4716666666666667,1.0811488435479286,,,0.0
2021-09-07,3926.67,3947.15,3005.0,3434.57,1203536.00209,52666.2,52920.0,42843.05,46863.73,123048.802719,129688536633,7954324563,16314484599.0,0.9995,18.14,112.9795,79.0,0.08,5.0,1.0,40.0,-0.1339254691106614,-0.11668618261666851,-0.04124903075335066,0.8969456781031098,0.7107460440664645,0.37475701253931887,-0.04040986726345693,0,0,0,0,-0.0004999999999999449,0.0004999999999999449,0.79,0.15333333333333335,0.4716666666666667,1.0811488435479286,,,0.0
2021-09-08,3434.84,3560.0,3215.16,3499.0,780611.7657,46868.57,47340.99,44412.02,46048.31,65069.3152,122741964531,7012140263,14060387797.0,1.0,17.96,113.2319,47.0,0.08,5.0,1.0,40.0,0.018585477497661956,-0.017552965928858206,-0.05505140124512115,0.8846096170456327,0.6880350939410926,0.42940998385098716,-0.09180887459658447,0,0,0,0,0.0,0.0,0.47,0.15333333333333335,0.31166666666666665,-0.2178520382871514,-0.17999999999999972,0.0022315418651874305,0.0
2021-09-09,3499.01,3567.06,3390.4,3424.93,628553.8831,46048.31,47399.97,45513.08,46395.14,50651.66002,123957495591,7070202461,14177575814.0,0.9998,18.8,113.043,45.0,0.08,5.0,1.0,40.0,-0.021396179836424688,0.007503649579212201,0.009854426888819559,0.8882911616943125,0.686521767787266,0.42413249769233907,-0.08281492924494889,0,0,0,0,-0.00019999999999997797,0.00019999999999997797,0.45,0.15333333333333335,0.3016666666666667,-0.2990395934018435,0.8399999999999999,-0.0016696508882210284,0.0
2021-09-10,3424.94,3514.11,3150.0,3208.86,633026.2659,46395.14,47033.0,44132.29,44850.91,49048.26618,123749621241,7020398795,14119323935.0,1.0,20.95,112.9425,46.0,0.08,5.0,1.0,40.0,-0.06516529967132847,-0.03385083421309653,-0.0016783885861404617,0.919287118885402,0.6969518185759853,0.42410098345563557,-0.08435303107173954,0,0,0,0,0.0,0.0,0.46,0.15333333333333335,0.3066666666666667,-0.2584458158444972,2.1499999999999986,-0.0008894376552961499,0.0
2021-09-11,3208.85,3348.37,3200.0,3267.21,413524.1761,44842.2,45987.93,44722.22,45173.69,30440.4081,121103768696,6698235732,13500145500.0,0.9999,,,31.0,0.08,5.0,1.0,40.0,0.01802067583050709,0.007170959564001218,-0.021612570162026057,0.911075965671044,0.6918462728680063,0.4339472430058606,-0.10393019695528012,0,0,0,0,-9.999999999998899e-05,9.999999999998899e-05,0.31,0.15333333333333335,0.2316666666666667,-0.8673524792046909,,,0.0
2021-09-12,3267.1,3474.16,3231.1,3404.21,408858.9595,45173.68,46460.0,44742.06,46025.24,32094.28052,124386763200,6817781064,13673566514.0,1.0,,,32.0,0.08,5.0,0.0,30.0,0.04107649122685121,0.018675103944809108,0.026747998895653692,0.8707348803699633,0.6434280060871054,0.44123457196761695,-0.07963869661410747,0,0,0,0,0.0,0.0,0.32,0.11666666666666665,0.21833333333333332,-0.9756025526909478,,,0.0
2021-09-13,3404.3,3430.3,3108.49,3285.35,647855.7199,46025.23,46880.0,43370.0,44940.73,65429.15056,125851882906,7073618049,14056500364.0,0.9998,19.37,113.0341,44.0,0.08,5.0,0.0,30.0,-0.03553970977302178,-0.023845431156868976,0.011709913480180925,0.8776348106066579,0.646425325942062,0.42532036134925383,-0.0687979974308481,0,0,0,0,-0.00019999999999997797,0.00019999999999997797,0.44,0.11666666666666665,0.2783333333333333,-0.4884772220027929,,,0.0
2021-09-14,3285.09,3437.05,3269.95,3434.37,373634.9026,44940.72,47250.0,44594.44,47111.52,44855.85099,124540201292,6857536832,13599445470.0,0.9997,19.46,113.0061,30.0,0.08,5.0,0.0,30.0,0.044360311577683144,0.047173046597374216,-0.010477117252211862,0.8900453075568654,0.668368839374358,0.42817800350770735,-0.07850337900707961,0,0,0,0,-0.00029999999999996696,0.00029999999999996696,0.3,0.11666666666666665,0.20833333333333331,-1.0567901078056403,0.08999999999999986,-0.00024774354422975136,0.0
2021-09-15,3434.37,3616.16,3357.78,3613.55,428507.5278,47103.28,48500.0,46682.32,48121.41,43204.71174,129514481707,7123162131,14238495908.0,0.9998,18.18,112.9773,49.0,0.08,5.0,0.0,30.0,0.05085716590548916,0.021209635319469546,0.03916413701368155,0.886635733610359,0.6668822036227213,0.4460965421151148,-0.041697732743938336,0,0,0,0,-0.00019999999999997797,0.00019999999999997797,0.49,0.11666666666666665,0.30333333333333334,-0.2855083342160616,-1.2800000000000011,-0.00025488597973061055,0.0
2021-09-16,3613.55,3676.28,3481.14,3567.98,467985.4919,48121.4,48557.0,47021.1,47737.82,40725.08895,131765440134,7393674076,14766020180.0,0.9997,18.69,113.3036,53.0,0.08,5.0,0.0,30.0,-0.012691059324419891,-0.00800323656818104,0.017230670482273093,0.8717795608223692,0.6601082622285894,0.4371059902148621,-0.0250424634978842,0,0,0,0,-0.00029999999999996696,0.00029999999999996696,0.53,0.11666666666666665,0.32333333333333336,-0.12313322398667646,0.5100000000000016,0.0028840280038646094,0.0
2021-09-17,3567.97,3594.17,3350.07,3399.81,398888.3705,47737.81,48150.0,46699.56,47299.98,34461.92776,130202942998,7348472697,14451448017.0,1.0,20.81,113.5989,48.0,0.08,5.0,0.0,30.0,-0.048280061613189144,-0.009214083189828333,-0.011929040032594457,0.8918014537162929,0.6612822851297705,0.43702611124069674,-0.03660367679445854,0,0,0,0,0.0,0.0,0.48,0.11666666666666665,0.29833333333333334,-0.32610211177340787,2.1199999999999974,0.002602881561210171,0.0
2021-09-18,3399.89,3541.96,3368.88,3435.64,315162.7627,47299.98,48843.2,47035.56,48292.74,30906.47038,129319423464,7175547749,14061702019.0,0.9999,,,50.0,0.08,5.0,0.0,30.0,0.010483677933386986,0.02077136613693967,-0.006808838555177027,0.8732941133442064,0.6466791595740095,0.43807077011912776,-0.04314100575904998,0,0,0,0,-9.999999999998899e-05,9.999999999998899e-05,0.5,0.11666666666666665,0.30833333333333335,-0.24491455665871528,,,0.0
2021-09-19,3435.64,3456.53,3277.74,3328.62,312948.0013,48292.75,48372.83,46829.18,47241.75,29847.24349,129540307067,7252574256,14147424170.0,1.0,,,53.0,0.08,5.0,1.0,32.0,-0.031645421956531194,-0.0220032032815168,0.0017065895584163582,0.874869484463284,0.6230060867803952,0.4269890178840186,-0.04150664599661465,0,0,0,0,0.0,0.0,0.53,0.12666666666666665,0.32833333333333337,-0.08253944642933018,,,0.0
2021-09-20,3328.57,3347.82,2913.39,2977.28,917939.57849,47241.75,47347.25,42500.0,43015.62,78003.524443,122152852336,7139915229,13731642034.0,1.0004,25.71,113.9422,50.0,0.08,5.0,1.0,32.0,-0.1115476716565549,-0.09371472997414354,-0.058718935669488485,0.9565311901803651,0.7010121945001868,0.47414651216267517,-0.09616782770125634,0,0,0,0,0.00039999999999995595,0.00039999999999995595,0.5,0.12666666666666665,0.31333333333333335,-0.204320779101369,,,0.0
2021-09-21,2977.32,3105.83,2652.0,2765.9,971519.88941,43016.64,43639.0,39600.0,40734.38,84534.080485,112883192373,6507259442,12216230570.0,1.0002,24.36,113.8179,27.0,0.08,5.0,1.0,32.0,-0.07364405272892738,-0.054490852225822076,-0.07891956025783531,0.9875144486719565,0.7207766843522682,0.5506127782513749,-0.16475580367240616,0,0,0,0,0.00019999999999997797,0.00019999999999997797,0.27,0.12666666666666665,0.19833333333333333,-1.1379776629203326,-1.3500000000000014,-0.0010914994535094376,0.0
2021-09-22,2766.72,3088.88,2737.54,3076.92,677457.64825,40734.09,44000.55,40565.39,43543.61,58349.05542,115426717205,6170312913,11915575403.0,0.9994,20.87,113.6223,21.0,0.08,5.0,1.0,32.0,0.10656301735282846,0.06669051131367976,0.02228225725248811,1.057337240333793,0.7637986491300869,0.5541373961646688,-0.14593577998700888,0,0,0,0,-0.0006000000000000449,0.0006000000000000449,0.21,0.12666666666666665,0.16833333333333333,-1.38154032826441,-3.4899999999999984,-0.0017200129811936386,0.0
2021-09-23,3076.92,3174.5,3033.85,3152.5,459293.8858,43546.37,44978.0,43069.09,44865.26,48699.57655,121654169073,6717620183,12857960610.0,0.9995,18.63,113.513,27.0,0.08,5.0,1.0,32.0,0.02426669220503795,0.029900811262542855,0.052546494171693284,1.0491356146383375,0.7631499995921696,0.5845401004830744,-0.09985767995003171,0,0,0,0,-0.0004999999999999449,0.0004999999999999449,0.27,0.12666666666666665,0.19833333333333333,-1.1379776629203326,-2.240000000000002,-0.00096242203159651,0.0
2021-09-24,3152.41,3158.52,2733.0,2928.53,932090.8856,44865.26,45200.0,40675.0,42810.57,84113.426292,121391354572,6883589227,13235375967.0,0.9993,17.75,113.7597,33.0,0.08,5.0,1.0,32.0,-0.07369519820941212,-0.04687874118217047,-0.0021626779995313245,1.0775964368021356,0.771307815495208,0.5823663781592446,-0.10180229439666821,0,0,0,0,-0.0007000000000000339,0.0007000000000000339,0.33,0.12666666666666665,0.22833333333333333,-0.8944149975762553,-0.879999999999999,0.0021709611131727918,0.0
2021-09-25,2928.22,2967.52,2801.57,2921.73,491974.0226,42810.58,42966.84,41646.28,42670.64,33594.57189,118938627043,6545866940,12651855734.0,0.9994,,,28.0,0.08,5.0,1.0,32.0,-0.002324684052454036,-0.00327393879868255,-0.02041204075294631,1.0683345596913278,0.7577020559658423,0.5869657531643103,-0.11995049157912291,0,0,0,0,-0.0006000000000000449,0.0006000000000000449,0.28,0.12666666666666665,0.20333333333333334,-1.0973838853629865,,,0.0
2021-09-26,2921.84,3115.51,2738.17,3059.37,703594.478,42670.63,43950.0,40750.0,43160.9,49879.99765,119221088475,6577330975,12698024998.0,0.9995,,,27.0,0.08,4.0,0.0,28.0,0.04603310581959574,0.011423896898211428,0.0023720347820022913,1.061640019461748,0.7384937310935689,0.5868713323682458,-0.11786050575568148,0,0,0,0,-0.0004999999999999449,0.0004999999999999449,0.27,0.10666666666666666,0.18833333333333335,-1.219165218035025,,,0.0
2021-09-27,3059.36,3164.94,2922.71,2925.59,510130.7319,43160.9,44350.0,42098.0,42147.35,39776.84383,120142546959,6762910492,13000079788.0,0.9998,18.76,113.7432,26.0,0.08,4.0,0.0,28.0,-0.0447128426697441,-0.023763181042317418,0.007699273402481303,1.071763191403847,0.7416026635433715,0.5790809443696084,-0.11104245928889932,0,0,0,0,-0.00019999999999997797,0.00019999999999997797,0.26,0.10666666666666666,0.18333333333333335,-1.2597589955923714,,,0.0
2021-09-28,2924.76,2970.82,2789.0,2804.91,511325.4643,42147.35,42787.38,40888.0,41026.54,43372.2624,116845100463,6564255522,12397332242.0,1.0,23.25,114.2469,25.0,0.08,4.0,0.0,28.0,-0.042124716846513546,-0.026952637413386934,-0.02782979915782021,1.0802100750414236,0.7454864671992859,0.5872206361252161,-0.13544089266580228,0,0,0,0,0.0,0.0,0.25,0.10666666666666666,0.17833333333333334,-1.3003527731497175,4.489999999999998,0.004418620102611281,0.0
2021-09-29,2805.15,2950.0,2782.0,2850.45,411305.0893,41025.01,42590.0,40753.88,41524.28,33511.53487,115332417039,6360946577,12049659239.0,1.0002,22.56,114.7092,24.0,0.08,4.0,0.0,28.0,0.01610542365492962,0.012059142038448096,-0.013030588355067376,1.0824252177817841,0.7390649266350245,0.5884994499135259,-0.14663352483908546,0,0,0,0,0.00019999999999997797,0.00019999999999997797,0.24,0.10666666666666666,0.17333333333333334,-1.340946550707064,-0.6900000000000013,0.004038334233253031,0.0
2021-09-30,2850.45,3048.42,2837.19,3000.61,506896.7612,41524.29,44141.37,41410.17,43824.1,46381.22781,117920767099,6491019170,12284164242.0,1.0001,23.14,114.6403,20.0,0.08,4.0,0.0,28.0,0.05133872477868343,0.053905577976211407,0.02219439205968903,1.076400820986117,0.7661129345810932,0.5938496380193399,-0.12748183077168526,0,0,0,0,9.999999999998899e-05,9.999999999998899e-05,0.2,0.10666666666666666,0.15333333333333332,-1.503321660936449,0.5800000000000018,-0.0006008297560946823,0.0
2021-10-01,3000.62,3330.0,2969.07,3309.91,648714.6151,43820.01,48495.0,43283.03,48141.61,66244.87492,122840240151,6713972166,12729392560.0,0.9995,21.15,114.3798,27.0,0.08,4.0,0.0,28.0,0.09810539735495885,0.09396298154418624,0.04087171689175285,1.061573015169816,0.8271366658681252,0.5940155460144777,-0.09108171460473852,0,0,0,0,-0.0004999999999999449,0.0004999999999999449,0.27,0.10666666666666666,0.18833333333333335,-1.219165218035025,-1.990000000000002,-0.0022749104759393593,0.0
2021-10-02,3309.91,3469.0,3257.0,3387.76,422551.1811,48141.6,48336.59,47430.18,47634.9,30508.98131,127844856776,7161543447,13703092242.0,0.9994,,,54.0,0.08,4.0,0.0,28.0,0.023247937341022602,-0.01058119005719298,0.0399328217866951,1.0658030134128806,0.8271539680145995,0.5824305040735727,-0.05405160495773625,0,0,0,0,-0.0006000000000000449,0.0006000000000000449,0.54,0.10666666666666666,0.32333333333333336,-0.12313322398667646,,,0.0
2021-10-03,3387.77,3488.0,3342.51,3417.73,360586.8905,47634.89,49228.08,47088.0,48200.01,30825.05601,129970018522,7291533965,14165501667.0,0.9995,,,49.0,0.08,5.0,0.0,31.0,0.008807651981751716,0.01179354266560912,0.016486324755659816,1.0555032364858894,0.8264024250465476,0.5851631416876835,-0.03832712926485642,0,0,0,0,-0.0004999999999999449,0.0004999999999999449,0.49,0.12,0.305,-0.2719770750302796,,,0.0
2021-10-04,3417.73,3437.19,3270.0,3386.31,485204.642,48200.01,49536.12,46891.0,49224.94,46796.49372,130388962620,7287895380,14317962878.0,0.9996,22.96,114.2739,54.0,0.08,5.0,0.0,31.0,-0.00923575503416948,0.02104117710619458,0.003218206322215977,1.0551676722958907,0.8300361960075485,0.5821450802469545,-0.03522728225411672,0,0,0,0,-0.00039999999999995595,0.00039999999999995595,0.54,0.12,0.33,-0.06900818724354824,,,0.0
2021-10-05,3386.31,3545.0,3363.78,3515.27,393900.8818,49224.93,51886.3,49022.4,51471.99,52125.66793,131380953221,7223779504,14781056244.0,0.9993,21.3,114.3654,59.0,0.08,5.0,0.0,31.0,0.03737550299278515,0.04463737058465869,0.007579139462333629,1.062894000648978,0.8352199044668119,0.5822920616536026,-0.02788735524745501,0,0,0,0,-0.0007000000000000339,0.0007000000000000339,0.59,0.12,0.355,0.13396070054318268,-1.6600000000000001,0.0008003873777143284,0.0
2021-10-06,3515.48,3632.11,3342.0,3574.89,618265.5402,51471.99,55750.0,50382.41,55315.0,79877.545181,132998574450,7410456919,15618261085.0,0.9996,21.0,114.7185,68.0,0.08,5.0,0.0,31.0,0.016818070473447688,0.07200634327060802,0.012237266855412005,1.0653018150479372,0.8706622454249285,0.5817226496404778,-0.01591826830921455,0,0,0,0,-0.00039999999999995595,0.00039999999999995595,0.68,0.12,0.4,0.49930469855929915,-0.3000000000000007,0.003082715805255241,0.0
2021-10-07,3574.88,3653.98,3470.8,3587.47,486102.3591,55315.0,55332.31,53357.0,53785.22,54917.37766,134347417713,7485323260,15910404796.0,0.9997,19.54,114.5044,76.0,0.08,5.0,0.0,31.0,0.003512812239617455,-0.02804541125150523,0.010090704538064143,0.9550804082502857,0.7678759322675379,0.563784552826486,-0.005937920628634658,0,0,0,0,-0.00029999999999996696,0.00029999999999996696,0.76,0.12,0.44,0.8240549190180689,-1.4600000000000009,-0.0018680512484621512,0.0
2021-10-08,3587.47,3695.0,3532.0,3563.13,403597.1437,53785.22,56100.0,53617.61,53951.43,46160.25785,136731549626,7520032987,15053168696.0,0.9999,18.77,114.5986,74.0,0.08,5.0,0.0,31.0,-0.006807846616126461,0.00308548914159256,0.017590397450175484,0.9534526203564962,0.7637480825845955,0.52842969372095,0.0,0,0,0,0,-9.999999999998899e-05,9.999999999998899e-05,0.74,0.12,0.43,0.7428673639033764,-0.7699999999999996,0.0008223375975739108,0.0
2021-10-09,3563.13,3635.0,3538.07,3574.82,361906.7514,53955.67,55489.0,53661.67,54949.72,55177.08013,137426672339,7517033592,14919306596.0,0.9998,,,72.0,0.08,5.0,0.0,31.0,0.0032754531627249253,0.018334387918285084,0.005070971044330228,0.9501650680640503,0.7650782000011553,0.527980084396672,0.0,0,0,0,0,-0.00019999999999997797,0.00019999999999997797,0.72,0.12,0.42,0.6616798087886838,,,0.0
2021-10-10,3574.83,3604.0,3405.0,3414.22,580223.6302,54949.72,56561.31,54080.0,54659.0,89237.836128,138359501178,7512137361,14917646599.0,0.9997,,,71.0,0.08,4.0,0.0,34.0,-0.04596576239303148,-0.005304699876692706,0.006764896039459559,0.9354753900790368,0.7529152309449795,0.5277715511198836,0.0,0,0,0,0,-0.00029999999999996696,0.00029999999999996696,0.71,0.12666666666666665,0.41833333333333333,0.6481485496029019,,,0.0
2021-10-11,3414.22,3623.8,3371.0,3542.12,493521.882,54659.01,57839.04,54415.06,57471.35,52933.165751,135451945126,7280394305,14670869816.0,0.9999,20.0,,71.0,0.08,4.0,0.0,34.0,0.03677635511606598,0.05017267734198954,-0.021238449914795177,0.941767441732428,0.7681182505519789,0.5275471020902225,-0.02101450227302727,0,0,0,0,-9.999999999998899e-05,9.999999999998899e-05,0.71,0.12666666666666665,0.41833333333333333,0.6481485496029019,,,0.0
2021-10-12,3542.12,3547.11,3403.21,3491.46,409377.1918,57471.35,57680.0,53879.0,55996.93,53471.2855,137612989929,7401237434,15020474419.0,1.0,19.85,114.7542,78.0,0.08,4.0,0.0,34.0,-0.014405431106841837,-0.02598969495671528,0.0158283956967947,0.9331510679292498,0.7760825661505155,0.5229056159815644,-0.005395446229887824,0,0,0,0,0.0,0.0,0.78,0.12666666666666665,0.45333333333333337,0.9323049925043259,-0.14999999999999858,,0.0
2021-10-13,3491.43,3613.0,3412.7,3607.42,393463.1222,55996.91,57777.0,54167.19,57367.0,55808.44492,138674751566,7352299126,14848105631.0,1.0002,18.64,114.4705,70.0,0.08,4.0,0.0,34.0,0.03267284855359334,0.024172357303921338,0.007685949858721296,0.9300048575819029,0.770475886258569,0.5222856930652086,0.0,0,0,0,0,0.00019999999999997797,0.00019999999999997797,0.7,0.12666666666666665,0.41333333333333333,0.6075547720455556,-1.2100000000000009,-0.002475301700517165,0.0
2021-10-14,3607.41,3824.0,3586.04,3790.82,481894.1473,57370.83,58532.54,56818.05,57347.94,43053.336781,142028106295,7544163813,15320329571.0,0.9999,16.86,114.2053,70.0,0.08,4.0,0.0,34.0,0.04958951913336564,-0.00033230196825961595,0.02389369521429603,0.9330973239445777,0.7578988383303924,0.5246832386673592,0.0,0,0,0,0,-9.999999999998899e-05,9.999999999998899e-05,0.7,0.12666666666666665,0.41333333333333333,0.6075547720455556,-1.7800000000000011,-0.0023194419251518334,0.0
2021-10-15,3790.82,3907.77,3734.1,3868.99,504321.732,57347.94,62933.0,56850.0,61672.42,82512.908022,144894637874,7731522664,15966815093.0,1.0003,16.3,114.0905,71.0,0.08,4.0,0.0,34.0,0.020411136536652923,0.07269990621610015,0.019981873271121026,0.9195076984696798,0.7909887485498296,0.5128092014880106,0.0,0,0,0,0,0.00029999999999996696,0.00029999999999996696,0.71,0.12666666666666665,0.41833333333333333,0.6481485496029019,-0.5599999999999987,-0.0010057128486487179,0.0
2021-10-16,3868.38,3971.0,3803.56,3829.96,373727.8549,61672.42,62378.42,60150.0,60875.57,35467.88096,147392085801,7848502204,16811744093.0,1.0,,,78.0,0.08,4.0,0.0,34.0,-0.010139131794052639,-0.013004884546981205,0.017089443384555817,0.9190278208448783,0.792474899461239,0.5127626758790658,0.0,0,0,0,0,0.0,0.0,0.78,0.12666666666666665,0.45333333333333337,0.9323049925043259,,,0.0
2021-10-17,3829.96,3919.19,3640.0,3846.85,368898.9831,60875.57,61718.39,58963.0,61528.33,39099.24124,147651984390,7840945378,16796477317.0,1.0002,,,79.0,0.08,5.0,0.0,40.0,0.004400272314298231,0.010665774343540647,0.0017617615975443854,0.9006783689863591,0.7900371226197597,0.5097131433475187,0.0,0,0,0,0,0.00019999999999997797,0.00019999999999997797,0.79,0.15,0.47000000000000003,1.0676175843621465,,,0.0
2021-10-18,3847.0,3893.14,3676.0,3744.96,401819.9734,61528.32,62695.78,59844.45,62009.84,51798.44844,148036623054,7910928623,16848915691.0,1.0,16.31,113.9899,78.0,0.08,5.0,0.0,40.0,-0.026843695583821218,0.007795362977312687,0.0026016482966962563,0.9067481830135574,0.7888510141908349,0.5082115463723461,0.0,0,0,0,0,0.0,0.0,0.78,0.15,0.465,1.0270238068048003,,,0.0
2021-10-19,3744.96,3886.89,3732.0,3877.03,341268.3723,62005.6,64486.0,61322.22,64280.59,53628.107744,145967701193,7763808770,16557167233.0,1.0,15.7,113.647,75.0,0.08,5.0,0.0,40.0,0.03465846059629758,0.035964637291379095,-0.014074323691159825,0.9044701220821919,0.7867031543115075,0.5122703388519245,-0.013975743422931971,0,0,0,0,0.0,0.0,0.75,0.15,0.45,0.9052424741327615,-0.6099999999999994,-0.003012694860596868,0.0
2021-10-20,3876.98,4169.0,3828.05,4161.15,537383.09732,64280.59,67000.0,63481.4,66001.41,51428.934856,149243785217,7976971776,17104998623.0,0.9997,15.49,113.5083,82.0,0.08,5.0,0.0,40.0,0.0707220817771679,0.0264183860137485,0.02219573878957446,0.8289425738823274,0.6928555837028325,0.46300374489455404,0.0,0,0,0,0,-0.00029999999999996696,0.00029999999999996696,0.82,0.15,0.485,1.189398917034185,-0.20999999999999908,-0.0012211911167120076,0.0
2021-10-21,4161.37,4375.0,4013.13,4052.99,798566.55805,66001.4,66639.74,62000.0,62193.15,68538.64537,156622946347,8321242879,18970929597.0,1.0002,15.01,113.6188,84.0,0.08,5.0,0.0,40.0,-0.026336598042769006,-0.05943124037142096,0.04826018990101922,0.7831903829681242,0.6992117507697092,0.37031619178397074,0.0,0,0,0,0,0.00019999999999997797,0.00019999999999997797,0.84,0.15,0.495,1.2705864721488775,-0.4800000000000004,0.0009730235512909296,0.0
2021-10-22,4053.0,4167.41,3888.0,3972.2,463222.5428,62193.15,63732.39,60000.0,60688.22,52119.35886,154212608739,8142107718,18695449574.0,1.0004,15.43,113.67,75.0,0.08,5.0,0.0,40.0,-0.020134782952406817,-0.024495255024330125,-0.015509074697899134,0.7137576440743388,0.685098340268706,0.3790750121547489,-0.015389428332294735,0,0,0,0,0.00039999999999995595,0.00039999999999995595,0.75,0.15,0.45,0.9052424741327615,0.41999999999999993,0.00045052814627070015,0.0
2021-10-23,3972.19,4172.0,3937.51,4167.12,326576.9601,60688.23,61747.64,59562.15,61286.75,27626.93678,152569962444,8044946314,18251284840.0,1.0002,,,74.0,0.08,5.0,0.0,40.0,0.04790505233930084,0.009814059457965237,-0.010708965552539279,0.7249981653831796,0.6817223345814302,0.352259039999324,-0.02587733149918254,0,0,0,0,0.00019999999999997797,0.00019999999999997797,0.74,0.15,0.445,0.8646486965754152,,,0.0
2021-10-24,4167.13,4186.57,3961.5,4082.33,350115.8386,61286.75,61500.0,59510.63,60852.22,31226.57676,156691888018,8302334759,19104588271.0,1.0001,,,73.0,0.08,5.0,0.0,41.0,-0.020557245877644018,-0.007115367573461971,0.026658119458640432,0.6700448424127904,0.6531868985471235,0.3565775072109127,0.0,0,0,0,0,9.999999999998899e-05,9.999999999998899e-05,0.73,0.15333333333333335,0.44166666666666665,0.8375861782038508,,,0.0
2021-10-25,4082.33,4236.0,4067.71,4220.37,347438.6534,60852.22,63710.63,60650.0,63078.78,36853.83806,155674598845,8200708500,18938803269.0,1.0003,15.24,113.605,72.0,0.08,5.0,0.0,41.0,0.03325489808536082,0.03593611946449075,-0.006513456547562161,0.6725796203146517,0.6561685990372821,0.34551340977091755,-0.006492289970257674,0,0,0,0,0.00029999999999996696,0.00029999999999996696,0.72,0.15333333333333335,0.43666666666666665,0.7969924006465046,,,0.0
2021-10-26,4220.36,4297.0,4090.21,4131.52,414498.1599,63078.78,63293.48,59817.55,60328.81,40217.50083,159621484836,8429075442,19442451181.0,0.9998,15.98,113.674,76.0,0.08,5.0,0.0,41.0,-0.021277423925354973,-0.044574653976376374,0.02503736884230583,0.6710140582334473,0.6862744800541279,0.3490905136005013,0.0,0,0,0,0,-0.00019999999999997797,0.00019999999999997797,0.76,0.15333333333333335,0.45666666666666667,0.9593675108758897,0.7400000000000002,0.0006071832603967589,0.0
2021-10-27,4131.52,4307.0,3909.0,3922.0,704604.25,60328.81,61496.0,58000.0,58413.44,62124.49016,158214210305,8325756960,19134021953.0,0.9994,16.98,113.6218,73.0,0.08,5.0,0.0,41.0,-0.052043650230062355,-0.03226376706842764,-0.008855416486277471,0.6789792209661205,0.6923331783675601,0.35502643641466086,-0.008816322767864721,0,0,0,0,-0.0006000000000000449,0.0006000000000000449,0.73,0.15333333333333335,0.44166666666666665,0.8375861782038508,1.0,-0.0004593133785818606,0.0
2021-10-28,3921.99,4295.0,3890.17,4286.02,626378.5055,58413.44,62499.0,57820.0,60575.89,61056.35301,152409267884,8084547416,18471085069.0,0.9995,16.53,113.4389,66.0,0.08,5.0,0.0,41.0,0.0887568356219197,0.03635095878154798,-0.03738042194566799,0.7060130066592413,0.6839562589710962,0.3688497252360059,-0.04518324685057311,0,0,0,0,-0.0004999999999999449,0.0004999999999999449,0.66,0.15333333333333335,0.4066666666666667,0.5534297353024273,-0.4499999999999993,-0.0016110233039724948,0.0
2021-10-29,4286.01,4460.47,4265.97,4418.89,559231.07691,60575.9,62980.0,60174.81,62253.71,43973.90414,159322798801,8595263780,19282587248.0,1.0,16.26,114.1349,70.0,0.08,5.0,0.0,41.0,0.03052996993308751,0.027321172837900806,0.044362871035194686,0.7083093089871438,0.6857643955945418,0.38013818146440365,-0.001871214487867214,0,0,0,0,0.0,0.0,0.7,0.15333333333333335,0.42666666666666664,0.715804845531812,-0.2699999999999996,0.006116716159972714,0.0
2021-10-30,4418.89,4434.06,4232.2,4322.68,340223.069,62253.7,62359.25,60673.0,61859.19,31478.12566,156958490039,8892659634,15166238932.0,0.9995,,,73.0,0.08,5.0,0.0,41.0,-0.02201295305292249,-0.006357458874696461,-0.014950949592023062,0.7066498255045839,0.6731721522455009,0.38808569485067473,-0.016683185222440715,0,0,0,0,-0.0004999999999999449,0.0004999999999999449,0.73,0.15333333333333335,0.44166666666666665,0.8375861782038508,,,0.0
2021-10-31,4322.68,4399.14,4164.35,4287.21,412856.2893,61859.19,62405.3,59945.36,61299.8,39267.63794,154267236142,8812269785,13506029924.0,0.9994,,,74.0,0.08,5.0,0.0,44.0,-0.008239408555731416,-0.009084092793678443,-0.01729497758966192,0.6378876517108029,0.6069782978618253,0.3819524754089324,-0.033543408642646814,0,0,0,0,-0.0006000000000000449,0.0006000000000000449,0.74,0.16333333333333333,0.45166666666666666,0.9187737333185434,,,0.0
2021-11-01,4287.48,4386.58,4146.3,4319.43,417620.7073,61299.81,62437.74,59405.0,60911.11,44687.66672,156675882909,8829297998,13504038460.0,0.9994,16.41,114.2067,74.0,0.08,5.0,0.0,44.0,0.007487277385632659,-0.006360992003154558,0.015492833240307147,0.6357050903594095,0.6055242726364248,0.36504704892599393,-0.018453668251654228,0,0,0,0,-0.0006000000000000449,0.0006000000000000449,0.74,0.16333333333333333,0.45166666666666666,0.9187737333185434,,,0.0
2021-11-02,4319.43,4599.6,4284.43,4589.89,468184.79301,60911.12,64270.0,60624.68,63219.99,46368.2841,158673348529,8913978524,13738200517.0,0.9992,16.03,114.2847,73.0,0.08,5.0,0.0,44.0,0.06073260953753246,0.03720496031871912,0.012668445869858555,0.6617036198345304,0.6138550479879863,0.36401063258638183,-0.005939904067263528,0,0,0,0,-0.0008000000000000229,0.0008000000000000229,0.73,0.16333333333333333,0.44666666666666666,0.8781799557611971,-0.379999999999999,0.0006827390705283399,0.0
2021-11-03,4589.68,4665.87,4455.0,4603.35,448658.35125,63220.57,63500.0,60382.76,62896.48,43336.09049,164592036806,9262985545,15257664508.0,0.9995,15.1,114.3593,76.0,0.08,5.0,0.0,44.0,0.00292824066767199,-0.005130348313391929,0.03662223075393451,0.6586457503586817,0.6142039795377262,0.3784082063218579,0.0,0,0,0,0,-0.0004999999999999449,0.0004999999999999449,0.76,0.16333333333333333,0.46166666666666667,0.999961288433236,-0.9300000000000015,0.0006525428408104561,0.0
2021-11-04,4603.35,4606.65,4420.08,4532.32,368218.25695,62896.49,63086.31,60677.01,61395.01,35930.93314,167046106857,9326285671,15422641626.0,0.9992,15.44,114.3558,73.0,0.08,5.0,0.0,44.0,-0.0155503496356356,-0.024161638804099172,0.014799955267016336,0.6570662256227487,0.6096547556554534,0.37920096584811247,0.0,0,0,0,0,-0.0008000000000000229,0.0008000000000000229,0.73,0.16333333333333333,0.44666666666666666,0.8781799557611971,0.33999999999999986,-3.060576236789513e-05,0.0
2021-11-05,4532.31,4570.05,4438.8,4474.24,305651.7244,61395.01,62595.72,60721.0,60937.12,31604.48749,167332808402,9152349063,15501276625.0,0.9992,16.48,114.0732,73.0,0.08,5.0,0.0,44.0,-0.012897444774280788,-0.007486048650989339,0.0017148307035758715,0.660481130867387,0.5623463916443433,0.37949918203957905,0.0,0,0,0,0,-0.0008000000000000229,0.0008000000000000229,0.73,0.16333333333333333,0.44666666666666666,0.8781799557611971,1.040000000000001,-0.0024742930554006288,0.0
2021-11-06,4474.24,4530.0,4326.17,4518.0,322154.0973,60940.18,61560.49,60050.0,61470.61,25590.57408,166702058317,9131419015,15495705851.0,0.9993,,,71.0,0.08,5.0,0.0,44.0,0.009732913144382904,0.008716661568431403,-0.003776556865825503,0.6603672275169191,0.5511236556403546,0.3814564326681932,-0.003769434643591753,0,0,0,0,-0.0007000000000000339,0.0007000000000000339,0.71,0.16333333333333333,0.43666666666666665,0.7969924006465046,,,0.0
2021-11-07,4518.0,4637.98,4502.37,4612.59,243596.5952,61470.62,63286.35,61322.78,63273.59,25515.6883,169008429285,9296258956,15633769389.0,0.9993,,,73.0,0.08,6.0,0.0,47.0,0.020720103325595696,0.02890884809094554,0.013740453992238675,0.6597425384334643,0.5576399227651585,0.38037044214310084,0.0,0,0,0,0,-0.0007000000000000339,0.0007000000000000339,0.73,0.17666666666666667,0.4533333333333333,0.9323049925043254,,,0.0
2021-11-08,4612.59,4822.97,4612.0,4807.98,391102.31806,63273.58,67789.0,63273.58,67525.83,54442.094554,173780394903,9570460496,16029383792.0,0.9994,17.22,113.8256,75.0,0.08,6.0,0.0,47.0,0.04148751611907041,0.06504216884637133,0.027843812733865953,0.6692526253396756,0.5939826557266672,0.38710290964146127,0.0,0,0,0,0,-0.0006000000000000449,0.0006000000000000449,0.75,0.17666666666666667,0.4633333333333333,1.013492547619018,,,0.0
2021-11-09,4807.98,4838.28,4713.89,4732.33,311267.57998,67525.82,68524.25,66222.4,66947.66,44661.378068,177484430035,9900273257,16662453039.0,1.0001,17.78,113.762,84.0,0.08,6.0,0.0,47.0,-0.015859355851561986,-0.008599071276880508,0.02109048311619845,0.6454495201376085,0.5949428798267704,0.3898253839706037,0.0,0,0,0,0,9.999999999998899e-05,9.999999999998899e-05,0.84,0.17666666666666667,0.5083333333333333,1.378836545635134,0.5600000000000023,-0.0005589056842779302,0.0
2021-11-10,4732.33,4868.0,4461.93,4628.78,553596.99163,66947.67,69000.0,62822.9,64882.43,65171.504046,176133292796,9788226051,16460810178.0,0.9997,18.73,114.1484,75.0,0.08,6.0,0.0,47.0,-0.02212434718279934,-0.03133425720348249,-0.007641833126702157,0.6483998611311501,0.5879742380482436,0.379608908487481,-0.007612708555525435,0,0,0,0,-0.00029999999999996696,0.00029999999999996696,0.75,0.17666666666666667,0.4633333333333333,1.013492547619018,0.9499999999999993,0.0033908094604043902,0.0
2021-11-11,4628.68,4779.0,4576.47,4719.0,303688.9765,64882.42,65600.07,64100.0,64774.26,37237.98058,171586173510,9781250323,16162934547.0,0.9994,17.66,,77.0,0.08,6.0,0.0,47.0,0.01930357828813424,-0.0016685606442103456,-0.026155443972075813,0.6437823728580548,0.5783803500913899,0.3975828089789102,-0.033232529320103524,0,0,0,0,-0.0006000000000000449,0.0006000000000000449,0.77,0.17666666666666667,0.47333333333333333,1.0946801027337105,-1.0700000000000003,,0.0
2021-11-12,4719.0,4809.71,4507.85,4665.46,461580.0415,64774.25,65450.7,62278.0,64122.23,44490.10816,174423284300,10013176114,16417887433.0,1.0,16.29,114.5144,74.0,0.08,6.0,0.0,47.0,-0.01141047666102849,-0.010117196545531833,0.016399403601030545,0.6426408409936237,0.5763281798709413,0.39883392092683817,-0.017247404374549028,0,0,0,0,0.0,0.0,0.74,0.17666666666666667,0.4583333333333333,0.9728987700616717,-1.370000000000001,,0.0
2021-11-13,4665.47,4707.6,4584.08,4644.28,220720.6611,64122.22,65000.0,63360.22,64380.0,22504.97383,173510568888,10073899699,16323819929.0,0.9998,,,72.0,0.08,6.0,0.0,47.0,-0.004550081214127238,0.004011920193832118,-0.005246500144985512,0.6266983102292901,0.5761437837752363,0.3968388020847612,-0.022389914124953683,0,0,0,0,-0.00019999999999997797,0.00019999999999997797,0.72,0.17666666666666667,0.4483333333333333,0.8917112149469791,,,0.0
2021-11-14,4644.27,4696.05,4514.12,4626.5,245309.0674,64380.01,65550.51,63576.27,65519.1,25705.07347,174993505179,10079075163,16448644207.0,0.9997,,,74.0,0.08,6.0,1.0,44.0,-0.003835712162146753,0.01753867731607232,0.008510346659339968,0.6257610136409455,0.5228466999955872,0.3940040544117093,-0.014034610559973,0,0,0,0,-0.00029999999999996696,0.00029999999999996696,0.74,0.17,0.455,0.9458362516901078,,,0.0
2021-11-15,4626.5,4772.01,4540.0,4563.78,375421.6601,65519.11,66401.82,63400.0,63606.74,37829.37124,175766432832,10113750935,16434667264.0,0.9997,16.49,114.5876,72.0,0.08,6.0,1.0,44.0,-0.013649415199348564,-0.029622263612827583,0.004407167525678197,0.6270162218241134,0.5319886445892177,0.39210824793036136,-0.00967970656728148,0,0,0,0,-0.00029999999999996696,0.00029999999999996696,0.72,0.17,0.445,0.8646486965754152,,,0.0
2021-11-16,4563.77,4563.77,4103.0,4209.76,735857.063,63606.73,63617.31,58574.07,60058.87,77455.15609,172038916517,9969369663,16227707875.0,0.9996,16.37,115.136,71.0,0.08,6.0,1.0,44.0,-0.08074558856416793,-0.057394191714532264,-0.02143531745706703,0.6960231206907894,0.5688613246464064,0.40335337044272956,-0.030681640732801985,0,0,0,0,-0.00039999999999995595,0.00039999999999995595,0.71,0.17,0.44,0.8240549190180689,-0.11999999999999744,0.004774442345016265,0.0
2021-11-17,4209.59,4299.91,4063.48,4287.8,472852.1842,60058.87,60840.23,58373.0,60344.87,46289.38491,164752567382,9442090086,15418303531.0,0.9996,17.11,115.0263,52.0,0.08,6.0,1.0,44.0,0.018368141946262656,0.004750691928607092,-0.04327595327708273,0.6894545816253935,0.5683808476090325,0.4372433193528705,-0.07173509614611981,0,0,0,0,-0.00039999999999995595,0.00039999999999995595,0.52,0.17,0.34500000000000003,0.05277314542849059,0.7399999999999984,-0.0009532404595080753,0.0
2021-11-18,4288.07,4344.81,3956.44,3996.9,576945.1837,60344.86,60976.0,56474.26,56891.62,62146.99931,166855611027,9656851224,15683434500.0,0.9995,17.59,115.0678,54.0,0.08,6.0,1.0,44.0,-0.07025472023755505,-0.058927885424531284,0.01268407703837688,0.727770093411837,0.5869733887258144,0.4336023880808292,-0.05988592354779511,0,0,0,0,-0.0004999999999999449,0.0004999999999999449,0.54,0.17,0.35500000000000004,0.13396070054318315,0.4800000000000004,0.0003607219867871332,0.0
2021-11-19,3996.9,4308.97,3973.01,4294.76,420045.0897,56891.62,58320.0,55600.0,58052.24,50715.88726,159160090856,9039930108,14708965518.0,0.9992,17.91,115.2187,34.0,0.08,6.0,1.0,44.0,0.07187661429380714,0.020195240460608506,-0.047218277396336834,0.7291717079749244,0.583294813438528,0.464371053075789,-0.10324477012088572,0,0,0,0,-0.0008000000000000229,0.0008000000000000229,0.34,0.17,0.255,-0.6779148506037419,0.3200000000000003,0.0013105416218301814,0.0
2021-11-20,4294.75,4435.88,4199.86,4412.17,365584.578,58057.1,59845.0,57353.0,59707.51,33811.5901,168390956961,9647431428,15617645506.0,0.9995,,,43.0,0.08,6.0,1.0,44.0,0.026970956981331097,0.028114513307780045,0.0563778442042994,0.7276751723304062,0.5585136591277269,0.47525316964339015,-0.051235328486035445,0,0,0,0,-0.0004999999999999449,0.0004999999999999449,0.43,0.17,0.3,-0.3125708525876259,,,0.0
2021-11-21,4412.17,4451.0,4242.41,4258.31,340206.3203,59707.52,60029.76,58486.65,58622.02,31902.22785,172461579474,9863265060,16242753136.0,0.9993,,,49.0,0.08,6.0,1.0,37.0,-0.0354942639726857,-0.018347414213866074,0.0238860833671522,0.735704141915047,0.5557130302491399,0.4764171354365915,-0.02830023208238318,0,0,0,0,-0.0007000000000000339,0.0007000000000000339,0.49,0.14666666666666667,0.31833333333333336,-0.16372700154402273,,,0.0
2021-11-22,4259.7,4320.0,4022.74,4085.97,518501.3338,58617.7,59444.0,55610.0,56247.18,51724.32047,170516816476,9609457751,16101030172.0,0.9994,19.17,115.6481,50.0,0.08,6.0,1.0,37.0,-0.04131321373002092,-0.0413544874234942,-0.01134056175927427,0.7319328901909828,0.5714402030303039,0.4766630592233205,-0.03925760449874946,0,0,0,0,-0.0006000000000000449,0.0006000000000000449,0.5,0.14666666666666667,0.32333333333333336,-0.12313322398667646,,,0.0
2021-11-23,4086.28,4385.59,4059.62,4339.44,502811.7902,56243.83,58009.99,55317.0,57541.27,49917.85017,165871559700,9325646365,15495515225.0,1.0,19.38,116.0118,33.0,0.08,6.0,1.0,37.0,0.060186153304300265,0.022746522987712518,-0.02762017009690392,0.7580210690282577,0.5780958139615445,0.48134586850343103,-0.06543036103341536,0,0,0,0,0.0,0.0,0.33,0.14666666666666667,0.23833333333333334,-0.8132274424615628,0.2099999999999973,0.003139950408495748,0.0
2021-11-24,4339.45,4373.94,4167.65,4269.36,448727.0306,57541.26,57735.0,55837.0,57138.29,39612.04964,171369152868,9705019906,16022732679.0,0.9998,18.58,116.2711,42.0,0.08,6.0,1.0,37.0,-0.016281374425884006,-0.007027959623695437,0.03260626624746331,0.7520123575842095,0.5619352661239375,0.4919657581703901,-0.034455288082419766,0,0,0,0,-0.00019999999999997797,0.00019999999999997797,0.42,0.14666666666666667,0.2833333333333333,-0.44788344444544664,-0.8000000000000007,0.002232623302955566,0.0
2021-11-25,4270.1,4550.0,4248.27,4524.85,445868.2434,57138.29,59398.9,57000.0,58960.36,42153.51522,170611628723,9605517384,15657508044.0,0.9995,,,32.0,0.08,6.0,1.0,37.0,0.05812049432818608,0.0313908838384089,-0.004430221958443434,0.7739036593914383,0.5541205422373191,0.48620784829401276,-0.03872340413547645,0,0,0,0,-0.0004999999999999449,0.0004999999999999449,0.32,0.14666666666666667,0.23333333333333334,-0.853821220018909,,,0.0
2021-11-26,4524.48,4551.0,3913.0,4041.2,720245.1612,58960.37,59150.0,53500.0,53726.53,65927.87066,175006421387,10000223220,16125713721.0,0.9994,28.62,116.5103,47.0,0.08,6.0,1.0,37.0,-0.1130427498597328,-0.09295843321180253,0.025432870480514246,0.8536773361033931,0.632451376989678,0.49106344091716975,-0.013961836807382685,0,0,0,0,-0.0006000000000000449,0.0006000000000000449,0.47,0.14666666666666667,0.30833333333333335,-0.24491455665871528,,,0.0
2021-11-27,4041.2,4183.66,4028.34,4095.29,275326.5202,53723.72,55280.0,53610.0,54721.03,29716.99957,162593591579,9110466531,14315328843.0,0.9995,,,21.0,0.08,6.0,1.0,37.0,0.013295855296929508,0.0183411757514558,-0.07356888273656109,0.7945724534559092,0.6214478326051761,0.5423942860182848,-0.08389940713708532,0,0,0,0,-0.0004999999999999449,0.0004999999999999449,0.21,0.14666666666666667,0.17833333333333334,-1.3003527731497175,,,0.0
2021-11-28,4095.29,4298.51,3964.0,4294.78,346471.3551,54716.47,57445.05,53256.64,57274.88,36163.7137,164143470765,9312325174,14433522237.0,0.9994,,,27.0,0.08,6.0,1.0,40.0,0.04756279890436802,0.04561403694585218,0.009487082974733562,0.8053667969203298,0.6359321392940109,0.5214753258429998,-0.07516692741650159,0,0,0,0,-0.0006000000000000449,0.0006000000000000449,0.27,0.15666666666666665,0.21333333333333332,-1.0161963302482941,,,0.0
2021-11-29,4294.77,4458.92,4276.89,4444.53,406881.2284,57274.89,58865.97,56666.67,57776.25,40125.28009,170249038676,9545784810,14999862381.0,0.9992,22.96,116.581,33.0,0.08,6.0,1.0,40.0,0.03427379481970036,0.008715658399547181,0.03652143134186997,0.810751499044599,0.637036889474998,0.532458292056085,-0.0407663441664893,0,0,0,0,-0.0008000000000000229,0.0008000000000000229,0.33,0.15666666666666665,0.24333333333333335,-0.7726336649042165,,,0.0
2021-11-30,4444.54,4753.0,4346.36,4630.26,743024.4662,57776.25,59176.99,55875.55,56950.56,49161.05194,173838558839,9927063306,15409729197.0,0.9992,27.19,116.2071,40.0,0.08,6.0,1.0,40.0,0.04093889543660272,-0.014394268550105557,0.020864747285833037,0.821824910973503,0.6380196692406679,0.5310488526641387,-0.020541921312652794,0,0,0,0,-0.0008000000000000229,0.0008000000000000229,0.4,0.15666666666666665,0.2783333333333333,-0.4884772220027929,4.23,-0.0032123662810259394,0.0
2021-12-01,4630.25,4778.75,4523.99,4582.95,508198.3105,56950.56,59053.55,56458.01,57184.07,44956.63656,177095084802,10059210912,15754109746.0,0.9997,31.12,115.889,34.0,0.08,6.0,1.0,40.0,-0.010270126445922146,0.004091840063051094,0.01855974484733657,0.8228200298077875,0.6382555860931578,0.531992506631538,-0.0021936866964793527,0,0,0,0,-0.00029999999999996696,0.00029999999999996696,0.34,0.15666666666666665,0.24833333333333335,-0.7320398873468702,3.9299999999999997,-0.002741107663376273,0.0
2021-12-02,4582.95,4634.83,4433.0,4511.21,451861.9545,57184.07,57375.47,55777.77,56480.34,37574.05976,177488670948,9973033926,15685525257.0,0.9993,27.95,116.018,32.0,0.08,6.0,1.0,40.0,-0.015777485369650516,-0.012382750098007033,0.002219990629925881,0.7969241845692902,0.623072514097789,0.5311180059118895,0.0,0,0,0,0,-0.0007000000000000339,0.0007000000000000339,0.32,0.15666666666666665,0.23833333333333334,-0.8132274424615628,-3.1700000000000017,0.0011125150452998814,0.0
2021-12-03,4511.35,4654.88,4032.5,4215.73,677974.8659,56484.26,57600.0,51680.0,53601.05,58927.69027,175478980616,9915264402,15387654435.0,0.9995,30.67,116.2377,31.0,0.08,6.0,1.0,40.0,-0.06774264277089759,-0.05232395555977342,-0.01138751407016486,0.8304327262617374,0.6457152613063334,0.5199857418298333,-0.011322921746305666,0,0,0,0,-0.0004999999999999449,0.0004999999999999449,0.31,0.15666666666666665,0.23333333333333334,-0.853821220018909,2.7200000000000024,0.0018918809357912415,0.0
2021-12-04,4215.01,4238.59,3503.68,4117.25,1111773.1451,53601.05,53859.1,42000.3,49152.47,114203.373748,167270402219,9545773018,14609759785.0,0.9989,,,25.0,0.08,6.0,1.0,40.0,-0.023637302670389607,-0.08664155778315352,-0.04790758923295154,0.8324559338375148,0.7028943160833769,0.5461096127751898,-0.057571385680124404,0,0,0,0,-0.0010999999999999899,0.0010999999999999899,0.25,0.15666666666666665,0.2033333333333333,-1.0973838853629867,,,0.0
2021-12-05,4117.25,4248.19,4031.39,4196.44,536325.4413,49152.46,49699.05,47727.21,49396.33,45580.82012,160846688780,9293384613,13925985293.0,0.999,,,18.0,0.08,6.0,1.0,38.0,0.01905108203737565,0.004949030282182365,-0.03916001022032834,0.8352268590267499,0.704215179855393,0.5628896864355811,-0.09376363054110484,0,0,0,0,-0.0010000000000000009,0.0010000000000000009,0.18,0.15,0.16499999999999998,-1.4086028466359743,,,0.0
2021-12-06,4196.44,4376.15,3921.0,4347.59,726742.9638,49396.32,50891.11,47100.0,50441.92,58571.21575,160005823474,9287254086,14011839853.0,0.9989,27.18,116.1538,16.0,0.08,6.0,1.0,38.0,0.035385121775086834,0.020946445463868552,-0.005241456426029585,0.8445558167575661,0.7089265393033797,0.5629934066381073,-0.09850120224925264,0,0,0,0,-0.0010999999999999899,0.0010999999999999899,0.16,0.15,0.155,-1.4897904017506667,,,0.0
2021-12-07,4347.57,4425.0,4255.92,4306.4,420749.751,50441.91,51936.33,50039.74,50588.95,38253.46877,164391810248,9558884199,14520018017.0,0.9991,21.89,115.8555,25.0,0.08,6.0,1.0,38.0,-0.009519380320032963,0.0029105975984963822,0.027042454087505913,0.8412207443694614,0.6982605379819382,0.5693618201032111,-0.07378984038838779,0,0,0,0,-0.0009000000000000119,0.0009000000000000119,0.25,0.15,0.2,-1.1244464037345505,-5.289999999999999,-0.0025714500614597057,0.0
2021-12-08,4306.4,4450.49,4222.95,4436.91,429403.9351,50588.95,51200.0,48600.0,50471.19,38425.92466,165018941385,9523459447,14531413735.0,0.9992,19.9,115.4418,28.0,0.08,6.0,1.0,38.0,0.02985589995078007,-0.002330494560926045,0.00380759821323139,0.8345541762555603,0.6479491453192165,0.5601754913982333,-0.07025648170329327,0,0,0,0,-0.0008000000000000229,0.0008000000000000229,0.28,0.15,0.21500000000000002,-1.0026650710625118,-1.990000000000002,-0.003577218075255352,0.0
2021-12-09,4436.91,4488.0,4076.16,4105.64,462173.711,50471.19,50797.76,47320.0,47545.59,37692.68665,168057413266,9722808748,14861838340.0,0.9996,21.58,115.7784,29.0,0.08,6.0,1.0,38.0,-0.07759655003333575,-0.05971363822672122,0.018245403067753976,0.8736930779150756,0.6709730108976728,0.5588032910129022,-0.05313723761424264,0,0,0,0,-0.00039999999999995595,0.00039999999999995595,0.29,0.15,0.21999999999999997,-0.9620712935051658,1.6799999999999997,0.0029115123832359016,0.0
2021-12-10,4105.64,4231.08,3887.37,3897.94,563236.5671,47535.9,50125.0,46852.0,47140.54,44233.57391,160218927500,8989697027,14100384955.0,0.9996,18.69,115.5732,24.0,0.08,6.0,1.0,38.0,-0.05191342972413053,-0.008555687528783013,-0.04776448980876636,0.8872291952139211,0.6671519517748941,0.5811437683441877,-0.0973005395542098,0,0,0,0,-0.00039999999999995595,0.00039999999999995595,0.24,0.15,0.195,-1.165040181291897,-2.889999999999997,-0.0017739237922744008,0.0
2021-12-11,3898.31,4097.08,3828.22,4089.37,427853.4343,47140.54,49485.71,46751.0,49389.99,28889.19358,155322111502,8657437272,13416890257.0,0.9995,,,16.0,0.08,6.0,1.0,38.0,0.047942715502466884,0.0466144194002914,-0.031040077545218484,0.9028845667253863,0.6959662110497885,0.5838203973841862,-0.12488999623245971,0,0,0,0,-0.0004999999999999449,0.0004999999999999449,0.16,0.15,0.155,-1.4897904017506667,,,0.0
2021-12-12,4089.68,4173.63,3986.25,4130.0,260535.5157,49389.99,50777.0,48638.0,50053.9,26017.93421,158749876755,8943078081,13929196967.0,0.9995,,,27.0,0.08,5.0,0.0,36.0,0.00988648301255014,0.013352652721007085,0.021828762127553965,0.9039694806565207,0.7003096466953623,0.5864297793400874,-0.10557741005616085,0,0,0,0,-0.0004999999999999449,0.0004999999999999449,0.27,0.13666666666666666,0.20333333333333334,-1.0973838853629865,,,0.0
2021-12-13,4130.0,4142.75,3671.45,3781.93,533467.2307,50053.9,50189.97,45672.75,46702.75,50869.52093,160334714712,9026350561,14293166373.0,1.0,20.31,115.842,28.0,0.08,5.0,0.0,36.0,-0.08804294563350627,-0.06929737535263912,0.009933735641853595,0.9502619321230308,0.7301923112038958,0.5881309833847241,-0.09664817559553254,0,0,0,0,0.0,0.0,0.28,0.13666666666666666,0.20833333333333334,-1.05679010780564,,,0.0
2021-12-14,3781.92,3882.74,3685.0,3858.99,395145.7462,46702.76,48700.41,46290.0,48343.28,39955.98445,151369774452,8391900242,13210333078.0,0.9994,21.89,116.2397,21.0,0.08,5.0,0.0,36.0,0.020171029867780976,0.034524176232671906,-0.05753791633879518,0.9548975120433686,0.7407866630308809,0.6168043163548902,-0.14715810511450741,0,0,0,0,-0.0006000000000000449,0.0006000000000000449,0.21,0.13666666666666666,0.17333333333333334,-1.340946550707064,1.5800000000000018,0.003427244709790929,0.0
2021-12-15,3858.99,4092.22,3643.73,4019.08,542068.0573,48336.95,49500.0,46547.0,48864.98,51629.181,154146099893,8410111846,13395632360.0,0.9997,19.29,116.4219,28.0,0.08,5.0,0.0,36.0,0.04064752951085382,0.010733758816394861,0.018175172556424236,0.9681461521388341,0.740798293922931,0.6212540845729142,-0.13151583664649122,0,0,0,0,-0.00029999999999996696,0.00029999999999996696,0.28,0.13666666666666666,0.20833333333333334,-1.05679010780564,-2.6000000000000014,0.0015662235387839793,0.0
2021-12-16,4019.54,4113.43,3942.11,3958.11,368780.031,48864.98,49436.43,47511.0,47632.38,31949.86739,158964513586,8678547001,13878939673.0,0.9998,20.57,115.7146,29.0,0.08,5.0,0.0,36.0,-0.015286382109833728,-0.025548202428183887,0.030780139031518283,0.9291776467943889,0.7226042829426095,0.6298450802512479,-0.10436811128878835,0,0,0,0,-0.00019999999999997797,0.00019999999999997797,0.29,0.13666666666666666,0.21333333333333332,-1.0161963302482941,1.2800000000000011,-0.006093847273444076,0.0
2021-12-17,3959.11,3994.1,3700.0,3875.42,463370.9225,47632.38,47995.96,45456.0,46131.2,43104.4887,157807031586,8604577480,13834589554.0,0.9997,21.57,115.791,23.0,0.08,5.0,0.0,36.0,-0.021112594579608644,-0.03202327139996514,-0.007308024783973891,0.9284605303958532,0.7259887644855633,0.6129014037121415,-0.11088955287611713,0,0,0,0,-0.00029999999999996696,0.00029999999999996696,0.23,0.13666666666666666,0.18333333333333335,-1.2597589955923714,1.0,0.0006600272544038002,0.0
2021-12-18,3875.43,3996.93,3767.01,3959.93,339593.2543,46133.83,47392.37,45500.0,46834.48,25020.05271,156706382104,8447646719,13880477384.0,0.9998,,,24.0,0.08,5.0,0.0,36.0,0.021572304313848916,0.015130173120065147,-0.006999090831989369,0.9000153982344543,0.7075482530559097,0.6110366992822985,-0.1170907908262422,0,0,0,0,-0.00019999999999997797,0.00019999999999997797,0.24,0.13666666666666666,0.18833333333333332,-1.2191652180350252,,,0.0
2021-12-19,3959.93,4032.43,3884.0,3924.14,306006.323,46834.47,48300.01,46406.91,46681.23,29305.70665,161111975260,8615627220,14224094351.0,0.9998,,,29.0,0.08,5.0,0.0,32.0,-0.009079129396085642,-0.0032775271061218484,0.027725745045694274,0.8617777602338348,0.7011162399376635,0.5971341534889651,-0.09226896342470212,0,0,0,0,-0.00019999999999997797,0.00019999999999997797,0.29,0.12333333333333334,0.20666666666666667,-1.0703213669914222,,,0.0
2021-12-20,3924.14,3983.37,3753.0,3944.73,366916.4771,46681.24,47537.57,45558.85,46914.16,35848.50609,160783396442,8564888471,14103768121.0,0.9999,22.87,116.0092,25.0,0.08,5.0,0.0,32.0,0.005233291944611535,0.00497739217481098,-0.002041526290883698,0.8555732877222574,0.690992395069903,0.5619453323342909,-0.09412022985339866,0,0,0,0,-9.999999999998899e-05,9.999999999998899e-05,0.25,0.12333333333333334,0.18666666666666668,-1.232696477220807,,,0.0
2021-12-21,3944.72,4063.0,3913.21,4014.15,340826.3553,46914.17,49328.96,46630.0,48889.88,37713.92924,160783895082,8640799691,14265067911.0,0.9996,21.01,116.1089,27.0,0.08,5.0,0.0,32.0,0.017445107992705444,0.041250873237454126,3.101310445093253e-06,0.8507514709758482,0.7107878341501276,0.5544689455960744,-0.09411742043464907,0,0,0,0,-0.00039999999999995595,0.00039999999999995595,0.27,0.12333333333333334,0.19666666666666668,-1.1515089221061146,-1.8599999999999994,0.0008590455128765941,0.0
2021-12-22,4014.41,4074.87,3933.4,3979.51,303191.8076,48887.59,49576.13,48421.87,48588.16,27004.2022,166114629849,8843789899,14534213211.0,0.9995,18.63,115.7485,45.0,0.08,5.0,0.0,32.0,-0.008666922744595622,-0.0061905422711137255,0.03261689453533199,0.8392924999140042,0.6992957000633142,0.5665531685400341,-0.06408319493435345,0,0,0,0,-0.0004999999999999449,0.0004999999999999449,0.45,0.12333333333333334,0.2866666666666667,-0.42082092607388233,-2.3800000000000026,-0.0031088099000771527,0.0
2021-12-23,3979.51,4150.0,3893.23,4111.41,380207.8166,48588.17,51375.0,47920.42,50838.81,35192.54046,165939822090,8823828760,14558847157.0,0.9996,17.96,115.5337,34.0,0.08,5.0,0.0,32.0,0.032607339228882204,0.04528015945422746,-0.0010528862006102377,0.8193119534078329,0.7147463258392913,0.558284610221896,-0.06506809024100214,0,0,0,0,-0.00039999999999995595,0.00039999999999995595,0.34,0.12333333333333334,0.2316666666666667,-0.8673524792046909,-0.6699999999999982,-0.0018574716234851139,0.0
2021-12-24,4111.41,4134.84,4017.17,4046.36,230833.1661,50838.82,51810.0,50384.43,50820.0,31684.84269,171132659844,9030388311,15249182612.0,0.9994,,,41.0,0.08,5.0,0.0,32.0,-0.01594832381346089,-0.0003700613889668522,0.030813839194604353,0.8192386791659331,0.7147836197696943,0.5570011026731327,-0.035810798909312706,0,0,0,0,-0.0006000000000000449,0.0006000000000000449,0.41,0.12333333333333334,0.26666666666666666,-0.5831960363032674,,,0.0
2021-12-25,4046.35,4137.91,4018.62,4094.83,208126.8805,50819.99,51156.23,50142.32,50399.66,19135.51613,170436413730,8973577467,14932850332.0,0.9993,,,39.0,0.08,5.0,0.0,32.0,0.011907490847253626,-0.008305548869195585,-0.004076757131507591,0.792113811192186,0.7034324419883532,0.5569674495416304,-0.03973356260054561,0,0,0,0,-0.0007000000000000339,0.0007000000000000339,0.39,0.12333333333333334,0.25666666666666665,-0.66438359141796,,,0.0
2021-12-26,4094.36,4105.0,4000.0,4063.56,189309.255,50399.67,51280.0,49412.0,50775.49,22569.88914,171930980013,9081427190,15138185459.0,0.9993,,,37.0,0.08,6.0,0.0,32.0,-0.007665765703513949,0.007429328815574095,0.00873083012115151,0.6866730156806685,0.6290768575752824,0.5503631274128911,-0.03131293341324457,0,0,0,0,-0.0007000000000000339,0.0007000000000000339,0.37,0.12666666666666665,0.24833333333333332,-0.7320398873468704,,,0.0
2021-12-27,4063.57,4127.46,4031.0,4037.23,222225.3761,50775.48,52088.0,50449.0,50701.44,28792.21566,173492815987,9075724871,15414625855.0,0.9995,17.68,115.4684,40.0,0.08,6.0,0.0,32.0,-0.0065006234506166825,-0.0014594452777345129,0.009043074829352635,0.6853859858019037,0.6248419280897352,0.48391447917023833,-0.022513295860842247,0,0,0,0,-0.0004999999999999449,0.0004999999999999449,0.4,0.12666666666666665,0.2633333333333333,-0.6102585546748318,,,0.0
2021-12-28,4037.22,4037.23,3759.36,3792.75,358064.7163,50701.44,50704.05,47313.01,47543.74,45853.33924,170501819913,9043397492,15281820110.0,0.9998,17.54,115.4192,41.0,0.08,6.0,0.0,32.0,-0.06246746360159126,-0.06430418312979821,-0.017390221471514485,0.6956991990265442,0.6357506569700528,0.48785950229951497,-0.03936505354218908,0,0,0,0,-0.00019999999999997797,0.00019999999999997797,0.41,0.12666666666666665,0.2683333333333333,-0.5696647771174855,-0.14000000000000057,-0.00042618140380588595,0.0
2021-12-29,3792.75,3827.78,3604.2,3630.19,302753.6375,47543.74,48139.08,46096.99,46464.66,39498.87,164805768747,8567760703,14514415138.0,1.0,16.95,115.3678,27.0,0.08,6.0,0.0,32.0,-0.043806361141283154,-0.02295810578396181,-0.03397834924765068,0.6947398378070302,0.6359928188018626,0.4857091091552583,-0.07145753096948813,0,0,0,0,0.0,0.0,0.27,0.12666666666666665,0.19833333333333333,-1.1379776629203326,-0.5899999999999999,-0.0004454323757391908,0.0
2021-12-30,3630.18,3769.1,3585.0,3709.27,249263.7305,46464.66,47900.0,45900.0,47120.87,30352.29569,161880836890,8307624858,14035724037.0,0.9997,17.33,115.283,22.0,0.08,6.0,0.0,32.0,0.021550103255039157,0.01402397902343454,-0.01790713158404407,0.6811489059850037,0.6396961237339936,0.4824751095353553,-0.08793707212204394,0,0,0,0,-0.00029999999999996696,0.00029999999999996696,0.22,0.12666666666666665,0.17333333333333334,-1.340946550707064,0.379999999999999,-0.000735310727912638,0.0
2021-12-31,3709.27,3815.0,3622.29,3676.23,268014.2942,47120.88,48548.26,45678.0,46216.93,34937.99796,163281962101,8399903436,14186366771.0,0.9999,17.22,,28.0,0.08,6.0,0.0,32.0,-0.008947321214971451,-0.019369821492674983,0.008618045405052715,0.6810941968582505,0.6401263791777339,0.4782735172265199,-0.08004290511117879,0,0,0,0,-9.999999999998899e-05,9.999999999998899e-05,0.28,0.12666666666666665,0.20333333333333334,-1.0973838853629865,-0.10999999999999943,,0.0
2022-01-01,3676.22,3776.45,3673.46,3765.54,154143.8968,46216.93,47954.63,46208.37,47722.65,19604.46325,163275017710,8367172698,14209309257.0,0.9998,,,21.0,0.08,6.0,0.0,32.0,0.02400350671726048,0.03205994678177879,-4.2530960477849904e-05,0.6889867517140413,0.6541255243046501,0.47804522199330607,-0.0800820309379874,0,0,0,0,-0.00019999999999997797,0.00019999999999997797,0.21,0.12666666666666665,0.16833333333333333,-1.38154032826441,,,0.0
2022-01-02,3765.54,3857.44,3717.3,3828.27,154791.4263,47722.66,47990.0,46654.0,47286.18,18340.4604,166646969088,8575510725,14411210284.0,0.9998,,,29.0,0.08,18.0,2.0,85.0,0.016521726756629256,-0.009188052743592882,0.020441613041604145,0.6558772676764629,0.6322989039564693,0.4836926873253294,-0.061083909198781275,0,0,0,0,-0.00019999999999997797,0.00019999999999997797,0.29,0.35,0.31999999999999995,-0.15019574235824124,,,0.0
2022-01-03,3828.11,3853.09,3680.0,3765.89,236245.8586,47286.18,47570.0,45696.0,46446.1,27662.0771,167783409885,8733335306,14571768042.0,1.0002,16.6,115.4101,29.0,0.08,18.0,2.0,85.0,-0.016428782919867397,-0.01792557472959721,0.006796303462693911,0.6535298113319349,0.5609019755960883,0.45471729659463317,-0.054681017166686725,0,0,0,0,0.00019999999999997797,0.00019999999999997797,0.29,0.35,0.31999999999999995,-0.15019574235824124,,,0.0
2022-01-04,3765.89,3900.73,3713.11,3785.11,288258.5549,46446.1,47557.54,45500.0,45832.01,35491.4136,167910182361,9003343376,14447179576.0,1.0002,16.91,115.3103,23.0,0.08,18.0,2.0,85.0,0.005090727455432364,-0.013309745191831738,0.0007552868744282917,0.6494094637529634,0.5617159860037154,0.43209140854168215,-0.05396676044639644,0,0,0,0,0.00019999999999997797,0.00019999999999997797,0.23,0.35,0.29,-0.39375840770231846,0.3099999999999987,-0.000865116445918258,0.0
2022-01-05,3785.1,3848.0,3415.0,3540.63,397942.0363,45832.01,47070.0,42500.0,43451.13,51784.11857,167927946975,8780290434,14345420886.0,1.0,19.73,115.137,24.0,0.08,18.0,2.0,85.0,-0.06677027114101414,-0.0533458970167032,0.00010579271657863633,0.6699740339843714,0.582096214984685,0.4314539612217031,-0.05386667172577492,0,0,0,0,0.0,0.0,0.24,0.35,0.295,-0.3531646301449722,2.8200000000000003,-0.001504031790944445,0.0
2022-01-06,3539.82,3550.43,3300.0,3406.81,496745.7413,43451.14,43816.0,42430.58,43082.31,38880.37305,161502138011,8343232676,13765285183.0,1.0001,19.61,115.4046,15.0,0.08,18.0,2.0,85.0,-0.03852830782695031,-0.00852438625717462,-0.039016619318041595,0.6790120586518391,0.5815132679699253,0.44379729317059663,-0.09007072311496252,0,0,0,0,9.999999999998899e-05,9.999999999998899e-05,0.15,0.35,0.25,-0.7185086281610882,-0.120000000000001,0.0023214909602589867,0.0
2022-01-07,3406.81,3416.76,3064.42,3199.24,669631.7262,43082.3,43145.83,40610.0,41566.48,54836.50818,158756998332,8242298787,13519692000.0,1.0002,18.76,115.0451,18.0,0.08,18.0,2.0,85.0,-0.06286308798825013,-0.03581839879060997,-0.0171436602510547,0.6911867753781819,0.5909764089595749,0.4471876461757303,-0.10553728593464953,0,0,0,0,0.00019999999999997797,0.00019999999999997797,0.18,0.35,0.265,-0.5967272954890493,-0.8499999999999979,-0.0031199892351722438,0.0
2022-01-08,3198.68,3250.0,3000.0,3080.95,400692.1061,41566.48,42300.0,40501.0,41679.74,32952.73111,154003628670,7736360122,13004969964.0,1.0002,,,10.0,0.08,18.0,2.0,85.0,-0.03767529061248328,0.0027210861918856148,-0.030398555853994567,0.6558250043462022,0.5594648720990764,0.4525988791817735,-0.13231854265718496,0,0,0,0,0.00019999999999997797,0.00019999999999997797,0.1,0.35,0.22499999999999998,-0.9214775159478196,,,0.0
2022-01-09,3080.98,3211.72,3057.35,3151.97,275874.1643,41679.74,42786.7,41200.02,41864.62,22724.39426,151119940310,7580753658,12746184617.0,1.0001,,,23.0,0.08,15.0,1.0,81.0,0.02278966319823475,0.00442591939892638,-0.01890233671918117,0.6468227189983545,0.5600801321415012,0.4270754600639419,-0.14856571124883466,0,0,0,0,9.999999999998899e-05,9.999999999998899e-05,0.23,0.32333333333333336,0.27666666666666667,-0.5020084811885749,,,0.0
2022-01-10,3151.97,3185.0,2928.83,3082.68,529818.3866,41864.62,42248.5,39650.0,41822.49,50729.17019,153070476690,7971662361,12850162875.0,1.0,19.4,115.2216,23.0,0.08,15.0,1.0,81.0,-0.02222830567176738,-0.0010068457032168852,0.012824619085828628,0.6173297782697561,0.5297733019703624,0.41675122198514286,-0.13757607247593823,0,0,0,0,0.0,0.0,0.23,0.32333333333333336,0.27666666666666667,-0.5020084811885749,,,0.0
2022-01-11,3082.87,3263.54,3051.8,3239.72,362446.7087,41822.49,43100.0,41268.93,42729.29,37296.43729,150663210822,7623718241,12661035838.0,0.9995,18.41,114.8332,21.0,0.08,15.0,1.0,81.0,0.049687557804675944,0.02145040043967803,-0.015851493415946008,0.6478520330486188,0.5341436227210421,0.41205521459267697,-0.15113899936666508,0,0,0,0,-0.0004999999999999449,0.0004999999999999449,0.21,0.32333333333333336,0.26666666666666666,-0.5831960363032674,-0.9899999999999984,-0.0033765900039811362,0.0
2022-01-12,3239.73,3411.43,3206.2,3371.26,370465.8015,42729.29,44322.0,42450.0,43902.66,33943.2928,155419551206,7953314655,13252473018.0,0.9995,17.62,114.355,22.0,0.08,15.0,1.0,81.0,0.03979965540945987,0.027090276943410884,0.031081288277346086,0.6010603673737551,0.492954263591717,0.4259653421829394,-0.12434100511387418,0,0,0,0,-0.0004999999999999449,0.0004999999999999449,0.22,0.32333333333333336,0.27166666666666667,-0.5426022587459212,-0.7899999999999991,-0.004172995764559084,0.0
2022-01-13,3371.6,3410.0,3233.43,3240.61,336234.8799,43902.65,44500.0,42311.22,42560.11,34910.87762,159863208344,8057652344,13593318758.0,0.9995,20.31,114.177,21.0,0.08,15.0,1.0,81.0,-0.03952497803790752,-0.03105748088409937,0.028190259551190023,0.607093313704134,0.4847016522500454,0.38592342298708987,-0.09930471905535788,0,0,0,0,-0.0004999999999999449,0.0004999999999999449,0.21,0.32333333333333336,0.26666666666666666,-0.5831960363032674,2.6899999999999977,-0.0015577690301158673,0.0
2022-01-14,3240.61,3342.79,3188.0,3307.42,285326.3505,42558.35,43448.78,41725.95,43059.96,32640.88292,157487572921,7770415906,13128281334.0,0.9996,19.19,114.3825,21.0,0.08,15.0,1.0,81.0,0.02040684557339173,0.011676133382902501,-0.014971948643610802,0.5914985414737134,0.48507923845893924,0.38556186024909717,-0.11268943488150773,0,0,0,0,-0.00039999999999995595,0.00039999999999995595,0.21,0.32333333333333336,0.26666666666666666,-0.5831960363032674,-1.1199999999999974,0.0017982193291047276,0.0
2022-01-15,3307.42,3371.64,3261.0,3326.04,203100.3778,43059.96,43800.0,42555.0,43084.29,21936.05616,158982903433,7943394392,13192443463.0,0.9995,,,23.0,0.08,15.0,1.0,81.0,0.005613977894932952,0.0005648665034966843,0.00945011779646046,0.5920815651928397,0.4791405580240138,0.37155150179564667,-0.10426449990389389,0,0,0,0,-0.0004999999999999449,0.0004999999999999449,0.23,0.32333333333333336,0.27666666666666667,-0.5020084811885749,,,0.0
2022-01-16,3326.51,3393.6,3269.62,3346.88,210782.2277,43084.29,43475.0,42581.79,43071.66,20602.35271,160475231477,8009250217,13224628614.0,0.9997,,,21.0,0.08,13.0,4.0,85.0,0.006246161427139561,-0.0002931892710942959,0.0093429387854553,0.5908649744902142,0.4678879986228443,0.3719664565376641,-0.09585648131865575,0,0,0,0,-0.00029999999999996696,0.00029999999999996696,0.21,0.34,0.275,-0.5155397403743568,,,0.0
2022-01-17,3346.89,3357.57,3141.1,3209.67,284063.6548,43071.66,43176.18,41540.42,42201.62,27562.08613,161210964095,8108964728,13239397889.0,0.9999,,,22.0,0.08,13.0,4.0,85.0,-0.04186044046482609,-0.020406631301085873,0.004574233591466594,0.5965121425274666,0.4676570562569657,0.3711964651568853,-0.09171124425045125,0,0,0,0,-9.999999999998899e-05,9.999999999998899e-05,0.22,0.34,0.28,-0.47494596281701057,,,0.0
2022-01-18,3209.68,3243.87,3082.0,3159.85,299134.2728,42201.63,42691.0,41250.0,42352.12,29324.08257,157077126312,7848538570,12811002024.0,0.9997,22.79,114.7373,24.0,0.08,13.0,4.0,85.0,-0.015643570001207946,0.0035598699462948903,-0.02597690811800765,0.5972388644759064,0.46830053549807643,0.3696915390241968,-0.11500195774174286,0,0,0,0,-0.00029999999999996696,0.00029999999999996696,0.24,0.34,0.29000000000000004,-0.393758407702318,,,0.0
2022-01-19,3159.85,3174.87,3000.0,3084.02,332996.5703,42352.12,42559.13,41138.56,41660.01,31685.72159,156178154603,7934683777,13211840073.0,0.9998,23.85,114.6109,24.0,0.08,13.0,4.0,85.0,-0.02429061735337126,-0.016476803005825883,-0.005739562788812286,0.598367590596911,0.46953746841662125,0.370066970204843,-0.12006691036208998,0,0,0,0,-0.00019999999999997797,0.00019999999999997797,0.24,0.34,0.29000000000000004,-0.393758407702318,1.0600000000000023,-0.0011022542387306967,0.0
2022-01-20,3084.02,3273.37,2987.15,3001.48,357596.7062,41660.0,43505.0,40553.31,40680.91,42330.33953,154748605021,7805586291,13078286199.0,0.9999,25.59,114.4642,24.0,0.08,13.0,4.0,85.0,-0.027128440411799574,-0.023782735226194826,-0.009195475210229485,0.5945053558558948,0.4448723279908948,0.37115227553929175,-0.12812122489588254,0,0,0,0,-9.999999999998899e-05,9.999999999998899e-05,0.24,0.34,0.29000000000000004,-0.393758407702318,1.7399999999999984,-0.0012808028463553805,0.0
2022-01-21,3001.48,3034.12,2403.0,2568.15,1022021.70024,40680.92,41100.0,35440.45,36445.31,88860.891999,150846780858,7621652194,12687513936.0,1.0,28.85,114.6125,19.0,0.08,13.0,4.0,85.0,-0.15591970501576202,-0.109946159879111,-0.025537271762716956,0.7832345519470252,0.5736324263400823,0.35956418362089465,-0.15010473596822102,0,0,0,0,0.0,0.0,0.19,0.34,0.265,-0.5967272954890493,3.2600000000000016,0.0012947630266862793,0.0
2022-01-22,2567.47,2626.0,2300.0,2412.18,1081357.54893,36445.31,36835.22,34008.0,35071.42,90471.338961,135274126007,6651283372,11755569883.0,1.0001,,,13.0,0.08,13.0,4.0,85.0,-0.06265489239063485,-0.038426226985850784,-0.10896134271076251,0.7814521449026696,0.5465308179108556,0.5148672166190162,-0.23784360272418664,0,0,0,0,9.999999999998899e-05,9.999999999998899e-05,0.13,0.34,0.23500000000000001,-0.8402899608331268,,,0.0
2022-01-23,2412.18,2556.78,2370.8,2539.01,580497.7613,35071.42,36499.0,34601.01,36244.55,44279.52354,128686220129,6275856915,10837673866.0,0.9999,,,11.0,0.08,13.0,3.0,98.0,0.05124333832710833,0.032902471390134344,-0.049926243481747554,0.8177318021088381,0.5676447603762051,0.5176226839631474,-0.27496093445478537,0,0,0,0,-9.999999999998899e-05,9.999999999998899e-05,0.11,0.38,0.245,-0.7591024057184345,,,0.0
2022-01-24,2539.0,2539.75,2159.0,2439.29,1123134.70389,36244.55,37550.0,32917.17,36660.35,91904.753211,132132263712,6478192489,11414222150.0,0.9997,29.9,115.2034,13.0,0.08,13.0,3.0,98.0,-0.040067227918663954,0.011406764386201865,0.026426379574850913,0.8158728210291617,0.5730772912380132,0.5323714580717835,-0.25554536519848275,0,0,0,0,-0.00029999999999996696,0.00029999999999996696,0.13,0.38,0.255,-0.6779148506037419,,,0.0
2022-01-25,2439.56,2506.55,2348.96,2458.83,510152.954,36660.35,37545.14,35701.0,36958.32,49232.40183,128260136264,6113269482,11068956299.0,0.9994,31.16,115.1654,12.0,0.08,13.0,3.0,98.0,0.007978613695370262,0.008095001638556682,-0.02974290261517876,0.8200044812368751,0.5733456587022641,0.5336247692798359,-0.2773615601551425,0,0,0,0,-0.0006000000000000449,0.0006000000000000449,0.12,0.38,0.25,-0.7185086281610882,1.2600000000000016,-0.00032990578884511496,0.0
2022-01-26,2459.04,2722.0,2402.03,2462.99,806441.62289,36958.32,38919.98,36234.63,36809.34,69830.16036,132510260348,6285609710,11194808295.0,0.9993,31.96,115.0922,23.0,0.08,13.0,3.0,98.0,0.0016904319908573088,-0.004039173875103207,0.03259956289225494,0.8217883485612635,0.5728991711792105,0.550146437211412,-0.25341567075668514,0,0,0,0,-0.0007000000000000339,0.0007000000000000339,0.23,0.38,0.305,-0.2719770750302796,0.8000000000000007,-0.0006358096537612812,0.0
2022-01-27,2463.0,2521.0,2316.43,2424.25,599481.7159,36807.24,37234.47,35507.01,37160.1,53020.87934,133603025392,6255039813,11447732090.0,0.9999,30.49,115.978,20.0,0.08,13.0,3.0,98.0,-0.01585386083831807,0.009483987687842301,0.008212826978950049,0.8048621242097769,0.5429936016861762,0.552465270567588,-0.24725885501085001,0,0,0,0,-9.999999999998899e-05,9.999999999998899e-05,0.2,0.38,0.29000000000000004,-0.393758407702318,-1.4700000000000024,0.007666971674587171,0.0
2022-01-28,2424.02,2558.98,2357.88,2544.99,485149.8065,37160.11,38000.0,36155.01,37716.56,42154.26956,126357271341,6198395061,10874441072.0,0.9999,27.66,116.0393,24.0,0.08,13.0,3.0,98.0,0.04860452251916326,0.014863650295472364,-0.05575952462086078,0.8273485368682898,0.5460849468592093,0.5702304170659396,-0.28808261019645753,0,0,0,0,-9.999999999998899e-05,9.999999999998899e-05,0.24,0.38,0.31,-0.23138329747293335,-2.8299999999999983,0.0005284088852540702,0.0
2022-01-29,2544.99,2636.66,2520.01,2601.43,376666.8246,37716.57,38720.74,37268.44,38166.84,26129.49682,127419961134,6465893344,11509014459.0,0.9997,,,24.0,0.08,13.0,3.0,98.0,0.02193457311118982,0.011867820497437117,0.008375030290548527,0.8275448851882159,0.5450933743152351,0.5723444882233861,-0.2820952432996073,0,0,0,0,-0.00029999999999996696,0.00029999999999996696,0.24,0.38,0.31,-0.23138329747293335,,,0.0
2022-01-30,2601.43,2640.0,2542.5,2601.68,290770.0859,38166.83,38359.26,37351.63,37881.76,21430.66527,128888859703,6586485285,11717289751.0,0.9997,,,29.0,0.08,13.0,1.0,81.0,9.609637320470698e-05,-0.007497346048860223,0.011462068656387697,0.8285413913313844,0.5432792812051721,0.57346737115008,-0.2738192301819568,0,0,0,0,-0.00029999999999996696,0.00029999999999996696,0.29,0.31666666666666665,0.30333333333333334,-0.2855083342160616,,,0.0
2022-01-31,2601.67,2706.77,2476.07,2686.94,444584.851,37881.75,38744.0,36632.61,38466.9,36855.2458,127186508489,6554040617,11814159918.0,0.9998,24.83,115.566,20.0,0.08,13.0,1.0,81.0,0.03224560944220077,0.015328401493649993,-0.013295900379278185,0.8334737179466876,0.5312847870994867,0.5730495333776774,-0.28341055341913823,0,0,0,0,-0.00019999999999997797,0.00019999999999997797,0.2,0.31666666666666665,0.2583333333333333,-0.6508523322321781,,,0.0
2022-02-01,2686.94,2813.0,2673.52,2787.23,390034.27362,38466.9,39265.2,38000.0,38694.59,34574.44663,129877779410,6699853232,11812926680.0,0.9995,21.96,115.3685,26.0,0.08,13.0,1.0,81.0,0.036645271460084596,0.005901665736712944,0.02093926990223042,0.8447918168333394,0.5331732885885132,0.573366514429537,-0.2682474959314382,0,0,0,0,-0.0004999999999999449,0.0004999999999999449,0.26,0.31666666666666665,0.28833333333333333,-0.40728966688810037,-2.8699999999999974,-0.0017104421223394627,0.0
2022-02-02,2787.48,2810.88,2612.72,2680.67,447852.1228,38694.59,38855.92,36586.95,36896.36,35794.6813,132683519351,6895047053,12099552632.0,0.9995,22.09,115.1538,28.0,0.08,13.0,1.0,81.0,-0.038981507830389076,-0.04758689578779582,0.02137288898770816,0.8504014046888362,0.550791654826036,0.5804110781355594,-0.2524395013928909,0,0,0,0,-0.0004999999999999449,0.0004999999999999449,0.28,0.31666666666666665,0.29833333333333334,-0.32610211177340787,0.129999999999999,-0.0018627270513927312,0.0
2022-02-03,2680.25,2726.64,2576.05,2695.46,405043.3931,36896.37,37387.0,36250.0,37311.61,32081.10999,129004909972,6730963570,11710458861.0,0.9995,24.35,114.9065,20.0,0.08,13.0,1.0,81.0,0.005502112974112725,0.01119163707773322,-0.02811627339679444,0.8505025926597959,0.5542549828414451,0.5837670087368627,-0.2731653841174156,0,0,0,0,-0.0004999999999999449,0.0004999999999999449,0.2,0.31666666666666665,0.2583333333333333,-0.6508523322321781,2.2600000000000016,-0.0021498719705284135,0.0
2022-02-04,2695.21,2995.0,2671.4,2994.99,664002.9328,37311.98,41772.33,37026.73,41574.25,64703.95874,130661231386,6804263275,11701092759.0,0.9995,23.22,115.1362,20.0,0.08,13.0,1.0,81.0,0.10537201641158946,0.108176446956934,0.012757488285688798,0.9184750221150061,0.6599974162787928,0.587846214397868,-0.26383340024963814,0,0,0,0,-0.0004999999999999449,0.0004999999999999449,0.2,0.31666666666666665,0.2583333333333333,-0.6508523322321781,-1.1300000000000026,0.0019970212168328796,0.0
2022-02-05,2994.99,3060.47,2958.01,3012.65,356803.3071,41571.7,41913.69,40843.01,41382.59,32532.34372,138389746902,7192231179,12472784640.0,0.9992,,,33.0,0.08,13.0,1.0,81.0,0.005879197444611901,-0.004620724246786973,0.057466003639769,0.9114586851557765,0.6596127491054498,0.6199806055555092,-0.2202896885596437,0,0,0,0,-0.0008000000000000229,0.0008000000000000229,0.33,0.31666666666666665,0.32333333333333336,-0.12313322398667646,,,0.0
2022-02-06,3012.64,3074.56,2950.21,3054.99,249394.5966,41382.6,42656.0,41116.56,42380.87,22405.16704,140598158735,7400946162,12812507849.0,0.9995,,,37.0,0.08,12.0,0.0,77.0,0.013956229187492217,0.02383682019847353,0.015831926161429907,0.8882118743261216,0.6531574266428255,0.6226143893677492,-0.2078471376001686,0,0,0,0,-0.0004999999999999449,0.0004999999999999449,0.37,0.2966666666666667,0.33333333333333337,-0.04194566887198391,,,0.0
2022-02-07,3055.0,3186.0,2991.8,3139.77,455070.2529,42380.87,44500.5,41645.85,43839.99,51060.62006,142542667517,7538743135,13023826453.0,0.9994,22.86,115.0098,45.0,0.08,12.0,0.0,77.0,0.02737322953394406,0.033849333356895696,0.01373549254038439,0.8838715318441908,0.6633469022141484,0.6181211246408983,-0.19689145929341234,0,0,0,0,-0.0006000000000000449,0.0006000000000000449,0.45,0.2966666666666667,0.37333333333333335,0.28280455158678586,,,0.0
2022-02-08,3139.77,3232.87,3025.21,3116.69,514773.5837,43839.99,45492.0,42666.0,44042.99,64880.29387,144881846651,7643994668,13504044520.0,0.9993,21.44,115.0892,48.0,0.08,12.0,0.0,77.0,-0.007378007594245728,0.004619787837026135,0.01627718350347731,0.8806100294305689,0.66335733136154,0.6186072651703749,-0.18371214412075368,0,0,0,0,-0.0007000000000000339,0.0007000000000000339,0.48,0.2966666666666667,0.3883333333333333,0.40458588425882425,-1.4199999999999982,0.0006901377507199622,0.0
2022-02-09,3116.69,3269.7,3055.0,3243.94,370267.8913,44043.0,44799.0,43117.92,44372.72,34428.16729,144814010176,7615730090,13684605988.0,0.9994,19.96,114.8232,54.0,0.08,12.0,0.0,77.0,0.0400170991623015,0.007458663819307352,-0.0004683289363050603,0.887903570936585,0.6635811950400262,0.6164927553613768,-0.18409434583896853,0,0,0,0,-0.0006000000000000449,0.0006000000000000449,0.54,0.2966666666666667,0.41833333333333333,0.6481485496029019,-1.4800000000000004,-0.0023139258142312502,0.0
2022-02-10,3243.6,3283.66,3056.74,3072.49,578212.8383,44372.71,45821.0,43174.01,43495.44,62357.29091,147227257692,7834690906,14051284601.0,0.9994,23.91,114.5527,50.0,0.08,12.0,0.0,77.0,-0.05430033262362314,-0.019968761180241705,0.0165271330598967,0.891247637404917,0.6640067617788522,0.6175801595283957,-0.17049771737186473,0,0,0,0,-0.0006000000000000449,0.0006000000000000449,0.5,0.2966666666666667,0.3983333333333333,0.4857734393735168,3.9499999999999993,-0.0023585749452883138,0.0
2022-02-11,3072.36,3138.62,2879.0,2927.54,462025.8751,43495.44,43920.0,41938.51,42373.73,44975.1687,143386451290,7547052311,13737902408.0,0.9993,27.36,114.8413,50.0,0.08,12.0,0.0,77.0,-0.04832582784232588,-0.02612751026362113,-0.026433921926943552,0.8925257129610287,0.6632235539883756,0.6128130693656361,-0.19213744446816636,0,0,0,0,-0.0007000000000000339,0.0007000000000000339,0.5,0.2966666666666667,0.3983333333333333,0.4857734393735168,3.4499999999999993,0.0025161961713592823,0.0
2022-02-12,2927.54,2985.98,2858.3,2918.88,336250.3131,42373.73,43079.49,41688.88,42217.87,26556.85681,139760743832,7212945052,13399383787.0,0.9995,,,44.0,0.08,12.0,0.0,77.0,-0.002962498874057581,-0.0036850036261710803,-0.025611453742047013,0.8836395279613698,0.6545196190118319,0.6074053558079561,-0.21256526917739665,0,0,0,0,-0.0004999999999999449,0.0004999999999999449,0.44,0.2966666666666667,0.36833333333333335,0.24221077402943958,,,0.0
2022-02-13,2918.58,2954.4,2836.7,2871.13,242751.3547,42217.87,42760.0,41870.0,42053.66,17732.08113,139728534135,7233427263,13382013817.0,0.9994,,,44.0,0.08,12.0,0.0,66.0,-0.016494300553863334,-0.003897169253580327,-0.00023048968015437622,0.8804503517163923,0.6531951723098418,0.6063758840953037,-0.21274674384182432,0,0,0,0,-0.0006000000000000449,0.0006000000000000449,0.44,0.26,0.35,0.09336692298583642,,,0.0
2022-02-14,2871.14,2964.97,2829.01,2929.75,381778.238,42053.65,42842.4,41550.56,42535.94,34010.1306,139071724185,7239680077,13289253308.0,0.9996,28.33,115.1946,46.0,0.08,12.0,0.0,66.0,0.0202114146526657,0.011402943760908854,-0.004711696962266896,0.884070656173703,0.6545702653026088,0.6044346513561506,-0.2164473177798219,0,0,0,0,-0.00039999999999995595,0.00039999999999995595,0.46,0.26,0.36,0.17455447810052896,,,0.0
2022-02-15,2929.75,3196.19,2912.06,3183.52,448971.754,42535.94,44751.4,42427.03,44544.86,38095.19576,140066869068,7309673688,13253283946.0,0.9994,25.7,114.93,46.0,0.08,12.0,0.0,66.0,0.08307040769222607,0.046147405647282806,0.007130143398724597,0.9346899327521834,0.6744322237960805,0.6038476344359135,-0.21084050987662029,0,0,0,0,-0.0006000000000000449,0.0006000000000000449,0.46,0.26,0.36,0.17455447810052896,-2.629999999999999,-0.002299624782456304,0.0
2022-02-16,3183.53,3186.77,3044.03,3122.3,319997.6244,44544.85,44549.97,43307.0,43873.56,28471.8727,145518035146,7700853616,13756890266.0,0.9995,24.29,114.6886,51.0,0.08,12.0,0.0,66.0,-0.019417593123566165,-0.015184910543850608,0.03818008704604931,0.9257791697161016,0.672577798739617,0.6213513060896879,-0.18012775480958243,0,0,0,0,-0.0004999999999999449,0.0004999999999999449,0.51,0.26,0.385,0.3775233658872603,-1.4100000000000001,-0.002102617897120109,0.0
2022-02-17,3122.31,3160.0,2851.55,2891.87,488693.2624,43873.56,44164.71,40073.21,40515.7,47245.99494,144646528063,7726605722,13557138694.0,0.9995,28.11,114.6755,52.0,0.08,12.0,0.0,66.0,-0.07666655802966413,-0.07962230741964704,-0.006007003019170788,0.9617641461871287,0.7292483992357373,0.616106491588668,-0.18503796726621483,0,0,0,0,-0.0004999999999999449,0.0004999999999999449,0.52,0.26,0.39,0.4181171434446066,3.8200000000000003,-0.00011422886157197403,0.0
2022-02-18,2891.88,2943.97,2750.0,2779.48,502977.4069,40515.71,40959.88,39450.0,39974.44,43845.92241,138394847582,7352063884,12729866599.0,0.9995,27.75,114.7982,30.0,0.08,12.0,0.0,66.0,-0.0396394918488373,-0.013449303448535153,-0.044182214767506195,0.9675227998656575,0.7285407781804799,0.6328209521684005,-0.2202609505000664,0,0,0,0,-0.0004999999999999449,0.0004999999999999449,0.3,0.26,0.28,-0.47494596281701057,-0.35999999999999943,0.0010694036980582974,0.0
2022-02-19,2779.3,2830.96,2694.45,2763.63,293838.0025,39974.45,40444.32,39639.03,40079.17,18042.0551,136552341627,7181681022,12456804191.0,0.9997,,,25.0,0.08,12.0,0.0,66.0,-0.005718826867157603,0.0026164981129269994,-0.013402817769078923,0.9638073489391251,0.7241279758987956,0.6334231178051889,-0.23064192831210834,0,0,0,0,-0.00029999999999996696,0.00029999999999996696,0.25,0.26,0.255,-0.6779148506037419,,,0.0
2022-02-20,2763.63,2764.64,2576.0,2621.99,386384.904,40079.17,40125.44,38000.0,38386.89,33439.29011,135876518344,7029656769,12409706304.0,0.9996,,,27.0,0.08,10.0,1.0,72.0,-0.05261146152787277,-0.04314075292804987,-0.004961476323941025,0.8126863961807677,0.6281757059929738,0.6287357512642968,-0.23444962645639159,0,0,0,0,-0.00039999999999995595,0.00039999999999995595,0.27,0.27666666666666667,0.2733333333333333,-0.5290709995601393,,,0.0
2022-02-21,2621.99,2759.51,2558.0,2568.02,761838.9858,38386.89,39494.35,36800.0,37008.16,62347.68496,132920047153,6808237338,12018942459.0,0.9994,,,25.0,0.08,10.0,1.0,72.0,-0.020798397492321857,-0.03657756618202442,-0.02199872171024893,0.784239168053883,0.626719724051294,0.506382027225223,-0.25110686533935206,0,0,0,0,-0.0006000000000000449,0.0006000000000000449,0.25,0.27666666666666667,0.2633333333333333,-0.6102585546748318,,,0.0
2022-02-22,2568.03,2665.74,2500.0,2636.29,692639.4942,37008.16,38429.0,36350.0,38230.33,53785.94589,130085457356,6656982336,11575272934.0,0.9995,28.81,114.7002,20.0,0.08,10.0,1.0,72.0,0.02623745180416111,0.032490750766217165,-0.02155619947029599,0.7692183204073708,0.6264640796900001,0.4806023987771708,-0.2670774046524244,0,0,0,0,-0.0004999999999999449,0.0004999999999999449,0.2,0.27666666666666667,0.23833333333333334,-0.8132274424615628,,,0.0
2022-02-23,2636.28,2753.55,2575.83,2579.71,504470.1412,38230.33,39249.93,37036.79,37250.01,43560.732,131880051963,6740913190,11756057899.0,0.9994,31.02,114.6668,25.0,0.08,10.0,1.0,72.0,-0.021695636248493144,-0.025976966353583753,0.013701213457490147,0.7594039050332367,0.6327714053776553,0.4739190890565871,-0.25696636715682125,0,0,0,0,-0.0006000000000000449,0.0006000000000000449,0.25,0.27666666666666667,0.2633333333333333,-0.6102585546748318,2.210000000000001,-0.0002912363176575126,0.0
2022-02-24,2579.7,2740.0,2300.0,2596.2,1395732.7753,37250.02,39843.0,34322.28,38327.21,120476.29458,131272070842,6659410683,11569686452.0,0.9996,30.32,115.9419,23.0,0.08,10.0,1.0,72.0,0.006371847961708061,0.028507874523143458,-0.0046207660899230205,0.7592617837592722,0.639809008454255,0.4620706282312103,-0.26039183154140794,0,0,0,0,-0.00039999999999995595,0.00039999999999995595,0.23,0.27666666666666667,0.25333333333333335,-0.6914461097895239,-0.6999999999999993,0.011058672068784635,0.0
2022-02-25,2596.26,2834.97,2571.72,2768.49,679394.1762,38328.68,39683.53,38014.37,39219.17,56574.57125,131356731653,6615667555,11679579824.0,0.9997,27.59,115.2577,27.0,0.08,10.0,1.0,72.0,0.06425320773330942,0.02300557006710982,0.0006447184248507566,0.7898787227680785,0.643956035386597,0.4475854157510947,-0.25991483878154437,0,0,0,0,-0.00029999999999996696,0.00029999999999996696,0.27,0.27666666666666667,0.2733333333333333,-0.5290709995601393,-2.7300000000000004,-0.005918712639284565,0.0
2022-02-26,2768.05,2878.0,2727.5,2779.47,418485.2529,39219.16,40348.45,38573.18,39116.72,29361.2568,135248328492,6894382171,12007452605.0,0.9995,,,26.0,0.08,10.0,1.0,72.0,0.00395821683492336,-0.0026156608014754846,0.02919579444020947,0.7866598156252903,0.6435959926820958,0.45845544121612136,-0.2379889501137536,0,0,0,0,-0.0004999999999999449,0.0004999999999999449,0.26,0.27666666666666667,0.2683333333333333,-0.5696647771174855,,,0.0
2022-02-27,2779.47,2836.33,2557.98,2616.79,650198.7785,39116.73,39855.7,37000.0,37699.07,46229.44719,136359745971,6908531912,11996291768.0,0.9996,,,26.0,0.08,11.0,0.0,63.0,-0.0603118862715815,-0.03691457135600522,0.008184025343077295,0.8014999476912715,0.6555080676874028,0.41172830637741714,-0.2317270435195822,0,0,0,0,-0.00039999999999995595,0.00039999999999995595,0.26,0.24666666666666667,0.25333333333333335,-0.6914461097895239,,,0.0
2022-02-28,2616.79,2951.6,2568.62,2920.95,733794.4488,37699.08,44225.84,37450.17,43160.0,73945.63858,132716003017,6705808813,11515781800.0,0.9997,30.15,115.2224,20.0,0.08,11.0,0.0,63.0,0.10996053006015137,0.1352787146752529,-0.02708505481592566,0.8849998222634277,0.8074083207676372,0.42380400978474764,-0.25225648314261895,0,0,0,0,-0.00029999999999996696,0.00029999999999996696,0.2,0.24666666666666667,0.22333333333333333,-0.9350087751336015,,,0.0
2022-03-01,2920.83,3037.94,2854.09,2976.33,673901.6976,43160.0,44949.0,42809.98,44421.2,61743.09873,142158323098,7185693331,12328112782.0,0.9997,33.32,115.7962,51.0,0.2,11.0,0.0,63.0,0.018782092086540015,0.028802692569624658,0.06872985837590984,0.8863981594624666,0.810767877813722,0.48381623976384813,-0.19905691817564491,0,0,0,0,-0.00029999999999996696,0.00029999999999996696,0.51,0.24666666666666667,0.37833333333333335,0.32339832914413214,3.1700000000000017,0.004967575597481775,0.12000000000000001
2022-03-02,2976.33,3043.91,2914.21,2947.3,614623.7461,44421.2,45400.0,43334.09,43892.98,57782.65081,143292397658,7385118041,12539624709.0,0.9997,30.74,115.7623,52.0,0.2,11.0,0.0,63.0,-0.009801500906561036,-0.01196243454904842,0.007945893594875072,0.8819459772235737,0.8121099342084701,0.48032484804345604,-0.1834213012009329,0,0,0,0,-0.00029999999999996696,0.00029999999999996696,0.52,0.24666666666666667,0.38333333333333336,0.3639921067014784,-2.580000000000002,-0.0002927985821482723,0.0
2022-03-03,2947.31,2970.97,2785.0,2833.99,446192.2353,43892.99,44101.12,41832.28,42454.0,50940.61021,143499240118,7386788128,12346921529.0,1.0,30.48,115.9495,39.0,0.2,11.0,0.0,63.0,-0.03920388433278596,-0.033333261588257904,0.0014424583468927328,0.8852930636661334,0.8226585689925281,0.47645648679237096,-0.17288079450648522,0,0,0,0,0.0,0.0,0.39,0.24666666666666667,0.31833333333333336,-0.16372700154402273,-0.259999999999998,0.001615800669009192,0.0
2022-03-04,2834.0,2836.17,2573.0,2622.1,556178.7588,42454.0,42527.3,38550.0,39148.66,61964.68498,138812518736,7218740675,12088462005.0,0.9998,31.98,116.6503,33.0,0.2,11.0,0.0,63.0,-0.07771008924118722,-0.0810549423019875,-0.033205503212635164,0.9168075248382833,0.856206498625456,0.488320350019049,-0.19989471641061282,0,0,0,0,-0.00019999999999997797,0.00019999999999997797,0.33,0.24666666666666667,0.28833333333333333,-0.40728966688810037,1.5,0.006025818771395689,0.0
2022-03-05,2622.11,2685.12,2589.38,2665.15,268730.3036,39148.65,39613.24,38407.59,39397.96,30363.13341,133741802414,6836725504,11514411512.0,0.9998,,,22.0,0.2,11.0,0.0,63.0,0.016284817772527285,0.006347843793420254,-0.037213143092904355,0.9185009026756403,0.8557168081737259,0.49623243594458866,-0.22912195728022874,0,0,0,0,-0.00019999999999997797,0.00019999999999997797,0.22,0.24666666666666667,0.23333333333333334,-0.853821220018909,,,0.0
2022-03-06,2665.16,2676.29,2535.0,2551.29,336487.9099,39397.97,39693.87,38088.57,38420.81,39677.26158,135666951986,6955545552,11657609422.0,0.9999,,,22.0,0.2,10.0,0.0,55.0,-0.043661227604156416,-0.025114798426121913,0.014291906328014728,0.8468509710508981,0.76911373018835,0.4967107872284957,-0.21802553486614876,0,0,0,0,-9.999999999998899e-05,9.999999999998899e-05,0.22,0.21666666666666667,0.21833333333333332,-0.9756025526909478,,,0.0
2022-03-07,2551.3,2649.0,2445.0,2491.12,620171.6787,38420.8,39547.57,37155.0,37988.0,63994.11559,131583734086,6731536470,11421083433.0,0.9999,36.45,117.3278,23.0,0.2,10.0,0.0,55.0,-0.023866705063867934,-0.011328919506856962,-0.030559589781432986,0.84824386540721,0.7696880458441474,0.465228704463704,-0.24156090649966908,0,0,0,0,-9.999999999998899e-05,9.999999999998899e-05,0.23,0.21666666666666667,0.22333333333333333,-0.9350087751336015,,,0.0
2022-03-08,2491.12,2624.0,2480.15,2575.97,561659.7421,37988.01,39362.08,37867.65,38730.63,55583.06638,131658440504,6626844547,11494165503.0,0.9999,35.13,117.6176,21.0,0.2,10.0,0.0,55.0,0.03349375366749058,0.019360439473765596,0.0005675870146715896,0.8568207699972011,0.7678906431046936,0.46102429768940323,-0.24113030412818184,0,0,0,0,-9.999999999998899e-05,9.999999999998899e-05,0.21,0.21666666666666667,0.21333333333333332,-1.0161963302482941,-1.3200000000000003,0.0024669574034983975,0.0
2022-03-09,2575.98,2775.85,2567.7,2726.98,562771.7403,38730.63,42594.06,38656.45,41941.71,67392.58799,134196990081,6716217802,11534877404.0,0.9997,32.45,116.5961,22.0,0.2,10.0,0.0,55.0,0.05696860755825763,0.07965003732031377,0.01909779858307773,0.8771695436393523,0.8109653396365938,0.4637271634899613,-0.2264982886031689,0,0,0,0,-0.00029999999999996696,0.00029999999999996696,0.22,0.21666666666666667,0.21833333333333332,-0.9756025526909478,-2.6799999999999997,-0.008722858457937136,0.0
2022-03-10,2726.98,2733.25,2550.27,2606.7,559029.9377,41941.7,42039.63,38539.73,39422.0,71962.93154,139288180732,6940795557,12069177475.0,0.9996,30.23,116.7401,28.0,0.2,10.0,0.0,55.0,-0.0451097162386842,-0.06195676107004793,0.03723623392574034,0.8884215604548534,0.8374829446982656,0.4796208746785191,-0.19715303518713415,0,0,0,0,-0.00039999999999995595,0.00039999999999995595,0.28,0.21666666666666667,0.24833333333333335,-0.7320398873468702,-2.2200000000000024,0.001234270707083359,0.0
2022-03-11,2606.69,2676.78,2522.57,2556.86,494583.6568,39422.01,40236.26,38223.6,38729.57,59018.7642,135826419039,6790080728,11655115002.0,0.9999,30.75,117.0192,22.0,0.2,10.0,0.0,55.0,-0.0193051103831143,-0.017720645144228633,-0.02516728966839039,0.8737606677761158,0.8378675468065221,0.48675815595252175,-0.21710637834607735,0,0,0,0,-9.999999999998899e-05,9.999999999998899e-05,0.22,0.21666666666666667,0.21833333333333332,-0.9756025526909478,0.5199999999999996,0.002387927518807597,0.0
2022-03-12,2556.86,2616.79,2553.39,2568.8,219236.5711,38729.57,39486.71,38660.52,38807.36,24034.36432,134847555211,6721823200,11299912512.0,1.0,,,22.0,0.2,10.0,0.0,55.0,0.0046589206451485956,0.002006528401358036,-0.007232820207705666,0.8584499944896884,0.8362771283654707,0.48232751559921794,-0.22274847840901799,0,0,0,0,0.0,0.0,0.22,0.21666666666666667,0.21833333333333332,-0.9756025526909478,,,0.0
2022-03-13,2568.8,2603.32,2493.0,2515.65,316942.1601,38807.35,39310.0,37578.51,37777.34,32791.82359,134931591263,6751946840,11360415818.0,0.9998,,,21.0,0.2,10.0,0.0,54.0,-0.020907644329557794,-0.026900467390317852,0.0006229988923636592,0.8466689908756513,0.8365411558075333,0.4749073548008668,-0.22226410070425875,0,0,0,0,-0.00019999999999997797,0.00019999999999997797,0.21,0.21333333333333332,0.21166666666666667,-1.029727589434076,,,0.0
2022-03-14,2515.66,2609.6,2498.67,2589.41,386630.1912,37777.35,39947.12,37555.0,39671.37,46945.45375,133267736121,6629038568,11126309405.0,0.9998,31.77,117.1506,23.0,0.2,10.0,0.0,54.0,0.028898831069852558,0.04892031687140569,-0.012407760335556654,0.8549134713653653,0.8565387310714834,0.46884857126042845,-0.23185444098742455,0,0,0,0,-0.00019999999999997797,0.00019999999999997797,0.23,0.21333333333333332,0.22166666666666668,-0.9485400343193835,,,0.0
2022-03-15,2589.42,2669.0,2507.0,2617.73,461202.3014,39671.37,39887.61,38098.33,39280.33,46015.54926,135524323643,6736471996,11379506786.0,0.9997,29.83,117.246,21.0,0.2,10.0,0.0,54.0,0.010877479473803332,-0.009905884169983963,0.016790976204205513,0.8552066741320372,0.8569560453477307,0.47320684214908487,-0.21884763428386003,0,0,0,0,-0.00029999999999996696,0.00029999999999996696,0.21,0.21333333333333332,0.21166666666666667,-1.029727589434076,-1.9400000000000013,0.0008140050262478184,0.0
2022-03-16,2617.74,2788.0,2603.38,2773.81,666224.7217,39280.33,41718.0,38828.48,41114.0,88120.76167,136297824192,6770323471,11540763511.0,0.9995,26.67,116.8073,24.0,0.2,10.0,0.0,54.0,0.05791429638892648,0.045624811430510115,0.0056912407100066596,0.87794000046509,0.8720117676764231,0.47357601141397604,-0.21438923325670764,0,0,0,0,-0.0004999999999999449,0.0004999999999999449,0.24,0.21333333333333332,0.22666666666666666,-0.9079462567620374,-3.1599999999999966,-0.0037487231647783162,0.0
2022-03-17,2773.8,2836.0,2746.42,2811.92,379312.541,41114.01,41478.82,40500.0,40917.9,37189.38087,140710105959,7569397638,12095110845.0,0.9995,25.67,116.0467,27.0,0.2,10.0,0.0,54.0,0.013645697645398072,-0.004781075985047464,0.03185941263077503,0.8252638727788203,0.8551887129175705,0.48638579329093556,-0.18895716137581423,0,0,0,0,-0.0004999999999999449,0.0004999999999999449,0.27,0.21333333333333332,0.24166666666666667,-0.7861649240899986,-1.0,-0.0065328721439056135,0.0
2022-03-18,2811.91,2984.0,2765.59,2938.92,556535.7966,40917.89,42325.02,40135.04,41757.51,45408.00969,140975950050,7056947418,12283644182.0,0.9994,23.87,116.1378,25.0,0.2,10.0,0.0,54.0,0.044174642881809834,0.02031169524144141,0.0018875209777454017,0.8401201944308738,0.8576940973654137,0.4667502096391961,-0.18742485532909053,0,0,0,0,-0.0006000000000000449,0.0006000000000000449,0.25,0.21333333333333332,0.23166666666666666,-0.8673524792046912,-1.8000000000000007,0.0007847208118961989,0.0
2022-03-19,2938.84,2987.7,2890.86,2950.84,325971.5398,41757.51,42400.0,41499.29,42201.13,29067.18108,145222718371,7234852573,12677416120.0,0.9994,,,28.0,0.2,10.0,0.0,54.0,0.004047708658660071,0.010567682574771557,0.02967924395320807,0.7958614861938036,0.8109131071062262,0.4784386039537066,-0.1629467909386998,0,0,0,0,-0.0006000000000000449,0.0006000000000000449,0.28,0.21333333333333332,0.24666666666666667,-0.7455711465326523,,,0.0
2022-03-20,2950.85,2964.17,2817.21,2861.38,377608.8214,42201.13,42296.26,40911.0,41262.11,30653.33468,145422804683,7294828154,12938930714.0,0.9995,,,31.0,0.2,11.0,0.0,58.0,-0.030785849641907954,-0.022502352481311442,0.0013768410502666935,0.7908001600856117,0.8136041698241765,0.45092731105287853,-0.16179350795772038,0,0,0,0,-0.0004999999999999449,0.0004999999999999449,0.31,0.23,0.27,-0.5561335179317031,,,0.0
2022-03-21,2861.39,2960.57,2829.81,2890.03,450223.9073,41262.11,41544.22,40467.94,41002.25,39426.24877,143450564144,7161819020,12728157529.0,0.9997,23.53,115.9398,30.0,0.2,11.0,0.0,58.0,0.009962856753148086,-0.006317702205992036,-0.013654918705169295,0.7910229214576107,0.8139853326419287,0.4510340845616941,-0.1731613592879321,0,0,0,0,-0.00029999999999996696,0.00029999999999996696,0.3,0.23,0.265,-0.5967272954890493,,,0.0
2022-03-22,2890.03,3052.85,2886.43,2969.64,564868.9839,41002.26,43361.0,40875.51,42364.13,59454.94294,147584313100,7202182909,12769885687.0,0.9995,22.94,116.0824,26.0,0.2,11.0,0.0,58.0,0.027173850653313385,0.03267507037255884,0.028409151600986497,0.7710436608346337,0.8054348780017186,0.4598182839484116,-0.14933473031495062,0,0,0,0,-0.0004999999999999449,0.0004999999999999449,0.26,0.23,0.245,-0.7591024057184345,-0.5899999999999999,0.0012291928785669011,0.0
2022-03-23,2969.64,3045.2,2920.65,3036.0,453962.7298,42364.13,43025.96,41751.47,42882.76,40828.87039,149390651886,7366292361,12915896341.0,0.9996,23.57,116.005,31.0,0.2,11.0,0.0,58.0,0.022100126186770305,0.012167866742905374,0.01216507298891599,0.7680868581983964,0.7929188636305,0.45204583544930016,-0.13892312464860793,0,0,0,0,-0.00039999999999995595,0.00039999999999995595,0.31,0.23,0.27,-0.5561335179317031,0.629999999999999,-0.0006669901327643004,0.0
2022-03-24,3035.99,3129.11,2999.11,3110.76,577171.5239,42882.76,44220.89,42560.46,43991.46,56195.12374,150896859239,7373787636,13009385664.0,0.9995,21.67,115.9599,40.0,0.2,11.0,0.0,58.0,0.02432620979389752,0.02552564380828476,0.010031852334794514,0.7674685869375402,0.7902373396528279,0.4429997942997415,-0.13024145477985175,0,0,0,0,-0.0004999999999999449,0.0004999999999999449,0.4,0.23,0.315,-0.19078951991558707,-1.8999999999999986,-0.0003888519389638321,0.0
2022-03-25,3110.75,3193.28,3076.0,3102.14,489099.5572,43991.46,45094.14,43579.0,44313.16,54614.43648,152129396447,7337305114,13146720698.0,0.9996,20.81,115.7921,47.0,0.2,11.0,0.0,58.0,-0.0027748734185679743,0.007286174227543661,0.008134899085189825,0.761841859571199,0.7824756505337049,0.4420397553583593,-0.1231371997650945,0,0,0,0,-0.00039999999999995595,0.00039999999999995595,0.47,0.23,0.35,0.09336692298583642,-0.860000000000003,-0.001448099945829631,0.0
2022-03-26,3102.13,3153.2,3084.9,3145.0,207134.847,44313.16,44792.99,44071.97,44511.27,23041.61741,151087156526,7298458874,12901528684.0,0.9995,,,51.0,0.2,11.0,0.0,58.0,0.013721694243691004,0.004460717136023095,-0.006874585278799607,0.7623003561745685,0.7781713118093311,0.4427112269296683,-0.12914459502852774,0,0,0,0,-0.0004999999999999449,0.0004999999999999449,0.51,0.23,0.37,0.25574203321522154,,,0.0
2022-03-27,3145.01,3299.37,3126.02,3295.65,335467.4145,44511.27,46999.0,44421.46,46827.76,41874.91071,152954251008,7373192773,13013623383.0,0.9997,,,49.0,0.2,12.0,0.0,64.0,0.046789526935948046,0.05073377393082759,0.012281997821445872,0.7479147935319266,0.7921378178506391,0.44323472684872545,-0.1029171941622312,0,0,0,0,-0.00029999999999996696,0.00029999999999996696,0.49,0.2533333333333333,0.37166666666666665,0.26927329240100345,,,0.0
2022-03-28,3295.65,3431.15,3275.01,3332.92,527237.1133,46827.76,48189.84,46663.56,47122.21,58949.2614,156376982822,7601943334,13503614515.0,0.9995,19.63,116.1911,60.0,0.2,12.0,0.0,64.0,0.01124537954894856,0.006268250306015814,0.022130784964031074,0.7481195964633174,0.7915402044839318,0.4390608458482997,-0.06878524010491018,0,0,0,0,-0.0004999999999999449,0.0004999999999999449,0.6,0.2533333333333333,0.42666666666666664,0.715804845531812,,,0.0
2022-03-29,3332.91,3481.87,3329.68,3400.51,465899.8226,47122.21,48096.47,46950.85,47434.8,36772.28457,157893818203,7603250422,13659766889.0,0.9996,18.9,115.5679,56.0,0.2,12.0,0.0,64.0,0.02007662373594018,0.006611696768465159,0.009653121795662424,0.7099391880848536,0.7761056743135929,0.43923160439908254,-0.059752584085922364,0,0,0,0,-0.00039999999999995595,0.00039999999999995595,0.56,0.2533333333333333,0.4066666666666667,0.5534297353024273,-0.7300000000000004,-0.005378013385184969,0.0
2022-03-30,3400.51,3446.9,3331.84,3385.79,356082.5231,47434.79,47700.22,46445.42,47067.99,40947.2085,160311744248,7748785179,14049620595.0,0.9997,19.33,115.0818,55.0,0.2,12.0,0.0,64.0,-0.00433815866831539,-0.007762984396878372,0.015197550692266727,0.6096809411136015,0.6259029193014236,0.425024703319367,-0.04535399178156957,0,0,0,0,-0.00029999999999996696,0.00029999999999996696,0.55,0.2533333333333333,0.40166666666666667,0.5128359577450811,0.4299999999999997,-0.004215056162649444,0.0
2022-03-31,3385.8,3444.83,3261.35,3281.51,455091.2395,47067.99,47600.0,45200.0,45510.34,48645.12667,161430008554,7805567193,14041005213.0,0.9998,20.56,115.2218,52.0,0.2,12.0,0.0,64.0,-0.031283579391062265,-0.03365359925692603,0.006951344046866668,0.6202747210674995,0.6312476954347039,0.3605423952447446,-0.03869480058591659,0,0,0,0,-0.00019999999999997797,0.00019999999999997797,0.52,0.2533333333333333,0.38666666666666666,0.3910546250730423,1.2300000000000004,0.0012157866159707422,0.0
2022-04-01,3281.51,3481.29,3210.68,3455.21,532169.2392,45510.35,46720.09,44200.0,46283.49,56271.06474,157537124284,7638674802,13716861802.0,0.9997,19.63,115.4814,50.0,0.33,12.0,0.0,64.0,0.051579554534772795,0.01684575714059203,-0.024410524928154008,0.6406313110993367,0.6319102580542806,0.3737756802519829,-0.061876673169516665,0,0,0,0,-0.00029999999999996696,0.00029999999999996696,0.5,0.2533333333333333,0.37666666666666665,0.30986706995834973,-0.9299999999999997,0.002250511562635845,0.13
2022-04-02,3455.2,3532.2,3433.14,3443.77,499893.29,46283.49,47213.0,45620.0,45811.0,37073.53582,161726399187,7898430157,14232444055.0,0.9997,,,52.0,0.33,12.0,0.0,64.0,-0.003316435323907816,-0.010261073071446306,0.026244873305651374,0.6211880434621053,0.6208068758509168,0.3822576657938016,-0.03692981364753566,0,0,0,0,-0.00029999999999996696,0.00029999999999996696,0.52,0.2533333333333333,0.38666666666666666,0.3910546250730423,,,0.0
2022-04-03,3443.77,3580.34,3412.11,3521.91,381581.7683,45810.99,47444.11,45530.92,46407.35,33394.67794,161799122817,7911404362,14145374931.0,0.9997,,,48.0,0.33,12.0,0.0,55.0,0.02243665456009444,0.012933614904539842,0.00044956967088354455,0.5437098398468272,0.5432388643237518,0.35832094081301985,-0.03649674916178436,0,0,0,0,-0.00029999999999996696,0.00029999999999996696,0.48,0.22333333333333333,0.3516666666666667,0.10689818217161881,,,0.0
2022-04-04,3521.9,3547.0,3405.97,3519.5,449984.1586,46407.36,46890.71,45118.0,46580.51,44641.87514,162902153557,8042333837,14417000497.0,0.9998,18.57,115.4112,52.0,0.33,12.0,0.0,55.0,-0.0006845220187730097,0.0037243614415168034,0.00679415243052157,0.5443973470337231,0.5432747187073833,0.32415213726080777,-0.029928272860670457,0,0,0,0,-0.00019999999999997797,0.00019999999999997797,0.52,0.22333333333333333,0.3716666666666667,0.2692732924010039,,,0.0
2022-04-05,3519.5,3555.0,3400.0,3406.99,397782.7437,46580.5,47200.0,45353.81,45497.55,42192.74852,162378897736,8057814480,14348708826.0,0.9999,21.03,115.73,53.0,0.33,12.0,0.0,55.0,-0.032489730525075915,-0.023523734948063195,-0.003217256401873529,0.5319796141618548,0.5421704290399894,0.3246585522240369,-0.0032120865781980657,0,0,0,0,-9.999999999998899e-05,9.999999999998899e-05,0.53,0.22333333333333333,0.3766666666666667,0.30986706995835017,2.460000000000001,0.0027584887692255118,0.0
2022-04-06,3407.0,3407.5,3162.39,3168.51,736273.1047,45497.54,45507.14,43121.0,43170.47,60849.32936,158563770940,7939436922,14307603044.0,0.9999,22.1,115.9995,48.0,0.33,12.0,0.0,55.0,-0.07256775769697918,-0.052501781655002897,-0.02377562651974545,0.5940850028426437,0.5763296220489297,0.3157869803113526,-0.026631830962762476,0,0,0,0,-9.999999999998899e-05,9.999999999998899e-05,0.48,0.22333333333333333,0.3516666666666667,0.10689818217161881,1.0700000000000003,0.0023259888922609914,0.0
2022-04-07,3168.52,3268.98,3143.15,3227.19,458179.3272,43170.47,43900.99,42727.35,43444.19,37396.54156,152307882030,7633126537,13480231792.0,0.9999,21.55,116.3512,34.0,0.33,12.0,0.0,55.0,0.01835034370763697,0.006320429156202368,-0.040252840837847935,0.5882309802615332,0.5738195918094308,0.35468293964355796,-0.06503457011262304,0,0,0,0,-9.999999999998899e-05,9.999999999998899e-05,0.34,0.22333333333333333,0.2816666666666667,-0.4614147036312286,-0.5500000000000007,0.0030273226515051574,0.0
2022-04-08,3227.2,3314.02,3173.52,3192.39,502422.5048,43444.2,43970.62,42107.14,42252.01,42375.04203,154627389479,7783577873,13782792688.0,0.9998,21.16,116.4176,37.0,0.33,12.0,0.0,55.0,-0.010841936976364482,-0.027825199218427053,0.015114272096226157,0.5635091429489824,0.5144667012159484,0.3529376739539513,-0.05079591581399587,0,0,0,0,-0.00019999999999997797,0.00019999999999997797,0.37,0.22333333333333333,0.29666666666666663,-0.3396333709591902,-0.39000000000000057,0.0005705232127422062,0.0
2022-04-09,3192.39,3268.4,3181.28,3258.57,212444.2566,42252.02,42800.0,42125.48,42753.97,17891.66047,151927995834,7646106144,13443700443.0,0.9998,,,30.0,0.33,12.0,0.0,55.0,0.020518596261411837,0.011810129932037259,-0.017611586982949675,0.5354864693301749,0.46408876638566104,0.3409944542016763,-0.06736656013058849,1,0,0,0,-0.00019999999999997797,0.00019999999999997797,0.3,0.22333333333333333,0.26166666666666666,-0.6237898138606137,,,0.0
2022-04-10,3258.57,3307.22,3193.0,3203.04,232303.2326,42753.96,43410.3,41868.0,42158.85,22771.09403,153468433976,7773161287,13672892402.0,0.9998,,,34.0,0.33,10.0,0.0,49.0,-0.01718808999540962,-0.014017429746878484,0.010088207038844603,0.5342050359297891,0.46221338798034417,0.32633587752971743,-0.057910342957492644,1,0,0,0,-0.00019999999999997797,0.00019999999999997797,0.34,0.19666666666666668,0.26833333333333337,-0.5696647771174851,,,0.0
2022-04-11,3203.04,3213.63,2950.0,2979.74,693394.2912,42158.85,42414.71,39200.0,39530.45,63560.44721,151538338236,7683614069,13570686013.0,0.9999,24.37,116.5401,32.0,0.33,10.0,0.0,49.0,-0.0722643104524599,-0.06437336581826365,-0.012656253430804015,0.6024030261194013,0.5182892844735608,0.32923566046978114,-0.06975853340713364,1,0,0,0,-9.999999999998899e-05,9.999999999998899e-05,0.32,0.19666666666666668,0.25833333333333336,-0.6508523322321776,,,0.0
2022-04-12,2979.75,3085.0,2950.0,3027.66,579522.9505,39530.45,40699.0,39254.63,40074.94,57751.01778,144289221672,7211679792,12840643663.0,0.9998,24.26,116.3866,20.0,0.33,10.0,0.0,49.0,0.015953995545066883,0.013679940298762482,-0.049018881496736534,0.5961805086229138,0.510442802102546,0.37743984669830677,-0.1142583537331032,1,0,0,0,-0.00019999999999997797,0.00019999999999997797,0.2,0.19666666666666668,0.19833333333333336,-1.1379776629203324,-0.10999999999999943,-0.0013180113934648664,0.0
2022-04-13,3027.65,3128.97,2996.86,3118.28,419101.494,40074.95,41561.31,39588.54,41147.79,41342.27254,146191016975,7313472923,13130819485.0,0.9999,21.82,116.2796,25.0,0.33,10.0,0.0,49.0,0.029491523824412797,0.02641901842530263,0.013094332926138291,0.5964683535612195,0.49001797689457255,0.3754644633925392,-0.10258388988180392,1,0,0,0,-9.999999999998899e-05,9.999999999998899e-05,0.25,0.19666666666666668,0.22333333333333333,-0.9350087751336015,-2.4400000000000013,-0.0009197726832976744,0.0
2022-04-14,3118.28,3145.0,2976.3,3021.98,408382.5572,41147.78,41500.0,39551.94,39942.38,36807.01401,148423215321,7437424655,13580285696.0,1.0,22.7,116.7558,28.0,0.33,10.0,0.0,49.0,-0.03136932206332718,-0.029732304130666604,0.015153653942758015,0.610335908703973,0.5004516740897215,0.3747549715867813,-0.08888119598083626,1,0,0,0,0.0,0.0,0.28,0.19666666666666668,0.23833333333333334,-0.8132274424615628,0.879999999999999,0.004086938403634177,0.0
2022-04-15,3021.98,3060.92,2993.13,3040.56,249626.2981,39942.37,40870.36,39766.4,40551.9,24026.35739,146106202324,7297972373,13210665605.0,0.9998,,116.7017,22.0,0.33,10.0,0.0,49.0,0.006129463284808756,0.015144719601020222,-0.015733985521578835,0.579553808314421,0.47663050352705016,0.38025163424804,-0.10310453770105035,1,0,0,0,-0.00019999999999997797,0.00019999999999997797,0.22,0.19666666666666668,0.20833333333333334,-1.05679010780564,,-0.00046346766300843137,0.0
2022-04-16,3040.57,3086.1,3010.03,3059.3,176352.4165,40551.9,40709.35,39991.55,40378.71,15805.44718,147131069653,7323110572,13337175281.0,0.9999,,,28.0,0.33,10.0,0.0,49.0,0.006144422645443129,-0.004279969331170057,0.006990049355408,0.5784189685052493,0.4765765116313986,0.36554291590107363,-0.09681323149900314,1,0,0,0,-9.999999999998899e-05,9.999999999998899e-05,0.28,0.19666666666666668,0.23833333333333334,-0.8132274424615628,,,0.0
2022-04-17,3059.3,3083.0,2981.7,2988.06,243772.074,40378.7,40595.67,39546.17,39678.12,19988.49259,147654282027,7389090383,13433615126.0,0.9998,,,28.0,0.33,11.0,0.0,45.0,-0.023561784234964658,-0.017502763604226226,0.0035497891630963414,0.5655639083051589,0.4740964918555769,0.365611793919229,-0.09360141162691701,1,0,0,0,-0.00019999999999997797,0.00019999999999997797,0.28,0.18666666666666668,0.23333333333333334,-0.853821220018909,,,0.0
2022-04-18,2988.07,3069.6,2883.22,3055.56,510251.6536,39678.11,41116.73,38536.51,40801.13,54243.49575,145166969370,7199679391,13218876261.0,0.9999,22.17,116.8441,24.0,0.33,11.0,0.0,45.0,0.02233853449045376,0.027909874843025737,-0.016989016133512693,0.5705629796264386,0.4835113003417647,0.35653434102707143,-0.10887016408162094,1,0,0,0,-9.999999999998899e-05,9.999999999998899e-05,0.24,0.18666666666666668,0.21333333333333332,-1.0161963302482941,,,0.0
2022-04-19,3055.56,3131.0,3030.34,3101.77,359375.0038,40801.13,41760.0,40571.0,41493.18,35788.85843,148719712465,7328871569,13491165850.0,0.9997,21.37,117.1324,27.0,0.33,11.0,0.0,45.0,0.015010034412271363,0.01681929927737526,0.02417881717831382,0.5605613776366302,0.4810769295682291,0.3663880172985776,-0.08706110252273318,1,0,0,0,-0.00029999999999996696,0.00029999999999996696,0.27,0.18666666666666668,0.22833333333333333,-0.8944149975762553,-0.8000000000000007,0.002464351299420929,0.0
2022-04-20,3101.74,3166.5,3036.45,3076.04,415000.0685,41493.19,42199.0,40820.0,41358.19,40877.35041,149693102211,7402222668,13659556993.0,0.9998,20.32,116.7306,27.0,0.33,11.0,0.0,45.0,-0.008329860832956325,-0.0032586092287824916,0.006523802936169272,0.5612048534441695,0.48067456878053594,0.3631510200441707,-0.08108579940521234,1,0,0,0,-0.00019999999999997797,0.00019999999999997797,0.27,0.18666666666666668,0.22833333333333333,-0.8944149975762553,-1.0500000000000007,-0.0034362032074687476,0.0
2022-04-21,3076.03,3180.0,2942.31,2983.58,562699.697,41358.19,42976.0,39751.0,40480.01,59316.27657,149483617612,7373351665,13872667986.0,0.9999,22.68,117.1432,27.0,0.33,11.0,0.0,45.0,-0.030519133695049935,-0.02146219513885801,-0.0014004073135079288,0.5648036451832518,0.4717741093931624,0.3499113038074735,-0.08237175293268796,1,0,0,0,-9.999999999998899e-05,9.999999999998899e-05,0.27,0.18666666666666668,0.22833333333333333,-0.8944149975762553,2.3599999999999994,0.0035284023097878745,0.0
2022-04-22,2983.57,3034.32,2930.35,2962.39,452433.082,40480.01,40795.06,39177.0,39709.18,46664.0196,146762416810,7120297341,13407859174.0,0.9999,28.21,118.0186,26.0,0.33,11.0,0.0,45.0,-0.007127546794771479,-0.019225876795201286,-0.018371738513649642,0.5596889482022402,0.4730198232230324,0.35321357644600376,-0.09907626384664493,1,0,0,0,-9.999999999998899e-05,9.999999999998899e-05,0.26,0.18666666666666668,0.22333333333333333,-0.9350087751336015,5.530000000000001,0.0074451211344893405,0.0
2022-04-23,2962.39,2978.03,2913.89,2933.03,187576.7324,39709.19,39980.0,39285.0,39441.6,20291.42375,146144682521,7079532280,13272254151.0,0.9998,,,24.0,0.33,11.0,0.0,45.0,-0.0099603565921431,-0.006761298356655494,-0.004217959935165591,0.5530397694268936,0.46217112643070096,0.3513113779900152,-0.10286832107554984,1,0,0,0,-0.00019999999999997797,0.00019999999999997797,0.24,0.18666666666666668,0.21333333333333332,-1.0161963302482941,,,0.0
2022-04-24,2933.04,2967.06,2912.09,2921.0,218957.0222,39441.61,39940.0,38929.62,39450.13,26703.61186,145645454302,7051063380,13104700462.0,0.9998,,,24.0,0.33,10.0,0.0,43.0,-0.0041099949724494895,0.0002162457340772487,-0.0034218340040911353,0.5530841038428109,0.4607232779741128,0.34981110738571136,-0.10593291051221017,1,0,0,0,-0.00019999999999997797,0.00019999999999997797,0.24,0.17666666666666667,0.20833333333333331,-1.0567901078056403,,,0.0
2022-04-25,2920.99,3025.65,2797.01,3006.62,619198.3616,39450.12,40616.0,38200.0,40426.08,63037.12784,144673072859,7019441607,13241355728.0,0.9999,27.02,118.6271,23.0,0.33,10.0,0.0,43.0,0.02889050081606422,0.02443777865032932,-0.006698746295401053,0.5609872571101653,0.47043930869366435,0.3497773356407664,-0.11190202400621785,1,0,0,0,-9.999999999998899e-05,9.999999999998899e-05,0.23,0.17666666666666667,0.20333333333333334,-1.0973838853629865,,,0.0
2022-04-26,3006.63,3039.54,2767.0,2809.67,531184.3504,40426.08,40797.31,37702.26,38112.65,66650.258,147987530790,7166239627,13484359605.0,1.0,33.52,118.9624,27.0,0.33,10.0,0.0,43.0,-0.06774948549478285,-0.05892887322404605,0.022651491908505114,0.5788732298915291,0.4676760231883486,0.35670124580427803,-0.09155571268602858,1,0,0,0,0.0,0.0,0.27,0.17666666666666667,0.22333333333333333,-0.9350087751336015,6.5000000000000036,0.0028225171785802097,0.0
2022-04-27,2809.68,2919.87,2794.46,2888.96,488951.2416,38112.64,39474.72,37881.31,39235.72,57083.12272,142223364997,6848195829,12775598752.0,1.0,31.6,119.4708,21.0,0.33,10.0,0.0,43.0,0.027829537040039223,0.02904130834995406,-0.03972920411552782,0.5876691407238365,0.4822436457370563,0.37096997225331413,-0.1269399336256437,1,0,0,0,0.0,0.0,0.21,0.17666666666666667,0.19333333333333333,-1.178571440477679,-1.9200000000000017,0.004264513251368239,0.0
2022-04-28,2888.95,2980.0,2853.83,2936.93,537392.9978,39235.72,40372.63,38881.43,39742.07,56086.6715,144375229726,6990092520,13052304970.0,1.0,29.99,120.0675,24.0,0.33,10.0,0.0,43.0,0.01646824232146928,0.012822767969639432,0.01501685777023144,0.5858814053457092,0.48478505945575195,0.373763393632612,-0.11373038002543882,1,0,0,0,0.0,0.0,0.24,0.17666666666666667,0.20833333333333331,-1.0567901078056403,-1.610000000000003,0.0049820945897750294,0.0
2022-04-29,2936.92,2946.46,2776.63,2817.13,525978.147,39742.06,39925.25,38175.0,38596.11,51453.65715,144032693542,7027490775,12963820418.0,1.0001,33.4,119.4933,23.0,0.33,10.0,0.0,43.0,-0.041646181874155655,-0.02925883015250115,-0.0023753601577746163,0.5997314207802025,0.49157650975671346,0.36798609071003874,-0.11583309123287627,1,0,0,0,9.999999999998899e-05,9.999999999998899e-05,0.23,0.17666666666666667,0.20333333333333334,-1.0973838853629865,3.41,-0.004793781784073327,0.0
2022-04-30,2817.13,2841.63,2709.26,2726.66,367757.2469,38596.11,38795.38,37578.2,37630.8,35321.18989,140401372014,6826955441,12621629165.0,0.9998,,,20.0,0.33,10.0,0.0,43.0,-0.032641219258456255,-0.025328630177714796,-0.025535048569324453,0.6004663717824864,0.4866460949273571,0.37369860405738353,-0.1381245186247762,1,0,0,0,-0.00019999999999997797,0.00019999999999997797,0.2,0.17666666666666667,0.18833333333333335,-1.219165218035025,,,0.0
2022-05-01,2726.67,2849.9,2716.13,2824.81,442544.8792,37630.8,38675.0,37386.38,38468.35,38812.24104,135815392900,6637379913,12322574965.0,1.0,,,22.0,0.77,10.0,1.0,44.0,0.035363688743625235,0.02201296126766681,-0.0332087052433687,0.5832533659410226,0.4900660211694667,0.38074708843010685,-0.16627625888028702,1,0,0,0,0.0,0.0,0.22,0.18333333333333332,0.20166666666666666,-1.1109151445487686,,,0.44
2022-05-02,2824.81,2894.22,2778.78,2856.54,521706.8567,38468.35,39167.34,38052.0,38525.16,53200.92628,138176943986,6790724560,12775359189.0,1.0001,32.34,119.8825,28.0,0.77,10.0,1.0,44.0,0.01116999653563879,0.0014757090645608362,0.017238508154208684,0.5864954946110108,0.4905410550500787,0.372671453971381,-0.15177951322999894,1,0,0,0,9.999999999998899e-05,9.999999999998899e-05,0.28,0.18333333333333332,0.2316666666666667,-0.8673524792046909,,,0.0
2022-05-03,2856.54,2861.47,2755.19,2781.7,371331.1796,38525.16,38651.51,37517.8,37728.95,40316.45358,138043869147,6829294645,12913095288.0,1.0001,29.25,119.7043,27.0,0.77,10.0,1.0,44.0,-0.026548850637668365,-0.02088383006942929,-0.0009635396245942912,0.5812238693710364,0.48848705416709215,0.37243216759566167,-0.15259641365822707,1,0,0,0,9.999999999998899e-05,9.999999999998899e-05,0.27,0.18333333333333332,0.22666666666666668,-0.9079462567620372,-3.0900000000000034,-0.0014875613586444914,0.0
2022-05-04,2781.7,2965.85,2771.74,2940.64,548738.0668,37728.95,40023.77,37670.0,39690.0,62574.61736,137927533627,6740599482,12750503977.0,1.0002,25.42,119.5592,21.0,0.77,10.0,1.0,44.0,0.05556499313764938,0.05067156251954114,-0.0008430984205008929,0.6216778097232749,0.527249659994107,0.3702589346324894,-0.1533105571944529,1,0,0,0,0.00019999999999997797,0.00019999999999997797,0.21,0.18333333333333332,0.19666666666666666,-1.1515089221061148,-3.8299999999999983,-0.0012128888676128313,0.0
2022-05-05,2940.65,2954.65,2683.0,2747.97,734845.3194,39690.0,39845.51,35571.9,36552.97,88722.43355,142611890062,7028778968,13258505368.0,1.0001,31.2,120.0068,27.0,0.77,10.0,1.0,44.0,-0.06776478746508298,-0.08233682535055205,0.03339845643397198,0.6520379939273102,0.5890693167483362,0.3943999762732329,-0.12455491257763127,1,0,0,0,9.999999999998899e-05,9.999999999998899e-05,0.27,0.18333333333333332,0.22666666666666668,-0.9079462567620372,5.779999999999998,0.003736761650937468,0.0
2022-05-06,2747.96,2758.18,2632.95,2692.85,711449.3234,36552.97,36675.63,35258.0,36013.77,68437.80187,136851664532,6731232598,12651528323.0,1.0002,30.19,119.8577,22.0,0.77,10.0,1.0,44.0,-0.0202623449546493,-0.014861076122788424,-0.04122928642448022,0.6101866612500225,0.5669288868872957,0.4096370455393396,-0.15991494560496924,1,0,0,0,0.00019999999999997797,0.00019999999999997797,0.22,0.18333333333333332,0.20166666666666666,-1.1109151445487686,-1.009999999999998,-0.0012432020511870133,0.0
2022-05-07,2692.86,2704.36,2584.75,2635.34,371271.4532,36013.77,36146.3,34785.0,35472.39,34281.70682,135722206187,6702682768,12640991706.0,1.0003,,,23.0,0.77,10.0,1.0,44.0,-0.021587906387850193,-0.015146717920837932,-0.0082874033844782,0.6064940126528414,0.56598136522421,0.38960834966361585,-0.1668482998936515,1,0,0,0,0.00029999999999996696,0.00029999999999996696,0.23,0.18333333333333332,0.20666666666666667,-1.0703213669914222,,,0.0
2022-05-08,2635.35,2642.0,2484.0,2519.71,757615.3415,35472.4,35514.22,33713.95,34038.4,72445.64344,130662121135,6645682181,12449450182.0,1.0003,,,18.0,0.77,10.0,9.0,75.0,-0.044868390391330004,-0.04126534832558704,-0.037995431929088753,0.6208249057532353,0.5741605496189693,0.4009592550312346,-0.19791041258837078,1,0,0,0,0.00029999999999996696,0.00029999999999996696,0.18,0.3133333333333333,0.24666666666666665,-0.7455711465326526,,,0.0
2022-05-09,2519.71,2530.78,2225.0,2228.55,1574924.9793,34038.39,34243.15,30033.33,30076.31,191876.926428,125980123140,6446556340,12020365767.0,1.0002,34.75,120.4972,11.0,0.77,10.0,9.0,75.0,-0.12279266576677982,-0.12375148039084222,-0.03649062163507585,0.7299514731644531,0.6988259097414153,0.41328758432343876,-0.22665157955742346,1,0,0,0,0.00019999999999997797,0.00019999999999997797,0.11,0.3133333333333333,0.21166666666666664,-1.0297275894340763,,,0.0
2022-05-10,2229.0,2457.34,2200.0,2342.05,1550626.1387,30074.23,32658.99,29730.4,31017.1,165532.00311,109587055221,5763115296,10935576953.0,1.0003,32.99,120.7742,10.0,0.77,10.0,9.0,75.0,0.049675464452423136,0.03080084662153245,-0.13940488340902682,0.7613208864290746,0.7142893774271236,0.6174580721627102,-0.32728295588397405,1,0,0,0,0.00029999999999996696,0.00029999999999996696,0.1,0.3133333333333333,0.20666666666666667,-1.0703213669914222,-1.759999999999998,0.0022961703849233932,0.0
2022-05-11,2342.04,2451.37,2005.0,2084.99,2022864.83806,31017.11,32162.59,27785.0,29103.94,207063.739278,107060775270,5895817601,11005436209.0,1.006,32.56,120.3925,12.0,0.77,10.0,9.0,75.0,-0.1162625551455644,-0.0636651051045502,-0.023322591848610897,0.8195364313775112,0.713617628230357,0.6188883101138718,-0.3427909150842559,1,0,0,1,0.006000000000000005,0.006000000000000005,0.12,0.3133333333333333,0.21666666666666665,-0.98913381187673,-0.4299999999999997,-0.0031654479554713046,0.0
2022-05-12,2084.99,2195.0,1800.0,1960.22,2305192.90836,29103.94,30243.0,26700.0,29029.75,204507.263138,89981753404,5192032082,9981502469.0,1.003,31.77,121.2796,12.0,0.77,10.0,9.0,75.0,-0.06170734723479563,-0.00255239398280821,-0.1737897565722201,0.8310014837358485,0.7090103623176568,0.8306706160117118,-0.44763312553437123,1,0,0,0,0.0029999999999998916,0.0029999999999998916,0.12,0.3133333333333333,0.21666666666666665,-0.98913381187673,-0.7900000000000027,0.007341385159921317,0.0
2022-05-13,1960.22,2147.54,1940.23,2009.69,1134042.3387,29029.74,31083.37,28751.67,29287.05,97872.36957,78550311528,5285249116,9108210924.0,1.0018,28.87,120.8442,10.0,0.77,10.0,9.0,75.0,0.024923769479372297,0.008824272580558484,-0.13586757914297085,0.828106352396872,0.7000007019500116,0.9229654198936847,-0.5178067949819031,1,0,0,0,0.0018000000000000238,0.0018000000000000238,0.1,0.3133333333333333,0.20666666666666667,-1.0703213669914222,-2.8999999999999986,-0.0035965111180388675,0.0
2022-05-14,2009.69,2070.06,1951.21,2056.48,563788.3078,29287.05,30343.27,28630.0,30086.74,51095.87863,79114407678,5497509033,9273765561.0,1.0014,,,9.0,0.77,10.0,9.0,75.0,0.023015302058914555,0.02693910433173367,0.007155672617445298,0.8359710684506726,0.7091051074955982,0.9194693605451748,-0.5143440037438326,1,0,0,0,0.0014000000000000679,0.0014000000000000679,0.09,0.3133333333333333,0.20166666666666666,-1.1109151445487686,,,0.0
2022-05-15,2056.47,2167.0,2000.68,2145.29,514398.2587,30086.74,31460.0,29480.0,31328.89,46275.66912,79401649345,5622363903,9532084912.0,1.0012,,,10.0,0.77,9.0,3.0,56.0,0.042278957997049504,0.040456131904645545,0.0036241373497342883,0.8555699266888023,0.7254600181025295,0.9233286776456203,-0.5125807264591066,1,0,0,0,0.0012000000000000899,0.0012000000000000899,0.1,0.22666666666666668,0.16333333333333333,-1.4221341058217565,,,0.0
2022-05-16,2145.29,2145.29,1979.12,2023.66,822070.8531,31328.89,31328.9,29087.04,29874.01,73082.19658,81346561861,5737913106,9865383006.0,1.0013,27.47,120.6881,14.0,0.77,9.0,3.0,56.0,-0.058366988252162674,-0.04755180340819563,0.02419942858726476,0.8682035248978328,0.7378120272629112,0.9316506947227563,-0.5006415809442534,1,0,0,0,0.0013000000000000789,0.0013000000000000789,0.14,0.22666666666666668,0.18333333333333335,-1.2597589955923714,,,0.0
2022-05-17,2023.66,2122.42,2008.0,2090.72,568249.0448,29874.01,30788.37,29450.38,30444.93,56724.13307,78504926839,5584448109,9257667782.0,1.0011,26.1,119.8871,8.0,0.77,9.0,3.0,56.0,0.03260075113412737,0.018930606202495235,-0.0355571841325121,0.8822239709108086,0.7440939217753673,0.9293223410827174,-0.5180853958966793,1,0,0,0,0.001100000000000101,0.001100000000000101,0.08,0.22666666666666668,0.15333333333333335,-1.5033216609364488,-1.3699999999999974,-0.006659065106485986,0.0
2022-05-18,2090.72,2110.72,1908.0,1915.11,631577.2341,30444.93,30709.99,28654.47,28715.32,59749.15799,80138598610,5741758889,9717132295.0,1.0015,30.96,120.0274,12.0,0.77,9.0,3.0,56.0,-0.08773344202251154,-0.05848869957421896,0.020596233182808187,0.911509992804053,0.7513945420064349,0.9405722212031761,-0.5080568497091155,1,0,0,0,0.0015000000000000568,0.0015000000000000568,0.12,0.22666666666666668,0.17333333333333334,-1.340946550707064,4.859999999999999,0.0011695834640535043,0.0
2022-05-19,1915.11,2040.39,1903.18,2019.55,741476.9794,28715.33,30545.18,28691.38,30319.23,67877.36415,76419963566,5444001735,9110800323.0,1.0011,29.35,119.4278,13.0,0.77,9.0,3.0,56.0,0.05309965208226872,0.05435138641776955,-0.04751365302332636,0.936923302358391,0.7801829795587271,0.9315768676941156,-0.5308842645885562,1,0,0,0,0.001100000000000101,0.001100000000000101,0.13,0.22666666666666668,0.17833333333333334,-1.3003527731497175,-1.6099999999999994,-0.005008045372907999,0.0
2022-05-20,2019.55,2064.0,1923.0,1959.08,576981.5371,30319.22,30777.33,28730.0,29201.01,60517.25325,78587868743,5664240994,9472882044.0,1.0013,29.43,119.3677,13.0,0.77,9.0,3.0,56.0,-0.03039973902804933,-0.03757886695618367,0.027973380572514403,0.9383138423642747,0.7853638853843486,0.9428355989172932,-0.5175762442237951,1,0,0,0,0.0013000000000000789,0.0013000000000000789,0.13,0.22666666666666668,0.17833333333333334,-1.3003527731497175,0.0799999999999983,-0.0005033595797992318,0.0
2022-05-21,1959.08,1990.86,1937.36,1975.07,238869.7632,29201.01,29656.18,28947.28,29445.06,20987.13124,76768618282,5740733930,9072154215.0,1.0014,,,13.0,0.77,9.0,3.0,56.0,0.008128865472563522,0.008322856374715153,-0.023421405303624868,0.939971120465162,0.7875261680041209,0.9400579146498551,-0.5287439938285505,1,0,0,0,0.0014000000000000679,0.0014000000000000679,0.13,0.22666666666666668,0.17833333333333334,-1.3003527731497175,,,0.0
2022-05-22,1975.06,2056.41,1966.33,2043.19,355735.1927,29445.07,30487.99,29255.11,30293.94,36158.98748,77348687053,5774853180,9090022734.0,1.001,,,14.0,0.77,9.0,1.0,47.0,0.03390847123771363,0.028421538420796314,0.0075276622427751854,0.9543978981203142,0.7984263004980987,0.9457136764330435,-0.5251831521924267,1,0,0,0,0.0009999999999998899,0.0009999999999998899,0.14,0.19,0.165,-1.4086028466359741,,,0.0
2022-05-23,2043.19,2088.5,1957.12,1973.32,636085.0224,30293.93,30670.51,28866.35,29109.15,63901.49932,79972749897,5901300692,9686388502.0,1.0011,28.48,118.7169,10.0,0.77,9.0,1.0,47.0,-0.034794908552463054,-0.039895134769211214,0.03336234758977589,0.9575305837884712,0.8055786066377405,0.9632048124820907,-0.5090749376188126,1,0,0,0,0.001100000000000101,0.001100000000000101,0.1,0.19,0.14500000000000002,-1.570977956865359,,,0.0
2022-05-24,1973.33,1993.83,1913.02,1979.41,534096.972,29109.14,29845.86,28669.0,29654.58,59442.96036,79085507343,5772396197,9709201214.0,1.0011,29.45,118.6245,12.0,0.77,9.0,1.0,47.0,0.0030814170554417973,0.018564024573910418,-0.011156311804292654,0.9587186645333299,0.8110666812425296,0.9618964393455512,-0.5145214129085917,1,0,0,0,0.001100000000000101,0.001100000000000101,0.12,0.19,0.155,-1.4897904017506667,0.9699999999999989,-0.0007786252602215835,0.0
2022-05-25,1979.4,2022.34,1934.61,1942.63,524786.3091,29654.58,30223.74,29294.21,29542.15,59537.38659,79657929538,5802810755,9811346277.0,1.001,28.37,118.9598,11.0,0.77,9.0,1.0,47.0,-0.018756095416388646,-0.003798525195082192,0.007211947622181625,0.9468656153355958,0.8021205547099204,0.9655987786864308,-0.5110075109588564,1,0,0,0,0.0009999999999998899,0.0009999999999998899,0.11,0.19,0.15,-1.530384179308013,-1.0799999999999983,0.0028225789550057113,0.0
2022-05-26,1942.64,1966.01,1735.0,1792.23,1168740.57514,29542.14,29886.64,28019.56,29201.35,94581.65463,79707036670,5745062847,9687022269.0,1.0012,27.5,118.7687,12.0,0.77,9.0,1.0,47.0,-0.08058207055617697,-0.011603116040031471,0.0006162851814015101,0.9569430347786535,0.7828796735730017,0.9563947917696635,-0.5107060592534755,1,0,0,0,0.0012000000000000899,0.0012000000000000899,0.12,0.19,0.155,-1.4897904017506667,-0.870000000000001,-0.0016077167118136665,0.0
2022-05-27,1792.24,1822.26,1703.0,1727.27,1296693.28537,29201.35,29397.66,28282.9,28629.8,90998.5201,76406476786,5524831333,9296691052.0,1.0013,25.72,118.2834,12.0,0.77,9.0,1.0,47.0,-0.03691852711164214,-0.0197668076759755,-0.04229040409419309,0.9470804880156792,0.7715545450399305,0.9570801653954478,-0.5309670552681482,1,0,0,0,0.0013000000000000789,0.0013000000000000789,0.12,0.19,0.155,-1.4897904017506667,-1.7800000000000011,-0.004094464280128234,0.0
2022-05-28,1727.26,1808.98,1722.26,1792.22,558271.1818,28629.81,29266.0,28450.0,29031.33,34479.35127,75036794613,5393060452,9208984294.0,1.0011,,,13.0,0.77,9.0,1.0,47.0,0.03691294745507008,0.013927458255286653,-0.018088879191161252,0.9588252336587738,0.7719844206382453,0.9484529989963553,-0.5393750605835644,1,0,0,0,0.001100000000000101,0.001100000000000101,0.13,0.19,0.16,-1.4491966241933205,,,0.0
2022-05-29,1792.21,1827.4,1759.96,1813.64,432430.611,29031.33,29587.78,28839.21,29468.1,27567.34764,76157582216,5556433998,9494162923.0,1.001,,,14.0,0.77,8.0,1.0,44.0,0.011880800673498414,0.014932730664861931,0.014826055791739208,0.9593091206826811,0.7738325960596724,0.9547671290980255,-0.5324949329822567,1,0,0,0,0.0009999999999998899,0.0009999999999998899,0.14,0.17666666666666667,0.15833333333333333,-1.4627278833791026,,,0.0
2022-05-30,1813.64,2013.0,1803.18,1998.78,814922.8359,29468.1,32222.0,29299.62,31734.22,96785.9476,76421355864,5580383191,9439831431.0,1.0008,26.54,,10.0,0.77,8.0,1.0,44.0,0.09720111888622697,0.07408727158891816,0.003457540262038245,1.0328044754469214,0.8235230994158199,0.9584745650522218,-0.5308757177524979,1,0,0,0,0.0007999999999999119,0.0007999999999999119,0.1,0.17666666666666667,0.13833333333333334,-1.6251029936084875,,,0.0
2022-05-31,1998.78,2016.45,1925.0,1941.9,751103.4226,31734.23,32399.0,31200.01,31801.04,62433.11632,80231277103,5844129687,10033633210.0,1.0008,26.19,118.0704,16.0,0.77,8.0,1.0,44.0,-0.028870119196813194,0.002103399738536469,0.04865124353427349,1.0212575469612275,0.8180059067205921,0.9866869403216753,-0.5074879284826225,1,0,0,0,0.0007999999999999119,0.0007999999999999119,0.16,0.17666666666666667,0.16833333333333333,-1.38154032826441,-0.34999999999999787,,0.0
2022-06-01,1941.9,1972.58,1763.75,1817.95,1037841.2706,31801.05,31982.97,29301.0,29805.83,103395.63382,79791541037,5816784905,9993645946.0,1.0009,25.69,118.6954,17.0,1.21,8.0,1.0,44.0,-0.06595738261063266,-0.06479498169315473,-0.005495930867514646,1.034118822429518,0.842331029022789,0.9797616825757898,-0.5101873161604296,1,0,0,0,0.0008999999999999009,0.0008999999999999009,0.17,0.17666666666666667,0.17333333333333334,-1.340946550707064,-0.5,0.005279490971410356,0.43999999999999995
2022-06-02,1817.96,1853.05,1782.42,1834.08,788784.4017,29805.84,30689.0,29594.55,30452.62,56961.42928,76922140166,5588841457,9445937620.0,1.0007,24.72,118.0658,13.0,1.21,8.0,1.0,44.0,0.008833500757757908,0.021468021186670065,-0.0366237531900932,1.0365344598368464,0.8474664630945041,0.9797137600145973,-0.5278015760602901,1,0,0,0,0.0006999999999999229,0.0006999999999999229,0.13,0.17666666666666667,0.15333333333333332,-1.503321660936449,-0.9700000000000024,-0.005318451537393777,0.0
2022-06-03,1834.09,1843.91,1737.0,1775.12,741282.5346,30452.63,30699.0,29282.36,29700.21,54067.44727,77404074799,5678044374,9598092881.0,1.001,24.79,118.2153,10.0,1.21,8.0,1.0,44.0,-0.03267496710853838,-0.025017916656657774,0.006245681587392623,1.0074105178540353,0.8232556356259612,0.9817221011392713,-0.5248431459691166,1,0,0,0,0.0009999999999998899,0.0009999999999998899,0.1,0.17666666666666667,0.13833333333333334,-1.6251029936084875,0.07000000000000028,0.001265442051438581,0.0
2022-06-04,1775.13,1816.0,1748.43,1804.58,388279.4579,29700.21,29988.88,29485.0,29864.04,25617.90113,75714235105,5599352256,9559025247.0,1.0009,,,14.0,1.21,8.0,1.0,44.0,0.01645985145239517,0.005500964525962497,-0.022073236125740008,0.9965866882217191,0.7816247419993769,0.9631675000633924,-0.5352164876168605,1,0,0,0,0.0008999999999999009,0.0008999999999999009,0.14,0.17666666666666667,0.15833333333333333,-1.4627278833791026,,,0.0
2022-06-05,1804.58,1830.17,1773.05,1806.23,371974.5061,29864.03,30189.0,29531.42,29919.21,23139.9281,75359516576,5204443388,9693578011.0,1.0009,,,10.0,1.21,9.0,1.0,43.0,0.0009139224245239042,0.001845667997686214,-0.0046959736805659655,0.9976533891649979,0.7816114958220446,0.9619894346870913,-0.5373939820284116,1,0,0,0,0.0008999999999999009,0.0008999999999999009,0.1,0.17666666666666667,0.13833333333333334,-1.6251029936084875,,,0.0
2022-06-06,1806.22,1920.0,1804.35,1859.84,804250.3567,29919.2,31765.64,29890.23,31373.1,68836.92456,75568120046,5225689143,9727071834.0,1.0009,25.07,118.3081,13.0,1.21,9.0,1.0,43.0,0.029248662366728604,0.047450088834951915,0.0027642863494317486,1.0080499565512182,0.8027832670775475,0.9644360267135124,-0.5361134374472314,1,0,0,0,0.0008999999999999009,0.0008999999999999009,0.13,0.17666666666666667,0.15333333333333332,-1.503321660936449,,,0.0
2022-06-07,1859.84,1874.98,1725.13,1813.33,1397598.2288,31373.1,31589.6,29218.96,31125.33,110674.51658,75933292724,5392936308,9897103011.0,1.0007,24.02,118.4414,15.0,1.21,9.0,1.0,43.0,-0.02532552855691377,-0.007928880711022794,0.004820725807402388,1.0022244860129634,0.7917000045107062,0.9656747026616851,-0.533871768629316,1,0,0,0,0.0006999999999999229,0.0006999999999999229,0.15,0.17666666666666667,0.16333333333333333,-1.4221341058217565,-1.0500000000000007,0.0011260848625750822,0.0
2022-06-08,1813.33,1838.77,1765.28,1791.88,941510.1373,31125.32,31327.22,29843.88,30204.77,68542.61276,75985902322,5398014234,9865908337.0,1.0008,23.96,118.3951,17.0,1.21,9.0,1.0,43.0,-0.011899585937941203,-0.030022098209930834,0.0006925997743354431,0.9175579055888003,0.669875477917434,0.9654678658795313,-0.5335488164960798,1,0,0,0,0.0007999999999999119,0.0007999999999999119,0.17,0.17666666666666667,0.17333333333333334,-1.340946550707064,-0.05999999999999872,-0.00039098703611842447,0.0
2022-06-09,1791.88,1833.0,1777.33,1788.81,535310.9618,30204.77,30700.0,29944.1,30109.93,46291.1865,75561589330,5449013676,9696085238.0,1.0009,26.09,118.9226,11.0,1.21,9.0,1.0,43.0,-0.0017147537219068558,-0.00314484124646771,-0.005599750891904022,0.8946391345511715,0.6607232054517093,0.8585903363457489,-0.5361535272548699,0,0,0,0,0.0008999999999999009,0.0008999999999999009,0.11,0.17666666666666667,0.14333333333333334,-1.5845092160511414,2.129999999999999,0.004445524870118694,0.0
2022-06-10,1788.8,1804.32,1655.93,1662.91,955035.79239,30109.93,30382.8,28850.0,29091.88,76204.2498,74898137060,5454215607,9587358830.0,1.0011,27.75,119.9981,13.0,1.21,9.0,1.0,43.0,-0.07298151461854453,-0.0343959202434377,-0.008819058574101663,0.8404106419119347,0.6330878615053183,0.8577564642819248,-0.5402262313629089,0,0,0,0,0.001100000000000101,0.001100000000000101,0.13,0.17666666666666667,0.15333333333333332,-1.503321660936449,1.6600000000000001,0.009003047994863515,0.0
2022-06-11,1662.91,1682.21,1496.74,1532.89,1220325.2542,29091.87,29440.41,28099.99,28424.7,65901.39895,72047790185,5264902835,9231116711.0,1.0012,,,12.0,1.21,9.0,1.0,43.0,-0.08141423709847077,-0.023200611947273582,-0.03879936645151014,0.8590029046922174,0.63820604111596,0.6382597514568478,-0.557723525368925,0,0,0,0,0.0012000000000000899,0.0012000000000000899,0.12,0.17666666666666667,0.14833333333333332,-1.5439154384937952,,,0.0
2022-06-12,1532.89,1547.0,1423.0,1434.84,1563225.37018,28424.71,28544.96,26560.0,26574.53,92474.598809,69124116346,4953401067,8887355195.0,1.0012,,,14.0,1.21,9.0,5.0,100.0,-0.0661014978485426,-0.06730524721449922,-0.04142597505973835,0.8733866645745915,0.677912510609314,0.4588089670205502,-0.5756709482553695,0,0,0,0,0.0012000000000000899,0.0012000000000000899,0.14,0.38,0.26,-0.6373210730463956,,,0.0
2022-06-13,1434.84,1455.0,1165.45,1209.82,3626351.66536,26574.53,26895.84,21925.77,22487.41,254611.034966,66218424255,4738752402,8421508634.0,1.0015,34.02,121.1523,11.0,1.21,9.0,5.0,100.0,-0.17058175652519614,-0.16699764123151092,-0.04294494010902904,1.0256298244158673,0.8774068108043066,0.47607400425324753,-0.5935079874077297,0,0,0,0,0.0015000000000000568,0.0015000000000000568,0.11,0.38,0.245,-0.7591024057184345,,,0.0
2022-06-14,1209.35,1268.45,1075.8,1208.9,2716493.80131,22485.27,23362.88,20846.0,22136.41,187201.64671,57513802883,4339574948,6424273633.0,1.0011,32.69,121.6669,8.0,1.21,9.0,5.0,100.0,-0.0007607329863464822,-0.01573183286725236,-0.14093376709541242,1.004733525959633,0.8586662310335635,0.6679239968664998,-0.6469426485336442,0,0,0,0,0.001100000000000101,0.001100000000000101,0.08,0.38,0.23,-0.8808837383904731,-1.3300000000000054,0.004238550908761093,0.0
2022-06-15,1208.9,1250.0,1014.4,1237.52,3114823.13621,22136.42,22800.0,20111.62,22583.72,200774.493467,55668154902,4302855467,6297412819.0,1.0012,29.62,121.6403,7.0,1.21,9.0,5.0,100.0,0.023398521720463156,0.020005528538409763,-0.032616710977265574,1.0050118883208925,0.8553704457751551,0.6598583100855262,-0.65827244338718,0,0,0,0,0.0012000000000000899,0.0012000000000000899,0.07,0.38,0.225,-0.9214775159478193,-3.0699999999999967,-0.00021865362065720876,0.0
2022-06-16,1237.53,1257.85,1051.55,1068.5,1447386.8304,22583.72,22995.73,20232.0,20401.31,99673.59429,55362795453,4337898380,6277191879.0,1.0013,32.95,120.6714,7.0,1.21,9.0,5.0,100.0,-0.14685358116920716,-0.10163017824163617,-0.00550045222363938,1.0865274151078113,0.9070549406322886,0.6550328786236502,-0.6601469394716849,0,0,0,0,0.0013000000000000789,0.0013000000000000789,0.07,0.38,0.225,-0.9214775159478193,3.330000000000002,-0.007997180192446121,0.0
2022-06-17,1068.5,1118.0,1051.11,1086.94,1220677.9491,20400.6,21365.43,20246.66,20468.81,86694.33663,51623967198,4196723236,5517061655.0,1.0012,31.13,121.2369,9.0,1.21,9.0,5.0,100.0,0.01711061304646468,0.0033031496542327322,-0.06992176070290737,1.0685452074615773,0.8938587835830396,0.6747589187412918,-0.6830983134919907,0,0,0,0,0.0012000000000000899,0.0012000000000000899,0.09,0.38,0.235,-0.840289960833127,-1.8200000000000038,0.004675333835945747,0.0
2022-06-18,1086.93,1097.58,881.56,995.13,2308983.5187,20468.81,20792.06,17622.0,18970.79,196441.655524,52351882109,4304627933,5610608425.0,1.0016,,,6.0,1.21,9.0,5.0,100.0,-0.08824830591513726,-0.0760018363469714,0.014001843855502925,1.0624312032501024,0.8890154109300301,0.6711669170794696,-0.6786298955177292,0,0,0,0,0.0016000000000000458,0.0016000000000000458,0.06,0.38,0.22,-0.9620712935051656,,,0.0
2022-06-19,995.12,1158.62,936.15,1128.53,2018599.4499,18970.79,20815.95,17960.41,20574.0,128320.87595,49601481176,4078301157,5210148186.0,1.0013,,,6.0,1.21,8.0,1.0,70.0,0.1257977979747236,0.08112771492687064,-0.0539671933823376,1.18272177812765,0.9466805484078243,0.6696634966644804,-0.6955136559404399,0,0,0,0,0.0013000000000000789,0.0013000000000000789,0.06,0.2633333333333333,0.16166666666666665,-1.4356653650075386,,,0.0
2022-06-20,1128.53,1170.0,1053.0,1128.24,1721772.9132,20574.0,21090.0,19637.03,20573.89,109028.94154,51475964025,4237395034,5617458680.0,1.0012,31.03,,9.0,1.21,8.0,1.0,70.0,-0.0002570044812685736,-5.346568195921985e-06,0.037094285057434645,1.1807156534747354,0.9449106207099623,0.6933213954218403,-0.6840068538014239,0,0,0,0,0.0012000000000000899,0.0012000000000000899,0.09,0.2633333333333333,0.17666666666666664,-1.3138840323354999,,,0.0
2022-06-21,1128.24,1194.0,1109.23,1125.85,1306095.3757,20573.9,21723.0,20348.4,20723.52,104371.0749,52164381376,4309694679,5658027719.0,1.0012,30.19,120.6427,9.0,1.21,8.0,1.0,70.0,-0.00212059047831573,0.007246490991842595,0.013284932101906025,1.1671341709578085,0.9363718391967958,0.6957870084974697,-0.6797808976923837,0,0,0,0,0.0012000000000000899,0.0012000000000000899,0.09,0.2633333333333333,0.17666666666666664,-1.3138840323354999,-0.8399999999999999,,0.0
2022-06-22,1125.86,1127.33,1043.65,1050.19,1306959.8593,20723.51,20900.0,19770.51,19987.99,92133.97938,52498029522,4319556667,5761719805.0,1.0011,28.95,120.5197,11.0,1.21,8.0,1.0,70.0,-0.06956720574305485,-0.03613769395083157,0.006375723115210608,1.1789743558565848,0.9350869516980588,0.6792618261074577,-0.6777327470773382,0,0,0,0,0.001100000000000101,0.001100000000000101,0.11,0.2633333333333333,0.18666666666666665,-1.2326964772208073,-1.240000000000002,-0.0010200596002141842,0.0
2022-06-23,1050.19,1155.0,1045.3,1144.72,1278257.0899,19988.0,21233.0,19890.07,21110.13,83127.08716,51963701732,4221988693,5964634076.0,1.0009,29.05,120.7622,11.0,1.21,8.0,1.0,70.0,0.0861889654358654,0.05462142687846785,-0.010230204758753414,1.2346841061330731,0.9583470743897811,0.6793188234423416,-0.6810128006452798,0,0,0,0,0.0008999999999999009,0.0008999999999999009,0.11,0.2633333333333333,0.18666666666666665,-1.2326964772208073,0.10000000000000142,0.002010097580063982,0.0
2022-06-24,1144.71,1245.43,1132.0,1225.02,1337137.483,21110.12,21558.41,20736.72,21237.69,77430.36622,53546762359,4433143384,6250982003.0,1.0008,27.23,120.4853,11.0,1.21,8.0,1.0,70.0,0.06779710477768376,0.0060244133369918825,0.030009903696414705,1.2706291023648955,0.9599297180211136,0.6927989979329511,-0.671294938772778,0,0,0,0,0.0007999999999999119,0.0007999999999999119,0.11,0.2633333333333333,0.18666666666666665,-1.2326964772208073,-1.8200000000000003,-0.0022955688377857635,0.0
2022-06-25,1225.02,1256.77,1180.0,1242.36,861986.6177,21237.68,21614.5,20906.62,21491.19,51431.67794,54752097806,4589774922,6496743571.0,1.0007,,,14.0,1.21,8.0,1.0,70.0,0.01405562618985872,0.011865650317023644,0.022260349137315484,1.2522433265584803,0.9632293374164884,0.7022956866847876,-0.6638958011881527,0,0,0,0,0.0006999999999999229,0.0006999999999999229,0.14,0.2633333333333333,0.20166666666666666,-1.1109151445487686,,,0.0
2022-06-26,1242.31,1280.0,1194.6,1197.79,884184.273,21491.18,21888.0,20964.73,21038.07,53278.10464,54928149441,4620570016,6595120107.0,1.0006,,,14.0,1.21,7.0,1.0,52.0,-0.03653460440968186,-0.02130943009010775,0.0032102733284397876,1.2521487132962494,0.9634367975400722,0.6959223591843287,-0.6628150810677867,0,0,0,0,0.0005999999999999339,0.0005999999999999339,0.14,0.2,0.17,-1.368009069078628,,,0.0
2022-06-27,1197.79,1238.93,1172.49,1192.51,868734.2061,21038.08,21539.85,20510.0,20742.56,64475.0013,54079509554,4555747823,6460709700.0,1.001,26.95,120.1736,12.0,1.21,7.0,1.0,52.0,-0.004417862684769171,-0.014146025460121855,-0.015570594586674405,1.2399841905066589,0.9595306797567249,0.695654944990809,-0.6680245879310773,0,0,0,0,0.0009999999999998899,0.0009999999999998899,0.12,0.2,0.16,-1.4491966241933205,,,0.0
2022-06-28,1192.51,1237.99,1136.32,1144.05,1104065.2211,20742.57,21212.1,20202.01,20281.29,63801.0832,53616383286,4517152418,6396225663.0,1.0013,28.36,120.62,10.0,1.21,7.0,1.0,52.0,-0.041485731193213714,-0.022488841996465433,-0.008600683101992987,1.2401646662179442,0.95557014553792,0.6895156862563895,-0.6708675599721925,0,0,0,0,0.0013000000000000789,0.0013000000000000789,0.1,0.2,0.15000000000000002,-1.5303841793080128,1.4100000000000001,0.003707743988227925,0.0
2022-06-29,1144.05,1156.8,1087.42,1100.21,1295517.796,20281.28,20432.31,19854.92,20123.01,77309.04379,52511983431,4441954074,6149999146.0,1.0012,28.16,120.9616,13.0,1.21,7.0,1.0,52.0,-0.039073527621807665,-0.007834849739538354,-0.020813280313912687,1.1738108650581562,0.9034959339060594,0.6879966388256434,-0.6776470888543171,0,0,0,0,0.0012000000000000899,0.0012000000000000899,0.13,0.2,0.165,-1.4086028466359741,-0.1999999999999993,0.002828031834126916,0.0
2022-06-30,1100.21,1106.62,998.0,1071.01,1420670.3656,20123.0,20179.08,18626.0,19942.21,93846.64806,51800965237,4342804400,5926496657.0,1.0013,28.71,120.9652,11.0,1.21,7.0,1.0,52.0,-0.02689894218423035,-0.009025345538186133,-0.01363261636900432,1.1736414228862493,0.9016478115050162,0.6516522599452379,-0.6820117837246721,0,0,0,0,0.0013000000000000789,0.0013000000000000789,0.11,0.2,0.155,-1.4897904017506667,0.5500000000000007,2.976106822614655e-05,0.0
2022-07-01,1071.02,1117.0,1033.44,1059.73,1562255.1439,19942.21,20918.35,18975.0,19279.8,111844.59494,51332356308,4271944324,5793007829.0,1.0012,26.7,121.5058,11.0,1.68,7.0,1.0,52.0,-0.010587969793218431,-0.03378067520510561,-0.009087502407395576,1.1620888791368162,0.8866961768067849,0.6511420872382586,-0.6848884119261281,0,0,0,0,0.0012000000000000899,0.0012000000000000899,0.11,0.2,0.155,-1.4897904017506667,-2.0100000000000016,0.004459097341567286,0.47
2022-07-02,1059.73,1078.88,1028.29,1067.01,714812.0804,19279.8,19467.39,18977.01,19252.81,46180.3021,51281117288,4360113555,5872938754.0,1.0013,,,14.0,1.68,7.0,1.0,52.0,0.006846185649962798,-0.001400891578015631,-0.0009986802407720367,1.1615320755626974,0.8785642636359823,0.6478963066295607,-0.6852029505548767,0,0,0,0,0.0013000000000000789,0.0013000000000000789,0.14,0.2,0.17,-1.368009069078628,,,0.0
2022-07-03,1067.01,1088.34,1040.78,1074.26,644746.3337,19252.82,19647.63,18781.0,19315.83,51087.46631,52337807050,4353178227,6035365492.0,1.0012,,,11.0,1.68,7.0,1.0,49.0,0.006771708102821149,0.003267942871976135,0.020396397695829124,1.1634313497182638,0.8801583365125704,0.6551679698760619,-0.6776809808433838,0,0,0,0,0.0012000000000000899,0.0012000000000000899,0.11,0.19,0.15,-1.530384179308013,,,0.0
2022-07-04,1074.26,1160.9,1045.37,1151.0,1150108.9861,19315.83,20354.01,19055.31,20236.71,74814.04601,52606618003,4399533586,6119710581.0,1.0011,27.53,,14.0,1.68,7.0,1.0,49.0,0.06899907728999789,0.04657331482099153,0.00512293131842052,1.1962720003782639,0.9031707991670203,0.6573146698699963,-0.668230531532287,0,0,0,0,0.001100000000000101,0.001100000000000101,0.14,0.19,0.165,-1.4086028466359741,,,0.0
2022-07-05,1151.01,1174.9,1076.34,1132.5,1398961.4495,20236.71,20750.0,19304.4,20175.83,96041.13756,54049881671,4486140555,6368111852.0,1.0011,27.54,122.6203,19.0,1.68,7.0,1.0,49.0,-0.01620355136469359,-0.0030129284649952903,0.02706542545529816,1.1948970096665845,0.9023261450425303,0.6710333129091709,-0.6504507910719107,0,0,0,0,0.001100000000000101,0.001100000000000101,0.19,0.19,0.19,-1.205633958849243,0.00999999999999801,,0.0
2022-07-06,1132.51,1205.0,1111.44,1186.57,1211768.0757,20175.84,20675.22,19761.25,20564.51,82439.5808,54257109353,4449691352,6366034364.0,1.001,26.73,123.0073,18.0,1.68,7.0,1.0,49.0,0.046639213828519155,0.019081421173606727,0.003826676983972105,1.2046054078087947,0.8835839035529918,0.6713193301240554,-0.6491106165873112,0,0,0,0,0.0009999999999998899,0.0009999999999998899,0.18,0.19,0.185,-1.2462277364065895,-0.8099999999999987,0.0031511142903078017,0.0
2022-07-07,1186.57,1254.29,1163.18,1237.49,1001316.079,20564.51,21838.1,20251.68,21624.98,85014.58261,55092894677,4534812889,6508762855.0,1.0006,26.08,122.7257,18.0,1.68,7.0,1.0,49.0,0.04201834241640652,0.05028235345384914,0.015286722797096922,1.2201294747463498,0.9115702983952502,0.6754123220050283,-0.6410148116477448,0,0,0,0,0.0005999999999999339,0.0005999999999999339,0.18,0.19,0.185,-1.2462277364065895,-0.6500000000000021,-0.0022919194676166007,0.0
2022-07-08,1237.49,1276.46,1193.15,1214.04,1189518.3631,21624.99,22527.37,21189.26,21594.75,403081.57349,55665365652,4591656414,6702708077.0,1.0007,24.64,122.4662,20.0,1.68,7.0,1.0,49.0,-0.019131493596315344,-0.0013988983702488548,0.010337397341373011,1.2203278224850154,0.9099689195631431,0.6782906176174859,-0.637284591952602,0,0,0,0,0.0006999999999999229,0.0006999999999999229,0.2,0.19,0.195,-1.165040181291897,-1.4399999999999977,-0.0021167101922208143,0.0
2022-07-09,1214.03,1235.4,1204.67,1217.02,576337.1809,21594.75,21980.0,21322.12,21591.83,178417.84468,55499742372,4560361971,6155644876.0,1.0006,,,24.0,1.68,7.0,1.0,49.0,0.0024516067004322632,-0.00013522719346830976,-0.002979773158900117,1.2208981737353313,0.9103640771607625,0.6785841716502521,-0.6337577472601895,0,0,0,0,0.0005999999999999339,0.0005999999999999339,0.24,0.19,0.215,-1.002665071062512,,,0.0
2022-07-10,1217.02,1219.95,1153.0,1168.36,1018038.6506,21592.15,21607.65,20655.0,20862.47,192188.21556,55622926644,4627907996,6136173241.0,1.0007,,,24.0,1.68,7.0,1.0,44.0,-0.04080419162975006,-0.03436315139820555,0.002217087180319038,1.206015970986136,0.9103535232393307,0.6799748274350654,-0.6284202423328987,0,0,0,0,0.0006999999999999229,0.0006999999999999229,0.24,0.1733333333333333,0.20666666666666667,-1.0703213669914222,,,0.0
2022-07-11,1168.37,1171.29,1091.71,1096.4,1201652.3048,20861.11,20868.48,19875.23,19963.61,137535.40724,54445973906,4411900485,5986730536.0,1.0008,26.17,123.2974,22.0,1.68,7.0,1.0,44.0,-0.06356897064785066,-0.04404073474684607,-0.021386560451091788,1.194597122722177,0.9167247147035815,0.6733463649160542,-0.6362826803518599,0,0,0,0,0.0007999999999999119,0.0007999999999999119,0.22,0.1733333333333333,0.19666666666666666,-1.1515089221061148,,,0.0
2022-07-12,1096.37,1098.26,1033.46,1038.58,1261349.6321,19963.61,20059.42,19240.0,19328.75,139506.45862,52825325074,4264600584,5775708048.0,1.001,27.29,123.4524,16.0,1.68,7.0,1.0,44.0,-0.05417768989552516,-0.032317491445751946,-0.030218188250891634,1.1884042200857952,0.8979832149227911,0.667735404174912,-0.6471091567095721,0,0,0,0,0.0009999999999998899,0.0009999999999998899,0.16,0.1733333333333333,0.16666666666666666,-1.3950715874501922,1.1199999999999974,0.001256333503713817,0.0
2022-07-13,1038.58,1119.18,1006.32,1115.0,2035605.8299,19331.28,20366.61,18910.94,20234.87,209250.24888,51664526283,4193398275,5220311924.0,1.0008,26.82,123.2834,15.0,1.68,7.0,1.0,44.0,0.0710000093611134,0.045813728987704215,-0.02221931666162568,1.0726350539282352,0.7208550085551052,0.6583071668371854,-0.6548636809585505,0,0,0,0,0.0007999999999999119,0.0007999999999999119,0.15,0.1733333333333333,0.16166666666666665,-1.4356653650075386,-0.46999999999999886,-0.0013698865460839663,0.0
2022-07-14,1115.01,1214.65,1072.11,1193.42,1605101.9262,20234.87,20900.0,19616.07,20588.84,174809.21696,52804189038,4261177787,5399036670.0,1.0008,26.4,124.0622,18.0,1.68,7.0,1.0,44.0,0.06796872989362288,0.017341827629275455,0.021819124793665944,1.1006401818471363,0.7230299688534891,0.4605964593541601,-0.6472503525007464,0,0,0,0,0.0007999999999999119,0.0007999999999999119,0.18,0.1733333333333333,0.17666666666666664,-1.3138840323354999,-0.4200000000000017,0.006297282617177474,0.0
2022-07-15,1193.42,1287.82,1181.05,1231.25,1466037.2584,20588.84,21200.0,20382.29,20830.04,143343.3049,53982320935,4408045982,5550426744.0,1.0003,24.23,123.4765,15.0,1.68,7.0,1.0,44.0,0.03120677869845652,0.011646994153803221,0.0220660774618006,1.1031020248139414,0.7203504765104992,0.45557999849282965,-0.639380037305198,0,0,0,0,0.00029999999999996696,0.00029999999999996696,0.15,0.1733333333333333,0.16166666666666665,-1.4356653650075386,-2.169999999999998,-0.004732198181526791,0.0
2022-07-16,1231.25,1422.91,1191.23,1355.85,1493809.9226,20830.04,21588.94,20478.61,21195.6,121011.67393,54496697858,4464552068,5597967581.0,1.0002,,,21.0,1.68,7.0,1.0,44.0,0.09639865042623087,0.01739743738897494,0.009483507204251198,1.019103516944494,0.6283664991577221,0.45672392342463897,-0.6359438273836817,0,0,0,0,0.00019999999999997797,0.00019999999999997797,0.21,0.1733333333333333,0.19166666666666665,-1.1921026996634612,,,0.0
2022-07-17,1355.84,1387.0,1319.04,1338.65,1246202.8795,21195.6,21684.54,20750.01,20798.16,118229.4525,55827480546,4653099630,5870792000.0,1.0004,,,24.0,1.68,8.0,0.0,62.0,-0.012766920485781647,-0.018929091711402925,0.024126120988490173,1.0210460099678924,0.6322357466391528,0.3897712368703698,-0.6270537538375793,0,0,0,0,0.00039999999999995595,0.00039999999999995595,0.24,0.2333333333333333,0.23666666666666664,-0.8267587016473451,,,0.0
2022-07-18,1338.65,1597.47,1336.07,1581.04,2029918.76521,20799.58,22777.63,20762.45,22432.58,239942.73132,55642462399,4770872306,5803059466.0,1.0003,25.3,122.7727,20.0,1.68,8.0,0.0,62.0,0.16642121490543102,0.07564984518217717,-0.0033196090715965766,1.1051625327138446,0.6223908245596893,0.3880781157318595,-0.6282897369541508,0,0,0,0,0.00029999999999996696,0.00029999999999996696,0.2,0.2333333333333333,0.21666666666666667,-0.9891338118767298,,,0.0
2022-07-19,1581.03,1631.0,1493.11,1542.32,1846048.6816,22432.58,23800.0,21579.54,23396.62,263770.76574,58990912077,5209591346,6216323174.0,0.9999,24.5,122.4819,30.0,1.68,8.0,0.0,62.0,-0.024795082040965585,0.04207720104807247,0.05843677745927047,1.038715533473513,0.5759060155607444,0.38193951642086343,-0.6053687151851186,0,0,0,0,-9.999999999998899e-05,9.999999999998899e-05,0.3,0.2333333333333333,0.26666666666666666,-0.5831960363032674,-0.8000000000000007,-0.0023714143284464884,0.0
2022-07-20,1542.33,1620.4,1484.23,1521.58,1351177.4247,23398.48,24276.74,22906.19,23223.3,238762.17094,59171118888,5141811389,6204515557.0,1.0,23.88,122.5997,31.0,1.68,8.0,0.0,62.0,-0.013538507645356856,-0.007435482451242203,0.0030501667793176855,1.0414620554702083,0.5771845019331024,0.36488687887789745,-0.6001614556839515,0,0,0,0,0.0,0.0,0.31,0.2333333333333333,0.27166666666666667,-0.5426022587459212,-0.620000000000001,0.0009613125511813342,0.0
2022-07-21,1521.63,1605.98,1463.56,1575.45,1247327.4963,23223.3,23442.77,22341.46,23152.19,184817.68191,58483675036,5055241868,6125649432.0,0.9999,23.11,122.9032,34.0,1.68,8.0,0.0,62.0,0.03479167709103766,-0.003066708544995841,-0.011685910147710752,1.0440242135822955,0.5775837713200668,0.36782789229565305,-0.6048067379474654,0,0,0,0,-9.999999999998899e-05,9.999999999998899e-05,0.34,0.2333333333333333,0.2866666666666667,-0.42082092607388233,-0.7699999999999996,0.0024724771447633942,0.0
2022-07-22,1575.45,1650.05,1516.11,1535.27,1170723.0873,23152.19,23756.49,22500.0,22684.83,171598.43966,59279998593,5082407530,6235573240.0,0.9999,23.03,122.451,33.0,1.68,8.0,0.0,62.0,-0.025834684417970613,-0.02039295734074819,0.013524301173145422,1.0120982104646687,0.5664207560195599,0.3692973180381724,-0.599425720014745,0,0,0,0,-9.999999999998899e-05,9.999999999998899e-05,0.33,0.2333333333333333,0.2816666666666667,-0.4614147036312286,-0.0799999999999983,-0.0036861036983831864,0.0
2022-07-23,1535.27,1596.51,1488.0,1548.67,851284.7339,22684.83,23000.77,21934.57,22451.07,122137.77375,59206297925,5212215116,6302543876.0,1.0,,,31.0,1.68,8.0,0.0,62.0,0.008690236730156871,-0.010358144626696868,-0.0012440371531725004,0.9767137241513317,0.5382946884624304,0.3662414192373938,-0.5999237394600765,0,0,0,0,0.0,0.0,0.31,0.2333333333333333,0.27166666666666667,-0.5426022587459212,,,0.0
2022-07-24,1548.66,1664.34,1545.67,1597.7,1009935.8997,22448.58,23014.64,22257.15,22579.68,115189.67277,59259150588,5303490727,6314103508.0,0.9999,,,30.0,1.68,7.0,0.0,55.0,0.031168596984445608,0.005712112265188854,0.0008922882945213313,0.9576383799068903,0.538266789116061,0.35445730565758155,-0.5995665967824613,0,0,0,0,-9.999999999998899e-05,9.999999999998899e-05,0.3,0.20666666666666667,0.2533333333333333,-0.6914461097895244,,,0.0
2022-07-25,1597.7,1609.55,1435.58,1440.79,1418390.9809,22577.13,22666.0,21250.0,21310.9,180344.76643,59856649962,5982009935,6289986534.0,0.9999,23.36,122.4594,30.0,1.68,7.0,0.0,55.0,-0.10337352078442748,-0.05783170787580325,0.010032327913498834,1.0341507248004258,0.5758463895734834,0.34877972720638767,-0.5854091447986064,0,0,0,0,-9.999999999998899e-05,9.999999999998899e-05,0.3,0.20666666666666667,0.2533333333333333,-0.6914461097895244,,,0.0
2022-07-26,1440.79,1454.11,1356.17,1449.12,1199643.7408,21310.9,21347.82,20706.5,21254.67,177817.24326,57316176468,5176423974,6029281546.0,0.9999,24.69,122.7581,26.0,1.68,7.0,0.0,55.0,0.005764901377539924,-0.002642042980227913,-0.04336964059719311,1.0232674647297355,0.5709267772329627,0.38440198535757847,-0.6030054700049551,0,0,0,0,-9.999999999998899e-05,9.999999999998899e-05,0.26,0.20666666666666667,0.23333333333333334,-0.853821220018909,1.3300000000000018,0.002436205798807011,0.0
2022-07-27,1449.12,1644.44,1420.83,1635.74,1513426.0413,21254.67,23112.63,21042.53,22952.45,210971.19796,57184040978,5307293270,5978044902.0,0.9996,23.24,122.8169,28.0,1.68,7.0,0.0,55.0,0.12113882570088544,0.07684804868982513,-0.002308040134858216,1.0976553470459942,0.6273056038930984,0.37978034046880343,-0.6029787434244913,0,0,0,0,-0.00039999999999995595,0.00039999999999995595,0.28,0.20666666666666667,0.24333333333333335,-0.7726336649042165,-1.4500000000000028,0.0004788761162470684,0.0
2022-07-28,1635.74,1784.79,1593.27,1724.52,1578145.07555,22954.31,24199.72,22582.13,23842.93,236029.0741,60050611030,5558242591,6380112477.0,0.9997,22.33,122.1161,32.0,1.68,7.0,0.0,55.0,0.05285344954663206,0.03806305270838894,0.0489128682522862,1.0906852756254668,0.6314268100304422,0.411500504811386,-0.5789228303201562,0,0,0,0,-0.00029999999999996696,0.00029999999999996696,0.32,0.20666666666666667,0.2633333333333333,-0.6102585546748318,-0.9100000000000001,-0.005722396837952968,0.0
2022-07-29,1724.52,1765.99,1655.02,1721.68,1205266.5703,23845.25,24442.66,23414.03,23773.75,198298.50623,61754112832,5662900241,6615792163.0,0.9996,21.33,121.7678,39.0,1.68,7.0,0.0,55.0,-0.001648192584826196,-0.0029057065160629104,0.027972854028806664,1.0756105858184686,0.6303603229432422,0.4099890113397742,-0.5669778108602822,0,0,0,0,-0.00039999999999995595,0.00039999999999995595,0.39,0.20666666666666667,0.29833333333333334,-0.32610211177340787,-1.0,-0.002856279047493593,0.0
2022-07-30,1721.68,1744.85,1673.01,1697.0,735132.5286,23777.28,24668.0,23502.25,23643.51,151060.13211,61291118709,5697817699,6577852056.0,0.9998,,,42.0,1.68,7.0,0.0,55.0,-0.014438572055103257,-0.0054933721401181045,-0.0075256278092476715,1.0703776084058894,0.6294516648902454,0.4069622821085473,-0.5702243432693171,0,0,0,0,-0.00019999999999997797,0.00019999999999997797,0.42,0.20666666666666667,0.31333333333333335,-0.204320779101369,,,0.0
2022-07-31,1697.0,1754.69,1666.0,1678.12,696326.8079,23644.64,24194.82,23227.31,23293.32,127743.32483,61363863940,5683692717,6559823929.0,0.9996,,,39.0,1.68,7.0,0.0,47.0,-0.011187867057264347,-0.014922034485878831,0.0011861766714793207,1.0705625474044285,0.6179046465589147,0.40385905847707126,-0.5697142509413325,0,0,0,0,-0.00039999999999995595,0.00039999999999995595,0.39,0.18,0.28500000000000003,-0.4343521852596643,,,0.0
2022-08-01,1678.12,1704.68,1606.12,1630.28,801566.5648,23296.36,23509.68,22850.0,23268.01,144210.16219,61055117921,5646072454,6539859919.0,0.9997,22.84,121.4109,33.0,2.33,7.0,0.0,47.0,-0.028922339987396926,-0.001087168364516185,-0.005044098046283525,1.0813424535653815,0.6178563796218258,0.4049800680244564,-0.5718791897754352,0,0,0,0,-0.00029999999999996696,0.00029999999999996696,0.33,0.18,0.255,-0.6779148506037419,,,0.6500000000000001
2022-08-02,1630.28,1678.0,1559.28,1630.91,1081964.5104,23266.9,23459.89,22654.37,22987.79,158073.28225,60484189489,5600912277,6412639921.0,0.9999,23.93,121.9486,31.0,2.33,7.0,0.0,47.0,0.000386362038297038,-0.012116250420426194,-0.009395028549218842,1.082118410837783,0.6211325715433698,0.4048114673866269,-0.5758825616664591,0,0,0,0,-9.999999999998899e-05,9.999999999998899e-05,0.31,0.18,0.245,-0.7591024057184345,1.0899999999999999,0.004418984054379411,0.0
2022-08-03,1630.91,1685.03,1589.71,1618.16,777724.7413,22985.93,23647.68,22681.22,22818.37,145948.80995,59443733002,5473919999,6324457194.0,0.9998,21.95,122.3888,34.0,2.33,7.0,0.0,47.0,-0.00784843998302193,-0.007397292091435454,-0.017351798826118214,1.0659633739159673,0.6048581407410563,0.4121258041122088,-0.5656338327686158,0,0,0,0,-0.00019999999999997797,0.00019999999999997797,0.34,0.18,0.26,-0.6373210730463956,-1.9800000000000004,0.0036032181423412903,0.0
2022-08-04,1618.16,1662.79,1580.39,1607.96,735552.181,22816.91,23223.32,22400.0,22622.98,154854.67016,60140579515,5487385929,6405669659.0,0.9999,21.44,121.8333,30.0,2.33,7.0,0.0,47.0,-0.006323406437222392,-0.008599709479179367,0.011654612315544684,1.063302173837472,0.6059865365307048,0.4047440736752544,-0.5568847486008484,0,0,0,0,-9.999999999998899e-05,9.999999999998899e-05,0.3,0.18,0.24,-0.7996961832757807,-0.509999999999998,-0.0045491456996977,0.0
2022-08-05,1607.97,1742.07,1605.64,1736.81,1005846.4712,22622.41,23472.86,22586.95,23312.42,175251.69749,60929433372,6156072643,6574415237.0,1.0,21.15,122.321,31.0,2.33,7.0,0.0,47.0,0.07708380245522739,0.030020061930577643,0.013031550948760533,1.0810533748202014,0.6106380494373247,0.40609187233784333,-0.5336870942953102,0,0,0,0,0.0,0.0,0.31,0.18,0.245,-0.7591024057184345,-0.2900000000000027,0.003995019941474097,0.0
2022-08-06,1736.81,1749.93,1685.26,1690.6,523314.6444,23313.56,23354.36,22909.52,22954.21,83911.80307,62024750159,5735423541,6938168693.0,0.9998,,,31.0,2.33,7.0,0.0,47.0,-0.0269666017680178,-0.01548490381388308,0.017817136938606468,1.0842803329560005,0.5909157137535451,0.40708226259066627,-0.507662410441743,0,0,0,0,-0.00019999999999997797,0.00019999999999997797,0.31,0.18,0.245,-0.7591024057184345,,,0.0
2022-08-07,1690.6,1729.79,1668.0,1700.19,439904.764,22954.21,23402.0,22844.62,23174.39,88890.00877,61467223295,5690530169,6865798544.0,0.9999,,,30.0,2.33,7.0,0.0,56.0,0.005656514010153265,0.009546427689530375,-0.009029423311556602,1.0792185794379607,0.5913591783951466,0.40885896734910393,-0.43910142332922975,0,0,0,0,-9.999999999998899e-05,9.999999999998899e-05,0.3,0.21,0.255,-0.6779148506037419,,,0.0
2022-08-08,1700.2,1818.0,1693.87,1777.05,781620.5443,23174.39,24245.0,23154.25,23810.0,170958.44152,62584088837,6356446725,6937451876.0,0.9998,21.29,121.8783,30.0,2.33,7.0,0.0,56.0,0.04421467656389727,0.02705787086036656,0.018006995677116604,1.0847620656794654,0.5974940111276336,0.4113445028334815,-0.4154340029841258,0,0,0,0,-0.00019999999999997797,0.00019999999999997797,0.3,0.21,0.255,-0.6779148506037419,,,0.0
2022-08-09,1777.05,1790.83,1667.93,1702.76,818171.1019,23810.98,23933.25,22865.0,23149.95,143182.50858,62837724985,5678024060,7141639796.0,0.9998,21.77,121.8614,42.0,2.33,7.0,0.0,56.0,-0.04270422211195693,-0.028113039796074532,0.0040445355719999874,1.085959378949086,0.5929208669170627,0.41129394800003755,-0.30166147460062004,0,0,0,0,-0.00019999999999997797,0.00019999999999997797,0.42,0.21,0.315,-0.19078951991558707,0.4800000000000004,-0.000138672526692026,0.0
2022-08-10,1702.76,1885.0,1656.78,1853.57,1317767.5127,23151.32,24226.0,22664.69,23954.05,208916.54953,61095424936,5573504275,6960230702.0,0.9997,19.74,120.7543,31.0,2.33,7.0,0.0,56.0,0.08486304530864872,0.03414479115449657,-0.028118624361827518,1.0783949243442998,0.5765646844416812,0.4171657351145463,-0.24894889792151137,0,0,0,0,-0.00029999999999996696,0.00029999999999996696,0.31,0.21,0.26,-0.6373210730463956,-2.030000000000001,-0.00912643068314357,0.0
2022-08-11,1853.58,1942.0,1850.32,1880.19,1105261.9009,23954.05,24918.54,23852.13,23934.39,249759.79557,63869850319,5812194184,7388337451.0,0.9996,20.2,120.7163,41.0,2.33,7.0,0.0,56.0,0.014259326281607759,-0.0008210750278983731,0.04441043896868203,1.0471074935806775,0.5604087396491653,0.421670241025468,-0.2148426576634318,0,0,0,0,-0.00039999999999995595,0.00039999999999995595,0.41,0.21,0.31,-0.23138329747293335,0.46000000000000085,-0.00031473811150244563,0.0
2022-08-12,1880.19,1964.71,1853.06,1958.28,717628.1015,23933.09,24456.5,23583.0,24403.68,174207.5704,63654156580,5840244736,7396477211.0,0.9996,19.53,121.018,42.0,2.33,7.0,0.0,56.0,0.04069370138366628,0.01941760376984897,-0.0033827974815514934,1.0337006291830801,0.5448189186911404,0.4105927701960094,-0.21749419860216948,0,0,0,0,-0.00039999999999995595,0.00039999999999995595,0.42,0.21,0.315,-0.19078951991558707,-0.6699999999999982,0.0024961303104219664,0.0
2022-08-13,1958.28,2020.0,1946.5,1983.55,695876.0293,24401.7,24888.0,24291.22,24441.38,152852.25435,64171247596,5705216598,7609955256.0,0.9996,,,46.0,2.33,7.0,0.0,56.0,0.012821631671543106,0.0015436569219570487,0.00809062705471083,1.0184529977527406,0.543554010183138,0.4071157782528341,-0.2111375560573552,0,0,0,0,-0.00039999999999995595,0.00039999999999995595,0.46,0.21,0.335,-0.028414409686201965,,,0.0
2022-08-14,1983.55,2030.0,1906.0,1935.31,569583.4852,24443.06,25047.56,24144.0,24305.24,151206.14473,64325321116,5635337639,7529515029.0,0.9997,,,47.0,2.33,8.0,0.0,54.0,-0.024620648251884012,-0.005585632561017508,0.002398096624406482,1.0271858611887847,0.5445107253405953,0.4034135373876874,-0.19825131247231817,0,0,0,0,-0.00029999999999996696,0.00029999999999996696,0.47,0.20666666666666667,0.3383333333333333,-0.0013518913146380812,,,0.0
2022-08-15,1935.32,2012.47,1872.31,1899.06,949162.3305,24305.25,25211.32,23773.22,24094.82,242539.54758,63361428362,5508768687,7458247150.0,0.9998,19.95,121.4315,45.0,2.33,8.0,0.0,54.0,-0.018908493460727118,-0.008695085325241067,-0.015098059398166186,0.9903674545344934,0.5447260823570719,0.4096848883730625,-0.21026524006769431,0,0,0,0,-0.00019999999999997797,0.00019999999999997797,0.45,0.20666666666666667,0.32833333333333337,-0.08253944642933018,,,0.0
2022-08-16,1899.05,1915.0,1853.0,1876.67,622729.1499,24093.04,24247.49,23671.22,23854.74,179324.94821,62691189706,5488833775,7412880833.0,0.9999,19.69,121.6807,44.0,2.33,8.0,0.0,54.0,-0.011860097226792179,-0.01001393990872997,-0.01063436813435086,0.9900959048426035,0.5408202042523923,0.4072198289169121,-0.21861907264024025,0,0,0,0,-9.999999999998899e-05,9.999999999998899e-05,0.44,0.20666666666666667,0.32333333333333336,-0.12313322398667646,-0.259999999999998,0.002050082943422715,0.0
2022-08-17,1876.67,1959.43,1818.74,1834.25,951824.8975,23856.15,24446.71,23180.4,23342.66,210668.68766,62853328779,5454319494,7490383453.0,0.9999,19.9,122.0711,41.0,2.33,8.0,0.0,54.0,-0.022863251068879646,-0.021700351923622782,0.002582974790180629,0.8227433672011518,0.4833303985665861,0.40642877962760904,-0.21659817656511174,0,0,0,0,-9.999999999998899e-05,9.999999999998899e-05,0.41,0.20666666666666667,0.30833333333333335,-0.24491455665871528,0.2099999999999973,0.003203261135471794,0.0
2022-08-18,1834.24,1882.37,1821.25,1846.39,606254.024,23342.66,23600.0,23111.04,23191.2,144185.97011,61713858233,5387178270,7332809615.0,1.0001,19.56,122.3627,30.0,2.33,8.0,0.0,54.0,0.006596702760469762,-0.0065096914314182845,-0.018295385115354633,0.8157144448622468,0.46096501457326405,0.3630325897563418,-0.23080049998739954,0,0,0,0,9.999999999998899e-05,9.999999999998899e-05,0.3,0.20666666666666667,0.2533333333333333,-0.6914461097895244,-0.33999999999999986,0.0023859232097270134,0.0
2022-08-19,1846.39,1848.0,1602.37,1609.01,1419826.9515,23191.45,23208.67,20783.57,20834.39,283995.87747,60919895311,5368753093,7147776451.0,1.0001,20.6,123.0501,33.0,2.33,8.0,0.0,54.0,-0.13761329834110575,-0.10716790958304105,-0.01294870282607144,0.9558810436315245,0.5928187190293596,0.3664481797489395,-0.2406964277436126,0,0,0,0,9.999999999998899e-05,9.999999999998899e-05,0.33,0.20666666666666667,0.2683333333333333,-0.5696647771174855,1.0400000000000027,0.005602004440604717,0.0
2022-08-20,1609.0,1657.08,1523.67,1576.04,914615.9226,20834.39,21382.85,20761.9,21140.07,183041.68363,57861495580,5034983551,6692946885.0,1.0,,,29.0,2.33,8.0,0.0,54.0,-0.020703711207068178,0.014565304906857087,-0.05150766209030684,0.9514084120699441,0.5962057972233975,0.40775618920676887,-0.2788162214379553,0,0,0,0,0.0,0.0,0.29,0.20666666666666667,0.24833333333333332,-0.7320398873468704,,,0.0
2022-08-21,1576.03,1646.52,1562.34,1618.13,780662.6062,21140.07,21800.0,21069.11,21515.61,159200.6841,57506308989,4922479948,6728822042.0,1.0,,,27.0,2.33,7.0,0.0,46.0,0.026355789690766056,0.017608426506096567,-0.006157484136173823,0.9509790274084666,0.5970115039568132,0.4050938886756177,-0.28324325543049683,0,0,0,0,0.0,0.0,0.27,0.17666666666666667,0.22333333333333333,-0.9350087751336015,,,0.0
2022-08-22,1618.13,1629.72,1529.92,1624.66,941192.8954,21516.7,21548.71,20890.18,21399.83,222222.04526,58368598808,5023078499,6454330826.0,1.0001,23.8,123.605,29.0,2.33,7.0,0.0,46.0,0.004027401605630431,-0.005395740129964921,0.014883390250193045,0.950689898724769,0.5963629703802843,0.4088661998379212,-0.2724957034765001,0,0,0,0,9.999999999998899e-05,9.999999999998899e-05,0.29,0.17666666666666667,0.23333333333333334,-0.853821220018909,,,0.0
2022-08-23,1624.65,1676.07,1563.76,1665.41,940246.932,21400.75,21684.87,20890.14,21529.12,200967.77164,58380489289,4948138360,6452630953.0,1.0,24.11,123.0547,28.0,2.33,7.0,0.0,46.0,0.024772776244363897,0.00602345926973469,0.00020369291503556333,0.9484450230405347,0.5964119950052115,0.40884427157337994,-0.2723475009122466,0,0,0,0,0.0,0.0,0.28,0.17666666666666667,0.22833333333333333,-0.8944149975762553,0.3099999999999987,-0.004462025316855413,0.0
2022-08-24,1665.4,1694.13,1604.92,1656.56,744667.6078,21529.11,21900.0,21145.0,21368.08,174383.22046,58578627375,4946291332,6504348846.0,0.9999,22.82,123.109,25.0,2.33,7.0,0.0,46.0,-0.00532817631539061,-0.007508217623966096,0.0033881629957154694,0.8706091984174739,0.5614903967085068,0.40734450988892346,-0.2698779143226472,0,0,0,0,-9.999999999998899e-05,9.999999999998899e-05,0.25,0.17666666666666667,0.21333333333333332,-1.0161963302482941,-1.2899999999999991,0.0004411698465753315,0.0
2022-08-25,1656.56,1722.0,1653.68,1695.11,603090.713,21368.05,21819.88,21310.15,21559.04,169915.78301,58750838118,4963418049,6565765255.0,1.0,21.78,123.0586,25.0,2.33,7.0,0.0,46.0,0.02300447243224016,0.008896998430986994,0.002935509267703892,0.8729601491732586,0.5622260085465919,0.3772310818034352,-0.26773148528377105,0,0,0,0,0.0,0.0,0.25,0.17666666666666667,0.21333333333333332,-1.0161963302482941,-1.0399999999999991,-0.0004094771261872845,0.0
2022-08-26,1695.11,1706.45,1486.85,1508.18,1149912.8292,21559.04,21886.77,20107.9,20241.05,273811.61955,59135749908,5035874741,6597821126.0,1.0,25.56,123.0656,27.0,2.33,7.0,0.0,46.0,-0.11684400962412589,-0.06308249760374372,0.0065302281504402825,0.8699099159281427,0.5341431288489051,0.3775670157290511,-0.2629339573881867,0,0,0,0,0.0,0.0,0.27,0.17666666666666667,0.22333333333333333,-0.9350087751336015,3.7799999999999976,5.688185072324667e-05,0.0
2022-08-27,1508.18,1518.42,1447.52,1491.06,756136.6768,20239.14,20402.93,19800.0,20037.6,162582.46032,56348092712,4799318514,6230746167.0,1.0001,,,28.0,2.33,7.0,0.0,46.0,-0.011416349436118464,-0.010102211978267828,-0.048287254167769925,0.8468251477406309,0.5121568499493758,0.37491986266847277,-0.297679225027654,0,0,0,0,9.999999999998899e-05,9.999999999998899e-05,0.28,0.17666666666666667,0.22833333333333333,-0.8944149975762553,,,0.0
2022-08-28,1491.06,1511.0,1424.0,1426.76,544846.4486,20037.6,20171.18,19520.0,19555.61,139307.95976,56015286909,4732242943,6204390548.0,1.0001,,,28.0,2.33,7.0,0.0,44.0,-0.044081137075116225,-0.024348306776797283,-0.005923758742876339,0.8576718340506452,0.5160801006841609,0.35897915024403815,-0.3018273056143901,0,0,0,0,9.999999999998899e-05,9.999999999998899e-05,0.28,0.17,0.22500000000000003,-0.9214775159478191,,,0.0
2022-08-29,1426.76,1559.99,1422.08,1551.8,826252.0831,19555.61,20433.62,19550.79,20285.73,210509.49545,54980121314,4634566654,5999341295.0,1.0,26.21,123.4686,24.0,2.33,7.0,0.0,44.0,0.08400940813119989,0.03665548140456874,-0.018652944754480136,0.9128308974774424,0.5376173358938428,0.36272544237626536,-0.31095300830817063,0,0,0,0,0.0,0.0,0.24,0.17,0.20500000000000002,-1.0838526261772043,,,0.0
2022-08-30,1551.79,1606.13,1473.61,1524.59,1003075.0172,20287.2,20576.25,19540.0,19811.66,256634.35529,56613014981,4902440280,6099176766.0,0.9999,26.21,123.6848,27.0,2.33,7.0,0.0,44.0,-0.017690026024654703,-0.023647029931174457,0.02926721619010941,0.913847799233526,0.540476223175492,0.38021379370196956,-0.2686042029697977,0,0,0,0,-9.999999999998899e-05,9.999999999998899e-05,0.27,0.17,0.22000000000000003,-0.9620712935051654,0.0,0.0017495211892360276,0.0
2022-08-31,1524.59,1619.78,1524.59,1554.1,949227.6775,19813.03,20490.0,19797.94,20050.02,276946.60765,56438841386,4855903745,6103020981.0,1.0001,25.87,123.535,23.0,2.33,7.0,0.0,44.0,0.019171078486372013,0.011959497995954903,-0.003081306904708702,0.9122043490654432,0.5436917946377188,0.38012221179727324,-0.2708543893514874,0,0,0,0,9.999999999998899e-05,9.999999999998899e-05,0.23,0.17,0.2,-1.1244464037345505,-0.33999999999999986,-0.0012118771905292795,0.0
2022-09-01,1554.11,1599.0,1512.77,1586.16,728710.482,20048.44,20208.37,19565.66,20131.46,245289.97263,56101084905,4741151761,6194013675.0,1.0,25.56,124.4006,20.0,2.56,7.0,0.0,44.0,0.020419400908740976,0.004053614327647557,-0.006002447419812162,0.9154227337771145,0.543939102513849,0.3795449920737453,-0.26169087698314797,0,0,0,0,0.0,0.0,0.2,0.17,0.185,-1.2462277364065895,-0.3100000000000023,0.006982486717248456,0.22999999999999998
2022-09-02,1586.17,1650.0,1546.41,1575.35,919009.6598,20132.64,20441.26,19755.29,19951.86,245986.6033,56673048802,4909151631,6259818440.0,0.9999,25.47,123.7743,25.0,2.56,7.0,0.0,44.0,-0.0068385310360521735,-0.008961393513317224,0.010143616846264041,0.9153334064710872,0.5440741036338312,0.3781247056548805,-0.25416363996257235,0,0,0,0,-9.999999999998899e-05,9.999999999998899e-05,0.25,0.17,0.21000000000000002,-1.043258848619858,-0.08999999999999986,-0.005047257636225203,0.0
2022-09-03,1575.35,1582.71,1534.28,1557.46,321397.2189,19950.98,20055.93,19652.72,19831.9,146639.03204,56556843748,4893624844,6358800448.0,0.9999,,,21.0,2.56,7.0,0.0,44.0,-0.011421180645425143,-0.006030619708257377,-0.0020525515335277624,0.9158865521030506,0.5439027240941909,0.3750918942784589,-0.2556929375092089,0,0,0,0,-9.999999999998899e-05,9.999999999998899e-05,0.21,0.17,0.19,-1.205633958849243,,,0.0
2022-09-04,1557.45,1583.66,1540.66,1579.28,296591.1166,19832.45,20029.23,19583.1,20000.3,145588.77893,56286230363,4882708008,6339134179.0,0.9999,,,20.0,2.56,7.0,0.0,48.0,0.013912757808582676,0.008455521077103931,-0.004796287338075588,0.8735746471202266,0.5317984829140558,0.3712056815707497,-0.25925430056117665,0,0,0,0,-9.999999999998899e-05,9.999999999998899e-05,0.2,0.18333333333333332,0.19166666666666665,-1.1921026996634612,,,0.0
2022-09-05,1579.29,1631.99,1556.56,1617.8,503492.937,20000.3,20057.27,19633.83,19796.84,222543.01057,56249576338,4816578534,6386474234.0,1.0001,25.99,,23.0,2.56,7.0,0.0,48.0,0.02409815462643991,-0.010224944437388826,-0.0006514197990966463,0.8742248351398613,0.5308222642570151,0.36391213544989165,-0.25973667984312127,0,0,0,0,9.999999999998899e-05,9.999999999998899e-05,0.23,0.18333333333333332,0.20666666666666667,-1.0703213669914222,,,0.0
2022-09-06,1617.8,1687.4,1555.0,1559.01,1010722.8578,19795.34,20180.0,18649.51,18790.61,356315.05718,56938279998,4785551630,6514890625.0,1.0,26.91,124.767,22.0,2.56,7.0,0.0,48.0,-0.03701619717846296,-0.052165052029039496,0.012169364835554527,0.8824805675329257,0.552824122244144,0.36717807796510965,-0.24646529403539214,0,0,0,0,0.0,0.0,0.22,0.18333333333333332,0.20166666666666666,-1.1109151445487686,0.9200000000000017,,0.0
2022-09-07,1559.01,1657.5,1490.66,1630.0,850991.4243,18790.61,19464.06,18510.77,19292.84,287394.7788,54492134109,4633647863,6122152796.0,1.0,24.64,124.8408,24.0,2.56,7.0,0.0,48.0,0.044529010395418796,0.02637676564806005,-0.04391151114519011,0.882692397728477,0.5523010110990929,0.3865523782249622,-0.2724500735532714,0,0,0,0,0.0,0.0,0.24,0.18333333333333332,0.21166666666666667,-1.029727589434076,-2.2699999999999996,0.0005913276920869791,0.0
2022-09-08,1630.0,1663.56,1595.06,1635.37,645124.0085,19292.85,19458.25,19012.0,19319.77,262813.28273,55489967094,4653115293,6353673616.0,0.9999,23.61,124.578,20.0,2.56,7.0,0.0,48.0,0.0032890636228218167,0.0013948813284810479,0.018145868352243598,0.871076960657188,0.5476831880481874,0.39359361985411884,-0.22981722338025654,0,0,0,0,-9.999999999998899e-05,9.999999999998899e-05,0.2,0.18333333333333332,0.19166666666666665,-1.1921026996634612,-1.0300000000000011,-0.00210729982865443,0.0
2022-09-09,1635.37,1746.13,1630.51,1718.23,837458.2126,19320.54,21597.22,19291.75,21360.11,428919.74652,55508950314,4673757369,6349240554.0,0.9997,22.79,123.7874,22.0,2.56,7.0,0.0,48.0,0.04942561276059681,0.10039623993986292,0.00034204333931121757,0.8349560839334793,0.6483496806947562,0.384182069293022,-0.19696694513748916,0,0,0,0,-0.00029999999999996696,0.00029999999999996696,0.22,0.18333333333333332,0.20166666666666666,-1.1109151445487686,-0.8200000000000003,-0.006366447744805467,0.0
2022-09-10,1718.24,1789.0,1706.03,1774.12,411046.2466,21361.62,21810.8,21111.13,21648.34,307997.33504,56912694621,4769481903,6585300518.0,0.9997,,,28.0,2.56,7.0,0.0,48.0,0.03200983414051685,0.013403613252505489,0.024974145638833566,0.841715980624543,0.651070736275397,0.3590264608774719,-0.1405308226327561,0,0,0,0,-0.00029999999999996696,0.00029999999999996696,0.28,0.18333333333333332,0.2316666666666667,-0.8673524792046909,,,0.0
2022-09-11,1774.12,1789.0,1720.1,1766.11,409287.7263,21647.21,21860.0,21350.0,21826.87,280702.55149,57631856438,4862536870,6676971655.0,0.9997,,,26.0,2.56,8.0,0.0,94.0,-0.004525137444914798,0.008213002469083833,0.012557057670475677,0.8275505729063474,0.6473021477798125,0.36356081932952194,-0.1040564518275696,0,0,0,0,-0.00029999999999996696,0.00029999999999996696,0.26,0.34,0.30000000000000004,-0.31257085258762546,,,0.0
2022-09-12,1766.12,1783.0,1693.0,1716.37,630774.6032,21826.87,22488.0,21538.51,22395.74,395395.61828,56992223557,4754040142,6639290981.0,0.9998,23.87,123.3332,25.0,2.56,8.0,0.0,94.0,-0.028567792358462483,0.02572898259027063,-0.011160648275775087,0.8299017515777999,0.6552259837343397,0.36215933105462006,-0.11400017025606418,0,0,0,0,-0.00019999999999997797,0.00019999999999997797,0.25,0.34,0.29500000000000004,-0.35316463014497174,,,0.0
2022-09-13,1716.37,1760.51,1560.54,1574.4,1134549.7256,22395.44,22799.0,19860.0,20173.57,431915.03333,56514176209,4656894515,6529664143.0,1.0,27.27,124.4242,34.0,2.56,8.0,0.0,94.0,-0.0863373482233775,-0.10449743036114226,-0.0084233166680876,0.8751209352893815,0.7449880930478706,0.36173696320298104,-0.12143188361102623,0,0,0,0,0.0,0.0,0.34,0.34,0.34,0.012179367871144311,3.3999999999999986,0.008807059259403293,0.0
2022-09-14,1574.4,1647.01,1552.38,1638.39,764562.5393,20173.62,20541.48,19617.62,20226.71,340826.40151,53485365994,4495144842,6203142883.0,0.9998,26.16,124.4509,27.0,2.56,8.0,0.0,94.0,0.039839805012948044,0.002630676354029713,-0.05508342937203738,0.8888417872957827,0.7455599234325871,0.40144628157597184,-0.16851769931240526,0,0,0,0,-0.00019999999999997797,0.00019999999999997797,0.27,0.34,0.30500000000000005,-0.2719770750302792,-1.1099999999999994,0.00021456545956146378,0.0
2022-09-15,1638.4,1655.2,1458.0,1472.75,1335499.8047,20227.17,20330.24,19497.0,19701.88,333069.76076,52462967062,4357669654,6115955167.0,1.0001,26.27,124.8843,28.0,2.56,8.0,0.0,94.0,-0.1065826509091404,-0.026289945533484776,-0.019300552264350554,0.9569471372055285,0.7488628509543698,0.40393141096748575,-0.18441189018875195,0,0,0,0,9.999999999998899e-05,9.999999999998899e-05,0.28,0.34,0.31000000000000005,-0.2313832974729329,0.10999999999999943,0.003476448062646446,0.0
2022-09-16,1472.76,1483.35,1405.52,1433.9,693597.2425,19701.88,19890.0,19320.01,19803.3,283791.07064,51420641233,4272975537,5822454775.0,1.0001,26.3,124.8794,20.0,2.56,8.0,0.0,94.0,-0.02673339668080316,0.00513452781707948,-0.020067859140406447,0.957794528717021,0.7478001651799258,0.4056413035472288,-0.200615864159132,0,0,0,0,9.999999999998899e-05,9.999999999998899e-05,0.2,0.34,0.27,-0.5561335179317031,0.030000000000001137,-3.9237086899520387e-05,0.0
2022-09-17,1433.9,1476.13,1409.12,1468.83,421391.3743,19803.3,20189.0,19748.08,20113.62,179350.24338,51692961734,4279882824,5747169645.0,0.9999,,,22.0,2.56,8.0,0.0,94.0,0.024068160773249497,0.0155486070502051,0.005281963315983075,0.9631174968102784,0.751368009917662,0.40548945830615485,-0.1963823757555698,0,0,0,0,-9.999999999998899e-05,9.999999999998899e-05,0.22,0.34,0.28,-0.47494596281701057,,,0.0
2022-09-18,1468.82,1469.63,1325.55,1334.51,804113.468,20112.61,20117.26,19335.62,19416.18,254217.46904,52310158465,4398279014,5773514709.0,1.0,,,27.0,2.56,7.0,0.0,55.0,-0.09590198223450286,-0.03529045844411419,0.011868951148393465,0.9012654767062802,0.6649031348149982,0.4092869029628707,-0.18678744921199314,0,0,0,0,0.0,0.0,0.27,0.20666666666666667,0.23833333333333334,-0.8132274424615628,,,0.0
2022-09-19,1334.51,1393.35,1280.0,1375.98,974855.198,19417.45,19686.2,18232.56,19537.02,380512.40306,50831413943,4237326395,5521720944.0,0.9999,25.76,125.0104,21.0,2.56,7.0,0.0,55.0,0.030602021244195365,0.006204388221696427,-0.028676038554099007,0.9086360869154966,0.6628624521840061,0.3836329258339148,-0.20977597839995213,0,0,0,0,-9.999999999998899e-05,9.999999999998899e-05,0.21,0.20666666666666667,0.20833333333333331,-1.0567901078056403,,,0.0
2022-09-20,1375.98,1384.78,1312.71,1322.93,658027.1465,19537.02,19634.62,18711.87,18875.0,324098.3286,51208295226,4333072719,5543648495.0,0.9999,27.16,125.1248,23.0,2.56,7.0,0.0,55.0,-0.039317230841676196,-0.03447283217250921,0.007386986886952533,0.909419169891046,0.6677253789596679,0.38571885569861913,-0.20391699042350103,0,0,0,0,-9.999999999998899e-05,9.999999999998899e-05,0.23,0.20666666666666667,0.21833333333333332,-0.9756025526909478,1.3999999999999986,0.0009147053911356923,0.0
2022-09-21,1322.94,1408.9,1220.0,1245.78,1192266.7379,18874.31,19956.0,18125.98,18461.36,385034.10021,51059924610,4246866910,5546298540.0,0.9999,27.99,125.7399,23.0,2.56,7.0,0.0,55.0,-0.060087133912322815,-0.022158395968022992,-0.0029015997410679942,0.9272111775770658,0.6706048870903853,0.37978058420862465,-0.20622355669360853,0,0,0,0,-9.999999999998899e-05,9.999999999998899e-05,0.23,0.20666666666666667,0.21833333333333332,-0.9756025526909478,0.8299999999999983,0.004903848430217921,0.0
2022-09-22,1245.79,1350.08,1237.32,1326.46,904282.2725,18461.36,19550.17,18356.39,19401.63,379321.72111,50000638919,4127811833,5366885181.0,1.0,27.35,126.1667,22.0,2.56,7.0,0.0,55.0,0.06275189983117246,0.049677183991239306,-0.020964151587507165,0.9536327185263702,0.6963659277646436,0.3836668648520713,-0.22269118829842796,0,0,0,0,0.0,0.0,0.22,0.20666666666666667,0.21333333333333332,-1.0161963302482941,-0.639999999999997,0.0033885607474247624,0.0
2022-09-23,1326.47,1360.0,1262.15,1327.25,974052.3644,19401.63,19500.0,18531.42,19289.91,385886.91829,51663157557,4368190150,5596574186.0,1.0,29.92,127.2853,20.0,2.56,7.0,0.0,55.0,0.000595392882671749,-0.005774921881411174,0.03270912396647182,0.9540329281429546,0.6962656043129337,0.4049357830998566,-0.1968457108230505,0,0,0,0,0.0,0.0,0.2,0.20666666666666667,0.20333333333333334,-1.0973838853629865,2.5700000000000003,0.008826975230126231,0.0
2022-09-24,1327.24,1349.33,1306.52,1317.13,517557.3497,19288.57,19316.14,18805.34,18920.5,239496.56746,51858034362,4365832395,5595095343.0,0.9999,,,24.0,2.56,7.0,0.0,55.0,-0.007654005404383535,-0.019336170941039267,0.0037649689225081806,0.9477128358656459,0.6969483900542184,0.40512971259436253,-0.1938161603813423,0,0,0,0,-9.999999999998899e-05,9.999999999998899e-05,0.24,0.20666666666666667,0.22333333333333333,-0.9350087751336015,,,0.0
2022-09-25,1317.13,1337.0,1269.27,1294.63,515533.8409,18921.99,19180.21,18629.2,18807.38,191191.4492,51668746201,4360666861,5589601922.0,1.0,,,24.0,2.56,7.0,0.0,37.0,-0.01723018703557612,-0.0059966443373075,-0.0036568001227049703,0.8642842638869348,0.6640708907851197,0.4033006410086081,-0.19675882988871482,0,0,0,0,0.0,0.0,0.24,0.14666666666666667,0.19333333333333333,-1.178571440477679,,,0.0
2022-09-26,1294.62,1340.42,1277.85,1336.17,799166.4333,18809.13,19318.96,18680.72,19227.82,439239.21943,51477391279,4321624325,5557164892.0,0.9999,32.26,128.4539,21.0,2.56,7.0,0.0,37.0,0.031582372486728946,0.02210884264131569,-0.003710369504945694,0.8732890843444558,0.6688856889628828,0.37107021320431643,-0.19973362921625995,0,0,0,0,-9.999999999998899e-05,9.999999999998899e-05,0.21,0.14666666666666667,0.17833333333333334,-1.3003527731497175,,,0.0
2022-09-27,1336.17,1400.0,1303.75,1328.02,860584.8944,19226.68,20385.86,18816.32,19079.13,593260.74161,52223618203,4427339829,5528670838.0,,32.6,128.4386,20.0,2.56,7.0,0.0,37.0,-0.006118201346611302,-0.00776312114359553,0.014392141569579225,0.861125552367682,0.6642015176563202,0.3758010467492906,-0.18813280218495287,0,0,0,0,,,0.2,0.14666666666666667,0.17333333333333334,-1.340946550707064,0.3400000000000034,-0.00011911597277525268,0.0
2022-09-28,1328.01,1355.7,1253.2,1337.2,919314.9131,19078.1,19790.0,18471.28,19412.82,521385.45547,52180095440,4411079320,5565410087.0,,30.18,128.0884,20.0,2.56,7.0,0.0,37.0,0.006888764382004825,0.01733860506675769,-0.0008337397972251804,0.8038471445549912,0.6538194825802457,0.37117486144366046,-0.18880940608284114,0,0,0,0,,,0.2,0.14666666666666667,0.17333333333333334,-1.340946550707064,-2.4200000000000017,-0.0027303185828486086,0.0
2022-09-29,1337.2,1352.02,1288.52,1335.7,770591.6895,19412.82,19645.52,18843.01,19591.51,406424.93256,52418914217,4435618635,5606851494.0,,31.84,127.5437,22.0,2.56,7.0,0.0,37.0,-0.0011223765628838153,0.009162636565833372,0.004566375776715105,0.8026215291275081,0.64981370391029,0.3548421082314302,-0.18509673472952864,0,0,0,0,,,0.22,0.14666666666666667,0.18333333333333335,-1.2597589955923714,1.6600000000000001,-0.004261599575079181,0.0
2022-09-30,1335.69,1373.19,1313.35,1328.72,740753.611,19590.54,20185.0,19155.36,19422.61,444322.9534,52414673147,4447047442,5579484486.0,,31.62,127.5148,21.0,2.56,7.0,0.0,37.0,-0.005239426192316352,-0.008658457767896248,-8.091051940423571e-05,0.7980988795148649,0.6488679061178504,0.35494155774721226,-0.18516266630867073,0,0,0,0,,,0.21,0.14666666666666667,0.17833333333333334,-1.3003527731497175,-0.21999999999999886,-0.00022661467956320845,0.0
2022-10-01,1328.71,1333.69,1302.68,1311.79,252081.9056,19422.61,19484.0,19159.42,19310.95,165625.13959,52321075941,4444171749,5537321578.0,,,,20.0,3.08,7.0,0.0,37.0,-0.012823456073443866,-0.00576555882359139,-0.0017873024584438056,0.7930634783467339,0.6487979212099593,0.3547173694699305,-0.18661772637484925,0,0,0,0,,,0.2,0.14666666666666667,0.17333333333333334,-1.340946550707064,,,0.52
2022-10-02,1311.79,1317.93,1270.0,1276.72,371740.0407,19312.24,19395.91,18920.35,19056.8,206812.47032,52690081756,4413387114,5507139128.0,,,,24.0,3.08,7.0,0.0,33.0,-0.027098327626368574,-0.013248299277497894,0.007027964302614411,0.7963683507472256,0.6495996437081285,0.3535033342829094,-0.18088117024737094,0,0,0,0,,,0.24,0.13333333333333333,0.18666666666666665,-1.2326964772208073,,,0.0
2022-10-03,1276.72,1329.9,1263.04,1323.09,483775.2435,19057.74,19719.1,18959.68,19629.08,293585.75212,52179497882,4335257509,5447736819.0,,30.1,127.0813,24.0,3.08,7.0,0.0,33.0,0.03567562092116324,0.029588146889959064,-0.009737579005058153,0.8099106686057178,0.6583161507621417,0.3544154797619127,-0.18881869570611287,0,0,0,0,,,0.24,0.13333333333333333,0.18666666666666665,-1.2326964772208073,,,0.0
2022-10-04,1323.1,1369.55,1318.66,1361.49,476207.6702,19629.08,20475.0,19490.6,20337.82,327012.00127,52961113202,4386971068,5470172735.0,,29.07,126.1819,20.0,3.08,7.0,0.0,33.0,0.028609778234496886,0.0354700667521785,0.014868274226458844,0.8159299329443537,0.6695088945705584,0.3595415591806924,-0.17666772146394022,0,0,0,0,,,0.2,0.13333333333333333,0.16666666666666669,-1.395071587450192,-1.0300000000000011,-0.007102522442355675,0.0
2022-10-05,1361.5,1364.77,1316.29,1352.2,483508.7782,20337.82,20365.6,19730.0,20158.26,312239.75224,53455450520,4452703119,5567514094.0,,28.55,126.8616,25.0,3.08,7.0,0.0,33.0,-0.0068467925900135215,-0.008868076947532767,0.009290675370449674,0.8091772869725428,0.6692505265882757,0.3616872900691163,-0.16898276460055286,0,0,0,0,,,0.25,0.13333333333333333,0.19166666666666665,-1.1921026996634612,-0.5199999999999996,0.005372211771612774,0.0
2022-10-06,1352.2,1383.99,1345.01,1352.06,573975.324,20158.26,20456.6,19853.0,19960.67,320122.1702,53521666874,4437351199,5586055485.0,,30.52,127.2493,26.0,3.08,7.0,0.0,33.0,-0.0001035403401485927,-0.009850292500254246,0.0012379537618808741,0.8015642419665864,0.6430197742485627,0.35840701315450724,-0.16795336664573207,0,0,0,0,,,0.26,0.13333333333333333,0.19666666666666666,-1.1515089221061148,1.9699999999999989,0.003051425978416022,0.0
2022-10-07,1352.07,1361.75,1317.26,1331.1,491999.8776,19960.67,20068.82,19320.0,19530.09,220874.83913,53396720310,4398463218,5575189355.0,,31.36,127.3111,23.0,3.08,7.0,0.0,33.0,-0.015623687263455519,-0.02180748428132239,-0.0023372335511076658,0.7822497652882492,0.6420058933615648,0.3250982791832026,-0.16989578312857684,0,0,0,0,,,0.23,0.13333333333333333,0.18166666666666667,-1.2732902547781535,0.8399999999999999,0.00048554292980452384,0.0
2022-10-08,1331.1,1337.35,1303.51,1315.48,203391.6612,19530.09,19627.38,19237.14,19417.96,102480.09842,52804325220,4389777118,5507032311.0,,,,24.0,3.08,7.0,0.0,33.0,-0.011804050032933833,-0.005757942171450429,-0.011156222261639757,0.7815824993195367,0.6423521237859252,0.31976802009966265,-0.17910514391718005,0,0,0,0,,,0.24,0.13333333333333333,0.18666666666666665,-1.2326964772208073,,,0.0
2022-10-09,1315.48,1329.0,1307.26,1323.13,186201.9185,19416.52,19558.0,19316.04,19439.02,113900.82681,52573381540,4366401205,5463092888.0,,,,22.0,3.08,7.0,0.0,31.0,0.005798523794401447,0.001083975237505919,-0.004383167120340854,0.7561620588826149,0.5310876709403348,0.31982161143818855,-0.18269538918907743,0,0,0,0,,,0.22,0.12666666666666665,0.17333333333333334,-1.340946550707064,,,0.0
2022-10-10,1323.13,1338.0,1288.0,1290.03,393663.0114,19439.96,19525.0,19020.25,19131.87,212509.09849,52663291189,4405357783,5479195003.0,,32.45,,22.0,3.08,7.0,0.0,31.0,-0.02533466791518214,-0.015926855342589977,0.0017087136745060983,0.7436471127115456,0.5294386636741194,0.3052617129741719,-0.18129765580135188,0,0,0,0,,,0.22,0.12666666666666665,0.17333333333333334,-1.340946550707064,,,0.0
2022-10-11,1290.03,1298.0,1267.01,1280.11,429430.3941,19131.87,19268.09,18860.0,19060.0,243473.84286,51969715679,4329011446,5389666603.0,,33.63,127.6641,24.0,3.08,7.0,0.0,31.0,-0.007719462178011686,-0.003763632670309744,-0.013257492819240707,0.7434009602799608,0.5275723532473313,0.30241009144878767,-0.19207996513097422,0,0,0,0,,,0.24,0.12666666666666665,0.18333333333333332,-1.2597589955923716,1.1799999999999997,,0.0
2022-10-12,1280.11,1306.87,1275.25,1294.44,369712.5759,19060.0,19238.31,18965.88,19155.53,213826.26731,51944739726,4342254188,5383495973.0,,33.57,128.1481,20.0,3.08,7.0,0.0,31.0,0.011132157454090616,0.00499954855969873,-0.0004807021965057423,0.7443066562905436,0.51747209857864,0.30127381223165334,-0.19246824073639188,0,1,0,0,,,0.2,0.12666666666666665,0.16333333333333333,-1.4221341058217565,-0.060000000000002274,0.0037840304530297637,0.0
2022-10-13,1294.44,1301.58,1190.0,1287.08,945618.3163,19155.1,19513.79,18190.0,19375.13,399756.68337,51619850935,4323778960,5273353111.0,,31.94,127.7286,20.0,3.08,7.0,0.0,31.0,-0.0057020824489079506,0.011398838108565434,-0.006274149392083988,0.6906109135033573,0.37621445926706293,0.3008880818550403,-0.1975189545977983,0,1,0,0,,,0.2,0.12666666666666665,0.16333333333333333,-1.4221341058217565,-1.629999999999999,-0.0032789259502674505,0.0
2022-10-14,1287.08,1343.12,1283.39,1296.27,669742.8093,19375.58,19951.87,19070.37,19176.93,351634.32601,51133734874,3942493069,5103182727.0,,32.02,128.3325,24.0,3.08,7.0,0.0,31.0,0.0071148228207480535,-0.010282290815579725,-0.009461853498607328,0.672027819296242,0.37719145396027265,0.2367825700442784,-0.2050761039841709,0,1,0,0,,,0.24,0.12666666666666665,0.18333333333333332,-1.2597589955923716,0.08000000000000185,0.004716851717538679,0.0
2022-10-15,1296.26,1301.69,1263.64,1274.92,287100.9529,19176.93,19227.68,18975.18,19069.39,113847.64232,51113700141,3956688755,5093848380.0,,,,24.0,3.08,7.0,0.0,31.0,-0.016607478021246645,-0.0056235623928088925,-0.0003918872537675582,0.5713158572689956,0.3670386007829322,0.22790963244299273,-0.2053875634942427,0,1,0,0,,,0.24,0.12666666666666665,0.18333333333333332,-1.2597589955923716,,,0.0
2022-10-16,1274.93,1315.35,1274.67,1305.95,293321.3632,19068.4,19425.84,19063.74,19262.98,131894.61885,50968983136,3964570495,5190911252.0,,,,24.0,3.08,7.0,0.0,26.0,0.024047313738358313,0.010100687533673864,-0.0028352918889129348,0.5742381485503826,0.3685040491487377,0.21731872926438173,-0.20763733080965224,0,1,0,0,,,0.24,0.11,0.175,-1.3274152915212818,,,0.0
2022-10-17,1305.96,1338.57,1295.64,1331.4,459848.4941,19262.98,19676.96,19152.03,19549.86,222813.87634,51387928441,4024126151,5244057774.0,,31.37,127.6448,20.0,3.08,7.0,0.0,26.0,0.01930027490231382,0.014783006060808625,0.008186015737147952,0.5716322792816235,0.3680827916231709,0.2184894914802487,-0.20112441649019625,0,1,0,0,,,0.2,0.11,0.155,-1.4897904017506667,,,0.0
2022-10-18,1331.39,1341.73,1286.72,1310.71,572728.9189,19548.48,19706.66,19091.0,19327.44,260313.07848,51784550784,4051988590,5196773102.0,,30.5,127.9153,22.0,3.08,7.0,0.0,26.0,-0.0156620450592596,-0.011442277457683746,0.007688567722857837,0.46691099914190315,0.3489813806570293,0.21605680808928984,-0.1949585344375477,0,1,0,0,,,0.22,0.11,0.165,-1.4086028466359741,-0.870000000000001,0.002116919667953468,0.0
2022-10-19,1310.71,1313.5,1280.31,1285.09,368637.5105,19327.44,19360.16,19065.97,19123.97,186137.29538,51343601632,4087986959,5131280309.0,,30.76,128.3968,23.0,3.08,7.0,0.0,26.0,-0.019740220320127733,-0.010583325769578811,-0.008551531833669222,0.45749344566026257,0.35004354050927905,0.19300710889847691,-0.2018135200691751,0,1,0,0,,,0.23,0.11,0.17,-1.368009069078628,0.26000000000000156,0.0037571426897852053,0.0
2022-10-20,1285.09,1310.87,1270.36,1282.57,428531.6103,19123.35,19347.82,18900.0,19041.92,223530.13068,50772242117,3884466336,5036158680.0,,29.98,128.0052,23.0,3.08,7.0,0.0,26.0,-0.0019628773350881907,-0.004299657437842867,-0.01119053530837476,0.4375487890678616,0.328580371176785,0.1953268554487184,-0.2106958622804118,0,1,0,0,,,0.23,0.11,0.17,-1.368009069078628,-0.7800000000000011,-0.0030545807324754135,0.0
2022-10-21,1282.57,1306.97,1252.65,1299.75,468076.7986,19041.92,19250.0,18650.0,19164.37,269310.75769,50222243384,3875918979,4968109057.0,,29.69,127.6735,23.0,3.08,7.0,0.0,26.0,0.013306060811697405,0.006409961253210738,-0.010891766366906145,0.3845561734255074,0.31898115153679873,0.1986343468270486,-0.21924613025355053,0,1,0,0,,,0.23,0.11,0.17,-1.368009069078628,-0.28999999999999915,-0.002594664210131594,0.0
2022-10-22,1299.76,1320.2,1294.32,1313.61,221776.7007,19164.37,19257.0,19112.72,19204.35,110403.90837,50267539820,3959855213,4912103894.0,,,,20.0,3.08,7.0,0.0,26.0,0.010607134072841059,0.0020839900038091583,0.0009015133205301188,0.3169422635736043,0.26699302493889937,0.18449162512671682,-0.21854195287496714,0,1,0,0,,,0.2,0.11,0.155,-1.4897904017506667,,,0.0
2022-10-23,1313.62,1371.55,1299.44,1364.2,432269.46,19204.29,19695.0,19070.11,19570.4,167057.20184,50385333665,3979945406,4907784930.0,,,,23.0,3.08,7.0,0.0,37.0,0.03778910388395278,0.018881404774908718,0.002340596839379875,0.34372179228244426,0.2744248455010806,0.14279017293735244,-0.21671073240134403,0,1,0,0,,,0.23,0.14666666666666667,0.18833333333333335,-1.219165218035025,,,0.0
2022-10-24,1364.19,1370.6,1324.17,1343.61,611830.797,19570.4,19601.15,19157.0,19329.72,256168.14467,51246813874,4040641123,5039477006.0,,29.85,128.0304,22.0,3.08,7.0,0.0,37.0,-0.015208154818900862,-0.012374412787988572,0.01695331375512773,0.34708568113270877,0.26912039245383235,0.15502342637760755,-0.20331818038521862,0,1,0,0,,,0.22,0.14666666666666667,0.18333333333333335,-1.2597589955923714,,,0.0
2022-10-25,1343.61,1525.16,1334.94,1459.74,1127932.9012,19330.6,20415.87,19237.0,20080.07,326370.67061,50668371351,4022504373,4977766917.0,,28.46,127.3771,20.0,3.08,7.0,0.0,37.0,0.08289831625036694,0.03808397301398036,-0.011351571076082983,0.44423802967283943,0.2976935184225719,0.15932482847716475,-0.21231063488003374,0,1,0,0,,,0.2,0.14666666666666667,0.17333333333333334,-1.340946550707064,-1.3900000000000006,-0.005115757562255494,0.0
2022-10-26,1459.74,1594.99,1457.44,1566.1,1236044.7023,20079.02,21020.0,20050.41,20771.59,380492.69576,52334959675,4146610629,5246766529.0,,27.28,126.4723,33.0,3.08,7.0,0.0,37.0,0.07033011482030309,0.033858406805051616,0.032362716091977946,0.49245949828618274,0.3101524551132736,0.1960588698042588,-0.18640189015733602,0,1,0,0,,,0.33,0.14666666666666667,0.23833333333333334,-0.8132274424615628,-1.1799999999999997,-0.0071286663010835805,0.0
2022-10-27,1566.11,1578.58,1503.2,1514.05,869454.4851,20771.61,20872.21,20200.0,20295.11,328643.57791,53583496083,4284026991,5429932632.0,,27.39,126.7028,32.0,3.08,7.0,0.0,37.0,-0.03380027292123538,-0.023206217347907374,0.023576518974136648,0.5096970063067728,0.32111480885701643,0.20655606877484176,-0.16699217114872864,0,1,0,0,,,0.32,0.14666666666666667,0.23333333333333334,-0.853821220018909,0.10999999999999943,0.0018208746728001957,0.0
2022-10-28,1514.04,1574.9,1479.82,1554.41,858954.4425,20295.11,20750.0,20000.09,20591.84,287039.94569,52925408272,4192331525,5351214945.0,,25.75,127.2135,30.0,3.08,7.0,0.0,37.0,0.026307872841872658,0.014514910485440964,-0.01235758061110027,0.5153740021507013,0.3195711210852756,0.21159288300217605,-0.17722278950527362,0,1,0,0,,,0.3,0.14666666666666667,0.22333333333333333,-0.9350087751336015,-1.6400000000000006,0.004022590819465224,0.0
2022-10-29,1554.4,1663.06,1547.66,1619.55,914161.0846,20591.84,21085.0,20554.01,20809.67,254881.77755,53474582519,4167742050,5416597012.0,,,,34.0,3.08,7.0,0.0,37.0,0.04105228046823375,0.01052290170330112,0.010322916753946922,0.5298425694560144,0.31999165033441407,0.21393437242927107,-0.16868533897300722,0,1,0,0,,,0.34,0.14666666666666667,0.24333333333333335,-0.7726336649042165,,,0.0
2022-10-30,1619.55,1640.06,1576.56,1590.44,476036.4243,20809.68,20931.21,20515.0,20627.48,192795.60886,54349642480,4206175172,5602724370.0,,,,34.0,3.08,7.0,0.0,34.0,-0.01813762536979552,-0.008793615102669194,0.01623158753403552,0.5352978717130192,0.3200487112746153,0.22067917439530987,-0.15508167643672582,0,1,0,0,,,0.34,0.13666666666666666,0.23833333333333334,-0.8132274424615628,,,0.0
2022-10-31,1590.45,1635.8,1545.43,1572.69,810334.2414,20627.48,20845.92,20237.95,20490.74,303567.61628,54004799584,4245839301,5539178625.0,,25.88,127.6219,31.0,3.08,7.0,0.0,34.0,-0.011223178506764802,-0.006651090639639452,-0.0063651116409458005,0.534618539007891,0.3203341358416488,0.22203484637492701,-0.1604425963671236,0,1,0,0,,,0.31,0.13666666666666666,0.22333333333333333,-0.9350087751336015,,,0.0
2022-11-01,1572.69,1612.92,1563.69,1578.48,527539.2965,20490.74,20700.0,20330.74,20483.62,279932.43771,53461455964,4217459891,5423492513.0,,25.81,127.3987,30.0,3.78,7.0,0.0,34.0,0.003674829676506621,-0.00034753441282134187,-0.010111978817120747,0.5212135170125679,0.31574457733959055,0.2242700383888986,-0.16888940410276118,0,1,0,0,,,0.3,0.13666666666666666,0.21833333333333332,-0.9756025526909478,-0.07000000000000028,-0.0017504472736053847,0.6999999999999997
2022-11-02,1578.47,1621.68,1502.32,1518.34,981395.3648,20482.81,20800.0,20048.04,20151.84,373716.27299,53291973760,4246736761,5434018875.0,,25.86,127.3115,30.0,3.78,7.0,0.0,34.0,-0.03884472586553249,-0.016329943003790245,-0.00317521126639172,0.5343899926547085,0.30647924349253103,0.22165833839982588,-0.17152417064662911,0,1,0,0,,,0.3,0.13666666666666666,0.21833333333333332,-0.9756025526909478,0.05000000000000071,-0.0006846997364591352,0.0
2022-11-03,1518.33,1559.01,1515.17,1531.01,560202.8813,20151.84,20393.32,20031.24,20207.82,319185.1544,52507628911,4137375861,5319047237.0,,25.3,128.1743,30.0,3.78,7.0,0.0,34.0,0.008310015519320951,0.002774058844848819,-0.014827262085046155,0.5275523244705531,0.2801141341058445,0.22197472667682241,-0.18371757808544417,0,1,0,0,,,0.3,0.13666666666666666,0.21833333333333332,-0.9756025526909478,-0.5599999999999987,0.006754217103540541,0.0
2022-11-04,1531.01,1680.0,1528.4,1644.78,935531.4781,20207.12,21302.05,20180.96,21148.52,453694.39165,52871706006,4166617099,5296846653.0,,24.55,127.1468,30.0,3.78,7.0,0.0,34.0,0.07167898833885042,0.04550026847944526,0.006909866035788423,0.5762541251200971,0.32028647596024473,0.2208342526120623,-0.17805764372859195,0,1,0,0,,,0.3,0.13666666666666666,0.21833333333333332,-0.9756025526909478,-0.75,-0.008048731945460862,0.0
2022-11-05,1644.78,1666.97,1621.42,1626.98,351385.5362,21148.52,21480.65,21080.65,21299.37,245621.98525,54629714168,4371800034,5522424226.0,,,,38.0,3.78,7.0,0.0,34.0,-0.010881101073359998,0.007107568128679593,0.0327096125834368,0.5790349465974464,0.31811165123170304,0.24917687676328307,-0.15072768825383068,0,1,0,0,,,0.38,0.13666666666666666,0.2583333333333333,-0.6508523322321781,,,0.0
2022-11-06,1626.98,1639.02,1564.39,1568.29,414863.9525,21299.37,21365.27,20886.13,20905.58,230036.97217,54512119345,4380485031,5480042777.0,,,,40.0,3.78,7.0,2.0,49.0,-0.036739681791493305,-0.018661385830795497,-0.002154899999755023,0.593540703879889,0.31530468623986196,0.24914987054738597,-0.15255581473590354,0,1,0,0,,,0.4,0.19333333333333333,0.2966666666666667,-0.3396333709591898,,,0.0
2022-11-07,1568.25,1608.04,1545.03,1568.1,642409.4494,20905.58,21069.77,20384.89,20591.13,386977.60337,53500889461,4403382469,5322672671.0,,24.35,126.3062,33.0,3.78,7.0,2.0,49.0,-0.0001211584020051137,-0.015155708438383623,-0.018724771047660484,0.5906541315840461,0.31998498313591206,0.25500854813606216,-0.16827637184243419,0,1,0,0,,,0.33,0.19333333333333333,0.26166666666666666,-0.6237898138606137,,,0.0
2022-11-08,1568.09,1579.98,1233.0,1334.77,2339916.5089,20590.67,20700.88,17166.83,18547.23,760705.362783,53292126869,4453856468,5403612614.0,,25.54,125.633,31.0,3.78,7.0,2.0,49.0,-0.16110570303953478,-0.10453994878635704,-0.00390967246913523,0.8294808622039112,0.49035059166756784,0.2549012312331348,-0.1715217904175476,0,1,0,0,,,0.31,0.19333333333333333,0.25166666666666665,-0.7049773689753063,1.1899999999999977,-0.005344159243320494,0.0
2022-11-09,1334.78,1337.16,1073.53,1102.73,2494797.9357,18545.38,18587.76,15588.0,15922.81,731926.929729,48151089405,4032150245,4720190266.0,,26.09,125.9861,29.0,3.78,7.0,2.0,49.0,-0.19097006900385916,-0.15256777937932994,-0.10144484351204412,1.0623939080768534,0.7190283775023658,0.4372349022336514,-0.2514442435791726,0,1,0,0,,,0.29,0.19333333333333333,0.24166666666666664,-0.7861649240899988,0.5500000000000007,0.0028066250279485017,0.0
2022-11-10,1102.73,1350.0,1085.93,1299.28,1975955.6767,15922.68,18199.0,15754.26,17601.15,608448.36432,42728387859,3671736343,4180011297.0,,23.53,124.7044,22.0,3.78,7.0,2.0,49.0,0.16402134152275558,0.10021156844027021,-0.11948024282900783,1.2152241883034824,0.8091361502681726,0.5965898109006081,-0.33574544024511793,0,1,0,0,,,0.22,0.19333333333333333,0.20666666666666667,-1.0703213669914222,-2.5599999999999987,-0.010225446659001122,0.0
2022-11-11,1299.28,1310.0,1201.26,1289.28,1308087.1498,17602.45,17695.0,16361.6,17070.31,393552.86492,44483075563,3910731848,4714779640.0,,22.52,,25.0,3.78,7.0,2.0,49.0,-0.007726341863364996,-0.030623543661599414,0.04024527201072567,1.2149269262607842,0.8144185372907747,0.618301838510233,-0.30846710453598536,0,1,0,0,,,0.25,0.19333333333333333,0.22166666666666668,-0.9485400343193835,-1.0100000000000016,,0.0
2022-11-12,1289.35,1292.16,1238.7,1257.25,547772.9172,17069.98,17119.1,16631.39,16812.08,167819.96035,43506324367,3853265925,4668599094.0,,,,21.0,3.78,7.0,2.0,49.0,-0.02515712695090829,-0.015243021519595541,-0.02220247712955996,1.2179407966679032,0.8134447790901032,0.621149805289223,-0.3133626325713923,0,1,0,0,,,0.21,0.19333333333333333,0.20166666666666666,-1.1109151445487686,,,0.0
2022-11-13,1257.25,1274.23,1200.66,1221.49,547410.5304,16813.16,16954.28,16229.0,16329.85,184960.78846,42796683675,3808143112,4619997372.0,,,,22.0,3.78,7.0,2.0,40.0,-0.028855371043540967,-0.02910295424526251,-0.016445699917269456,1.2214629661495053,0.817699597538661,0.6221590101236173,-0.31910235294810907,0,1,0,0,,,0.22,0.16333333333333333,0.19166666666666665,-1.1921026996634612,,,0.0
2022-11-14,1221.5,1291.2,1171.13,1243.28,934742.0059,16331.78,17190.0,15815.21,16619.46,380210.7775,41924913286,3734387421,4620084517.0,,23.73,123.4277,24.0,3.78,7.0,2.0,40.0,0.017681623598823245,0.017579576532614275,-0.020580375962050347,1.2221504211143916,0.8216004873700681,0.6238788453681418,-0.33297226892448084,0,1,0,0,,,0.24,0.16333333333333333,0.20166666666666666,-1.1109151445487686,,,0.0
2022-11-15,1243.29,1291.0,1234.01,1253.23,632825.568,16617.72,17134.69,16527.72,16900.57,282461.84391,42105642810,3800496893,4422573690.0,,24.54,123.039,22.0,3.78,7.0,2.0,40.0,0.007971169901038475,0.01677305124617919,0.004301525803665525,1.2193136147763275,0.8234290520215563,0.6249174969438337,-0.3177279137040727,0,1,0,0,,,0.22,0.16333333333333333,0.19166666666666665,-1.1921026996634612,0.8099999999999987,-0.0031541812525593847,0.0
2022-11-16,1253.22,1268.67,1187.06,1216.17,673339.7215,16900.57,17015.92,16378.61,16662.76,261493.40809,42422294842,3827376123,4360960737.0,,24.11,123.2817,23.0,3.78,7.0,2.0,40.0,-0.030017642122180853,-0.014171059886846265,0.007492280589046956,1.2209228512072745,0.8211467617810444,0.6247188002842278,-0.30363808694300204,0,1,0,0,,,0.23,0.16333333333333333,0.19666666666666666,-1.1515089221061148,-0.4299999999999997,0.0019706023776257134,0.0
2022-11-17,1216.16,1228.22,1181.05,1200.43,530537.3488,16661.61,16751.0,16410.74,16692.56,228038.97873,41761612081,3797740286,4308137383.0,,23.93,123.977,20.0,3.78,7.0,2.0,40.0,-0.013026750462845106,0.0017868218880000477,-0.015696499485872636,1.2206139047392646,0.8212031668446751,0.623409188083404,-0.2938009216764763,0,1,0,0,,,0.2,0.16333333333333333,0.18166666666666667,-1.2732902547781535,-0.17999999999999972,0.005624083866108319,0.0
2022-11-18,1200.42,1234.0,1199.18,1212.58,360218.5337,16692.56,17011.0,16546.04,16700.45,214224.18184,41871351600,3770860170,4271479321.0,,23.12,123.8524,23.0,3.78,7.0,2.0,40.0,0.01007049509316885,0.00047255399539148176,0.002624314077882812,1.2198753104447713,0.8211431416110244,0.6243157087996372,-0.2919451995596396,0,1,0,0,,,0.23,0.16333333333333333,0.19666666666666666,-1.1515089221061148,-0.8099999999999987,-0.0010055305020187607,0.0
2022-11-19,1212.58,1235.0,1197.67,1217.67,209789.5888,16699.43,16822.41,16553.53,16700.68,104963.15558,41766314342,3778219691,4240443756.0,,,,23.0,3.78,7.0,2.0,40.0,0.004188875582935169,1.377198915139681e-05,-0.0025117227277479423,1.220062309467933,0.8212953278797681,0.6242810950505632,-0.29372140529243934,0,1,0,0,,,0.23,0.16333333333333333,0.19666666666666666,-1.1515089221061148,,,0.0
2022-11-20,1217.67,1227.07,1132.65,1142.21,531108.7607,16700.68,16753.33,16180.0,16280.23,154842.13478,41511356743,3787628318,4268561643.0,,,,24.0,3.78,7.0,1.0,34.0,-0.06397421437289094,-0.025497948917879515,-0.006123091394260338,1.2377247098483242,0.8235606361586716,0.6240812561328963,-0.2980328006733493,0,1,0,0,,,0.24,0.14,0.19,-1.205633958849243,,,0.0
2022-11-21,1142.21,1146.99,1079.76,1107.34,922647.9454,16279.5,16319.0,15476.0,15781.29,324096.997753,40292214329,3683861571,4086536281.0,,22.36,124.7009,21.0,3.78,7.0,1.0,34.0,-0.031004239269978077,-0.031126427112839597,-0.029808788797670474,1.239922289958174,0.8278791707577793,0.6287658592197026,-0.31864879718809164,0,1,0,0,,,0.21,0.14,0.175,-1.3274152915212818,,,0.0
2022-11-22,1107.34,1146.13,1075.0,1139.6,748884.5791,15781.29,16315.0,15616.63,16226.94,239548.06623,40041920054,3643989199,4070975064.0,,21.29,124.2365,22.0,3.78,7.0,1.0,34.0,0.02871658066714913,0.02784776288354211,-0.006231350765818825,1.2363163794904766,0.8319258641144572,0.6278092412370244,-0.3228813346191616,0,1,0,0,,,0.22,0.14,0.18,-1.2868215139639356,-1.0700000000000003,-0.0037310628192950513,0.0
2022-11-23,1139.59,1190.0,1127.75,1184.52,636927.1594,16227.96,16706.0,16160.2,16603.11,264927.70408,40035393664,3724151604,3771167332.0,,20.35,123.7574,22.0,3.78,7.0,1.0,34.0,0.038660305594043654,0.02291720320295262,-0.00016300222151386065,1.2455088814974618,0.8377403236861488,0.6221771514146885,-0.3229916974709078,0,1,0,0,,,0.22,0.14,0.18,-1.2868215139639356,-0.9399999999999977,-0.0038638095214530896,0.0
2022-11-24,1184.52,1217.71,1180.6,1203.73,486080.6123,16603.11,16812.63,16458.05,16598.95,206565.92346,40564691062,3517835892,3815788257.0,,20.42,,20.0,3.78,7.0,1.0,34.0,0.016087440010925196,-0.00025058686248794284,0.013134105469890541,1.2079396588029034,0.8234362666511092,0.6264779925678645,-0.296141169673421,0,1,0,0,,,0.2,0.14,0.17,-1.368009069078628,0.07000000000000028,,0.0
2022-11-25,1203.72,1207.77,1171.2,1199.3,391430.1658,16599.55,16666.0,16342.81,16522.14,182089.49533,40303564669,3533979909,3637351409.0,,20.5,123.3386,20.0,3.78,7.0,1.0,34.0,-0.0036870159910469204,-0.004638140695062483,-0.006458091576337852,1.1759078256732656,0.8106279674815025,0.6098694093807735,-0.3006721081012143,0,1,0,0,,,0.2,0.14,0.17,-1.368009069078628,0.0799999999999983,,0.0
2022-11-26,1199.29,1235.66,1196.2,1205.6,379840.8116,16521.35,16701.99,16385.0,16458.57,181804.81666,40251521938,3536755228,3680292071.0,,,,22.0,3.78,7.0,1.0,34.0,0.005239315074610342,-0.003854985458206651,-0.0012921030919990377,1.1733828826548307,0.8087558756828191,0.5993790601430303,-0.30157512830942135,0,1,0,0,,,0.22,0.14,0.18,-1.2868215139639356,,,0.0
2022-11-27,1205.61,1223.33,1188.65,1193.88,286386.7986,16457.61,16600.0,16401.0,16428.78,162025.47607,40753350372,3526039411,3686289846.0,,,,26.0,3.78,6.0,1.0,29.0,-0.009768860923016917,-0.0018116393171025897,0.012390238751036097,1.1669941571940077,0.8052908707845302,0.6041103590214673,-0.2928676448963221,0,1,0,0,,,0.26,0.12,0.19,-1.205633958849243,,,0.0
2022-11-28,1193.88,1199.25,1151.02,1167.77,478795.6093,16428.77,16487.04,15995.27,16212.91,252695.40367,40501136296,3429909401,3704240748.0,,22.21,123.6032,28.0,3.78,6.0,1.0,29.0,-0.02211256020017287,-0.013226836427965193,-0.006208023614701887,1.1537582740144734,0.8028474785150477,0.6002944753056734,-0.29724394112532404,0,1,0,0,,,0.28,0.12,0.2,-1.1244464037345505,,,0.0
2022-11-29,1167.77,1228.37,1158.27,1216.49,512143.5861,16212.18,16548.71,16100.0,16442.53,248106.25009,39844306298,3412849574,3642423296.0,,21.89,123.6615,26.0,3.78,6.0,1.0,29.0,0.04087371569654329,0.014063432280211978,-0.016350513725917944,1.1673808338400915,0.8066276535247219,0.593599175539755,-0.30864093644347096,0,1,0,0,,,0.26,0.12,0.19,-1.205633958849243,-0.3200000000000003,0.00047155943473005363,0.0
2022-11-30,1216.49,1309.77,1212.5,1294.46,815679.2717,16442.91,17249.0,16428.3,17163.64,303019.80719,40862919579,3565852415,3854147934.0,,20.58,123.5175,29.0,3.78,6.0,1.0,29.0,0.06212395686716445,0.04292192204564575,0.025243523383006953,1.1933176446705167,0.8256390244323613,0.6063706021133504,-0.29096645319832654,0,1,0,0,,,0.29,0.12,0.205,-1.0838526261772046,-1.3100000000000023,-0.0011651476564824628,0.0
2022-12-01,1294.46,1299.9,1262.77,1276.41,430018.7391,17165.53,17324.0,16855.01,16977.37,232818.18218,41407826437,3483035376,3858291226.0,,19.84,122.0045,27.0,4.1,6.0,1.0,29.0,-0.014042169844776358,-0.010911911994265286,0.013246867269254978,1.1930183589222494,0.8255661729524698,0.61142742009568,-0.2815114938810571,0,1,0,0,,,0.27,0.12,0.195,-1.165040181291897,-0.7399999999999984,-0.012324917135421883,0.31999999999999984
2022-12-02,1276.4,1297.18,1265.24,1295.59,371559.585,16978.0,17105.73,16787.85,17092.74,202372.2062,41459749613,3491869896,3894532227.0,,19.06,122.0102,27.0,4.1,6.0,1.0,29.0,0.014914739927744848,0.006772531170246441,0.0012531604101400202,1.189735326959642,0.8259515396490364,0.6121090408385943,-0.2806105481331814,0,1,0,0,,,0.27,0.12,0.195,-1.165040181291897,-0.7800000000000011,4.671849688592587e-05,0.0
2022-12-03,1295.58,1309.0,1236.26,1240.51,347148.2588,17092.13,17188.98,16858.74,16885.2,154542.57306,40947057743,3496032280,3921489067.0,,,,27.0,4.1,6.0,1.0,29.0,-0.0434436044707897,-0.012216313353321956,-0.012443110016799323,1.1959691906059473,0.8257192460137296,0.6118488612645705,-0.2895065286149407,0,1,0,0,,,0.27,0.12,0.195,-1.165040181291897,,,0.0
2022-12-04,1240.5,1287.19,1240.1,1279.41,324129.5466,16885.2,17202.84,16878.25,17105.7,178619.13387,40926156829,3450540300,3849201418.0,,,,26.0,4.1,7.0,0.0,26.0,0.030876448784335594,0.012974242698661298,-0.0005105678227805265,1.1703730236386685,0.8077918405090224,0.6100736902348748,-0.28986919112994197,0,1,0,0,,,0.26,0.11,0.185,-1.2462277364065895,,,0.0
2022-12-05,1279.4,1305.11,1246.61,1259.41,391628.5166,17106.65,17424.25,16867.0,16966.35,233703.29225,41533444008,3508901535,3932651833.0,,20.75,122.6384,26.0,4.1,7.0,0.0,26.0,-0.015755676837173074,-0.008179770631694087,0.014729592493620056,1.1706279497411147,0.8061727443512136,0.5978754805146536,-0.2793318387603664,0,1,0,0,,,0.26,0.11,0.185,-1.2462277364065895,,,0.0
2022-12-06,1259.41,1274.76,1241.56,1271.32,301631.839,16966.35,17107.01,16906.37,17088.96,218730.76883,41006596427,3482131342,3846193170.0,,22.17,123.0191,25.0,4.1,7.0,0.0,26.0,0.009412373448134082,0.007200670308000258,-0.012766040174232253,1.1676982310359982,0.8067459390266369,0.5974615579698325,-0.28847344226860633,0,1,0,0,,,0.25,0.11,0.18,-1.2868215139639356,1.4200000000000017,0.0030994397058261933,0.0
2022-12-07,1271.31,1278.69,1218.01,1231.18,398559.5166,17088.96,17142.21,16678.83,16836.64,220657.41334,41387502800,3505613926,3829992372.0,,22.68,122.7608,29.0,4.1,7.0,0.0,26.0,-0.032082671682039744,-0.014875177009226765,0.009246028300077772,1.170647422517161,0.8067096092695363,0.5999806075139369,-0.28186413976574876,0,1,0,0,,,0.29,0.11,0.19999999999999998,-1.1244464037345507,0.509999999999998,-0.002101881358853118,0.0
2022-12-08,1231.18,1292.58,1222.01,1280.18,406653.5447,16836.64,17299.0,16733.49,17224.1,236417.97804,41354172641,3457971711,3765423003.0,,22.29,122.4152,25.0,4.1,7.0,0.0,26.0,0.03902763394865509,0.022752101931693153,-0.000805643845743623,1.0424619551076317,0.7310601966499198,0.6003807978945672,-0.2824424685071777,0,1,0,0,,,0.25,0.11,0.18,-1.2868215139639356,-0.39000000000000057,-0.002819201136321257,0.0
2022-12-09,1280.18,1296.64,1250.0,1263.1,406008.0032,17224.1,17360.0,17058.21,17128.56,238422.06465,41501455988,3540169455,3833645593.0,,22.83,122.4201,26.0,4.1,7.0,0.0,26.0,-0.01343167624696493,-0.005562320142259912,0.003555183988518879,0.7892914033879921,0.49186672857724995,0.49880835336084267,-0.2798868793573045,0,1,0,0,,,0.26,0.11,0.185,-1.2462277364065895,0.5399999999999991,4.002690789000891e-05,0.0
2022-12-10,1263.11,1283.61,1259.6,1266.35,182278.6396,17128.56,17227.72,17092.0,17127.49,140573.97937,41465967119,3530595683,3818990496.0,,,,27.0,4.1,7.0,0.0,26.0,0.0025697300112286145,-6.247071687181942e-05,-0.0008554892953260613,0.540292102480412,0.3427257142234336,0.2793439739919804,-0.2724276308060103,0,1,0,0,,,0.27,0.11,0.19,-1.205633958849243,,,0.0
2022-12-11,1266.35,1284.75,1255.85,1263.01,180494.902,17127.49,17270.99,17071.0,17085.05,155286.47871,41755549838,3524713628,3820138958.0,,,,26.0,4.1,6.0,0.0,27.0,-0.002640985815637715,-0.0024809629316508166,0.00695935133982997,0.5397691014913909,0.32564845944259513,0.23865149100865485,-0.261149102066353,0,1,0,0,,,0.26,0.11,0.185,-1.2462277364065895,,,0.0
2022-12-12,1263.0,1278.9,1240.03,1275.4,363750.5481,17085.05,17241.89,16871.85,17209.83,226227.49694,41303886027,3501672833,3777301585.0,,25.0,122.7714,27.0,4.1,6.0,0.0,27.0,0.009762093905650984,0.007276920090016073,-0.010875784509930186,0.5335505277734491,0.3218072775211611,0.229753017393884,-0.24393003595112642,0,0,0,0,,,0.27,0.11,0.19,-1.205633958849243,,,0.0
2022-12-13,1275.41,1349.0,1255.1,1320.69,659393.8825,17208.93,18000.0,17080.14,17774.7,284462.9139,41267060836,3521758763,3809384228.0,,22.55,121.8493,27.0,4.1,6.0,0.0,27.0,0.03489447239766374,0.032295365713004065,-0.0008919649063154053,0.5357705004581498,0.32131093233042707,0.22353719295227137,-0.24460412315002247,0,0,0,0,,,0.27,0.11,0.19,-1.205633958849243,-2.4499999999999993,-0.00753905427849529,0.0
2022-12-14,1320.69,1352.72,1301.0,1307.44,554465.5717,17775.82,18387.95,17660.94,17803.15,266681.22209,41380748306,3586258923,3915064655.0,,21.14,121.8226,30.0,4.1,6.0,0.0,27.0,-0.010083300494032527,0.0015993100237424041,0.0027511326164853865,0.5346872305881365,0.31687997844968235,0.21264376525364476,-0.2425230675975372,0,0,0,0,,,0.3,0.11,0.205,-1.0838526261772046,-1.4100000000000001,-0.00021914714094531886,0.0
2022-12-15,1307.45,1311.14,1259.27,1266.54,390051.2447,17804.01,17854.82,17275.51,17356.34,223701.96882,41291023042,3567331476,3888922085.0,,22.83,122.5519,31.0,4.1,6.0,0.0,27.0,-0.03178225373876851,-0.025417550422032496,-0.002170639331096384,0.5466439385360938,0.32663767037826485,0.21202656889665045,-0.2441654936172684,0,0,0,0,,,0.31,0.11,0.21,-1.0432588486198582,1.6899999999999977,0.005968725584295662,0.0
2022-12-16,1266.53,1280.06,1155.32,1166.83,751422.2779,17356.96,17531.73,16527.32,16632.12,253379.04116,40630632081,3494206344,3816344670.0,,22.62,122.6505,29.0,4.1,6.0,0.0,27.0,-0.08199810303572418,-0.042622091974556034,-0.016122849702220426,0.609451900616481,0.35682618101439756,0.216562694561881,-0.2562539874169821,0,0,0,0,,,0.29,0.11,0.19999999999999998,-1.1244464037345507,-0.2099999999999973,0.0008042336071300613,0.0
2022-12-17,1166.82,1190.03,1161.92,1187.16,328881.6281,16631.5,16796.82,16579.85,16776.52,144825.66684,38814399755,3334314708,3636606100.0,,,,28.0,4.1,6.0,0.0,27.0,0.017273230112821638,0.008644524244231441,-0.04573096139628096,0.6113254879664461,0.3580728125866446,0.26201959859477203,-0.28950022261445413,0,0,0,0,,,0.28,0.11,0.195,-1.165040181291897,,,0.0
2022-12-18,1187.16,1199.54,1170.32,1183.06,252260.144,16777.54,16863.26,16663.07,16738.21,112619.31646,39034294612,3324294187,3659585663.0,,,,26.0,4.1,6.0,0.0,26.0,-0.0034595979186281527,-0.0022861599473239873,0.005649303269876613,0.61023771265133,0.3581724883958285,0.2629661491689582,-0.28547503485081754,0,0,0,0,,,0.26,0.10666666666666666,0.18333333333333335,-1.2597589955923714,,,0.0
2022-12-19,1183.06,1195.0,1150.51,1167.82,296832.7228,16739.0,16815.99,16256.3,16438.88,179094.28305,39139614624,3337397027,3670116170.0,,22.42,122.5275,29.0,4.1,6.0,0.0,26.0,-0.01296553928147506,-0.018044869047170384,0.0026945070740643138,0.6113974270611683,0.3637076014078418,0.2635494202473252,-0.28354714608910603,0,0,0,0,,,0.29,0.10666666666666666,0.1983333333333333,-1.1379776629203329,,,0.0
2022-12-20,1167.82,1230.47,1163.12,1216.94,465184.1943,16438.88,17061.27,16397.2,16895.56,248808.92324,38524845749,3291900751,3615547508.0,,21.48,122.1357,29.0,4.1,6.0,0.0,26.0,0.041200748287920794,0.027401604731458414,-0.015831738549870616,0.5854130088330045,0.3647985454185729,0.2675301438777375,-0.2948005250306365,0,0,0,0,,,0.29,0.10666666666666666,0.1983333333333333,-1.1379776629203329,-0.9400000000000013,-0.0032027729132589624,0.0
2022-12-21,1216.95,1223.39,1203.02,1213.78,245723.8377,16896.15,16925.0,16723.0,16824.67,156810.96362,39102838123,3351111617,3708986086.0,,20.07,122.2828,26.0,4.1,6.0,0.0,26.0,-0.002600054124051634,-0.004204603849787203,0.014891673344418141,0.5734508781639807,0.3463584100412568,0.25522931946283867,-0.284220342014805,0,0,0,0,,,0.26,0.10666666666666666,0.18333333333333335,-1.2597589955923714,-1.4100000000000001,0.001203673353369077,0.0
2022-12-22,1213.78,1237.99,1182.54,1217.71,336761.6598,16824.68,16868.52,16559.85,16821.43,176044.27235,39089317786,3398873598,3742126906.0,,21.97,122.2419,28.0,4.1,6.0,0.0,26.0,0.0032325885956782634,-0.00019259290140687945,-0.0003458233623966649,0.5659402508897495,0.33373712388523485,0.2545353222944251,-0.28446783254639413,0,0,0,0,,,0.28,0.10666666666666666,0.19333333333333336,-1.1785714404776788,1.8999999999999986,-0.00033452653561308093,0.0
2022-12-23,1217.72,1231.99,1210.0,1219.99,278604.2882,16821.9,16955.14,16731.13,16778.5,161612.00947,39080318042,3366069978,3756306797.0,,20.87,121.9743,27.0,4.1,6.0,0.0,26.0,0.0018706162898215746,-0.002555363857047274,-0.00023026188991253407,0.5504538747003993,0.3245754450025021,0.2545333032404545,-0.28463257336807085,0,0,0,0,,,0.27,0.10666666666666666,0.18833333333333335,-1.219165218035025,-1.0999999999999979,-0.0021915016866182247,0.0
2022-12-24,1219.98,1227.99,1214.69,1220.41,123701.5301,16778.52,16869.99,16776.62,16836.12,100224.29096,39021395710,3372592042,3747205982.0,,,,29.0,4.1,6.0,0.0,26.0,0.000344205871288915,0.003428273556819251,-0.0015088617227006858,0.5477493504381445,0.32474334474838584,0.2495156520572572,-0.2857111499796709,0,0,0,0,,,0.29,0.10666666666666666,0.1983333333333333,-1.1379776629203329,,,0.0
2022-12-25,1220.42,1225.0,1193.18,1218.51,231652.0612,16835.73,16857.96,16721.0,16832.11,125441.07202,39069303592,3371231152,3758293332.0,,,,29.0,4.1,6.0,0.0,25.0,-0.0015580670004475847,-0.00023820676162420736,0.0012269806376069214,0.5475968606505494,0.32423401382938855,0.2489526424329222,-0.28483419349674527,0,0,0,0,,,0.29,0.10333333333333333,0.19666666666666666,-1.1515089221061148,,,0.0
2022-12-26,1218.52,1231.09,1211.67,1228.11,162723.0857,16832.11,16944.52,16791.0,16919.39,124564.00656,38690437408,3361685562,3748029247.0,,,,28.0,4.1,6.0,0.0,25.0,0.007847601399340806,0.005171929813683699,-0.00974461018352522,0.5479546629485439,0.32419492489688007,0.25080070429887175,-0.2917693603701229,0,0,0,0,,,0.28,0.10333333333333333,0.19166666666666668,-1.192102699663461,,,0.0
2022-12-27,1228.12,1233.73,1200.58,1211.55,262437.6398,16919.39,16972.83,16592.37,16706.36,173749.58616,38882199416,3367994797,3760026621.0,,21.65,121.7539,27.0,4.1,6.0,0.0,25.0,-0.013575870686164657,-0.01267081627317635,0.00494407323169615,0.5490226834850581,0.32754219472882207,0.24699400517581216,-0.28825914599465896,0,0,0,0,,,0.27,0.10333333333333333,0.18666666666666668,-1.232696477220807,,,0.0
2022-12-28,1211.55,1215.78,1181.06,1190.15,367828.8914,16706.06,16785.19,16465.33,16547.31,193037.56577,38677509778,3336142111,3730569613.0,,22.14,122.0075,28.0,4.1,6.0,0.0,25.0,-0.017821181974358467,-0.00956593439752758,-0.005278258914282129,0.5469994234987308,0.32584747925288976,0.24679531826694212,-0.29200600136663707,0,0,0,0,,,0.28,0.10333333333333333,0.19166666666666668,-1.192102699663461,0.490000000000002,0.002080723949689299,0.0
2022-12-29,1190.15,1206.57,1186.77,1200.49,249130.4869,16547.32,16664.41,16488.91,16633.47,160998.47158,38423136768,3306760141,3694973541.0,,21.44,121.6577,28.0,4.1,6.0,0.0,25.0,0.008650457182000732,0.005193379640446887,-0.006598490268151077,0.5283943287481606,0.3227161018490713,0.2417193401437295,-0.2966623136661622,0,0,0,0,,,0.28,0.10333333333333333,0.19166666666666668,-1.192102699663461,-0.6999999999999993,-0.0028711546851896523,0.0
2022-12-30,1200.48,1202.15,1181.08,1199.99,266014.2115,16633.47,16677.35,16333.0,16607.48,164916.31174,38415881388,3314978527,3709149479.0,,21.67,121.4256,28.0,4.1,6.0,0.0,25.0,-0.00041658335602117456,-0.0015637342071172207,-0.00018884624493335707,0.4777991024795038,0.2838832589129751,0.22217536805832191,-0.2967951238064036,0,0,0,0,,,0.28,0.10333333333333333,0.19166666666666668,-1.192102699663461,0.23000000000000043,-0.0019096340269635936,0.0
2022-12-31,1199.98,1208.46,1191.66,1196.13,139379.2811,16607.48,16644.09,16470.0,16542.4,114490.42864,38303681946,3306274915,3702232387.0,,,,25.0,4.1,6.0,0.0,25.0,-0.003221878152229308,-0.003926414431065476,-0.0029249259801486095,0.4760039406139696,0.2818824353378608,0.2152052237869368,-0.2988489409223958,0,0,0,0,,,0.25,0.10333333333333333,0.17666666666666667,-1.3138840323354997,,,0.0
2023-01-01,1196.13,1204.67,1190.57,1200.34,117762.0685,16541.77,16628.0,16499.01,16616.75,96925.41374,37845166405,3265140607,3683458675.0,,,,26.0,4.33,6.0,0.0,26.0,0.0035135047223095435,0.004484440922006132,-0.012042758160701625,0.4725032804257188,0.28121432849315864,0.21719890163849825,-0.30724209376939676,0,0,0,0,,,0.26,0.10666666666666666,0.18333333333333335,-1.2597589955923714,,,0.23000000000000043
2023-01-02,1200.33,1224.29,1193.0,1214.0,252794.14,16617.17,16799.23,16548.7,16672.87,121888.57191,38125759882,3281285946,3696521422.0,,,,27.0,4.33,6.0,0.0,26.0,0.011315842641327302,0.00337162473850112,0.007386898294496381,0.45096235125755296,0.27859233812334133,0.2174080003536126,-0.3021058143421037,0,0,0,0,,,0.27,0.10666666666666666,0.18833333333333335,-1.219165218035025,,,0.0
2023-01-03,1213.99,1219.89,1204.93,1214.55,205519.4944,16672.78,16778.4,16605.28,16675.18,159541.53733,38327700217,3299441805,3731497539.0,,22.9,122.0905,26.0,4.33,6.0,0.0,26.0,0.00045294518078942554,0.00013853883532594145,0.005282711975838333,0.4363836956991374,0.2743899952958653,0.21896837357096363,-0.29840928511665354,0,0,0,0,,,0.26,0.10666666666666666,0.18333333333333335,-1.2597589955923714,,,0.0
2023-01-04,1214.56,1272.6,1212.71,1256.9,457799.6648,16675.65,16991.87,16652.66,16850.36,220362.18862,38367241351,3328335797,3726974480.0,,22.01,121.5008,29.0,4.33,6.0,0.0,26.0,0.03427473413055879,0.010450635209181243,0.0010311276518378332,0.45080586501103426,0.27581735332209323,0.2107062320261212,-0.29768548242791165,0,0,0,0,,,0.29,0.10666666666666666,0.1983333333333333,-1.1379776629203329,-0.889999999999997,-0.004841725890815601,0.0
2023-01-05,1256.91,1259.95,1242.81,1251.24,272805.33,16850.36,16879.82,16753.0,16831.85,163473.56641,39007057125,3372590296,3789373825.0,,22.46,122.1017,29.0,4.33,6.0,0.0,26.0,-0.004513312341289764,-0.0010990966366733739,0.016538575995125832,0.44973613559805914,0.2745198569702565,0.21766499409630793,-0.28597361858706477,0,0,0,0,,,0.29,0.10666666666666666,0.1983333333333333,-1.1379776629203329,0.4499999999999993,0.004933456912591385,0.0
2023-01-06,1251.25,1276.7,1236.0,1269.14,342344.2023,16831.85,17041.0,16679.0,16950.65,207401.28415,38893082220,3378365248,3792325099.0,,21.13,121.0852,26.0,4.33,6.0,0.0,26.0,0.01420444612878775,0.007033256255153627,-0.002926181834449501,0.4376831977792277,0.27069558203215355,0.21409601088207247,-0.28805993565344185,0,0,0,0,,,0.26,0.10666666666666666,0.18333333333333335,-1.2597589955923714,-1.3300000000000018,-0.008359873990302615,0.0
2023-01-07,1269.13,1271.09,1261.3,1264.07,129474.2884,16950.31,16981.91,16908.0,16943.57,104526.5688,38974606415,3397074154,3784358812.0,,,,25.0,4.33,6.0,0.0,26.0,-0.004002831798053262,-0.0004177703515806188,0.0020939166479937194,0.41583298218712217,0.2582032523871344,0.2145502942750812,-0.2865676306644519,0,0,0,0,,,0.25,0.10666666666666666,0.17833333333333334,-1.3003527731497175,,,0.0
2023-01-08,1264.06,1296.0,1257.77,1290.16,213636.7848,16943.83,17176.99,16911.0,17127.83,135155.89695,39075667061,3391357271,3895129734.0,,,,25.0,4.33,16.0,1.0,78.0,0.020429567752023686,0.010816215147354305,0.0025896309641685977,0.4192591546877058,0.2605093215809118,0.21426326877096344,-0.28471770983767963,0,0,0,0,,,0.25,0.31666666666666665,0.2833333333333333,-0.44788344444544664,,,0.0
2023-01-09,1290.15,1344.91,1285.44,1320.39,581727.6968,17127.83,17398.8,17104.66,17178.26,266211.52723,39806905369,3433553904,3948243341.0,,21.97,120.1508,25.0,4.33,16.0,1.0,78.0,0.02316090581551178,0.0029400048985379155,0.018540451513763483,0.4265004008788134,0.2607108998270895,0.22593892482284467,-0.27133235135399325,0,0,0,0,,,0.25,0.31666666666666665,0.2833333333333333,-0.44788344444544664,,,0.0
2023-01-10,1320.4,1347.69,1316.8,1335.62,459660.2307,17179.04,17499.0,17146.34,17440.66,221382.42581,40160753245,3436546067,4020607213.0,,20.58,120.2483,26.0,4.33,16.0,1.0,78.0,0.011468456012886432,0.015159630933365425,0.008849832333802687,0.42765869677729185,0.265726976970125,0.2269093061386866,-0.264855146020064,0,0,0,0,,,0.26,0.31666666666666665,0.28833333333333333,-0.40728966688810037,-1.3900000000000006,0.0008111511677538257,0.0
2023-01-11,1335.63,1398.0,1321.04,1389.39,472465.9556,17440.64,18000.0,17315.6,17943.26,262221.60653,40357651302,3443764524,4060080443.0,,21.09,120.1614,26.0,4.33,16.0,1.0,78.0,0.039469198380846296,0.02841029515457346,0.004890768777270685,0.4466944527769191,0.28204708764525177,0.22519114203860566,-0.26125091597788425,0,0,0,0,,,0.26,0.31666666666666665,0.28833333333333333,-0.40728966688810037,0.5100000000000016,-0.0007229325920270073,0.0
2023-01-12,1389.4,1438.0,1361.92,1415.92,877712.4492,17943.26,19117.04,17892.05,18846.62,454568.32178,41437484197,3526912002,4213921124.0,,18.83,119.4218,30.0,4.33,16.0,1.0,78.0,0.018914694600993435,0.04911903051513352,0.026404886491027492,0.43560792490143957,0.3099707503488864,0.24432474248009556,-0.241484513911799,0,0,0,0,,,0.3,0.31666666666666665,0.30833333333333335,-0.24491455665871528,-2.2600000000000016,-0.0061740752224042645,0.0
2023-01-13,1415.91,1464.0,1401.03,1451.2,499377.8649,18846.62,20000.0,18714.12,19930.01,368615.87823,41698278051,3537140589,4224859985.0,,18.35,119.1673,31.0,4.33,16.0,1.0,78.0,0.02461130387837389,0.055893048509553726,0.006273947634662361,0.43996176328359243,0.3625809973194797,0.24510681955257907,-0.2367106677005962,0,0,0,0,,,0.31,0.31666666666666665,0.31333333333333335,-0.204320779101369,-0.4799999999999969,-0.002133375720226239,0.0
2023-01-14,1451.21,1599.98,1449.14,1549.9,940691.7774,19930.01,21258.0,19888.05,20954.92,393913.74951,43866273454,3724549865,4549174624.0,,,,46.0,4.33,16.0,1.0,78.0,0.06579961234213291,0.050146827684418194,0.05068593215720368,0.47202693187518857,0.38135728069763514,0.3013995318523437,-0.1970253895325122,0,0,0,0,,,0.46,0.31666666666666665,0.3883333333333333,0.40458588425882425,,,0.0
2023-01-15,1549.91,1566.66,1516.03,1552.52,387832.7138,20952.76,21050.74,20551.01,20871.5,178542.22549,43849013628,3579377582,4479428034.0,,,,52.0,4.33,16.0,1.0,88.0,0.0016890044693156662,-0.003988871656173911,-0.0003935420334798482,0.3479996402782016,0.34063920531594677,0.2943969998929812,-0.1973413316212246,0,0,0,0,,,0.52,0.35,0.435,0.7834611414607227,,,0.0
2023-01-16,1552.52,1604.5,1521.31,1576.94,574622.8953,20872.99,21474.05,20611.48,21185.65,293078.08262,44228451665,3615926368,4545896636.0,,19.49,,45.0,4.33,16.0,1.0,88.0,0.015606843142374753,0.014939473685250641,0.008616060489042891,0.3475806298499844,0.34159585429225786,0.23783775364724774,-0.1903956969464186,0,0,0,0,,,0.45,0.35,0.4,0.49930469855929915,,,0.0
2023-01-17,1576.94,1609.0,1541.15,1565.57,506771.7219,21185.65,21647.45,20841.31,21134.81,275407.74409,44268140982,3629705205,4557440824.0,,19.36,119.2121,51.0,4.33,16.0,1.0,88.0,-0.007236285399048734,-0.0024026215431750143,0.0008969683119738792,0.3495918539889712,0.34163927957159956,0.23808916747918718,-0.1896691817595014,0,0,0,0,,,0.51,0.35,0.43,0.7428673639033764,-0.129999999999999,,0.0
2023-01-18,1565.56,1610.0,1501.39,1511.43,752534.8857,21132.29,21650.0,20407.15,20677.47,350916.01949,44412972572,3664226246,4517449526.0,,20.34,119.0755,52.0,4.33,16.0,1.0,88.0,-0.0351937523795323,-0.021876742420547574,0.0032663486725287663,0.3751076024148318,0.3455235024305878,0.2380521861395694,-0.18701803133329548,0,0,0,0,,,0.52,0.35,0.435,0.7834611414607227,0.9800000000000004,-0.0011465138342349882,0.0
2023-01-19,1511.44,1564.43,1509.15,1551.09,308679.4645,20677.47,21192.0,20659.19,21071.59,251385.84925,43441765765,3587385373,4363424308.0,,20.52,119.6107,45.0,4.33,16.0,1.0,88.0,0.025901687036221963,0.018880985981668756,-0.022110278643288534,0.36193560884434817,0.3406356422905255,0.24559413516797363,-0.2047960267299636,0,0,0,0,,,0.45,0.35,0.4,0.49930469855929915,0.17999999999999972,0.004484556685400214,0.0
2023-01-20,1551.09,1669.9,1542.02,1658.52,440570.9974,21071.59,22755.93,20861.28,22667.21,338079.13659,44124145375,3738867430,4431485385.0,,19.85,119.3486,51.0,4.33,16.0,1.0,88.0,0.06696772883159907,0.0729936990967774,0.015585823628819459,0.4137204040463197,0.4075081258205171,0.24599306485228112,-0.19230502946972694,0,0,0,0,,,0.51,0.35,0.43,0.7428673639033764,-0.6699999999999982,-0.0021936798869693895,0.0
2023-01-21,1658.53,1679.26,1616.21,1626.66,494248.6009,22666.0,23371.8,22422.0,22783.55,346445.48432,46134741000,3882788639,4740878533.0,,,,53.0,4.33,16.0,1.0,88.0,-0.019396805593906385,0.0051193975233281225,0.0445591202617889,0.4260062780052618,0.40626575285548205,0.28302498494204975,-0.15550096311827366,0,0,0,0,,,0.53,0.35,0.44,0.8240549190180689,,,0.0
2023-01-22,1626.65,1663.89,1604.0,1627.44,431729.6909,22783.35,23078.71,22292.37,22707.88,253577.75286,46000312327,3866644850,4673541687.0,,,,53.0,4.33,16.0,1.0,79.0,0.0004793952336671706,-0.0033267835189935463,-0.002918080872291321,0.42635361003865485,0.4065772984095138,0.2838667978459261,-0.1579616875618722,0,0,0,0,,,0.53,0.32,0.42500000000000004,0.7022735863460305,,,0.0
2023-01-23,1627.43,1648.09,1585.29,1626.29,407267.1156,22706.02,23180.0,22500.0,22916.45,293588.37938,46097160954,3797422582,4670558272.0,,19.81,119.1434,50.0,4.33,16.0,1.0,79.0,-0.0007068810552112466,0.009142992475145141,0.0021031774108321074,0.42665663220707356,0.4058873506789486,0.2830332072118401,-0.1561888679805329,0,0,0,0,,,0.5,0.32,0.41000000000000003,0.5804922536739917,,,0.0
2023-01-24,1626.28,1641.46,1535.0,1555.97,462275.3243,22917.81,23162.2,22462.93,22632.89,293158.78254,46357822761,3797434355,4682742730.0,,19.2,119.0958,52.0,4.33,16.0,1.0,79.0,-0.04420220164166934,-0.012450835212587299,0.0056386900341582466,0.4648733608880717,0.4120582078275453,0.28260217551236466,-0.15141743889711504,0,0,0,0,,,0.52,0.32,0.42000000000000004,0.6616798087886843,-0.6099999999999994,-0.0003995983921487433,0.0
2023-01-25,1555.97,1641.0,1518.0,1611.94,646474.9166,22631.94,23816.73,22300.0,23060.94,346042.83223,45632465456,3739161303,4530944519.0,,19.08,118.9686,51.0,4.33,16.0,1.0,79.0,0.035339277183372556,0.018736119160646474,-0.015770628678238988,0.4744408588122807,0.41282705010688114,0.2874871275422022,-0.164695145289086,0,0,0,0,,,0.51,0.32,0.41500000000000004,0.621086031231338,-0.120000000000001,-0.0010686185091481535,0.0
2023-01-26,1611.95,1632.84,1577.43,1601.09,532777.8466,23060.42,23282.47,22850.01,23009.65,288924.43581,46822467077,3831163575,4641286427.0,,18.73,119.021,54.0,4.33,16.0,1.0,79.0,-0.006753775247761214,-0.0022265840828143047,0.02574372852658137,0.4709269828025338,0.40707272171164793,0.2960083099809239,-0.14291209847795958,0,0,0,0,,,0.54,0.32,0.43000000000000005,0.7428673639033768,-0.34999999999999787,0.00044035538398962967,0.0
2023-01-27,1601.08,1621.0,1552.54,1597.62,512093.3875,23009.65,23500.0,22534.88,23074.16,280833.86315,46530112076,3815241173,4609139515.0,,18.51,118.9223,55.0,4.33,16.0,1.0,79.0,-0.0021696254810138083,0.0027996835390564157,-0.006263478940542383,0.46267714013254274,0.4015836743602901,0.2965084331672645,-0.1482636732656463,0,0,0,0,,,0.55,0.32,0.43500000000000005,0.7834611414607231,-0.21999999999999886,-0.0008296094545286085,0.0
2023-01-28,1597.61,1606.83,1555.99,1572.1,313675.6574,23074.16,23189.0,22878.46,23022.6,148115.71085,47016778494,3835670639,4612827080.0,,,,52.0,4.33,16.0,1.0,79.0,-0.01610271660394524,-0.002237034511835935,0.010404852702378885,0.4714342127923634,0.4037855669933127,0.2932121801367729,-0.1393552170269155,0,0,0,0,,,0.52,0.32,0.42000000000000004,0.6616798087886843,,,0.0
2023-01-29,1572.1,1660.0,1566.33,1644.72,551767.9134,23021.4,23960.54,22967.76,23742.3,295688.79204,46862251566,3817542275,4607322927.0,,,,55.0,4.33,16.0,0.0,73.0,0.04515785174820973,0.03078192520585222,-0.003292046529651035,0.4865490731592678,0.4070338142044301,0.2943312212903151,-0.14218384116221283,0,0,0,0,,,0.55,0.2966666666666667,0.42333333333333334,0.6887423271602482,,,0.0
2023-01-30,1644.73,1647.53,1535.0,1566.2,595055.3281,23743.37,23800.51,22500.0,22826.15,302405.90121,47816953452,3905539514,4713085960.0,,19.94,118.8953,61.0,4.33,16.0,0.0,73.0,-0.0489178536288406,-0.0393514588233174,0.020167770634275946,0.527190016175502,0.4416671565584882,0.29591860498620787,-0.12470796927564111,0,0,0,0,,,0.61,0.2966666666666667,0.45333333333333337,0.9323049925043259,,,0.0
2023-01-31,1566.21,1605.18,1561.63,1585.33,348856.6751,22827.38,23320.0,22714.77,23125.13,264649.34909,46327259617,3799362674,4531707156.0,,19.4,118.9802,51.0,4.33,16.0,0.0,73.0,0.012140284216281837,0.013013096440887308,-0.03164970287623066,0.5269217404233225,0.4411501373544823,0.31912130359629415,-0.15197689897237757,0,0,0,0,,,0.51,0.2966666666666667,0.4033333333333333,0.5263672169308631,-0.5400000000000027,0.0007138188136647707,0.0
2023-02-01,1585.32,1647.77,1555.18,1641.68,474617.1709,23125.13,23812.66,22760.23,23732.66,310790.42271,46793469547,3827653875,4579025046.0,,17.87,118.6259,56.0,4.57,16.0,0.0,73.0,0.03492752019938955,0.025932253556535844,0.010013105126029216,0.5344565554145954,0.4432428590464558,0.3193196274342006,-0.14344289990062173,0,0,0,0,,,0.56,0.2966666666666667,0.42833333333333334,0.7293361047175945,-1.5299999999999976,-0.0029822488782034686,0.2400000000000002
2023-02-02,1641.67,1714.68,1626.85,1643.12,629188.8874,23731.41,24255.0,23363.27,23488.94,364177.20751,48498694407,3970690375,4790903064.0,,18.73,118.3421,60.0,4.57,16.0,0.0,73.0,0.0008767657648843299,-0.010322486493569127,0.035793224544774814,0.5343627059931494,0.448172179204891,0.3348189169333164,-0.11222866263121174,0,0,0,0,,,0.6,0.2966666666666667,0.44833333333333336,0.8917112149469796,0.8599999999999994,-0.0023952612646988653,0.0
2023-02-03,1643.12,1676.0,1625.93,1663.52,464815.032,23489.33,23715.7,23204.62,23431.9,332571.02904,48066135639,3935783453,4693794453.0,,18.33,119.5095,60.0,4.57,16.0,0.0,73.0,0.012338965732266772,-0.002431330219096245,-0.008958989748407684,0.5272900741568456,0.4507679289375811,0.33916310035846853,-0.11824863504580002,0,0,0,0,,,0.6,0.2966666666666667,0.44833333333333336,0.8917112149469796,-0.40000000000000213,0.009816283549497136,0.0
2023-02-04,1663.52,1695.29,1645.43,1666.38,308227.1295,23431.9,23587.78,23253.96,23326.84,166126.47295,48274214183,3996002671,4740858814.0,,,,58.0,4.57,16.0,0.0,73.0,0.0017177697247712745,-0.004493712909870792,0.004319661864160666,0.5256746537124823,0.45206749930573925,0.33774526891889056,-0.09769324081630523,0,0,0,0,,,0.58,0.2966666666666667,0.43833333333333335,0.810523659832287,,,0.0
2023-02-05,1666.39,1673.81,1609.3,1629.02,413579.6748,23327.66,23433.33,22743.0,22932.91,209251.33917,48207792143,4002613586,4711793576.0,,,,58.0,4.57,16.0,1.0,67.0,-0.02267500195691283,-0.017031632139821246,-0.001376879545168859,0.537179012633398,0.4623200601204096,0.33720891367310457,-0.09540498802943356,0,0,0,0,,,0.58,0.28,0.43,0.7428673639033764,,,0.0
2023-02-06,1629.01,1658.56,1605.01,1614.29,384119.4197,22932.91,23158.25,22628.13,22762.52,265371.6069,47794393611,3971074604,4638156019.0,,19.43,120.541,56.0,4.57,16.0,1.0,67.0,-0.009083375488667503,-0.007457673107036351,-0.008612326562611804,0.5389354922152325,0.4649756532095596,0.3412754000336765,-0.014522056822592437,0,0,0,0,,,0.56,0.28,0.42000000000000004,0.6616798087886843,,,0.0
2023-02-07,1614.28,1678.37,1613.14,1671.03,451922.4,22762.52,23350.25,22745.78,23240.46,308006.72482,47592299618,3959753064,4631803041.0,,18.66,120.3475,54.0,4.57,16.0,1.0,67.0,0.03454497124674816,0.020779401555923737,-0.004237368726113953,0.5451954466471637,0.46653476884410977,0.34316105701482813,-0.018689055449483946,0,0,0,0,,,0.54,0.28,0.41000000000000003,0.5804922536739917,-0.7699999999999996,-0.0016065527546463617,0.0
2023-02-08,1671.03,1697.91,1630.47,1650.43,417966.2539,23242.42,23452.0,22665.85,22963.0,280056.30717,48766151499,4070124078,4764650898.0,,19.63,120.1436,58.0,4.57,16.0,1.0,67.0,-0.012404342752227635,-0.01201050031064175,0.024365479952227688,0.5473680684467311,0.47233062950044263,0.3463050940208361,0.0,0,0,1,0,,,0.58,0.28,0.43,0.7428673639033764,0.9699999999999989,-0.0016956972533090674,0.0
2023-02-09,1650.42,1656.17,1524.4,1545.35,658011.6964,22961.85,23011.39,21688.0,21796.35,402894.6955,48291311348,4024207884,4665571690.0,,20.71,119.9781,55.0,4.57,16.0,1.0,67.0,-0.0657854381103781,-0.052141700352517424,-0.009784800170741697,0.6036427282592749,0.5185677022327569,0.35096275749031997,-0.00973708476892496,0,0,1,0,,,0.55,0.28,0.41500000000000004,0.621086031231338,1.0800000000000018,-0.00137846788696369,0.0
2023-02-10,1545.35,1555.01,1490.0,1513.06,484654.2199,21797.83,21938.16,21451.0,21625.19,338591.94247,46196393488,3914243866,4433974705.0,,20.53,120.1419,48.0,4.57,16.0,1.0,67.0,-0.021116331578965423,-0.007883685677702989,-0.044349923190835104,0.5968789152073948,0.5155312396510238,0.39272103863672503,-0.05269552613871315,0,0,1,0,,,0.48,0.28,0.38,0.33692958832991404,-0.17999999999999972,0.0013643180527038647,0.0
2023-02-11,1513.05,1543.0,1505.0,1538.51,289691.5708,21625.19,21906.32,21599.78,21862.55,177021.58433,45992665826,3893070317,4342405778.0,,,,49.0,4.57,16.0,1.0,67.0,0.01668032526444855,0.010916288456747329,-0.004419786798114803,0.5961721207802284,0.4922158439236988,0.3857415362689452,-0.056873170995600776,0,0,1,0,,,0.49,0.28,0.385,0.3775233658872603,,,0.0
2023-02-12,1538.5,1548.02,1493.08,1514.83,286758.374,21862.02,22090.0,21630.0,21783.54,204435.65163,46499000707,3922324621,4437062419.0,,,,50.0,4.57,17.0,0.0,69.0,-0.015511194152279386,-0.0036204886304742638,0.010948876978152266,0.5940924208074666,0.45721812253798133,0.386512137290629,-0.04649025445541854,0,0,1,0,,,0.5,0.2866666666666667,0.3933333333333333,0.4451796618161705,,,0.0
2023-02-13,1514.82,1526.1,1461.93,1505.24,643152.3904,21782.37,21894.99,21351.07,21773.97,295730.76791,46258331045,3894614913,4394827518.0,,20.34,119.9828,48.0,4.57,17.0,0.0,69.0,-0.006350867518422775,-0.00043941906477148134,-0.005189243750800735,0.5471510495951674,0.42438342876051766,0.3481306370674743,-0.051425432947101134,0,0,1,0,,,0.48,0.2866666666666667,0.3833333333333333,0.36399210670147797,,,0.0
2023-02-14,1505.25,1569.0,1482.66,1555.71,668964.3768,21774.63,22319.08,21532.77,22199.84,361958.40109,45909550655,3861197735,4476413203.0,,18.91,119.9229,50.0,4.57,17.0,0.0,69.0,0.032979679139187305,0.01936986197704005,-0.007568407745376312,0.559807781634364,0.4285357230226685,0.3495883206010786,-0.058577532903300304,0,0,1,0,,,0.5,0.2866666666666667,0.3933333333333333,0.4451796618161705,-1.4299999999999997,-0.0004993628850397103,0.0
2023-02-15,1555.7,1680.0,1542.55,1674.92,581207.8586,22199.84,24380.0,22047.28,24324.05,375669.16111,46696863104,3926125502,4571631171.0,,18.23,120.4557,53.0,4.57,17.0,0.0,69.0,0.07383336987757323,0.09138049119365944,0.01700382050403384,0.6143357784589817,0.5287008763125502,0.352936224319814,-0.04243288287865884,0,0,1,0,,,0.53,0.2866666666666667,0.4083333333333333,0.5669609944882094,-0.6799999999999997,0.004433014191208383,0.0
2023-02-16,1674.92,1742.97,1633.72,1637.84,832723.6731,24322.87,25250.0,23505.25,23517.72,450080.68366,49415030898,4123862278,4938542445.0,,20.17,120.4651,62.0,4.57,17.0,0.0,69.0,-0.02238710238021172,-0.033711393282664585,0.05657765590547022,0.6194573279586109,0.5449527182489855,0.40125383669901515,0.0,0,0,1,0,,,0.62,0.2866666666666667,0.45333333333333337,0.9323049925043259,1.9400000000000013,7.803394314456076e-05,0.0
2023-02-17,1637.83,1722.0,1630.51,1693.87,579934.663,23517.72,25021.11,23339.37,24569.97,496813.21376,48524633714,4069279722,4836862759.0,,20.02,120.5526,61.0,4.57,17.0,0.0,69.0,0.03363755128252365,0.043770785975072134,-0.01818306647482615,0.6146422883516759,0.554410241210587,0.4084338430983695,-0.018018751942863554,0,0,1,0,,,0.61,0.2866666666666667,0.44833333333333336,0.8917112149469796,-0.15000000000000213,0.0007260877839609101,0.0
2023-02-18,1693.81,1713.13,1679.77,1691.62,267305.7813,24568.24,24877.0,24430.0,24631.95,216917.25213,49824027991,4157442469,5032031471.0,,,,60.0,4.57,17.0,0.0,69.0,-0.0013292021723714732,0.002519415209186526,0.026425776820105704,0.6096360235771258,0.5524665985507962,0.40602992075127337,0.0,0,0,1,0,,,0.6,0.2866666666666667,0.44333333333333336,0.8511174373896333,,,0.0
2023-02-19,1691.62,1726.59,1666.14,1679.75,401023.0477,24632.05,25192.0,24192.57,24271.76,300395.99542,50124865084,4187161222,5027934216.0,,,,60.0,4.57,17.0,0.0,66.0,-0.007041676854215978,-0.014730846119734737,0.006019836583131078,0.5647326422146284,0.4991524503030677,0.4041297485833045,0.0,0,0,1,0,,,0.6,0.27666666666666667,0.43833333333333335,0.810523659832287,,,0.0
2023-02-20,1679.74,1719.89,1650.56,1703.27,451314.8335,24272.51,25121.23,23840.83,24842.2,346938.56997,49837966685,4158408303,4971453370.0,,21.23,,58.0,4.57,17.0,0.0,66.0,0.013904960042027494,0.023230285350592204,-0.0057401172350246285,0.5619612096508266,0.5044189156910999,0.378240113850155,-0.005723674238707902,0,0,1,0,,,0.58,0.27666666666666667,0.42833333333333334,0.7293361047175945,,,0.0
2023-02-21,1703.27,1716.66,1636.3,1659.76,520354.4688,24843.89,25250.0,24148.34,24452.16,376000.82868,50492200478,4211607226,4985000477.0,,22.87,120.6256,60.0,4.57,17.0,0.0,66.0,-0.02587691925740261,-0.015825264394064464,0.013041801576043639,0.5700453883916285,0.5082252284747635,0.37941841973937984,0.0,0,0,1,0,,,0.6,0.27666666666666667,0.43833333333333335,0.810523659832287,1.6400000000000006,,0.0
2023-02-22,1659.77,1666.95,1595.07,1643.14,528875.4809,24450.67,24476.05,23574.69,24182.21,379425.75365,49462067382,4132572485,4864987674.0,,22.29,120.8389,59.0,4.57,17.0,0.0,66.0,-0.010063968196039556,-0.011101316717520895,-0.0206128180834387,0.5712599167510823,0.5097813659467212,0.38834236238682923,-0.020401826148354143,0,0,1,0,,,0.59,0.27666666666666667,0.43333333333333335,0.7699298822749407,-0.5800000000000018,0.001766719790951176,0.0
2023-02-23,1643.15,1679.0,1628.75,1650.53,501305.9717,24182.21,24599.59,23608.0,23940.2,398400.45437,49213134574,4120505239,4825855897.0,,21.14,121.0896,56.0,4.57,17.0,0.0,66.0,0.004487403049425096,-0.01005818454576867,-0.0050455095334780535,0.5482556528656337,0.5090077202220042,0.3889906829984855,-0.025331950120837037,0,0,1,0,,,0.56,0.27666666666666667,0.41833333333333333,0.6481485496029019,-1.1499999999999986,0.002072513901721014,0.0
2023-02-24,1650.52,1664.66,1575.64,1607.8,512515.4982,23940.2,24132.35,22841.19,23185.29,343582.57453,49238405385,4115110650,4812365699.0,,21.67,121.5681,53.0,4.57,17.0,0.0,66.0,-0.026229663544409202,-0.032041028461487375,0.0005133654905860142,0.5431229656350747,0.5185583376515093,0.38374313118256387,-0.02483146072325155,0,0,1,0,,,0.53,0.27666666666666667,0.4033333333333333,0.5263672169308631,0.5300000000000011,0.003943832157051684,0.0
2023-02-25,1607.8,1608.98,1557.33,1594.58,290188.0391,23184.04,23219.13,22722.0,23157.07,191311.8101,48282919285,4059655519,4712251852.0,,,,52.0,4.57,17.0,0.0,66.0,-0.008256406234486072,-0.0012178923770018468,-0.0195960561246287,0.5433803870685169,0.518511370555211,0.3818134809920219,-0.043754900204094054,0,0,1,0,,,0.52,0.27666666666666667,0.3983333333333333,0.4857734393735168,,,0.0
2023-02-26,1594.58,1651.26,1587.76,1641.36,308607.9941,23157.07,23689.99,23059.18,23554.85,202323.73623,48016589516,4046730320,4690407553.0,,,,51.0,4.57,16.0,1.0,62.0,0.02891478779857588,0.01703161058168721,-0.005531294008668195,0.5526542991124588,0.5217711177027405,0.38164609979201014,-0.04902957166777967,0,0,1,0,,,0.51,0.2633333333333333,0.38666666666666666,0.3910546250730423,,,0.0
2023-02-27,1641.37,1665.22,1608.0,1633.45,431861.4129,23554.85,23897.99,23106.77,23492.09,283706.0859,49028050759,4120892162,4819752538.0,,20.95,121.3941,50.0,4.57,16.0,1.0,62.0,-0.004830824006812237,-0.0026679753126395687,0.020846032671258445,0.5496800502000683,0.5218036806752367,0.38657383835341547,-0.028997542296417562,0,0,1,0,,,0.5,0.2633333333333333,0.38166666666666665,0.350460847515696,,,0.0
2023-02-28,1633.45,1647.52,1596.66,1605.23,393523.1647,23492.09,23600.0,23020.97,23141.57,264140.99894,49033142641,4107601583,4853381542.0,,20.7,121.3341,53.0,4.57,16.0,1.0,62.0,-0.01742729397311297,-0.015033201397948169,0.0001038511123112042,0.5297844616076878,0.5129261048799683,0.38623680426186885,-0.02889669737479014,0,0,1,0,,,0.53,0.2633333333333333,0.39666666666666667,0.47224218018773484,-0.25,-0.00049438014389793,0.0
2023-03-01,1605.24,1669.72,1595.0,1665.22,474456.8235,23141.57,24000.0,23020.03,23628.97,315287.41737,48716337990,4089844111,4741543610.0,,20.58,120.6347,50.0,4.65,16.0,1.0,62.0,0.036690198339970156,0.020842934243896633,-0.006481993729260696,0.5159142903898779,0.49884369551152186,0.38118635842944015,-0.03517102584534343,0,0,1,0,,,0.5,0.2633333333333333,0.38166666666666665,0.350460847515696,-0.120000000000001,-0.005780926696138161,0.08000000000000007
2023-03-02,1665.23,1677.86,1619.18,1647.86,423023.8082,23629.76,23796.93,23195.9,23465.32,239315.45219,49595984488,4195191837,4814175851.0,,19.59,121.1302,51.0,4.65,16.0,1.0,62.0,-0.010479770413468176,-0.006949915104728103,0.017895416382599207,0.5163755526823596,0.4977282613112185,0.3673166897958694,-0.017749592640362168,0,0,1,0,,,0.51,0.2633333333333333,0.38666666666666666,0.3910546250730423,-0.9899999999999984,0.004099029212131815,0.0
2023-03-03,1647.86,1649.25,1544.39,1569.45,742816.5976,23465.32,23476.95,21971.13,22354.34,319954.19785,49215692145,4154833146,4808899210.0,,18.49,120.7742,50.0,4.65,16.0,1.0,62.0,-0.04875223690936088,-0.048503100831987105,-0.007697353868014927,0.5300778498192825,0.5171718382957166,0.36781372729753475,-0.02528129732741968,0,0,1,0,,,0.5,0.2633333333333333,0.38166666666666665,0.350460847515696,-1.1000000000000014,-0.002943313614842268,0.0
2023-03-04,1569.45,1577.53,1549.12,1566.73,237640.2606,22354.34,22410.0,22157.08,22346.57,121257.38132,47715099980,3945731424,4617403537.0,,,,50.0,4.65,16.0,1.0,62.0,-0.0017345947503006707,-0.00034764393289772876,-0.030964609457497388,0.5300087453838567,0.5163198174338178,0.36357543588709174,-0.05500058368836614,0,0,1,0,,,0.5,0.2633333333333333,0.38166666666666665,0.350460847515696,,,0.0
2023-03-05,1566.74,1588.77,1553.05,1564.58,299240.7415,22346.57,22662.09,22189.22,22430.24,154841.75786,47628464504,3936960647,4749935984.0,,,,47.0,4.65,17.0,1.0,58.0,-0.0013732273954761825,0.003737206709584325,-0.001817332933022016,0.5276268853783207,0.5166523300928381,0.36234605772517625,-0.05671640266990861,0,0,1,0,,,0.47,0.2533333333333333,0.36166666666666664,0.1880857372863109,,,0.0
2023-03-06,1564.57,1583.49,1554.44,1565.84,307709.3011,22430.24,22602.19,22258.0,22410.0,203751.82957,47706583577,3950733977,4765926103.0,,18.61,120.485,48.0,4.65,17.0,1.0,58.0,0.0008050038448790274,-0.000902760617454153,0.0016388325606716244,0.5275545806448018,0.5165384359409236,0.36203594538640893,-0.055169251381977764,0,0,1,0,,,0.48,0.2533333333333333,0.36666666666666664,0.22867951484365717,,,0.0
2023-03-07,1565.84,1584.49,1536.14,1561.96,437947.9032,22409.41,22557.91,21927.0,22197.96,292519.80912,47642232877,3944658457,4729797158.0,,19.59,121.4623,49.0,4.65,17.0,1.0,58.0,-0.002480978317154744,-0.009506895048812334,-0.0013497956694900068,0.5223058678088024,0.5143228184773821,0.3620350325136614,-0.05644371950558506,0,0,1,0,,,0.49,0.2533333333333333,0.37166666666666665,0.26927329240100345,0.9800000000000004,0.008078662710991976,0.0
2023-03-08,1561.95,1570.89,1523.61,1532.38,460101.7658,22198.56,22287.0,21580.0,21705.44,301460.57272,47435724281,3942757418,4735375080.0,,19.11,121.4511,50.0,4.65,17.0,1.0,58.0,-0.019119360558395224,-0.022437472391169118,-0.004343991539406032,0.5253280844277559,0.5192887464130046,0.3611204027355864,-0.060533630304580206,0,0,1,0,,,0.5,0.2533333333333333,0.37666666666666665,0.30986706995834973,-0.4800000000000004,-9.221393309661314e-05,0.0
2023-03-09,1532.38,1546.45,1408.0,1437.32,718485.1364,21704.37,21834.99,20042.72,20362.22,443658.28584,46482784108,3848565621,4698596658.0,,22.61,121.4458,44.0,4.65,17.0,1.0,58.0,-0.06404181387886924,-0.06388169730657518,-0.020293611840493928,0.5515296946019349,0.5560610733574891,0.3676352801843946,-0.07940664760187954,0,0,1,0,,,0.44,0.2533333333333333,0.3466666666666667,0.06630440461427253,3.5,-4.3639914719587e-05,0.0
2023-03-10,1437.32,1439.43,1368.39,1426.44,960262.4509,20362.21,20367.78,19549.09,20150.69,618456.4671,44258288967,3655795341,4528670078.0,,24.8,121.2421,34.0,4.65,17.0,1.0,58.0,-0.007598438659315794,-0.010442692083692516,-0.04903933460350315,0.5509745238792036,0.5558180923455515,0.3927315658965127,-0.12346286063955923,0,0,1,0,,,0.34,0.2533333333333333,0.29666666666666663,-0.3396333709591902,2.1900000000000013,-0.00167869966187944,0.0
2023-03-11,1426.43,1478.07,1408.4,1471.97,1374859.6201,20150.69,20686.51,19765.03,20455.73,427831.82133,43842205596,3541782584,4411297702.0,0.9592,,,33.0,4.65,17.0,1.0,58.0,0.03141980986582175,0.015024507857790617,-0.009445723697646959,0.5190959220190632,0.5320021727726709,0.39266214574779595,-0.13170340803224598,0,0,1,1,-0.04079999999999995,0.04079999999999995,0.33,0.2533333333333333,0.29166666666666663,-0.3802271485165365,,,0.0
2023-03-12,1471.93,1594.19,1448.3,1580.33,1002355.0929,20455.73,22150.0,20270.6,21997.11,430944.94288,42201017135,3321665171,4491342935.0,0.9848,,,33.0,4.65,16.0,1.0,76.0,0.07103204632577907,0.07264804225261712,-0.038152628025366744,0.5723214281516268,0.5918102359133766,0.385012752656452,-0.16420720951966747,0,0,1,1,-0.015199999999999991,0.015199999999999991,0.33,0.31,0.32,-0.1501957423582408,,,0.0
2023-03-13,1580.33,1693.49,1565.0,1673.45,1228063.6053,21998.05,24500.0,21813.88,24113.48,687889.31259,45586517624,3559649697,5212999813.0,0.9949,26.52,120.8897,49.0,4.65,16.0,1.0,76.0,0.05725367773066491,0.0918599391330703,0.0771676831855201,0.6026074480017133,0.671593718546376,0.47574976964179877,-0.09715724027788132,0,0,1,1,-0.005099999999999993,0.005099999999999993,0.49,0.31,0.4,0.49930469855929915,,,0.0
2023-03-14,1673.44,1780.02,1655.24,1699.4,1283321.2355,24112.27,26386.87,23976.42,24670.41,699360.93423,46479989195,3601820575,5237022058.0,0.9961,23.73,121.0141,56.0,4.65,16.0,1.0,76.0,0.015387883866641848,0.022833529552860565,0.01940987341591334,0.6004227509635836,0.674511967928819,0.4791698450086482,-0.07946200096286483,0,0,1,0,-0.0039000000000000146,0.0039000000000000146,0.56,0.31,0.43500000000000005,0.7834611414607231,-2.789999999999999,0.001028508117409941,0.0
2023-03-15,1699.41,1716.9,1611.0,1649.96,963142.4833,24670.41,25196.97,23896.95,24285.66,581450.72984,46927595167,3630498171,5209658196.0,0.996,26.14,122.1079,50.0,4.65,16.0,1.0,76.0,-0.029524202392909437,-0.015718497080592527,0.009584005436403106,0.6107218804902311,0.677916813558488,0.47993166570148504,-0.070597147227781,0,0,1,0,-0.0040000000000000036,0.0040000000000000036,0.5,0.31,0.405,0.5398984761166454,2.41,0.00899801235494337,0.0
2023-03-16,1649.95,1691.42,1632.18,1673.73,627985.6119,24285.66,25167.4,24123.0,24998.78,439421.32998,45777985601,3538534825,5092978072.0,0.9975,22.99,121.7221,52.0,4.65,16.0,1.0,76.0,0.014303623541625463,0.028940970979109415,-0.02480257368378335,0.6026267389616085,0.6815245736073253,0.4872773265954999,-0.09336520952486582,0,0,1,0,-0.0024999999999999467,0.0024999999999999467,0.52,0.31,0.41500000000000004,0.621086031231338,-3.150000000000002,-0.0031645024972521553,0.0
2023-03-17,1673.73,1800.0,1662.65,1789.27,907528.2825,24998.78,27756.84,24890.0,27395.13,624460.68091,45679976427,3578424800,4988802886.0,0.9977,25.51,121.5643,51.0,4.65,16.0,1.0,76.0,0.06675304670589965,0.0915382366931726,-0.0021432625294601575,0.5924897445256743,0.6817794270959853,0.4833818830252112,-0.0953062850389485,0,0,1,0,-0.0022999999999999687,0.0022999999999999687,0.51,0.31,0.41000000000000003,0.5804922536739917,2.520000000000003,-0.0012972366900009062,0.0
2023-03-18,1789.26,1841.0,1747.47,1758.84,711614.731,27395.13,27724.85,26578.0,26907.49,371238.97174,48165216743,3789519532,5403713176.0,0.9971,,,64.0,4.65,16.0,1.0,76.0,-0.017153214596847183,-0.017960573857961144,0.05297706690863107,0.5900320834370784,0.6729814945867293,0.47814361248826703,-0.04608600363958969,0,0,1,0,-0.0029000000000000137,0.0029000000000000137,0.64,0.31,0.475,1.1082113619194924,,,0.0
2023-03-19,1758.84,1841.36,1757.92,1780.68,541131.8908,26907.49,28390.1,26827.22,27972.87,372066.99054,47980040248,3771020626,5529183722.0,0.9969,,,63.0,4.65,16.0,0.0,81.0,0.012340812978825897,0.03883042537639571,-0.0038520199491255446,0.5804282741993227,0.6695639257648711,0.4742031755514657,-0.049753431346185345,0,0,1,0,-0.0030999999999999917,0.0030999999999999917,0.63,0.32333333333333336,0.4766666666666667,1.1217426211052748,,,0.0
2023-03-20,1780.67,1803.05,1722.0,1732.78,682848.1248,27972.87,28472.0,27124.47,27717.01,477378.23373,48156558963,3757247487,5590790675.0,0.9959,24.15,121.0141,66.0,4.65,16.0,0.0,81.0,-0.027268258638845883,-0.009188807742989342,0.0036722520833475324,0.5891000237192728,0.6712044737987747,0.46456051647027713,-0.04625747131020096,0,0,1,0,-0.0040999999999999925,0.0040999999999999925,0.66,0.32333333333333336,0.4916666666666667,1.2435239537773137,,,0.0
2023-03-21,1732.77,1835.0,1717.01,1801.23,742348.4999,27717.01,28438.55,27303.1,28105.47,420929.7422,48136651734,3747586182,5620207447.0,0.9969,21.38,120.8958,68.0,4.65,16.0,0.0,81.0,0.03874270968448265,0.013917915171174959,-0.00041347108772290533,0.6029126092928185,0.668611530295139,0.4638549417291583,-0.04665173475706091,0,0,1,0,-0.0030999999999999917,0.0030999999999999917,0.68,0.32333333333333336,0.5016666666666667,1.3247115088920063,-2.7699999999999996,-0.0009780501701691841,0.0
2023-03-22,1801.23,1819.98,1710.12,1734.33,891287.6009,28107.81,28868.05,26601.8,27250.97,224113.41296,48937984198,3810720144,5732700645.0,0.9972,22.26,120.6217,62.0,4.65,16.0,0.0,81.0,-0.03784859319942085,-0.030875102511240874,0.016509990657737714,0.617258860112953,0.6765182631907225,0.46768084373764524,-0.03078131405022027,0,0,1,0,-0.0028000000000000247,0.0028000000000000247,0.62,0.32333333333333336,0.4716666666666667,1.0811488435479286,0.8800000000000026,-0.0022698157912507256,0.0
2023-03-23,1734.34,1857.16,1729.35,1813.79,732061.103,27250.97,28750.0,27105.0,28295.41,128649.60818,48105126729,3872687451,5575468811.0,0.9979,22.61,119.7587,57.0,4.65,16.0,0.0,81.0,0.0447974070589959,0.037610483876124916,-0.017165111679625786,0.628228851023377,0.6833602955674137,0.4684531097964812,-0.047276088710771755,0,0,1,0,-0.0020999999999999908,0.0020999999999999908,0.57,0.32333333333333336,0.44666666666666666,0.8781799557611971,0.34999999999999787,-0.007180316762936693,0.0
2023-03-24,1813.78,1818.99,1726.4,1749.57,564770.1417,28295.42,28374.3,27000.0,27454.47,86242.06544,49124277480,3912636724,5736733455.0,0.9988,21.74,120.4598,61.0,4.65,16.0,0.0,81.0,-0.03604853527210302,-0.030170604453767236,0.020964606060551404,0.6414079131920056,0.6921489729701092,0.46967725930884724,-0.02709176833352745,0,0,1,0,-0.0011999999999999789,0.0011999999999999789,0.61,0.32333333333333336,0.4666666666666667,1.0405550659905822,-0.870000000000001,0.0058372023029852746,0.0
2023-03-25,1749.57,1763.23,1713.09,1741.88,355679.3743,27454.46,27787.33,27156.09,27462.95,50844.08102,48089497546,3803241818,5615893823.0,0.999,,,64.0,4.65,16.0,0.0,81.0,-0.004405053737011967,0.00030882732901125104,-0.02128955526130607,0.6417398298848919,0.6903977308928971,0.4751598149917377,-0.04758562528972932,0,0,1,0,-0.0010000000000000009,0.0010000000000000009,0.64,0.32333333333333336,0.4816666666666667,1.1623363986626212,,,0.0
2023-03-26,1741.88,1801.0,1739.31,1773.88,354933.2372,27462.96,28194.4,27417.76,27968.05,49671.70353,47993591806,3797177877,5570693558.0,0.9991,,,64.0,4.65,16.0,0.0,71.0,0.01820424813649747,0.01822496367160109,-0.0019963090799327405,0.6360070888279031,0.6790125956403463,0.4751551451084566,-0.049485042211394034,0,0,1,0,-0.0009000000000000119,0.0009000000000000119,0.64,0.29,0.46499999999999997,1.0270238068047999,,,0.0
2023-03-27,1773.88,1780.48,1686.13,1715.22,570563.5023,27968.05,28023.86,26508.14,27124.91,88039.46898,48271032576,3822960883,5592988014.0,0.9995,20.6,120.2541,64.0,4.65,16.0,0.0,71.0,-0.033627885582368316,-0.030610293346195108,0.00576414316168247,0.6478446004829075,0.690720985788609,0.4707785931118344,-0.04399031693950013,0,0,1,0,-0.0004999999999999449,0.0004999999999999449,0.64,0.29,0.46499999999999997,1.0270238068047999,,,0.0
2023-03-28,1715.21,1795.73,1701.13,1772.99,536511.3973,27124.9,27520.0,26631.78,27261.07,78602.44341,47350061561,3751667756,5469648386.0,0.9997,19.97,119.7138,59.0,4.65,16.0,0.0,71.0,0.033126034644116106,0.005007183266062188,-0.019263521357490775,0.6501737209139626,0.6894164915653083,0.4752220378079042,-0.06223018381559869,0,0,1,0,-0.00029999999999996696,0.00029999999999996696,0.59,0.29,0.43999999999999995,0.8240549190180685,-0.6300000000000026,-0.004503109899420484,0.0
2023-03-29,1773.0,1827.99,1772.48,1793.07,536865.5972,27261.06,28650.0,27240.1,28348.6,89486.16008,47873678189,3846124825,5506429631.0,0.9998,19.12,119.7258,57.0,4.65,16.0,0.0,71.0,0.011261847656573554,0.039117969089514086,0.010997717732456457,0.6502908107142725,0.6990057721778336,0.47088497200991325,-0.051859936073511366,0,0,1,0,-0.00019999999999997797,0.00019999999999997797,0.57,0.29,0.42999999999999994,0.7428673639033759,-0.8499999999999979,0.00010023404658241539,0.0
2023-03-30,1793.06,1829.69,1763.0,1793.61,579690.0394,28348.6,29184.68,27686.0,28028.53,98865.43256,48518241906,3963126161,5454044784.0,1.0,19.02,119.4078,60.0,4.65,16.0,0.0,71.0,0.000301114124527503,-0.011354726247076305,0.013374011510156122,0.6461717528927646,0.6977117456543057,0.47347140094524764,-0.039094326516034394,0,0,1,0,0.0,0.0,0.6,0.29,0.44499999999999995,0.8646486965754148,-0.10000000000000142,-0.0026596027279093175,0.0
2023-03-31,1793.6,1847.28,1777.91,1821.52,554525.4762,28028.53,28656.69,27511.71,28465.36,78198.12139,48662407567,3912243286,5476648714.0,0.9997,18.7,119.3602,63.0,4.65,16.0,0.0,71.0,0.015440968668430453,0.01546498944228887,0.002966964463354404,0.636698217030967,0.6965604811081786,0.4730786159194288,-0.036239119976505293,0,0,1,0,-0.00029999999999996696,0.00029999999999996696,0.63,0.29,0.45999999999999996,0.9864300292474536,-0.3200000000000003,-0.0003987134007118146,0.0
2023-04-01,1821.52,1842.83,1807.81,1820.79,272904.9674,28465.36,28819.71,28220.27,28452.73,30238.44753,49027722476,3937946255,5536817830.0,0.9997,,,61.0,4.83,16.0,0.0,71.0,-0.0004008445243675286,-0.00044379564413691034,0.007479089478454085,0.6349826933472797,0.6953824268416361,0.4694907093977281,-0.029004043954037793,0,0,1,0,-0.00029999999999996696,0.00029999999999996696,0.61,0.29,0.44999999999999996,0.905242474132761,,,0.17999999999999972
2023-04-02,1820.8,1824.81,1771.7,1794.51,322122.9385,28452.74,28530.0,27856.43,28171.87,37365.65692,48987576157,3935877411,5530654246.0,0.9995,,,63.0,4.83,15.0,0.0,70.0,-0.01453846867051438,-0.009920151427765776,-0.0008191847967607457,0.6104037222546499,0.6695684512988798,0.46875463683531643,-0.029799143367807493,0,0,1,0,-0.0004999999999999449,0.0004999999999999449,0.63,0.2833333333333333,0.45666666666666667,0.9593675108758897,,,0.0
2023-04-03,1794.51,1839.99,1762.77,1810.51,628503.6619,28171.87,28500.99,27200.24,27800.0,79180.01405,48527914799,3897345334,5523821964.0,0.9997,18.55,119.3204,63.0,4.83,15.0,0.0,70.0,0.008876569371509933,-0.01328794166506373,-0.00942752290897904,0.6101689613146907,0.6730408293879694,0.45680538398457027,-0.038902754492861936,0,0,1,0,-0.00029999999999996696,0.00029999999999996696,0.63,0.2833333333333333,0.45666666666666667,0.9593675108758897,,,0.0
2023-04-04,1810.51,1891.91,1802.01,1870.37,622208.6411,27800.0,28444.44,27662.79,28165.47,49722.55691,48642099841,3964388620,5535696311.0,0.9996,19.0,119.142,62.0,4.83,15.0,0.0,70.0,0.03252769871276309,0.01306073888880465,0.002350212562619121,0.6172547021862779,0.6732090272789003,0.45676334823426606,-0.036641315282072304,0,0,1,0,-0.00039999999999995595,0.00039999999999995595,0.62,0.2833333333333333,0.45166666666666666,0.9187737333185434,0.4499999999999993,-0.0014962529378476756,0.0
2023-04-05,1870.38,1942.98,1864.58,1908.69,548595.5155,28165.47,28775.0,27805.1,28170.01,60737.64732,49861374211,4050971006,5751643974.0,0.9997,19.08,119.2953,62.0,4.83,15.0,0.0,70.0,0.020280870614801574,0.00016117729039769833,0.024757231308242582,0.6189471966177069,0.6730503148798017,0.4644142179979317,-0.012493538824374624,0,0,1,0,-0.00029999999999996696,0.00029999999999996696,0.62,0.2833333333333333,0.45166666666666666,0.9187737333185434,0.0799999999999983,0.0012858728153948766,0.0
2023-04-06,1908.68,1909.91,1853.7,1872.41,396241.4352,28170.01,28182.05,27711.0,28033.82,40118.94963,49702235805,3993168266,5712411259.0,0.9994,18.4,119.3072,63.0,4.83,15.0,0.0,70.0,-0.019190771703289936,-0.0048462984303144436,-0.00319672100066178,0.624749865791956,0.6717522685395132,0.4646001338874099,-0.01564528116266583,0,0,1,0,-0.0006000000000000449,0.0006000000000000449,0.63,0.2833333333333333,0.45666666666666667,0.9593675108758897,-0.6799999999999997,9.974748805965483e-05,0.0
2023-04-07,1872.41,1882.61,1841.46,1863.72,284256.4873,28033.83,28100.0,27766.94,27906.33,24762.09387,49523319095,3979339863,5719122773.0,0.9993,,119.3547,64.0,4.83,15.0,0.0,70.0,-0.0046518807808922,-0.004558093631494347,-0.0036062666333007577,0.6194314920222257,0.664485060558255,0.4644922321926432,-0.01918873358316305,0,0,1,0,-0.0007000000000000339,0.0007000000000000339,0.64,0.2833333333333333,0.46166666666666667,0.999961288433236,,0.00039805264792731556,0.0
2023-04-08,1863.73,1879.38,1847.0,1848.82,197905.5407,27906.34,28154.99,27859.02,27938.38,19479.96735,49246186839,4016498723,5676370833.0,0.9994,,,61.0,4.83,15.0,0.0,70.0,-0.008026892640481205,0.0011478259451552448,-0.005611711441711135,0.567775380625251,0.6121343371132661,0.45863384148405506,-0.024677348723252845,0,0,1,0,-0.0006000000000000449,0.0006000000000000449,0.61,0.2833333333333333,0.44666666666666666,0.8781799557611971,,,0.0
2023-04-09,1848.82,1873.99,1824.01,1858.92,287131.3079,27938.38,28530.0,27800.0,28323.76,32531.16101,49319571814,4020089430,5657117806.0,0.9993,,,61.0,4.83,16.0,0.0,100.0,0.00544807617683312,0.013699657615021985,0.0014890564342530954,0.5649674800687601,0.6074913698145967,0.42022054505239836,-0.02322395643087346,0,0,1,0,-0.0007000000000000339,0.0007000000000000339,0.61,0.38666666666666666,0.4983333333333333,1.2976489905204414,,,0.0
2023-04-10,1858.91,1918.79,1846.4,1910.2,434739.7984,28323.76,29770.0,28170.0,29637.34,67754.0622,49449975640,4003311863,5691014336.0,0.9992,18.97,119.7948,62.0,4.83,16.0,0.0,100.0,0.027212274694365286,0.04533402443678367,0.0026405689837127404,0.5630370921851973,0.6188920317241076,0.41760115644852486,-0.02064130357032288,0,0,0,0,-0.0008000000000000229,0.0008000000000000229,0.62,0.38666666666666666,0.5033333333333333,1.3382427680777877,,,0.0
2023-04-11,1910.21,1937.37,1881.11,1889.86,405203.4892,29637.35,30550.0,29590.0,30200.42,67990.07621,50270768587,4080503956,5823295463.0,0.9989,19.1,119.5248,68.0,4.83,16.0,0.0,100.0,-0.010705196364642943,0.018820778757940998,0.016462201316249106,0.5196338347151128,0.5801633001481731,0.3907858919911839,-0.004385467238578368,0,0,0,0,-0.0010999999999999899,0.0010999999999999899,0.68,0.38666666666666666,0.5333333333333333,1.5818054334218654,0.13000000000000256,-0.0022563978425080102,0.0
2023-04-12,1889.86,1933.0,1852.65,1917.39,630844.4186,30200.43,30486.0,29637.4,29888.07,62049.48451,50083770360,4031462566,5785830696.0,0.9993,19.09,119.003,65.0,4.83,16.0,0.0,100.0,0.01446213399745325,-0.010396427448109471,-0.003726756066889305,0.48687632323987245,0.5045311839119891,0.29507806564806666,-0.008088974418493752,0,0,0,0,-0.0007000000000000339,0.0007000000000000339,0.65,0.38666666666666666,0.5183333333333333,1.4600241007498265,-0.010000000000001563,-0.004375178342866307,0.0
2023-04-13,1917.4,2023.0,1899.55,2012.01,676164.5188,29888.07,30595.0,29854.59,30373.84,51934.11731,50110647182,4159592722,5782351033.0,0.999,17.8,118.3915,61.0,4.83,16.0,0.0,100.0,0.048169336152757536,0.01612230751029388,0.00053649341558153,0.5089971090114351,0.5024452511334608,0.28926360735523543,-0.007556677910408102,0,0,0,0,-0.0010000000000000009,0.0010000000000000009,0.61,0.38666666666666666,0.4983333333333333,1.2976489905204414,-1.2899999999999991,-0.005151773545493657,0.0
2023-04-14,2012.0,2128.76,2009.22,2099.99,896307.3934,30373.84,31000.0,29966.0,30466.93,75984.19452,52346074361,4406088472,6081691024.0,0.999,17.07,118.8567,68.0,4.83,16.0,0.0,100.0,0.04279836040920956,0.003060121449609667,0.043643442061488645,0.508644807479138,0.4960185575489928,0.3222651091065382,0.0,0,0,0,0,-0.0010000000000000009,0.0010000000000000009,0.68,0.38666666666666666,0.5333333333333333,1.5818054334218654,-0.7300000000000004,0.003921636465114876,0.0
2023-04-15,2099.99,2111.85,2071.13,2090.6,321823.7851,30466.93,30595.6,30202.0,30295.09,25429.81247,52483638471,4389760026,6083717497.0,0.9992,,,68.0,4.83,16.0,0.0,100.0,-0.004481476696807716,-0.005656179900882534,0.002624526677543449,0.5099517288919447,0.4919101734277649,0.30556268897531047,0.0,0,0,0,0,-0.0008000000000000229,0.0008000000000000229,0.68,0.38666666666666666,0.5333333333333333,1.5818054334218654,,,0.0
2023-04-16,2090.61,2141.54,2072.72,2118.67,319880.4393,30295.1,30549.99,30120.0,30304.65,26431.99322,52544998114,4382296242,6143056801.0,0.9993,,,68.0,4.83,15.0,1.0,79.0,0.013337427205203917,0.00031551290745832457,0.0011684365707488973,0.4636558011021915,0.3843580498231489,0.3048663130400789,0.0,0,0,0,0,-0.0007000000000000339,0.0007000000000000339,0.68,0.31666666666666665,0.49833333333333335,1.2976489905204418,,,0.0
2023-04-17,2118.66,2120.51,2056.25,2074.0,426972.7071,30304.66,30316.06,29240.65,29430.27,56441.81127,52213809742,4346828163,6036283859.0,0.9994,16.95,119.2787,69.0,4.83,15.0,1.0,79.0,-0.021309423514337927,-0.029277429572032238,-0.00632289507983391,0.4664448228747256,0.39416271722027335,0.2522177867034358,-0.00630294764273212,0,0,0,0,-0.0006000000000000449,0.0006000000000000449,0.69,0.31666666666666665,0.5033333333333333,1.3382427680777877,,,0.0
2023-04-18,2073.99,2125.0,2051.0,2103.5,414244.6135,29430.27,30485.0,29096.78,30380.01,62004.89434,51438138052,4355214896,5869042465.0,0.9996,16.83,119.1049,58.0,4.83,15.0,1.0,79.0,0.014123514241102865,0.031761089816271876,-0.014967131571203988,0.4668154687391158,0.3867737307640334,0.2587420778276593,-0.021064993847722494,0,0,0,0,-0.00039999999999995595,0.00039999999999995595,0.58,0.31666666666666665,0.4483333333333333,0.8917112149469791,-0.120000000000001,-0.0014581542588890924,0.0
2023-04-19,2103.51,2104.6,1923.03,1933.73,775389.0602,30380.01,30413.53,28520.0,28797.1,86575.48656,52135479586,4416070963,5969816534.0,0.9995,16.46,119.303,63.0,4.83,15.0,1.0,79.0,-0.0841518437953626,-0.053510138704066394,0.01346582435163499,0.5516179584308891,0.4322216524479547,0.2616253578195144,-0.0077936729032042455,0,0,0,0,-0.0004999999999999449,0.0004999999999999449,0.63,0.31666666666666665,0.47333333333333333,1.0946801027337105,-0.36999999999999744,0.0016618580642022039,0.0
2023-04-20,1933.74,1982.99,1914.43,1942.98,625336.2495,28797.1,29088.3,28010.0,28243.65,76879.09372,49798948497,4183670883,5557056216.0,0.9999,17.17,119.1199,52.0,4.83,15.0,1.0,79.0,0.004772096728467839,-0.01940603406257386,-0.04585183783549176,0.5369548900020609,0.43556908051179033,0.3115564136580244,-0.0522609137989168,0,0,0,0,-9.999999999998899e-05,9.999999999998899e-05,0.52,0.31666666666666665,0.41833333333333333,0.6481485496029019,0.7100000000000009,-0.001535926590906112,0.0
2023-04-21,1942.98,1957.27,1825.0,1848.78,688876.6186,28243.65,28374.02,27125.0,27262.84,77684.7679,49268609602,4202826250,5360919284.0,1.0001,16.77,119.3117,50.0,4.83,15.0,1.0,79.0,-0.049696914889803157,-0.03534405077145466,-0.010706713103524666,0.5496089823009647,0.43983527775855635,0.3091019231545287,-0.06235395622037418,0,0,0,0,9.999999999998899e-05,9.999999999998899e-05,0.5,0.31666666666666665,0.4083333333333333,0.5669609944882094,-0.40000000000000213,0.0016088474964820055,0.0
2023-04-22,1848.77,1887.31,1841.64,1874.16,331007.5879,27262.84,27882.72,27140.35,27816.85,36023.69686,47700695572,4065332373,5148197988.0,1.0001,,,53.0,4.83,15.0,1.0,79.0,0.013634596948651654,0.02011734939753183,-0.03234117617589748,0.529542543814047,0.4249976654831624,0.32402047082712904,-0.09219340976071502,0,0,0,0,9.999999999998899e-05,9.999999999998899e-05,0.53,0.31666666666666665,0.42333333333333334,0.6887423271602482,,,0.0
2023-04-23,1874.17,1882.01,1836.37,1862.0,344514.3444,27816.85,27816.85,27311.25,27590.6,34812.09581,47784026959,4081587134,5189480804.0,1.0,,,56.0,4.83,16.0,0.0,66.0,-0.006509380185517005,-0.008166817188415205,0.0017454396043118166,0.5132399668023183,0.4124530221207058,0.31496772381456173,-0.09060750453679234,0,0,0,0,0.0,0.0,0.56,0.2733333333333333,0.4166666666666667,0.6346172904171199,,,0.0
2023-04-24,1862.01,1890.0,1806.0,1841.84,447864.0517,27590.59,28000.0,26942.82,27510.93,53111.56874,47752211428,4084983705,5206577932.0,1.0,16.89,119.2039,53.0,4.83,16.0,0.0,66.0,-0.010886106900897575,-0.002891754748673293,-0.0006660411318952243,0.5147656383229092,0.4125900258555834,0.30627741395970876,-0.09121299568042078,0,0,0,0,0.0,0.0,0.53,0.2733333333333333,0.40166666666666667,0.5128359577450811,,,0.0
2023-04-25,1841.84,1877.86,1801.66,1866.1,457870.6047,27510.93,28399.99,27192.0,28300.79,52325.14637,47294830392,4014021976,5173382055.0,1.0,18.76,119.613,53.0,4.83,16.0,0.0,66.0,0.01308561960331121,0.028306339200071688,-0.009624382995811151,0.5130268085017071,0.4196156668389165,0.3079806451193246,-0.09991755467588749,0,0,0,0,0.0,0.0,0.53,0.2733333333333333,0.40166666666666667,0.5128359577450811,1.870000000000001,0.0034260590449320615,0.0
2023-04-26,1866.1,1964.72,1785.0,1866.01,897709.7298,28300.8,30036.0,27235.0,28415.29,129228.40403,47886061612,4081894725,5278993192.0,0.9997,18.84,119.3228,56.0,4.83,16.0,0.0,66.0,-4.823008969043831e-05,0.004037661120266265,0.012423477273396526,0.4970538634025358,0.4045267096693944,0.31054763559061527,-0.08866565171231172,0,0,0,0,-0.00029999999999996696,0.00029999999999996696,0.56,0.2733333333333333,0.4166666666666667,0.6346172904171199,0.0799999999999983,-0.00242910558145787,0.0
2023-04-27,1866.01,1940.96,1861.19,1908.68,727472.9466,28415.29,29890.0,28378.86,29472.77,95430.82431,48513837173,4163354211,5396166888.0,0.9996,17.03,119.4298,59.0,4.83,16.0,0.0,66.0,0.02260944219517275,0.0365394056503652,0.013024587028290383,0.490287990809167,0.42247333815648663,0.30607838651568847,-0.07671826216939086,0,0,0,0,-0.00039999999999995595,0.00039999999999995595,0.59,0.2733333333333333,0.43166666666666664,0.7563986230891583,-1.8099999999999987,0.0008963253775132403,0.0
2023-04-28,1908.68,1923.88,1873.94,1890.94,387630.7791,29472.77,29599.54,28891.0,29311.7,54298.16578,48558600984,4115182506,5396861477.0,0.9992,15.78,119.2248,64.0,4.83,16.0,0.0,66.0,-0.009337843733620253,-0.005480032501360423,0.000922276498311302,0.4908972417784042,0.40210291754253535,0.30386686148606823,-0.0758663483316002,0,0,0,0,-0.0008000000000000229,0.0008000000000000229,0.64,0.2733333333333333,0.45666666666666667,0.9593675108758897,-1.2500000000000018,-0.0017179643754595697,0.0
2023-04-29,1890.93,1918.0,1883.05,1907.8,182046.1406,29311.69,29448.88,29031.0,29230.45,20466.83058,48242501939,4116313807,5305965025.0,0.9995,,,64.0,4.83,16.0,0.0,66.0,0.00887668579981968,-0.0027757795765594477,-0.006530920805652799,0.4914849296919023,0.3998620070914312,0.30115065982485173,-0.08188212635702141,0,0,0,0,-0.0004999999999999449,0.0004999999999999449,0.64,0.2733333333333333,0.45666666666666667,0.9593675108758897,,,0.0
2023-04-30,1907.79,1939.0,1866.16,1870.09,355336.4888,29230.45,29969.39,29079.59,29233.21,39752.5372,48464794410,4130660431,5341766248.0,0.9995,,,60.0,4.83,15.0,0.0,61.0,-0.019964187678360883,9.441762633578723e-05,0.004597230424093578,0.4948542504082824,0.39663831542488354,0.30141932578667396,-0.07765161005711174,0,0,0,0,-0.0004999999999999449,0.0004999999999999449,0.6,0.2533333333333333,0.42666666666666664,0.715804845531812,,,0.0
2023-05-01,1870.08,1886.49,1806.12,1830.73,445519.1779,29233.2,29337.34,27666.95,28068.26,64433.65958,48063169946,4092864128,5290029486.0,0.9997,16.08,119.4435,63.0,5.06,15.0,0.0,61.0,-0.02127176363574112,-0.040665991207925405,-0.008321459678010176,0.5008511817811797,0.42231879005482775,0.30143397487703,-0.08529504860341539,0,0,0,0,-0.00029999999999996696,0.00029999999999996696,0.63,0.2533333333333333,0.44166666666666665,0.8375861782038508,,,0.22999999999999954
2023-05-02,1830.73,1881.87,1822.94,1870.08,373753.2027,28068.26,28879.88,27872.0,28669.86,50824.5224,46944031951,4010910159,5174769912.0,0.9994,17.78,119.6105,55.0,5.06,15.0,0.0,61.0,0.02126641628521955,0.021206996165195773,-0.02356010364743146,0.5031723654208554,0.4274621344838032,0.3118400543765204,-0.10659370756562436,0,0,0,0,-0.0006000000000000449,0.0006000000000000449,0.55,0.2533333333333333,0.40166666666666667,0.5128359577450811,1.7000000000000028,0.001397174087584157,0.0
2023-05-03,1870.09,1916.52,1842.64,1905.12,465185.2501,28669.85,29266.66,28113.69,29026.16,64615.79213,47524967551,4085145531,5266216528.0,0.9998,18.34,119.1233,64.0,5.06,15.0,0.0,61.0,0.01856378802063968,0.012351095602062214,0.012299123016973263,0.5061160394288073,0.4263435291985276,0.314019493508913,-0.09553774370890065,0,0,0,0,-0.00019999999999997797,0.00019999999999997797,0.64,0.2533333333333333,0.44666666666666666,0.8781799557611971,0.5599999999999987,-0.004081539156614328,0.0
2023-05-04,1905.12,1918.26,1866.71,1877.07,354528.6144,29026.16,29379.83,28663.64,28838.16,42575.47501,48255179833,4150864599,5392908484.0,0.9996,20.09,119.0465,64.0,5.06,15.0,0.0,61.0,-0.014832948258200517,-0.006497982228264741,0.015247970478000387,0.4966778700172598,0.42508951475522844,0.3187808707802741,-0.08164084946188299,0,0,0,0,-0.00039999999999995595,0.00039999999999995595,0.64,0.2533333333333333,0.44666666666666666,0.8781799557611971,1.75,-0.0006449180598202811,0.0
2023-05-05,1877.07,1998.36,1875.65,1993.3,546608.875,28838.16,29677.0,28800.0,29505.61,58415.83048,48083130945,4119602597,5373316619.0,0.999,17.19,118.5548,61.0,5.06,15.0,0.0,61.0,0.06007950628405556,0.02288090465334252,-0.003571768479651493,0.5349379402936973,0.4319995166585265,0.3058446312713003,-0.08491516469978115,0,0,0,0,-0.0010000000000000009,0.0010000000000000009,0.61,0.2533333333333333,0.43166666666666664,0.7563986230891583,-2.8999999999999986,-0.0041388721518974,0.0
2023-05-06,1993.3,2019.0,1860.0,1896.33,608106.9915,29505.6,29820.0,28300.0,28848.2,49249.28459,49727652264,4293343677,5627720677.0,0.9982,,,60.0,5.06,15.0,0.0,61.0,-0.04987111742589557,-0.02253281543081646,0.033629754364991916,0.5599540025969383,0.4396300136117537,0.3289376831079583,-0.05361777431007941,0,0,0,0,-0.0018000000000000238,0.0018000000000000238,0.6,0.2533333333333333,0.42666666666666664,0.715804845531812,,,0.0
2023-05-07,1896.33,1933.33,1867.59,1870.4,413268.8357,28848.19,29138.29,28395.23,28430.1,30003.41028,48433104162,4159884270,5410096063.0,0.9986,,,64.0,5.06,15.0,0.0,56.0,-0.013768127585020303,-0.01459915625864984,-0.026377611749348547,0.5618934167401617,0.44259980456184145,0.3414465508017069,-0.07825471690148246,0,0,0,0,-0.0013999999999999568,0.0013999999999999568,0.64,0.2366666666666667,0.43833333333333335,0.810523659832287,,,0.0
2023-05-08,1870.41,1883.97,1810.73,1847.56,625316.6168,28430.09,28631.01,27262.0,27668.79,68244.36179,47960222239,4132906175,5319520624.0,0.9992,16.98,118.5759,60.0,5.06,15.0,0.0,56.0,-0.012286462103440952,-0.027143379896367045,-0.009811586221488639,0.562866256942703,0.4530526206843513,0.34251304295539864,-0.08725427803904402,0,0,0,0,-0.0008000000000000229,0.0008000000000000229,0.6,0.2366666666666667,0.41833333333333333,0.6481485496029019,,,0.0
2023-05-09,1847.55,1861.88,1830.99,1846.52,304396.186,27668.8,27818.0,27353.0,27628.27,40113.31069,46712271761,4037706636,5124662013.0,0.9994,17.71,118.8239,51.0,5.06,15.0,0.0,56.0,-0.0005630630779391869,-0.0014655392981985705,-0.026365055226540337,0.562521321734421,0.4502240017570588,0.35368380451220455,-0.11100440693413857,0,0,0,0,-0.0006000000000000449,0.0006000000000000449,0.51,0.2366666666666667,0.37333333333333335,0.28280455158678586,0.7300000000000004,0.002089303278384184,0.0
2023-05-10,1846.53,1887.47,1790.51,1840.84,639933.3855,27628.28,28331.42,26777.0,27598.75,71155.11355,46862454089,4059315314,5188452208.0,0.9993,16.94,118.5864,52.0,5.06,15.0,0.0,56.0,-0.0030807973686073453,-0.0010690420309266652,0.0032098936028939983,0.5537818974168524,0.41830349709443904,0.35377954465969635,-0.10814624091662024,0,0,0,0,-0.0007000000000000339,0.0007000000000000339,0.52,0.2366666666666667,0.37833333333333335,0.32339832914413214,-0.7699999999999996,-0.0020007563212425866,0.0
2023-05-11,1840.83,1842.02,1772.68,1794.3,522096.0725,27598.74,27630.14,26702.05,26968.62,47635.31365,46604129493,4024001932,5162977304.0,0.9995,16.93,119.0303,52.0,5.06,15.0,0.0,56.0,-0.02560701544919554,-0.0230965139643067,-0.00552764943055954,0.5594009137516084,0.41712100593033713,0.3477629866066675,-0.11306249565583532,0,0,0,0,-0.0004999999999999449,0.0004999999999999449,0.52,0.2366666666666667,0.37833333333333335,0.32339832914413214,-0.010000000000001563,0.003736273724817981,0.0
2023-05-12,1794.31,1818.63,1740.0,1807.45,565539.8309,26968.61,27091.12,25811.46,26795.01,67207.93494,45834530451,4006584162,5075374933.0,0.9995,17.03,119.3671,49.0,5.06,15.0,0.0,56.0,0.007302038414395143,-0.00645829172740886,-0.01665140590674001,0.5573461976154991,0.4165597224137138,0.35123019030093716,-0.1277089714313278,0,0,0,0,-0.0004999999999999449,0.0004999999999999449,0.49,0.2366666666666667,0.36333333333333334,0.2016169964720933,0.10000000000000142,0.00282553605093436,0.0
2023-05-13,1807.45,1817.03,1785.23,1795.11,212895.4373,26795.01,27045.45,26692.03,26775.28,22814.90421,45886822950,4023578523,5115518201.0,0.9996,,,48.0,5.06,15.0,0.0,56.0,-0.00685071075121409,-0.0007366023552270455,0.0011402471229815907,0.5272815597536409,0.41060042747516906,0.35131204042608155,-0.1267137768195296,0,0,0,0,-0.00039999999999995595,0.00039999999999995595,0.48,0.2366666666666667,0.35833333333333334,0.16102321891474702,,,0.0
2023-05-14,1795.12,1824.0,1789.82,1799.21,218101.0977,26775.27,27200.0,26560.53,26917.62,21594.8036,45808224964,4021071887,5082038608.0,0.9995,,,48.0,5.06,16.0,0.0,48.0,0.0022813782736472547,0.005302016968638717,-0.00171433478770419,0.5004702824362168,0.4111736519672682,0.30865699549698,-0.12820959923500436,0,0,0,0,-0.0004999999999999449,0.0004999999999999449,0.48,0.21333333333333332,0.3466666666666667,0.06630440461427253,,,0.0
2023-05-15,1799.2,1846.7,1785.05,1816.2,388171.9261,26917.61,27663.59,26726.0,27162.14,40430.08333,45754871020,4027957407,5069342707.0,0.9997,17.12,119.1608,50.0,5.06,16.0,0.0,48.0,0.009398726600278533,0.0090430011641092,-0.0011654029271343349,0.5030398630508202,0.4136754551847233,0.3078461493065752,-0.12922499453265468,0,0,0,0,-0.00029999999999996696,0.00029999999999996696,0.5,0.21333333333333332,0.3566666666666667,0.1474919597289651,,,0.0
2023-05-16,1816.21,1832.64,1796.2,1824.21,311238.6786,27162.15,27296.89,26852.11,27033.84,33270.45451,46263579637,4088424548,5161074729.0,0.9997,17.99,119.1743,54.0,5.06,16.0,0.0,48.0,0.0044006103303645,-0.004734677357132959,0.011056778198843667,0.4999653062369769,0.4134428647723985,0.3120707133114254,-0.11954360457625346,0,0,0,0,-0.00029999999999996696,0.00029999999999996696,0.54,0.21333333333333332,0.3766666666666667,0.30986706995835017,0.8699999999999974,0.00011328587366650273,0.0
2023-05-17,1824.21,1837.5,1783.68,1822.12,352097.9913,27033.85,27500.0,26544.71,27405.61,42958.97785,46308750554,4109970329,5179772196.0,0.9998,16.87,119.607,50.0,5.06,16.0,0.0,48.0,-0.0011463582445248271,0.013658322391184448,0.000975905445867707,0.49661624407696325,0.40722930400793206,0.3124968723252349,-0.11868394297912106,0,0,0,0,-0.00019999999999997797,0.00019999999999997797,0.5,0.21333333333333332,0.3566666666666667,0.1474919597289651,-1.1199999999999974,0.003624240873389047,0.0
2023-05-18,1822.12,1831.92,1771.12,1800.56,293755.311,27405.62,27485.33,26361.2,26821.28,49198.65143,46430578127,4118658652,5172691163.0,0.9999,16.05,120.0886,51.0,5.06,16.0,0.0,48.0,-0.011902930731227146,-0.021552134669642054,0.002627313456151613,0.4927357452963841,0.3931977317772853,0.3107468690849483,-0.1163654050140861,0,0,0,0,-9.999999999998899e-05,9.999999999998899e-05,0.51,0.21333333333333332,0.3616666666666667,0.18808573728631137,-0.8200000000000003,0.004018435449510212,0.0
2023-05-19,1800.56,1829.54,1796.81,1812.32,243116.4676,26821.28,27183.6,26630.0,26880.26,28754.13544,46155337183,4089411366,5105620846.0,0.9998,16.81,119.7751,48.0,5.06,16.0,0.0,48.0,0.0065100648420629,0.002196585934586688,-0.005945650672877565,0.4032040613314138,0.3509249595706748,0.30479502068795516,-0.12160359996849157,0,0,0,0,-0.00019999999999997797,0.00019999999999997797,0.48,0.21333333333333332,0.3466666666666667,0.06630440461427253,0.759999999999998,-0.002613986013807763,0.0
2023-05-20,1812.31,1828.87,1807.06,1819.42,127754.4349,26880.26,27150.0,26825.11,27102.43,14434.54718,46249818379,4088041150,5163338877.0,0.9997,,,48.0,5.06,16.0,0.0,48.0,0.0039099765100741425,0.008231203535191795,0.002044934145722676,0.4030286453249158,0.3471859860669963,0.2653778844017783,-0.11980549930446611,0,0,0,0,-0.00029999999999996696,0.00029999999999996696,0.48,0.21333333333333332,0.3466666666666667,0.06630440461427253,,,0.0
2023-05-21,1819.42,1828.98,1797.21,1804.91,161517.8053,27102.42,27277.55,26666.03,26747.78,21347.87279,46719796431,4114959580,5236594341.0,0.9998,,,52.0,5.06,15.0,0.0,47.0,-0.008007039934466744,-0.013171912518513606,0.01011044428711077,0.3656816662963783,0.32796368816960686,0.26716820568225225,-0.11086120262792327,0,0,0,0,-0.00019999999999997797,0.00019999999999997797,0.52,0.20666666666666667,0.36333333333333334,0.2016169964720933,,,0.0
2023-05-22,1804.91,1828.27,1792.01,1817.35,237498.9423,26747.78,27099.89,26538.21,26849.27,26458.83828,46292076897,4075664527,5175886061.0,0.9997,17.21,120.0875,49.0,5.06,15.0,0.0,47.0,0.006868667024691615,0.0037871532594394926,-0.009197160183489511,0.36307235173843777,0.31980265128214985,0.2451239647238972,-0.11900126446734008,0,0,0,0,-0.00029999999999996696,0.00029999999999996696,0.49,0.20666666666666667,0.34833333333333333,0.07983566380005447,,,0.0
2023-05-23,1817.36,1872.5,1815.24,1854.05,396869.6097,26849.28,27495.83,26798.11,27219.61,38700.83858,46648718101,4107082036,5274600189.0,0.9998,18.53,120.3204,50.0,5.06,15.0,0.0,47.0,0.019993039425737928,0.01369903691712277,0.007674626723749299,0.3697418473960871,0.32287027000781576,0.2468260906865898,-0.11221391616015693,0,0,0,0,-0.00019999999999997797,0.00019999999999997797,0.5,0.20666666666666667,0.35333333333333333,0.12042944135740075,1.3200000000000003,0.001937540928231925,0.0
2023-05-24,1854.06,1854.09,1777.6,1799.89,420846.1445,27219.61,27219.61,26080.5,26329.01,54393.0657,47212270190,4204221218,5354158318.0,1.0,20.03,120.4752,50.0,5.06,15.0,0.0,47.0,-0.02964688357265533,-0.03326629631528951,0.012008372622322792,0.3821844430389916,0.34254393215277523,0.25084020722628736,-0.1014887832411808,0,0,0,0,0.0,0.0,0.5,0.20666666666666667,0.35333333333333333,0.12042944135740075,1.5,0.0012857379563852391,0.0
2023-05-25,1799.89,1818.81,1761.41,1805.6,350633.0089,26329.0,26631.98,25871.89,26473.79,37435.44895,45910292520,4082659899,5230940462.0,1.0,19.14,120.8413,51.0,5.06,15.0,0.0,47.0,0.0031673945975410098,0.005483813844004058,-0.027964490622442394,0.3792136980704559,0.3264517114035083,0.2669858194228859,-0.1262671202234235,0,0,0,0,0.0,0.0,0.51,0.20666666666666667,0.35833333333333334,0.16102321891474702,-0.8900000000000006,0.0030341918672735484,0.0
2023-05-26,1805.61,1838.2,1796.99,1827.79,275690.6854,26473.8,26932.16,26327.24,26705.92,35061.18713,45951332573,4110680230,5209639984.0,0.9998,17.95,120.6304,49.0,5.06,15.0,0.0,47.0,0.012214640261706482,0.008730076726596555,0.0008935190442995384,0.3820430075074646,0.32799130459159476,0.26268929369557165,-0.12548607436800335,0,0,0,0,-0.00019999999999997797,0.00019999999999997797,0.49,0.20666666666666667,0.34833333333333333,0.07983566380005447,-1.1900000000000013,-0.0017467889912243274,0.0
2023-05-27,1827.8,1836.12,1812.18,1829.89,138824.9406,26705.93,26895.0,26551.0,26854.27,15095.6867,46247505842,4131771125,5260834774.0,0.9997,,,48.0,5.06,15.0,0.0,47.0,0.001148268974181205,0.005539576292267746,0.006424685882007101,0.37279170087346863,0.2985688451623298,0.2591204232925072,-0.1198495099064835,0,0,0,0,-0.00029999999999996696,0.00029999999999996696,0.48,0.20666666666666667,0.3433333333333333,0.0392418862427082,,,0.0
2023-05-28,1829.89,1918.65,1823.6,1908.64,378392.4371,26854.28,28261.32,26764.36,28065.0,43916.00855,46535584844,4144905784,5318300139.0,0.9999,,,50.0,5.06,14.0,0.0,50.0,0.0421350907944223,0.04409840842612671,0.006209750625623555,0.4011614097399799,0.3407062226947098,0.26041994934149404,-0.11436698992665606,0,0,0,0,-9.999999999998899e-05,9.999999999998899e-05,0.5,0.21333333333333332,0.3566666666666667,0.1474919597289651,,,0.0
2023-05-29,1908.64,1927.62,1873.65,1892.6,313593.4942,28065.01,28447.14,27524.6,27736.4,42385.41945,47679237118,4258016422,5492641439.0,0.9997,17.46,,52.0,5.06,14.0,0.0,50.0,-0.008439401459503443,-0.011777618425209708,0.024278737197781574,0.4010545423601941,0.34258915278043084,0.2745953313277005,-0.09260179219044591,0,0,0,0,-0.00029999999999996696,0.00029999999999996696,0.52,0.21333333333333332,0.3666666666666667,0.22867951484365764,,,0.0
2023-05-30,1892.6,1917.0,1881.19,1900.59,272665.8402,27736.39,28038.59,27554.0,27694.4,32686.75371,47142758890,4193259373,5419441508.0,0.9997,17.46,120.5546,51.0,5.06,14.0,0.0,50.0,0.00421281919287129,-0.0015154032789555,-0.011315601335620398,0.39492872433062304,0.34252614956568206,0.276559429357659,-0.10281167414412061,0,0,0,0,-0.00029999999999996696,0.00029999999999996696,0.51,0.21333333333333332,0.3616666666666667,0.18808573728631137,0.0,,0.0
2023-05-31,1900.58,1907.13,1846.95,1873.63,319255.5681,27694.39,27835.51,26839.01,27210.35,46588.80573,47103231310,4198566269,5441936141.0,0.9999,17.94,120.9662,51.0,5.06,14.0,0.0,50.0,-0.014286638596147112,-0.017632811059524262,-0.0008388172745344631,0.39080333548597357,0.3181915070911933,0.27526819205007386,-0.10356393566127287,0,0,0,0,-9.999999999998899e-05,9.999999999998899e-05,0.51,0.21333333333333332,0.3616666666666667,0.18808573728631137,0.4800000000000004,0.0034084053917577033,0.0
2023-06-01,1873.63,1889.2,1840.0,1861.78,270496.6097,27210.36,27350.0,26605.05,26817.93,39217.8088,45816068499,4142842456,5352017820.0,0.9998,15.65,120.0491,52.0,5.08,14.0,0.0,50.0,-0.006344706338571053,-0.014526721963616974,-0.027706733797500764,0.38439362106265706,0.31108666334509516,0.27994785786817244,-0.12806032651102436,0,0,0,0,-0.00019999999999997797,0.00019999999999997797,0.52,0.21333333333333332,0.3666666666666667,0.22867951484365764,-2.290000000000001,-0.007610341968545233,0.020000000000000462
2023-06-02,1861.78,1910.0,1847.51,1906.68,313004.0658,26817.93,27300.0,26505.0,27242.59,36380.90269,45695445200,4135186999,5370049519.0,0.9998,14.6,120.0049,50.0,5.08,14.0,0.0,50.0,0.023830490355990427,0.015710863858149307,-0.0026362446425175655,0.3880421365016962,0.3132811413211412,0.2759637678938401,-0.13035594556763372,0,0,0,0,-0.00019999999999997797,0.00019999999999997797,0.5,0.21333333333333332,0.3566666666666667,0.1474919597289651,-1.0500000000000007,-0.0003682504811374015,0.0
2023-06-03,1906.69,1907.92,1881.6,1892.06,148818.2427,27242.59,27333.29,26914.93,27069.22,16595.34117,46529098927,4187430587,5483144183.0,0.9996,,,53.0,5.08,14.0,0.0,50.0,-0.0076973271057092845,-0.0063842684993772065,0.018079274711913115,0.3853919875620602,0.3132613629523562,0.278268806476795,-0.11449042540544185,0,0,0,0,-0.00039999999999995595,0.00039999999999995595,0.53,0.21333333333333332,0.3716666666666667,0.2692732924010039,,,0.0
2023-06-04,1892.05,1914.63,1884.22,1890.01,172683.0119,27069.22,27455.02,26951.0,27115.21,19258.41049,46316565150,4188216550,5467179214.0,0.9997,,,52.0,5.08,16.0,1.0,53.0,-0.0010840625375848512,0.0016975360281114345,-0.004578224526494875,0.31929608786943964,0.30044332153849357,0.27839824419052756,-0.11853522100213963,0,0,0,0,-0.00029999999999996696,0.00029999999999996696,0.52,0.2333333333333333,0.37666666666666665,0.30986706995834973,,,0.0
2023-06-05,1890.0,1890.63,1778.0,1810.5,555361.2683,27115.2,27129.33,25388.0,25728.2,65805.60305,46265889416,4185224334,5447077106.0,0.9997,14.73,120.0048,53.0,5.08,16.0,1.0,53.0,-0.042979069839285816,-0.05250715845555731,-0.001094715824901858,0.3068933163336059,0.3406966221195287,0.24837401868972878,-0.11949964646258128,0,0,0,0,-0.00029999999999996696,0.00029999999999996696,0.53,0.2333333333333333,0.38166666666666665,0.350460847515696,,,0.0
2023-06-06,1810.49,1898.29,1797.18,1884.64,491407.2174,25728.2,27355.33,25351.02,27230.08,68392.60438,44557685539,4012176131,5234921782.0,0.9998,13.96,119.9718,44.0,5.08,16.0,1.0,53.0,0.04013377100477853,0.05673457801927024,-0.037620305955054355,0.3360749992817877,0.3982717656432359,0.26459747934405703,-0.15200899917573457,0,0,0,0,-0.00019999999999997797,0.00019999999999997797,0.44,0.2333333333333333,0.33666666666666667,-0.014883150500420023,-0.7699999999999996,-0.0002750268168480559,0.0
2023-06-07,1884.65,1897.8,1821.18,1832.13,429196.7064,27230.07,27391.77,26125.01,26339.34,59619.44364,45719058356,4137048445,5468211715.0,0.9999,13.94,119.859,53.0,5.08,16.0,1.0,53.0,-0.028257596795300086,-0.03325860556385626,0.025730588884062672,0.34798137207311947,0.4037727232389811,0.28122989300991136,-0.12990655634225454,0,0,0,0,-9.999999999998899e-05,9.999999999998899e-05,0.53,0.2333333333333333,0.38166666666666665,0.350460847515696,-0.02000000000000135,-0.0009406632368951577,0.0
2023-06-08,1832.12,1861.28,1828.31,1845.64,189270.4853,26339.34,26810.0,26210.0,26498.61,31075.51083,44498580575,4032810162,5318900186.0,0.9999,13.65,119.5712,50.0,5.08,16.0,1.0,53.0,0.007346876378127145,0.00602863973269374,-0.02705795135404063,0.34899257695831515,0.4046589885509994,0.2820073157336055,-0.15313384390161633,0,0,0,0,-9.999999999998899e-05,9.999999999998899e-05,0.5,0.2333333333333333,0.36666666666666664,0.22867951484365717,-0.28999999999999915,-0.0024040420849976304,0.0
2023-06-09,1845.65,1855.0,1827.0,1840.37,198324.3252,26498.62,26783.33,26269.91,26477.81,27934.7097,44571042178,4054510463,5357250806.0,1.0,13.83,119.4322,50.0,5.08,16.0,1.0,53.0,-0.0028594624490205275,-0.0007852550651334101,0.0016270781608020157,0.34896896504962166,0.4046630461314969,0.28172013669575446,-0.1517548048760027,0,0,0,0,0.0,0.0,0.5,0.2333333333333333,0.36666666666666664,0.22867951484365717,0.17999999999999972,-0.0011631635003659063,0.0
2023-06-10,1840.37,1844.99,1715.03,1751.53,652324.6695,26477.8,26533.87,25358.0,25841.21,64944.60108,44022195903,4057540173,5284403190.0,0.9995,,,49.0,5.08,16.0,1.0,53.0,-0.049476946677575705,-0.024336519277700846,-0.01239041056739731,0.37959557179195313,0.40552272462085426,0.28391105261174826,-0.1622000669313793,0,0,0,0,-0.0004999999999999449,0.0004999999999999449,0.49,0.2333333333333333,0.36166666666666664,0.1880857372863109,,,0.0
2023-06-11,1751.52,1778.25,1738.72,1752.76,219956.2434,25841.22,26206.88,25634.7,25925.55,30014.29595,42157835963,3841927551,5111439552.0,0.9996,,,47.0,5.08,15.0,1.0,52.0,0.0007019967243075934,0.003258464490493794,-0.0432733853009946,0.3785181985186833,0.40542065422043816,0.31482371532459524,-0.1976812736478615,0,0,0,0,-0.00039999999999995595,0.00039999999999995595,0.47,0.22666666666666668,0.34833333333333333,0.07983566380005447,,,0.0
2023-06-12,1752.77,1759.33,1720.0,1742.57,302132.4819,25925.54,26106.48,25602.11,25905.19,29900.50893,42156514307,3841513110,5147291545.0,0.9999,15.01,119.6376,47.0,5.08,15.0,1.0,52.0,-0.005830653396786247,-0.0007856342026842933,-3.1350677455864406e-05,0.3783372524034308,0.40542013781019937,0.3146662406339968,-0.1977064264891868,0,0,0,0,-9.999999999998899e-05,9.999999999998899e-05,0.47,0.22666666666666668,0.34833333333333333,0.07983566380005447,,,0.0
2023-06-13,1742.57,1770.13,1724.22,1740.12,284268.0018,25905.2,26433.21,25712.57,25934.25,41065.60853,41905861839,3811463833,5107204433.0,1.0001,14.61,119.1899,45.0,5.08,15.0,1.0,52.0,-0.00140695864642246,0.0011211542039807445,-0.005963505252384211,0.3781545246937539,0.40485092036222176,0.314826270444093,-0.2024766706036921,0,0,0,0,9.999999999998899e-05,9.999999999998899e-05,0.45,0.22666666666666668,0.3383333333333334,-0.0013518913146376304,-0.40000000000000036,-0.003749153882292476,0.0
2023-06-14,1740.12,1750.03,1630.43,1650.95,415847.327,25934.24,26098.0,24820.56,25128.6,45077.31608,42113130379,3818491716,5149743806.0,1.0001,13.88,118.776,46.0,5.08,15.0,1.0,52.0,-0.05260319656222012,-0.03155784923802867,0.004933859714076478,0.4163726376288952,0.4164734585046535,0.31598250059439575,-0.19853207934972883,0,0,0,0,9.999999999998899e-05,9.999999999998899e-05,0.46,0.22666666666666668,0.3433333333333334,0.03924188624270865,-0.7299999999999986,-0.003478653180010578,0.0
2023-06-15,1650.95,1680.91,1626.01,1666.96,370774.7696,25128.6,25759.01,24800.0,25598.49,48664.86063,40687548424,3644072436,4922789924.0,1.0009,14.5,118.5521,41.0,5.08,15.0,1.0,52.0,0.009650728476360676,0.018526725673652867,-0.03443746743663037,0.4179753006008219,0.42282375071227957,0.33045172689686725,-0.22566276744885297,0,0,0,0,0.0008999999999999009,0.0008999999999999009,0.41,0.22666666666666668,0.31833333333333336,-0.16372700154402273,0.6199999999999992,-0.0018868399184651292,0.0
2023-06-16,1666.96,1729.5,1649.86,1717.92,311734.5904,25598.49,26518.0,25175.56,26345.0,51596.91662,40637610994,3653316110,4956232521.0,1.0007,13.54,118.4184,47.0,5.08,15.0,1.0,52.0,0.03011264842388073,0.028745138290379006,-0.0012280931665854065,0.4336520393103686,0.4329282551769387,0.33009966130009155,-0.2266131420190767,0,0,0,0,0.0006999999999999229,0.0006999999999999229,0.47,0.22666666666666668,0.34833333333333333,0.07983566380005447,-0.9600000000000009,-0.0011284106180878429,0.0
2023-06-17,1717.91,1770.0,1714.26,1727.76,210914.9216,26345.01,26839.99,26181.0,26516.99,27842.2195,41374904843,3736633314,5103425349.0,1.0004,,,47.0,5.08,15.0,1.0,52.0,0.0057115151433317,0.006507155969033793,0.0179805168816252,0.43292219544034105,0.4274488725140265,0.3384258558134478,-0.21258147629515015,0,0,0,0,0.00039999999999995595,0.00039999999999995595,0.47,0.22666666666666668,0.34833333333333333,0.07983566380005447,,,0.0
2023-06-18,1727.75,1747.84,1712.0,1720.95,156535.0128,26516.99,26700.0,26255.85,26339.97,21538.31022,41676528388,3790728439,5096166566.0,1.0002,,,49.0,5.08,14.0,0.0,57.0,-0.00394930791589547,-0.006698102267960423,0.007263568114075519,0.43206065450699543,0.42789968039211085,0.3405227222653404,-0.20684118595684606,0,0,0,0,0.00019999999999997797,0.00019999999999997797,0.49,0.2366666666666667,0.36333333333333334,0.2016169964720933,,,0.0
2023-06-19,1720.95,1752.19,1698.0,1737.11,245162.7589,26339.98,27068.09,26256.61,26844.35,35872.65974,41594634068,3781843101,5135499082.0,1.0002,14.19,,47.0,5.08,14.0,0.0,57.0,0.0093463488990178,0.0189678131440085,-0.001966931744135009,0.4333670809979566,0.4323287937725774,0.34000209118287295,-0.20839974191725022,0,0,0,0,0.00019999999999997797,0.00019999999999997797,0.47,0.2366666666666667,0.35333333333333333,0.12042944135740075,,,0.0
2023-06-20,1737.1,1796.99,1714.72,1791.99,328855.6846,26844.35,28402.74,26652.0,28307.99,69666.95525,41860560462,3810474867,5173624730.0,0.9998,13.88,118.938,49.0,5.08,14.0,0.0,57.0,0.031103921349883094,0.05308872645011515,0.006372935693979597,0.4472741692160672,0.46785424957449834,0.338359973309383,-0.2033388150251595,0,0,0,0,-0.00019999999999997797,0.00019999999999997797,0.49,0.2366666666666667,0.36333333333333334,0.2016169964720933,-0.3099999999999987,,0.0
2023-06-21,1791.99,1901.0,1787.38,1889.11,613755.8869,28308.0,30800.0,28257.99,29993.89,108926.40412,43125876060,3911518442,5380249310.0,1.0,13.2,118.727,59.0,5.08,14.0,0.0,57.0,0.052779084512651064,0.057849597296170514,0.029779083688538186,0.4836459175497288,0.5069810990116603,0.35712541504901907,-0.17925820519708774,0,0,0,0,0.0,0.0,0.59,0.2366666666666667,0.41333333333333333,0.6075547720455556,-0.6800000000000015,-0.0017756089911135447,0.0
2023-06-22,1889.1,1933.17,1865.98,1872.01,416714.5719,29993.89,30500.0,29525.61,29884.92,59054.5646,44659565675,4071642144,5635015189.0,0.9997,12.91,118.7552,65.0,5.08,14.0,0.0,57.0,-0.00909309877120227,-0.0036396889082070654,0.034945331639207135,0.48011799332884403,0.5062803551175656,0.3787827366509543,-0.15007008701174582,0,0,0,0,-0.00029999999999996696,0.00029999999999996696,0.65,0.2366666666666667,0.44333333333333336,0.8511174373896333,-0.28999999999999915,0.00023749148468847885,0.0
2023-06-23,1872.0,1936.42,1861.01,1892.63,401147.9324,29884.92,31431.94,29800.0,30688.5,73931.89635,44166999909,4026432927,5530388484.0,0.9994,13.44,119.152,65.0,5.08,14.0,0.0,57.0,0.01095467625486762,0.026533986237444202,-0.011090619380041244,0.46897886003690453,0.4950403867396655,0.37701603263900274,-0.15944425741196822,0,0,0,0,-0.0006000000000000449,0.0006000000000000449,0.65,0.2366666666666667,0.44333333333333336,0.8511174373896333,0.5299999999999994,0.003335757538585846,0.0
2023-06-24,1892.63,1906.0,1864.77,1874.96,226910.2941,30688.51,30800.0,30250.0,30527.43,30513.30135,44414362512,4024430221,5585107880.0,0.9996,,,62.0,5.08,14.0,0.0,57.0,-0.009380070314859884,-0.005262367873937984,0.005584995290667029,0.4705159070790403,0.49635483786171736,0.3661910155113785,-0.15473662372886615,0,0,0,0,-0.00039999999999995595,0.00039999999999995595,0.62,0.2366666666666667,0.42833333333333334,0.7293361047175945,,,0.0
2023-06-25,1874.95,1930.0,1868.83,1898.8,338757.6158,30527.44,31046.01,30277.49,30462.66,30223.44801,44203959789,3986913424,5548609046.0,0.9997,,,64.0,5.08,13.0,0.0,56.0,0.012634781833543817,-0.002123952410926466,-0.004748524072490297,0.470641328110006,0.4967028943198935,0.3663324054776549,-0.1587408625822679,0,0,0,0,-0.00029999999999996696,0.00029999999999996696,0.64,0.23,0.435,0.7834611414607227,,,0.0
2023-06-26,1898.8,1909.1,1837.18,1858.97,458743.861,30462.67,30666.0,29930.0,30267.99,45180.41489,44541774173,4012875086,5622019440.0,0.9998,14.25,119.0761,55.0,5.08,13.0,0.0,56.0,-0.021199536794378554,-0.00641095284669021,0.007613121229595239,0.4771250801022551,0.4981010856632074,0.36667079842888717,-0.15231181326977028,0,0,0,0,-0.00019999999999997797,0.00019999999999997797,0.55,0.23,0.39,0.4181171434446066,,,0.0
2023-06-27,1858.97,1912.53,1855.19,1889.58,366634.5707,30267.99,30994.97,30226.17,30692.44,42699.64157,44156760488,3963786490,5588146068.0,0.9999,13.74,118.8949,59.0,5.08,13.0,0.0,56.0,0.01633201125366475,0.013925651745678577,-0.008681453523429375,0.45686149990300323,0.4782437872201581,0.36653531696271446,-0.15963912697838792,0,0,0,0,-9.999999999998899e-05,9.999999999998899e-05,0.59,0.23,0.41,0.5804922536739913,-0.5099999999999998,-0.0015228749302992777,0.0
2023-06-28,1889.58,1890.19,1816.56,1828.02,337836.5792,30692.44,30709.74,29858.8,30077.41,40463.51937,44284616004,3975299615,5660426968.0,1.0001,13.43,119.3382,62.0,5.08,13.0,0.0,56.0,-0.033121168263168056,-0.020241978544881276,0.0028913074431987,0.47028691370955256,0.48242496699514353,0.3548250020758472,-0.15720586937844266,0,0,0,0,9.999999999998899e-05,9.999999999998899e-05,0.62,0.23,0.425,0.7022735863460301,-0.3100000000000005,0.0037215694346829265,0.0
2023-06-29,1828.03,1880.0,1827.84,1851.99,241844.8281,30077.4,30843.98,30049.98,30447.31,36330.62903,43446140487,3907798966,5539819661.0,1.0001,13.54,119.527,54.0,5.08,13.0,0.0,56.0,0.01302732275023142,0.012223257058951633,-0.019115326976836267,0.4725532819330162,0.48329302718132877,0.3583005112803534,-0.17316315450729297,0,0,0,0,9.999999999998899e-05,9.999999999998899e-05,0.54,0.23,0.385,0.3775233658872603,0.10999999999999943,0.001580808249312787,0.0
2023-06-30,1851.99,1948.6,1825.01,1933.79,716538.1035,30447.31,31282.0,29500.0,30472.0,89419.07618,43926339278,3945989937,5634318381.0,1.0002,13.59,119.3606,56.0,5.08,13.0,0.0,56.0,0.04322107124698339,0.0008105804662547625,0.010992102486643838,0.49407684294918847,0.4775540637969693,0.36144578131186195,-0.1640243438072112,0,0,0,0,0.00019999999999997797,0.00019999999999997797,0.56,0.23,0.395,0.4587109210019529,0.05000000000000071,-0.0013931240207724737,0.0
2023-07-01,1933.8,1944.56,1909.44,1924.5,178373.3688,30471.99,30661.6,30320.57,30585.9,17501.75075,45033130633,4057052916,5821897272.0,1.0002,,,59.0,5.12,13.0,0.0,56.0,-0.00481561414669504,0.0037308892745919983,0.02488433145373699,0.49381738644161394,0.4729723785472622,0.36151877712740005,-0.14296065754351128,0,0,0,0,0.00019999999999997797,0.00019999999999997797,0.59,0.23,0.41,0.5804922536739913,,,0.040000000000000036
2023-07-02,1924.5,1959.2,1885.75,1937.48,255852.7832,30585.9,30791.0,30155.0,30617.03,23286.41019,44952908155,4056497872,5815617776.0,1.0001,,,63.0,5.12,14.0,0.0,56.0,0.006721965869777927,0.001017271646457164,-0.0017829987925534496,0.48747261247726087,0.47131680983650753,0.36146978051568623,-0.1444873961652532,0,0,0,0,9.999999999998899e-05,9.999999999998899e-05,0.63,0.2333333333333333,0.43166666666666664,0.7563986230891583,,,0.0
2023-07-03,1937.49,1976.16,1933.55,1955.54,322102.4295,30617.02,31380.0,30570.27,31156.2,43761.64311,45104980178,4078820369,5970839362.0,0.9999,13.57,119.2119,62.0,5.12,14.0,0.0,56.0,0.00927821051935302,0.01745687224902878,0.003377209267362018,0.4874609365884452,0.47210971355474884,0.35552388770420634,-0.14159326678170903,0,0,0,0,-9.999999999998899e-05,9.999999999998899e-05,0.62,0.2333333333333333,0.42666666666666664,0.715804845531812,,,0.0
2023-07-04,1955.55,1967.08,1931.58,1936.2,205525.0984,31156.2,31350.69,30620.0,30766.51,33206.11943,45347334770,4111560441,6038929815.0,0.9998,13.7,,64.0,5.12,14.0,0.0,56.0,-0.009939080826960508,-0.012586501609656327,0.005358738957543967,0.48893660442723025,0.47586233972367653,0.35596714991809436,-0.13698094209432024,0,0,0,0,-0.00019999999999997797,0.00019999999999997797,0.64,0.2333333333333333,0.43666666666666665,0.7969924006465046,0.129999999999999,,0.0
2023-07-05,1936.19,1942.5,1894.51,1910.36,267633.4783,30766.52,30878.07,30200.0,30504.81,33215.67122,45027632034,4080497986,6025072015.0,1.0,14.18,119.3483,61.0,5.12,14.0,0.0,56.0,-0.013435583330342312,-0.008542384639438915,-0.007075058080869423,0.46595818332652233,0.4326567979597966,0.3566600942789201,-0.14306530307015247,0,0,0,0,0.0,0.0,0.61,0.2333333333333333,0.42166666666666663,0.6752110679744657,0.4800000000000004,,0.0
2023-07-06,1910.35,1958.0,1846.0,1846.17,456362.741,30504.8,31500.0,29850.45,29895.43,71319.6261,44507230251,4050420015,5938297686.0,1.0,15.44,119.8193,56.0,5.12,14.0,0.0,56.0,-0.03417848312536383,-0.02017875019166179,-0.011624692996997263,0.46106166667983506,0.40039060220503936,0.33376993207659517,-0.1529692292606331,0,0,0,0,0.0,0.0,0.56,0.2333333333333333,0.39666666666666667,0.47224218018773484,1.2599999999999998,0.0039386656795361834,0.0
2023-07-07,1846.17,1878.0,1826.0,1870.91,232944.3466,29895.42,30449.0,29701.02,30344.7,34070.53895,43554061976,3961197465,5795884538.0,0.9999,14.83,119.0761,55.0,5.12,14.0,0.0,56.0,0.013311720667936329,0.014916247025860701,-0.021648683025774874,0.4524959224743248,0.38005589113069893,0.32860523323469404,-0.17110926749856464,0,0,0,0,-9.999999999998899e-05,9.999999999998899e-05,0.55,0.2333333333333333,0.39166666666666666,0.43164840263038856,-0.6099999999999994,-0.006221990022691867,0.0
2023-07-08,1870.92,1876.0,1842.8,1865.24,125819.8273,30344.7,30386.81,30044.47,30284.63,13094.59042,43987584052,4015239047,5875631829.0,0.9998,,,58.0,5.12,14.0,0.0,56.0,-0.0030352123725826893,-0.0019815498424806542,0.009904442962516797,0.4520247728832772,0.38073479291694867,0.3176990767083754,-0.16285877569990773,0,0,0,0,-0.00019999999999997797,0.00019999999999997797,0.58,0.2333333333333333,0.4066666666666666,0.5534297353024269,,,0.0
2023-07-09,1865.24,1879.36,1856.15,1862.8,135046.3743,30284.63,30445.52,30061.12,30160.71,15388.50196,44040770131,4005899806,5861470758.0,0.9999,,,55.0,5.12,14.0,0.0,59.0,-0.0013089990173964256,-0.004100239112277894,0.0012083853200587373,0.45191846455542867,0.3814835238978194,0.3176690572420669,-0.16184657509263756,0,0,0,0,-9.999999999998899e-05,9.999999999998899e-05,0.55,0.24333333333333332,0.39666666666666667,0.47224218018773484,,,0.0
2023-07-10,1862.81,1905.5,1846.63,1880.4,247868.1494,30160.71,31045.78,29950.0,30411.57,41262.87652,43952902575,4004894266,5853085784.0,0.9999,15.07,118.9548,56.0,5.12,14.0,0.0,59.0,0.009403788041753397,0.008283044133908972,-0.001997134168927866,0.415306695463382,0.36732530193416035,0.314786632679109,-0.16351880954223,0,0,0,0,-9.999999999998899e-05,9.999999999998899e-05,0.56,0.24333333333333332,0.40166666666666667,0.5128359577450811,,,0.0
2023-07-11,1880.41,1891.99,1862.38,1878.3,177771.6117,30411.57,30813.63,30300.0,30622.1,28476.83311,44070276048,4026106572,5862644727.0,0.9999,14.84,118.7344,57.0,5.12,14.0,0.0,59.0,-0.0011174077306010499,0.006898842392956891,0.0026668780746576196,0.4154469373900347,0.3672741018388426,0.2734715118963842,-0.1612850389225156,0,0,0,0,-9.999999999998899e-05,9.999999999998899e-05,0.57,0.24333333333333332,0.4066666666666666,0.5534297353024269,-0.23000000000000043,-0.001854523160225053,0.0
2023-07-12,1878.31,1902.0,1864.37,1871.82,264406.8673,30622.1,30983.25,30210.0,30380.0,38108.99669,44208878253,4030040034,5896732749.0,1.0,13.54,117.6385,64.0,5.12,14.0,0.0,59.0,-0.0034558928510683502,-0.007937473335964864,0.003140091678138186,0.41494383246583516,0.3696662448111928,0.2734748224141138,-0.1586472577830189,0,0,0,0,0.0,0.0,0.64,0.24333333333333332,0.44166666666666665,0.8375861782038508,-1.3000000000000007,-0.009272703024654431,0.0
2023-07-13,1871.82,2012.63,1862.59,2004.49,548861.4207,30380.0,31804.2,30251.0,31454.23,70772.51836,43997052886,4030979529,5890989154.0,0.9996,13.61,117.1831,57.0,5.12,14.0,0.0,59.0,0.06847844472655594,0.034748976139702924,-0.0048029825540036345,0.47426706546154335,0.38322914451196466,0.27310137728935013,-0.16267857141139566,0,0,0,0,-0.00039999999999995595,0.00039999999999995595,0.57,0.24333333333333332,0.4066666666666666,0.5534297353024269,0.07000000000000028,-0.003878694046287106,0.0
2023-07-14,2004.49,2029.11,1898.39,1937.83,498724.0359,31454.23,31630.0,29900.0,30312.01,60749.48424,45736856843,3932717645,6252526729.0,0.9994,13.34,117.0463,60.0,5.12,14.0,0.0,59.0,-0.03382087398995878,-0.03698946968873567,0.038781816516524945,0.4495795184402245,0.3904072274768048,0.30223217974688016,-0.12956782786877769,0,0,0,0,-0.0006000000000000449,0.0006000000000000449,0.6,0.24333333333333332,0.42166666666666663,0.6752110679744657,-0.2699999999999996,-0.0011680857787659236,0.0
2023-07-15,1937.82,1946.37,1926.23,1931.41,135181.7663,30312.0,30390.9,30200.0,30289.52,14118.55329,44664257050,3831622538,6071375880.0,0.9997,,,56.0,5.12,14.0,0.0,59.0,-0.0033184841941049197,-0.0007422255191403193,-0.023730905142060284,0.45028998377985996,0.3885627650409908,0.28760417769237384,-0.14458919449287483,0,0,0,0,-0.00029999999999996696,0.00029999999999996696,0.56,0.24333333333333332,0.40166666666666667,0.5128359577450811,,,0.0
2023-07-16,1931.41,1943.55,1914.0,1922.11,148667.1051,30289.52,30441.46,30064.29,30231.99,15760.1281,44820054189,3844996135,6148441221.0,0.9995,,,57.0,5.12,13.0,0.0,52.0,-0.004826765168303919,-0.0019011428276580337,0.0034821142223564845,0.44209298995420626,0.38021005497060145,0.28717926329489957,-0.14031568243144002,0,0,0,0,-0.0004999999999999449,0.0004999999999999449,0.57,0.21666666666666667,0.3933333333333333,0.4451796618161705,,,0.0
2023-07-17,1922.12,1936.18,1873.26,1911.2,277159.0349,30232.0,30336.96,29659.2,30138.0,30882.76839,44567300819,3847513382,6052594898.0,0.9999,13.48,117.1267,54.0,5.12,13.0,0.0,52.0,-0.005692223930894661,-0.0031138012758330853,-0.005655252772708926,0.4432420697929993,0.3810786483168621,0.28374950608984967,-0.1451636932679582,0,0,0,0,-9.999999999998899e-05,9.999999999998899e-05,0.54,0.21666666666666667,0.37833333333333335,0.32339832914413214,,,0.0
2023-07-18,1911.21,1917.19,1875.73,1897.21,215780.5006,30138.01,30239.78,29512.0,29859.13,30003.8601,44455375277,3843279642,5980660976.0,0.9998,13.3,117.0264,56.0,5.12,13.0,0.0,52.0,-0.007346931096489898,-0.00929617827722886,-0.0025145413704249476,0.44410519254537706,0.38212584044033604,0.28372350213200564,-0.10730293271798517,0,0,0,0,-0.00019999999999997797,0.00019999999999997797,0.56,0.21666666666666667,0.38833333333333336,0.4045858842588247,-0.17999999999999972,-0.0008567044906476712,0.0
2023-07-19,1897.21,1922.04,1882.17,1888.63,218045.0005,29859.14,30189.09,29761.96,29909.21,25657.36137,44104449327,3824943066,5885925878.0,0.9999,13.76,117.3462,50.0,5.12,13.0,0.0,52.0,-0.004532687429924358,0.0016758040032582482,-0.007925214132785201,0.44434589716456846,0.37844595167705564,0.28556727802323467,-0.11308000038181734,0,0,0,0,-9.999999999998899e-05,9.999999999998899e-05,0.5,0.21666666666666667,0.35833333333333334,0.16102321891474702,0.4599999999999991,0.0027289896384881467,0.0
2023-07-20,1888.64,1929.05,1878.0,1891.59,292907.5164,29909.21,30417.46,29570.96,29800.0,37540.68193,43832406600,3817726613,5816346500.0,1.0,13.99,117.5947,56.0,5.12,13.0,0.0,52.0,0.0015660467406395737,-0.00365806621063334,-0.0061872486113888495,0.432439867197138,0.3342354748445269,0.28647967647256806,-0.11855065332066407,0,0,0,0,0.0,0.0,0.56,0.21666666666666667,0.38833333333333336,0.4045858842588247,0.23000000000000043,0.002115426412943676,0.0
2023-07-21,1891.59,1905.74,1884.64,1891.73,165554.0428,29800.0,30061.7,29726.34,29901.72,23881.40865,43855045633,3818998046,5845830587.0,1.0,13.6,117.9418,50.0,5.12,13.0,0.0,52.0,7.400907143141417e-05,0.0034076103143899864,0.0005163574246143144,0.3913699920206363,0.2661610409784359,0.2677377984506795,-0.11809539287764514,0,0,0,0,0.0,0.0,0.5,0.21666666666666667,0.35833333333333334,0.16102321891474702,-0.39000000000000057,0.0029473160317993415,0.0
2023-07-22,1891.73,1897.35,1851.18,1866.52,131901.6487,29901.72,29999.0,29625.1,29794.0,14660.40467,43910672060,3835809809,5886543450.0,1.0,,,52.0,5.12,13.0,0.0,52.0,-0.013416019757593498,-0.0036089728683473903,0.0012676119084024198,0.39292793263479014,0.26615592486292033,0.2373430726091388,-0.116976771256325,0,0,0,0,0.0,0.0,0.52,0.21666666666666667,0.36833333333333335,0.24221077402943958,,,0.0
2023-07-23,1866.52,1905.25,1857.82,1888.73,153501.0178,29793.99,30350.0,29730.0,30083.75,18292.78637,43382797782,3799845881,5817966584.0,1.0,,,54.0,5.12,13.0,0.0,48.0,0.011828910977324096,0.009678127907075769,-0.012094391790750034,0.3932491432358528,0.2509865217789431,0.23792851921134398,-0.127592077911012,0,0,0,0,0.0,0.0,0.54,0.2033333333333333,0.3716666666666667,0.2692732924010039,,,0.0
2023-07-24,1888.74,1890.86,1833.19,1850.0,276504.5547,30083.75,30099.58,28861.9,29176.5,39628.99691,43711202319,3843490851,5879236994.0,1.0001,13.91,117.8124,55.0,5.12,13.0,0.0,48.0,-0.020719006444616717,-0.030621568131757492,0.007541417159916358,0.3985810930130786,0.27157729653537466,0.2386650525682429,-0.12098801514013097,0,0,0,0,9.999999999998899e-05,9.999999999998899e-05,0.55,0.2033333333333333,0.3766666666666667,0.30986706995835017,,,0.0
2023-07-25,1850.0,1868.71,1845.45,1857.66,152251.21,29176.5,29376.0,29047.65,29228.91,21565.7478,42819918595,3779588011,5762592863.0,1.0001,13.86,117.8565,50.0,5.12,13.0,0.0,48.0,0.0041319920912332355,0.0017946972401168204,-0.02060103316095797,0.39616486077493857,0.2718094384396101,0.24839710634050782,-0.13891131703397966,0,0,0,0,9.999999999998899e-05,9.999999999998899e-05,0.5,0.2033333333333333,0.3516666666666667,0.10689818217161881,-0.05000000000000071,0.0003742538834335285,0.0
2023-07-26,1857.66,1888.0,1848.35,1872.0,272090.5333,29228.91,29690.0,29096.94,29351.96,33931.63366,42790991546,3766185237,5777791941.0,1.0001,13.19,117.76,51.0,5.12,13.0,0.0,48.0,0.007689746873933568,0.004201036310069169,-0.0006757795251380562,0.3901476375577226,0.2718567493828561,0.24642911053190356,-0.13949302655942494,0,0,0,0,9.999999999998899e-05,9.999999999998899e-05,0.51,0.2033333333333333,0.3566666666666667,0.1474919597289651,-0.6699999999999999,-0.000819127738470874,0.0
2023-07-27,1871.99,1886.11,1854.84,1861.28,163766.4259,29351.95,29567.49,29083.85,29222.78,22476.47626,43010204427,3798090514,5812263565.0,1.0002,14.41,117.8938,51.0,5.12,13.0,0.0,48.0,-0.005742954969081114,-0.004410782171051959,0.005109797258303594,0.3862616319641711,0.2666389072881573,0.2459503584544806,-0.13508475729635544,0,0,0,0,0.00019999999999997797,0.00019999999999997797,0.51,0.2033333333333333,0.3566666666666667,0.1474919597289651,1.2200000000000006,0.001135564241934345,0.0
2023-07-28,1861.29,1883.39,1856.52,1874.19,138695.7147,29222.78,29542.22,29123.12,29314.14,23993.61627,42980541863,3812371634,5794685870.0,1.0001,13.33,117.788,52.0,5.12,13.0,0.0,48.0,0.006912142997172488,0.0031214513568593983,-0.0006899013313941414,0.3685467195709949,0.25844691224478905,0.245576702803507,-0.1356812576869736,0,0,0,0,9.999999999998899e-05,9.999999999998899e-05,0.52,0.2033333333333333,0.3616666666666667,0.18808573728631137,-1.08,-0.0008978207660240036,0.0
2023-07-29,1874.2,1886.58,1869.54,1880.46,72867.0269,29314.14,29406.92,29256.18,29352.9,10851.36844,43279331209,3821625489,5840257617.0,1.0,,,52.0,5.12,13.0,0.0,48.0,0.003339861679952561,0.0013213554199944793,0.006927683297833207,0.3660525090907974,0.25426621036399377,0.2380790375882668,-0.12967274265767456,0,0,0,0,0.0,0.0,0.52,0.2033333333333333,0.3616666666666667,0.18808573728631137,,,0.0
2023-07-30,1880.45,1885.3,1848.17,1861.79,158657.5902,29352.9,29449.0,29033.24,29281.09,15706.97441,43587430635,3825941673,5851009530.0,1.0001,,,52.0,5.12,14.0,0.0,46.0,-0.009978037223819103,-0.002449433712539638,0.007093638842171084,0.33351066585820976,0.2541927570421042,0.2361678592620193,-0.12347700624196112,0,0,0,0,9.999999999998899e-05,9.999999999998899e-05,0.52,0.2,0.36,0.17455447810052896,,,0.0
2023-07-31,1861.79,1877.4,1851.02,1856.14,168204.4534,29281.09,29530.0,29101.8,29232.25,22605.48964,41326686542,3796091689,5437049050.0,1.0001,13.63,117.8241,50.0,5.12,14.0,0.0,46.0,-0.0030393279859110174,-0.0016693633056041337,-0.05326036606593078,0.3333301404596031,0.2535368996224122,0.2839270244961871,-0.1689395203578075,0,0,0,0,9.999999999998899e-05,9.999999999998899e-05,0.5,0.2,0.35,0.09336692298583642,,,0.0
2023-08-01,1856.13,1875.62,1813.8,1873.47,358476.0966,29232.26,29739.25,28585.7,29705.99,44719.65162,40643848904,3745722761,5239073860.0,1.0005,13.93,118.5738,53.0,5.33,14.0,0.0,46.0,0.009293263759436142,0.016076157104390566,-0.01666094846871702,0.3342192982275605,0.2607634588287513,0.2879291798879701,-0.18267106823734283,0,0,0,0,0.0004999999999999449,0.0004999999999999449,0.53,0.2,0.365,0.21514825565787524,0.29999999999999893,0.006342717201560786,0.20999999999999996
2023-08-02,1873.48,1879.74,1821.21,1839.9,254213.0553,29705.99,30047.5,28927.5,29186.01,48181.65141,40270781452,3773107317,5098143972.0,1.0006,16.09,119.1268,53.0,5.33,14.0,0.0,46.0,-0.018081103995239624,-0.017659224099430867,-0.009221326080027648,0.33711797335437266,0.25822391137467515,0.2875727279582067,-0.19017328149324753,0,0,0,0,0.0005999999999999339,0.0005999999999999339,0.53,0.2,0.365,0.21514825565787524,2.16,0.004652920503259669,0.0
2023-08-03,1839.9,1859.12,1826.0,1835.81,171148.052,29186.0,29433.33,28968.0,29193.64,26476.91994,39835231119,3727695610,4961698157.0,1.0008,15.92,119.3963,52.0,5.33,14.0,0.0,46.0,-0.0022254213134208136,0.0002613924558795061,-0.010874455265843382,0.33591232582800407,0.2555807228899575,0.2866536203757986,-0.19893199647717036,0,0,0,0,0.0007999999999999119,0.0007999999999999119,0.52,0.2,0.36,0.17455447810052896,-0.16999999999999993,0.0022597401650555652,0.0
2023-08-04,1835.81,1851.31,1815.74,1830.23,187699.4552,29193.65,29333.08,28807.54,29113.99,23551.95217,40289804686,3697663665,4940999862.0,1.0014,17.1,118.821,54.0,5.33,14.0,0.0,46.0,-0.003044158988505136,-0.002732062666357572,0.011346726763992376,0.3333176422694277,0.2544379689793714,0.2915846732185272,-0.16813498983592157,0,0,0,0,0.0014000000000000679,0.0014000000000000679,0.54,0.2,0.37,0.25574203321522154,1.1800000000000015,-0.004830053219900956,0.0
2023-08-05,1830.24,1839.0,1827.5,1836.48,93657.3255,29114.0,29152.23,28978.64,29072.13,11645.52018,40241185081,3649840491,4909377380.0,1.0009,,,50.0,5.33,14.0,0.0,46.0,0.0034090539218758144,-0.0014388313646510047,-0.001207475806467614,0.3119340006998588,0.24541048737312768,0.29028506586523495,-0.16094665115465376,0,0,0,0,0.0008999999999999009,0.0008999999999999009,0.5,0.2,0.35,0.09336692298583642,,,0.0
2023-08-06,1836.48,1838.58,1825.86,1830.28,90403.9915,29072.13,29205.09,28991.88,29088.42,13178.1972,40362548625,3661586167,4929548845.0,1.0015,,,49.0,5.33,14.0,0.0,43.0,-0.003381735324192536,0.0005601735343276643,0.003011365110114525,0.3082626016256527,0.23876147194621986,0.28339128572212957,-0.15345649249571955,0,0,0,0,0.0015000000000000568,0.0015000000000000568,0.49,0.19,0.33999999999999997,0.01217936787114386,,,0.0
2023-08-07,1830.28,1847.0,1802.0,1829.1,224092.9059,29088.43,29276.78,28701.03,29211.06,30966.87746,40440836841,3653702691,4932171388.0,1.0011,15.77,119.0809,49.0,5.33,14.0,0.0,43.0,-0.0006449180139251584,0.004207247848642796,0.0019377465447837307,0.30815053910874557,0.2395493762382645,0.2803352660213569,-0.15181451538509072,0,0,0,0,0.001100000000000101,0.001100000000000101,0.49,0.19,0.33999999999999997,0.01217936787114386,,,0.0
2023-08-08,1829.1,1876.51,1826.33,1856.3,236336.03,29211.06,30244.0,29146.45,29770.42,45700.53392,40759474943,3664606764,4935394228.0,1.0004,15.99,119.6407,54.0,5.33,14.0,0.0,43.0,0.01476121663329752,0.01896787840738051,0.007848239262554211,0.3127828674031718,0.24935103164784617,0.28247938416453555,-0.1451315623585687,0,0,0,0,0.00039999999999995595,0.00039999999999995595,0.54,0.19,0.365,0.21514825565787524,0.22000000000000064,0.0046899905673684905,0.0
2023-08-09,1856.3,1871.99,1846.28,1855.35,191926.8343,29770.41,30160.0,29376.67,29581.99,38003.88725,41263791714,3718167872,4995959436.0,1.0007,15.96,119.476,50.0,5.33,14.0,0.0,43.0,-0.0005119017260491729,-0.006349552885029144,0.012297074883468088,0.3108907756721731,0.24813323340902574,0.28721177836540707,-0.1345542796358632,0,0,0,0,0.0006999999999999229,0.0006999999999999229,0.5,0.19,0.345,0.05277314542849014,-0.02999999999999936,-0.0013775702495553675,0.0
2023-08-10,1855.36,1865.95,1845.38,1852.47,127321.4553,29581.99,29738.0,29320.2,29455.75,23463.45373,41269439652,3714955771,4945941001.0,1.0011,15.85,119.1581,53.0,5.33,14.0,0.0,43.0,-0.0015534737819997478,-0.004276592986209428,0.0001368645796446861,0.3109063306901535,0.24675802538146996,0.28681808725108116,-0.13443582266504334,0,0,0,0,0.001100000000000101,0.001100000000000101,0.53,0.19,0.36,0.17455447810052896,-0.11000000000000121,-0.002664331611076434,0.0
2023-08-11,1852.47,1857.26,1838.05,1848.84,113209.3103,29455.76,29564.52,29252.45,29426.03,20637.0443,41552385832,3708687530,4902114568.0,1.0011,14.84,119.6268,51.0,5.33,14.0,0.0,43.0,-0.0019614683254447346,-0.0010094804377126705,0.0068326743375797085,0.3107688485754664,0.24559107948951225,0.2879684608370609,-0.12850145380549668,0,0,0,0,0.001100000000000101,0.001100000000000101,0.51,0.19,0.35,0.09336692298583642,-1.0099999999999998,0.003925713911866307,0.0
2023-08-12,1848.84,1854.01,1846.08,1849.93,63292.6476,29426.02,29481.35,29381.56,29430.17,8971.48068,41708348861,3713842360,5025463311.0,1.0006,,,54.0,5.33,14.0,0.0,43.0,0.0005893851369798252,0.0001406818655240356,0.0037463808598755797,0.18687932769300172,0.20901795307775367,0.28848921667900596,-0.12523036478588817,0,0,0,0,0.0005999999999999339,0.0005999999999999339,0.54,0.19,0.365,0.21514825565787524,,,0.0
2023-08-13,1849.94,1862.0,1834.51,1840.73,120674.1364,29430.18,29474.65,29272.32,29303.84,11101.70947,41727934887,3734437084,4970025271.0,1.0008,,,54.0,5.33,15.0,1.0,48.0,-0.0049855684653567585,-0.004301773191170979,0.00046948462898723637,0.1497751607129032,0.16756111784987848,0.24892894637054916,-0.12481957746662956,0,0,0,0,0.0007999999999999119,0.0007999999999999119,0.54,0.21333333333333332,0.3766666666666667,0.30986706995835017,,,0.0
2023-08-14,1840.73,1856.5,1835.0,1845.5,150196.1203,29303.85,29695.32,29102.45,29430.93,31443.11532,41595659476,3718623052,4926053488.0,1.001,14.82,120.0725,50.0,5.33,15.0,1.0,48.0,0.0025880114167464037,0.0043275966976988696,-0.0031749835836607366,0.15039425177267587,0.16863753940214238,0.2375067441623069,-0.127593854468433,0,0,0,0,0.0009999999999998899,0.0009999999999998899,0.5,0.21333333333333332,0.3566666666666667,0.1474919597289651,,,0.0
2023-08-15,1845.5,1847.36,1814.0,1828.98,186081.6989,29430.92,29499.26,29059.6,29200.0,27503.87691,41605250199,3729610900,4948080328.0,1.001,16.46,120.2127,53.0,5.33,15.0,1.0,48.0,-0.008991809076098535,-0.0078774528796102,0.00023054370631148412,0.15223842405807206,0.17033782358971436,0.23676756794389014,-0.12739270353608345,0,0,0,0,0.0009999999999998899,0.0009999999999998899,0.53,0.21333333333333332,0.3716666666666667,0.2692732924010039,1.6400000000000006,0.001166946744201947,0.0
2023-08-16,1828.98,1831.52,1798.17,1807.81,205430.7368,29200.01,29259.85,28723.08,28730.51,32996.69854,41032199771,3701415052,4868724732.0,1.0012,16.78,120.3551,52.0,5.33,15.0,1.0,48.0,-0.011642266459590973,-0.016209084961303622,-0.013869247271954347,0.1556016771441386,0.1781746096731124,0.23986682797045472,-0.1394115709223584,0,0,0,0,0.0012000000000000899,0.0012000000000000899,0.52,0.21333333333333332,0.3666666666666667,0.22867951484365764,0.3200000000000003,0.0011838659756758078,0.0
2023-08-17,1807.81,1809.99,1550.0,1681.49,812138.2159,28730.51,28783.48,25166.0,26623.41,100271.54033,40114347343,3603956099,4765286685.0,1.0003,17.89,120.5242,50.0,5.33,15.0,1.0,48.0,-0.07243586284279085,-0.07616872037641167,-0.02262305931508742,0.29113044927827153,0.31483291227186094,0.24966800913231604,-0.15866213958662692,0,0,0,0,0.00029999999999996696,0.00029999999999996696,0.5,0.21333333333333332,0.3566666666666667,0.1474919597289651,1.1099999999999994,0.0014040229092216183,0.0
2023-08-18,1681.49,1699.4,1641.02,1661.59,538083.1018,26623.41,26832.6,25619.0,26054.0,69790.65711,38433007842,3397404233,4628595491.0,1.0003,17.3,120.4321,37.0,5.33,15.0,1.0,48.0,-0.011905329843399048,-0.021619596661148415,-0.04281738983772442,0.2924256699380102,0.32015249423528747,0.28477915742869464,-0.19392569669512053,0,0,0,0,0.00029999999999996696,0.00029999999999996696,0.37,0.21333333333333332,0.29166666666666663,-0.3802271485165365,-0.5899999999999999,-0.0007644540066824316,0.0
2023-08-19,1661.6,1696.72,1654.31,1669.67,231919.0485,26054.0,26281.0,25801.09,26100.01,26160.75343,38104411392,3338251565,4578056350.0,1.0003,,,39.0,5.33,15.0,1.0,48.0,0.004851026845808832,0.0017643901949644589,-0.008586609588716964,0.2934733169450195,0.32091105451368596,0.2850715595939972,-0.20081751103323095,0,0,0,0,0.00029999999999996696,0.00029999999999996696,0.39,0.21333333333333332,0.30166666666666664,-0.29903959340184394,,,0.0
2023-08-20,1669.68,1694.75,1662.03,1685.24,195623.5263,26100.01,26299.0,25971.05,26189.99,19056.91209,38263943410,3346252284,4557943269.0,1.0,,,37.0,5.33,13.0,0.0,43.0,0.009281984784250725,0.003441579224086804,0.004177967444018904,0.2968829484076115,0.32092150348416565,0.28619360223234785,-0.19747156785873807,0,0,0,0,0.0,0.0,0.37,0.18666666666666668,0.2783333333333333,-0.4884772220027929,,,0.0
2023-08-21,1685.23,1688.59,1649.4,1667.55,250835.1518,26190.0,26258.42,25812.0,26126.92,30267.24233,38090931454,3353208209,4607343990.0,1.0001,17.13,120.4627,38.0,5.33,13.0,0.0,43.0,-0.010552503530499763,-0.0024110762869472635,-0.004531793219640968,0.2958883497049952,0.32098670395446055,0.2854247219000102,-0.2011002323772541,0,0,0,0,9.999999999998899e-05,9.999999999998899e-05,0.38,0.18666666666666668,0.2833333333333333,-0.44788344444544664,,,0.0
2023-08-22,1667.56,1669.38,1580.0,1634.99,402012.045,26126.92,26139.42,25300.0,26056.0,34247.06688,37909802775,3348273266,4626079461.0,1.0005,16.97,120.3554,37.0,5.33,13.0,0.0,43.0,-0.01971879524303507,-0.0027181324335439115,-0.0047665071599147695,0.29543416238549286,0.31704249942474894,0.28418987536290186,-0.20489913290394943,0,0,0,0,0.0004999999999999449,0.0004999999999999449,0.37,0.18666666666666668,0.2783333333333333,-0.4884772220027929,-0.16000000000000014,-0.0008911290895549487,0.0
2023-08-23,1635.0,1702.11,1629.05,1679.61,374761.1088,26055.99,26819.27,25812.82,26432.72,44023.69978,37426285757,3336862369,4548420658.0,1.0002,15.98,120.0307,37.0,5.33,13.0,0.0,43.0,0.026924935486139112,0.01435456870308414,-0.012836441781516657,0.30954458707442706,0.30965030006316885,0.2822090097063936,-0.21504017221637292,0,0,0,0,0.00019999999999997797,0.00019999999999997797,0.37,0.18666666666666668,0.2783333333333333,-0.4884772220027929,-0.9899999999999984,-0.0027014889585783076,0.0
2023-08-24,1679.61,1683.37,1635.28,1661.16,231539.7805,26432.71,26577.87,25864.0,26180.05,30205.22116,38148617689,3438396718,4644125172.0,1.0004,17.2,120.2354,41.0,5.33,13.0,0.0,43.0,-0.011045470103193834,-0.009604966342235453,0.019116238216017052,0.3095340839705214,0.30984628810817877,0.28880982187528126,-0.19989035070785505,0,0,0,0,0.00039999999999995595,0.00039999999999995595,0.41,0.18666666666666668,0.29833333333333334,-0.32610211177340787,1.2199999999999989,0.001703944497601907,0.0
2023-08-25,1661.16,1677.22,1635.51,1653.8,236261.6898,26180.05,26314.05,25777.15,26060.01,27753.33772,37874496574,3393346173,4560615251.0,1.0005,15.68,120.5137,39.0,5.33,13.0,0.0,43.0,-0.0044404831995776915,-0.004595714908301547,-0.00721155153041323,0.3067826560456415,0.30854957363092844,0.2888053426771147,-0.20563962715541198,0,0,0,0,0.0004999999999999449,0.0004999999999999449,0.39,0.18666666666666668,0.28833333333333333,-0.40728966688810037,-1.5199999999999996,0.00231195152100026,0.0
2023-08-26,1653.79,1655.59,1644.0,1647.04,79175.425,26060.0,26125.77,25985.92,26017.37,10022.22322,37671604615,3381887955,4534169538.0,1.0006,,,38.0,5.33,13.0,0.0,43.0,-0.004095932823676615,-0.0016375635459644805,-0.005371354540263185,0.30672752374617485,0.3086507861504618,0.28692084720438243,-0.20989497961622985,0,0,0,0,0.0005999999999999339,0.0005999999999999339,0.38,0.18666666666666668,0.2833333333333333,-0.44788344444544664,,,0.0
2023-08-27,1647.03,1660.24,1646.32,1658.33,87789.9196,26017.38,26182.23,25966.11,26101.77,12099.64216,37634960779,3384347063,4527205867.0,1.0005,,,38.0,5.33,14.0,0.0,44.0,0.0068313344079224,0.00323873624067934,-0.0009731910810272868,0.3066912151555782,0.3086845065775972,0.2868762202916611,-0.20168098632464232,0,0,0,0,0.0004999999999999449,0.0004999999999999449,0.38,0.19333333333333333,0.2866666666666667,-0.42082092607388233,,,0.0
2023-08-28,1658.33,1664.34,1621.75,1653.08,214351.0143,26101.78,26253.99,25864.5,26120.0,22692.62655,37865763450,3342366245,4558119581.0,1.0006,15.08,120.3155,39.0,5.33,14.0,0.0,44.0,-0.0031708573681733664,0.000698176287035663,0.006113938437318949,0.30554767790937,0.30856025422351896,0.28648460878244614,-0.19611112875050016,0,0,0,0,0.0005999999999999339,0.0005999999999999339,0.39,0.19333333333333333,0.2916666666666667,-0.38022714851653605,,,0.0
2023-08-29,1653.08,1745.84,1640.0,1729.42,494371.0823,26120.0,28142.85,25922.0,27716.34,74251.99488,37874215594,3341532608,4570131599.0,1.0,14.45,120.2669,39.0,5.33,14.0,0.0,44.0,0.04514587765984236,0.059320826564098275,0.00022318844398336492,0.34992141266267,0.37930405826094665,0.2839904476881021,-0.18601012124861346,0,0,0,0,0.0,0.0,0.39,0.19333333333333333,0.2916666666666667,-0.38022714851653605,-0.6300000000000008,-0.0004040195846502888,0.0
2023-08-30,1729.41,1730.93,1694.34,1705.23,202841.4402,27716.34,27768.57,27017.24,27299.99,35448.25848,39027594901,3424051089,4705615513.0,1.0,13.88,119.7937,49.0,5.33,14.0,0.0,44.0,-0.014086093183490871,-0.0151357950818478,0.029998404264450402,0.35226587097566747,0.3821298909640705,0.251358594137275,-0.1612217773176564,0,0,0,0,0.0,0.0,0.49,0.19333333333333333,0.3416666666666667,0.02571062705692625,-0.5699999999999985,-0.003942342999021115,0.0
2023-08-31,1705.23,1729.0,1630.0,1645.76,330518.2668,27299.99,27587.51,25655.01,25940.78,51032.80401,38519729121,3399259433,4663212186.0,1.0002,13.57,120.225,52.0,5.33,14.0,0.0,44.0,-0.035497715393938846,-0.05107008806335594,-0.013098402749991496,0.3671991923188668,0.4121318984141316,0.24902318034143506,-0.17213679161433978,0,0,0,0,0.00019999999999997797,0.00019999999999997797,0.52,0.19333333333333333,0.3566666666666667,0.1474919597289651,-0.3100000000000005,0.0035938905112329524,0.0
2023-09-01,1645.77,1654.53,1602.33,1629.12,302406.1686,25940.77,26156.0,25333.75,25805.05,41032.15056,37647909307,3294537712,4524606642.0,1.0004,13.09,120.759,40.0,5.33,14.0,0.0,44.0,-0.010162291872580201,-0.005246038619321044,-0.022893131730573116,0.36449285978298473,0.40941557644891646,0.2585430126021111,-0.1871610257566779,0,0,0,0,0.00039999999999995595,0.00039999999999995595,0.4,0.19333333333333333,0.2966666666666667,-0.3396333709591898,-0.4800000000000004,0.00443183675291384,0.0
2023-09-02,1629.13,1645.0,1628.03,1637.03,102145.9476,25805.04,25987.5,25752.47,25869.51,16250.77698,37489894495,3263246362,4493024570.0,1.0001,,,39.0,5.33,14.0,0.0,44.0,0.004843632695716121,0.0024948459526167835,-0.004206006482780782,0.3657714071701134,0.40978925386732185,0.2567819380549157,-0.18968607394727882,0,0,0,0,9.999999999998899e-05,9.999999999998899e-05,0.39,0.19333333333333333,0.2916666666666667,-0.38022714851653605,,,0.0
2023-09-03,1637.02,1647.5,1625.14,1635.84,116767.2862,25869.52,26135.0,25800.0,25971.21,17474.47667,37586968914,3275099419,4518906972.0,1.0002,,,40.0,5.33,13.0,0.0,38.0,-0.0007271905406814061,0.003923561650647033,0.0025860023631827946,0.3659225208722272,0.410711039917652,0.2528288419465863,-0.1781908178993576,0,0,0,0,0.00019999999999997797,0.00019999999999997797,0.4,0.17,0.28500000000000003,-0.4343521852596643,,,0.0
2023-09-04,1635.84,1644.82,1616.32,1630.51,168010.9056,25971.21,26108.02,25631.21,25826.02,21777.59609,37677442052,3280207686,4533379777.0,1.0003,13.82,,40.0,5.33,13.0,0.0,38.0,-0.0032635845704295906,-0.005606105973525642,0.0024041424204598047,0.36502016817573063,0.41066574538836237,0.25334124033664174,-0.17621269469096648,0,0,0,0,0.00029999999999996696,0.00029999999999996696,0.4,0.17,0.28500000000000003,-0.4343521852596643,,,0.0
2023-09-05,1630.52,1648.02,1609.69,1634.45,204365.4907,25826.03,25915.49,25562.62,25792.1,21323.39337,37504849329,3271034625,4528565646.0,1.0004,14.01,121.4345,40.0,5.33,13.0,0.0,38.0,0.0024135070031771496,-0.0013142673496244822,-0.0045913212545346,0.3656958621534236,0.4104588343377335,0.2527622902225248,-0.1799862973150483,0,0,0,0,0.00039999999999995595,0.00039999999999995595,0.4,0.17,0.28500000000000003,-0.4343521852596643,0.1899999999999995,,0.0
2023-09-06,1634.46,1670.0,1609.2,1633.15,219541.0193,25792.11,26040.0,25372.51,25759.95,27262.52386,37740739721,3278672983,4552560795.0,1.0006,14.45,121.8671,42.0,5.33,13.0,0.0,38.0,-0.0007956910690343726,-0.0012472832474370724,0.006269900142923945,0.3656800125292153,0.4095244878528243,0.25415616111922346,-0.17482874149940195,0,0,0,0,0.0005999999999999339,0.0005999999999999339,0.42,0.17,0.295,-0.3531646301449722,0.4399999999999995,0.0035560839376196523,0.0
2023-09-07,1633.15,1660.0,1623.4,1648.11,228558.2782,25759.95,26443.14,25615.38,26255.0,27687.49567,37618077690,3297357874,4529169051.0,1.0006,14.4,121.9528,41.0,5.33,13.0,0.0,38.0,0.009118511581993099,0.019035486849342184,-0.003255415717560044,0.36259628517598635,0.40957267353748766,0.2515113788737046,-0.17751064925316518,0,0,0,0,0.0005999999999999339,0.0005999999999999339,0.41,0.17,0.29,-0.39375840770231846,-0.049999999999998934,0.000702977923699028,0.0
2023-09-08,1648.11,1658.93,1616.21,1636.44,221570.0458,26255.0,26445.5,25647.26,25910.5,28999.76471,37992417028,3330133640,4617052781.0,1.0003,13.84,121.9475,46.0,5.33,13.0,0.0,38.0,-0.007106026156969444,-0.01320815513349337,0.009901863437312258,0.3625353628147982,0.4107251861509641,0.24985026009825956,-0.16932601734273486,0,0,0,0,0.00029999999999996696,0.00029999999999996696,0.46,0.17,0.315,-0.19078951991558707,-0.5600000000000005,-4.3460381154330944e-05,0.0
2023-09-09,1636.43,1637.52,1629.74,1635.54,58519.6229,25910.5,25945.09,25796.64,25901.61,10980.62277,37688413285,3292031524,4579462180.0,1.0003,,,41.0,5.33,13.0,0.0,38.0,-0.0005501256258888519,-0.0003431630206622342,-0.008033880623572215,0.3626439043955108,0.410971223370854,0.25028578074935887,-0.17597281740692702,0,0,0,0,0.00029999999999996696,0.00029999999999996696,0.41,0.17,0.29,-0.39375840770231846,,,0.0
2023-09-10,1635.53,1635.7,1600.0,1617.42,207957.8428,25901.6,26033.66,25570.57,25841.61,18738.26914,37622527442,3279358883,4585617117.0,1.0004,,,40.0,5.33,14.0,0.0,40.0,-0.011140737921668128,-0.0023191454606873935,-0.0017497022125305098,0.363358913243482,0.41086517514302445,0.24780910034922118,-0.17741335896460697,0,0,0,0,0.00039999999999995595,0.00039999999999995595,0.4,0.18,0.29000000000000004,-0.393758407702318,,,0.0
2023-09-11,1617.42,1619.0,1531.01,1551.85,417424.8189,25841.6,25900.69,24901.0,25162.52,41682.32,37359619175,3252486582,4559070701.0,1.0003,13.8,121.3386,40.0,5.33,14.0,0.0,40.0,-0.04138451952242031,-0.02663039767580389,-0.007012585162379684,0.3848799012049096,0.4177526915210158,0.24679174322984904,-0.18316163912960565,0,0,0,0,0.00029999999999996696,0.00029999999999996696,0.4,0.18,0.29000000000000004,-0.393758407702318,,,0.0
2023-09-12,1551.84,1626.0,1549.67,1592.97,329739.9685,25162.53,26567.0,25131.48,25840.1,56434.38537,36268623412,3125989595,4405058953.0,1.0,14.23,121.2913,30.0,5.33,14.0,0.0,40.0,0.026152430753237553,0.02657196307677719,-0.02963742124679038,0.40076404275084354,0.4322380357004088,0.2622916414928474,-0.20701539381032275,0,0,0,0,0.0,0.0,0.3,0.18,0.24,-0.7996961832757807,0.4299999999999997,-0.0003898942430359526,0.0
2023-09-13,1592.97,1619.3,1581.88,1607.62,223409.2889,25840.1,26405.22,25764.17,26222.0,31610.82753,36952813854,3189751333,4495263424.0,1.0,13.48,121.0549,41.0,5.33,14.0,0.0,40.0,0.009154626062353411,0.014671204201257093,0.0186887988390607,0.4029401527710676,0.43629116515399635,0.27465949923441263,-0.19205611393788624,0,0,0,0,0.0,0.0,0.41,0.18,0.295,-0.3531646301449722,-0.75,-0.0019509286713026341,0.0
2023-09-14,1607.61,1644.29,1607.05,1626.47,275301.1505,26222.0,26860.49,26126.77,26522.73,38333.1725,37282852471,3237798087,4540136496.0,0.9999,12.82,121.2395,45.0,5.33,14.0,0.0,40.0,0.011657197827190198,0.011403348118842957,0.008891704158018536,0.4065286346104306,0.4392236085702975,0.2779584905973581,-0.18484008205941857,0,0,0,0,-9.999999999998899e-05,9.999999999998899e-05,0.45,0.18,0.315,-0.19078951991558707,-0.6600000000000001,0.00152376642397032,0.0
2023-09-15,1626.48,1654.08,1611.42,1641.29,181340.024,26522.73,26888.0,26224.0,26600.0,26227.29369,37581179876,3265661741,4592992479.0,1.0,13.79,121.199,45.0,5.33,14.0,0.0,40.0,0.009070495757411094,0.0029091145916004006,0.007969888203190102,0.40798840005094034,0.4371571766599142,0.27829724161558156,-0.17831739061116136,0,0,0,0,0.0,0.0,0.45,0.18,0.315,-0.19078951991558707,0.9699999999999989,-0.00033410535353701137,0.0
2023-09-16,1641.3,1653.17,1631.31,1634.4,99555.4671,26599.99,26777.0,26445.0,26559.67,13960.93351,38742718445,3297545028,4629573426.0,0.9999,,,43.0,5.33,14.0,0.0,40.0,-0.004206753484545366,-0.0015173159554027868,0.0304394371715627,0.3228269174193087,0.34727867331065404,0.2922325616147421,-0.15292127358048763,0,0,0,0,-9.999999999998899e-05,9.999999999998899e-05,0.43,0.18,0.305,-0.2719770750302796,,,0.0
2023-09-17,1634.4,1635.0,1612.0,1622.48,120227.4117,26559.67,26623.25,26399.0,26527.51,12998.10277,38521684612,3290534992,4599661124.0,0.9998,,,46.0,5.33,16.0,0.0,39.0,-0.007319921657535613,-0.0012115920994153866,-0.005721507634258193,0.3212602366430655,0.3385326949032399,0.25148126549519795,-0.15775400254913402,0,0,0,0,-0.00019999999999997797,0.00019999999999997797,0.46,0.18333333333333332,0.32166666666666666,-0.13666448317245886,,,0.0
2023-09-18,1622.48,1669.5,1603.88,1636.66,279041.6978,26527.5,27409.0,26377.35,26762.51,43000.43256,38321101268,3248892445,4587408236.0,0.9999,14.0,121.1938,46.0,5.33,16.0,0.0,39.0,0.008701736946528362,0.008819719840065637,-0.005220627994597393,0.3223906413971597,0.33973039916221626,0.2502930715826918,-0.1621395978402258,0,0,0,0,-9.999999999998899e-05,9.999999999998899e-05,0.46,0.18333333333333332,0.32166666666666666,-0.13666448317245886,,,0.0
2023-09-19,1636.66,1661.04,1626.32,1643.12,184282.4258,26762.5,27483.57,26667.79,27210.26,36190.52187,38538760666,3239133791,4626621466.0,0.9998,14.11,121.1645,46.0,5.33,16.0,0.0,39.0,0.0039392937049882275,0.01659208048714994,0.005663813969396546,0.32085071025044143,0.34406899060037877,0.25064452609487264,-0.15738064820914044,0,0,0,0,-0.00019999999999997797,0.00019999999999997797,0.46,0.18333333333333332,0.32166666666666666,-0.13666448317245886,0.10999999999999943,-0.00024179077128980245,0.0
2023-09-20,1643.13,1649.34,1604.51,1622.26,232844.2347,27210.25,27388.63,26800.0,27125.0,34207.21867,38760878030,3254466647,4693248572.0,0.9999,15.14,120.9648,47.0,5.33,16.0,0.0,39.0,-0.012776634737105578,-0.003138296199427117,0.00574693437314573,0.3217901925143561,0.34417635196611407,0.2507465529412456,-0.1525242286969195,0,0,0,0,-9.999999999998899e-05,9.999999999998899e-05,0.47,0.18333333333333332,0.32666666666666666,-0.09607070561511258,1.0300000000000011,-0.00164953225637091,0.0
2023-09-21,1622.27,1625.3,1567.77,1583.94,240627.544,27125.01,27159.6,26377.7,26568.08,34476.82662,38455598686,3228643502,4669690500.0,1.0001,17.54,121.5528,47.0,5.33,16.0,0.0,39.0,-0.02390482489121464,-0.020745316649489014,-0.00790714488829475,0.3251818345899643,0.3524369583937549,0.25182655720615704,-0.15919891876248143,0,0,0,0,9.999999999998899e-05,9.999999999998899e-05,0.47,0.18333333333333332,0.32666666666666666,-0.09607070561511258,2.3999999999999986,0.004849142100980251,0.0
2023-09-22,1583.94,1602.68,1576.58,1593.08,124886.091,26568.08,26743.38,26468.77,26580.14,18198.2292,37749991197,3167907222,4574303705.0,1.0,17.2,121.5306,43.0,5.33,16.0,0.0,39.0,0.005753835491244665,0.0004538251782273123,-0.01851905236751803,0.3102965763924297,0.34895115234978163,0.25634712737255594,-0.1746264653344316,0,0,0,0,0.0,0.0,0.43,0.18333333333333332,0.30666666666666664,-0.25844581584449766,-0.33999999999999986,-0.00018265336145309016,0.0
2023-09-23,1593.07,1598.24,1587.45,1593.86,64537.1341,26580.14,26632.81,26509.0,26575.96,9440.7026,37937867180,3187240924,4612036992.0,1.0,,,47.0,5.33,16.0,0.0,39.0,0.0004894977725181305,-0.0001572726369548166,0.004964504820173738,0.30855719777521007,0.34716643775294287,0.24787680162867273,-0.1705187063853434,0,0,0,0,0.0,0.0,0.47,0.18333333333333332,0.32666666666666666,-0.09607070561511258,,,0.0
2023-09-24,1593.85,1601.12,1570.01,1580.71,137517.8533,26575.97,26738.54,26122.08,26248.38,15706.65771,37858433737,3183074770,4598924616.0,0.9999,,,44.0,5.33,14.0,0.0,39.0,-0.00828463395836899,-0.01240277490489352,-0.0020959722603587252,0.30932770156411776,0.3496678143410423,0.2466909743270979,-0.1722554554425134,0,0,0,0,-9.999999999998899e-05,9.999999999998899e-05,0.44,0.17666666666666667,0.30833333333333335,-0.24491455665871528,,,0.0
2023-09-25,1580.71,1597.5,1563.01,1588.33,176706.9277,26248.39,26446.15,25990.46,26304.81,26266.2039,37476467124,3143072546,4547918227.0,1.0002,16.9,122.1143,47.0,5.33,14.0,0.0,39.0,0.004809036607637084,0.002147539347757194,-0.010140582434154308,0.30994842791628013,0.3496612508145876,0.2485484333589479,-0.18060685165478851,0,0,0,0,0.00019999999999997797,0.00019999999999997797,0.47,0.17666666666666667,0.3233333333333333,-0.1231332239866769,,,0.0
2023-09-26,1588.34,1599.78,1580.05,1594.01,125583.0161,26304.8,26397.46,26088.34,26221.67,18495.35066,37695045233,3163220744,4628422403.0,1.0005,18.94,122.4742,46.0,5.33,14.0,0.0,39.0,0.003569704074099457,-0.0031656440496646743,0.0058154670078021725,0.30909100696050185,0.3497126460172352,0.24939990492279948,-0.17582781513834603,0,0,0,0,0.0004999999999999449,0.0004999999999999449,0.46,0.17666666666666667,0.31833333333333336,-0.16372700154402273,2.0400000000000027,0.002942904181908187,0.0
2023-09-27,1594.02,1634.1,1583.5,1598.64,274404.4328,26221.68,26850.0,26112.06,26372.99,34771.57978,37715187401,3166267257,4636654447.0,1.0007,18.22,122.9895,44.0,5.33,14.0,0.0,39.0,0.002900413916830404,0.005754212215801185,0.000534202528634485,0.3093584349753973,0.3502561532729608,0.24845087192185553,-0.17538742265424634,0,0,0,0,0.0006999999999999229,0.0006999999999999229,0.44,0.17666666666666667,0.30833333333333335,-0.24491455665871528,-0.7200000000000024,0.004198590316876971,0.0
2023-09-28,1598.63,1668.21,1598.14,1652.99,331409.7015,26373.0,27308.48,26342.4,27021.39,44517.83491,37723726404,3164460650,4662074168.0,1.0002,17.34,122.5342,46.0,5.33,14.0,0.0,39.0,0.03343250142291594,0.024288394222757907,0.00022638191897987088,0.28936375184120755,0.2925446829886889,0.24845092976515096,-0.17520072414478577,0,0,0,0,0.00019999999999997797,0.00019999999999997797,0.46,0.17666666666666667,0.31833333333333336,-0.16372700154402273,-0.879999999999999,-0.003708811181145852,0.0
2023-09-29,1653.0,1688.0,1648.37,1667.45,251975.6728,27021.39,27244.89,26665.16,26906.96,28478.76219,38450395086,3209069656,4795960912.0,1.0001,17.52,122.3077,48.0,5.33,14.0,0.0,39.0,0.008709744136773601,-0.0042437853832940535,0.01907972713342681,0.2878113838448761,0.2882845240776582,0.23430071207077682,-0.15931269133801854,0,0,0,0,9.999999999998899e-05,9.999999999998899e-05,0.48,0.17666666666666667,0.3283333333333333,-0.08253944642933063,0.17999999999999972,-0.0018501740479210445,0.0
2023-09-30,1667.45,1694.32,1666.19,1670.89,136924.9141,26906.96,27094.99,26886.31,26962.56,12804.62307,38556848920,3213325498,4838484959.0,0.9998,,,47.0,5.33,14.0,0.0,39.0,0.0020609052508540116,0.002064247824862265,0.002764776306049392,0.2591203794465083,0.2231521705956434,0.23005736878307062,-0.15698516292115725,0,0,0,0,-0.00019999999999997797,0.00019999999999997797,0.47,0.17666666666666667,0.3233333333333333,-0.1231332239866769,,,0.0
2023-10-01,1670.89,1751.0,1668.0,1733.79,225611.5868,26962.57,28065.51,26954.09,27992.57,24602.81468,38564250608,3208041366,4798802768.0,1.0001,,,48.0,5.33,14.0,0.0,41.0,0.036953345156396686,0.03748988079317705,0.00019194975351831078,0.28548244485644453,0.2549288984539751,0.21468172592616372,-0.15682333089965633,0,0,0,0,9.999999999998899e-05,9.999999999998899e-05,0.48,0.18333333333333332,0.33166666666666667,-0.0554769280577663,,,0.0
2023-10-02,1733.8,1744.0,1636.79,1662.4,378575.6898,27992.58,28580.0,27281.44,27494.51,57071.14241,39522987024,3281049395,4984316294.0,0.9998,17.61,123.0545,50.0,5.33,14.0,0.0,41.0,-0.042047422395011,-0.017952769440012815,0.02455675533751471,0.3240134757952273,0.264929448355963,0.22918994123409633,-0.13586132165422357,0,0,0,0,-0.00019999999999997797,0.00019999999999997797,0.5,0.18333333333333332,0.3416666666666667,0.02571062705692625,,,0.0
2023-10-03,1662.41,1670.65,1643.0,1656.88,198287.1164,27494.51,27676.52,27160.5,27426.46,28928.96555,38637519450,3220923270,4870678145.0,1.0,19.78,123.7848,50.0,5.33,14.0,0.0,41.0,-0.0033260255770674258,-0.0024781075361443865,-0.02265864175947321,0.3242653432555149,0.2652945433994873,0.24445262193205405,-0.155221365940597,0,0,0,0,0.0,0.0,0.5,0.18333333333333332,0.3416666666666667,0.02571062705692625,2.1700000000000017,0.005917227369117125,0.0
2023-10-04,1656.88,1657.66,1625.0,1646.58,222861.7167,27426.45,27839.72,27202.0,27778.57,29816.142,38344384834,3168827558,4822119733.0,1.0001,18.58,123.5946,49.0,5.33,14.0,0.0,41.0,-0.006235906218074599,0.012756619276586195,-0.00761571269299946,0.3248562111827303,0.2665563881250063,0.2461787327079485,-0.161630521187234,0,0,0,0,9.999999999998899e-05,9.999999999998899e-05,0.49,0.18333333333333332,0.33666666666666667,-0.014883150500420023,-1.2000000000000028,-0.0015377192884985715,0.0
2023-10-05,1646.58,1655.47,1606.73,1611.79,237378.7449,27778.57,28120.39,27352.0,27410.39,30681.49619,38526961778,3177889554,4840541193.0,1.0,18.49,123.8993,48.0,5.33,14.0,0.0,41.0,-0.021355046922359133,-0.013342721522066095,0.004750203953979878,0.33340158157622884,0.2719304271462531,0.24586277332391024,-0.15763862151151453,0,0,0,0,0.0,0.0,0.48,0.18333333333333332,0.33166666666666667,-0.0554769280577663,-0.08999999999999986,0.002462284152826917,0.0
2023-10-06,1611.79,1662.0,1611.68,1645.03,220507.9286,27410.39,28295.0,27175.94,27931.09,37983.24277,38170122236,3128076251,4779929939.0,0.9996,17.45,123.3563,50.0,5.33,14.0,0.0,41.0,0.020413258487783748,0.018818266735082634,-0.009305232953766911,0.34125220169565235,0.2778312493368574,0.24757452527912321,-0.16544063430012648,0,0,0,0,-0.00039999999999995595,0.00039999999999995595,0.5,0.18333333333333332,0.3416666666666667,0.02571062705692625,-1.0399999999999991,-0.004392223051333651,0.0
2023-10-07,1645.03,1647.71,1630.03,1633.57,101241.5732,27931.1,28029.67,27842.08,27956.67,13348.83825,38561623246,3183615392,4859751831.0,0.9995,,,49.0,5.33,14.0,0.0,41.0,-0.00699081722214893,0.0009154062279922295,0.01020449632265685,0.34060352238327213,0.2715376697139978,0.24953278059087988,-0.15688077608022524,0,0,0,0,-0.0004999999999999449,0.0004999999999999449,0.49,0.18333333333333332,0.33666666666666667,-0.014883150500420023,,,0.0
2023-10-08,1633.56,1641.4,1616.17,1632.84,149424.6635,27956.67,28095.14,27687.5,27917.05,19693.56921,38487078637,3166445175,4872508362.0,0.9995,,,50.0,5.33,13.0,0.0,38.0,-0.000446973902329224,-0.0014181982742726472,-0.0019350003423164572,0.33971846420827884,0.26623807990738046,0.24752163370905675,-0.15851063467011234,0,0,0,0,-0.0004999999999999449,0.0004999999999999449,0.5,0.17,0.335,-0.028414409686201965,,,0.0
2023-10-09,1632.85,1636.0,1546.0,1580.13,340141.0988,27917.06,27987.93,27260.0,27590.12,31534.74639,38285341519,3095161180,4823102089.0,0.9997,17.7,,50.0,5.33,13.0,0.0,38.0,-0.03281370787343065,-0.011779875664382407,-0.005255470178506866,0.35841394321721076,0.27071880599239717,0.24651336431333581,-0.16292145631210883,0,0,0,0,-0.00029999999999996696,0.00029999999999996696,0.5,0.17,0.335,-0.028414409686201965,,,0.0
2023-10-10,1580.13,1594.9,1550.55,1567.63,240659.3287,27590.12,27735.0,27298.0,27390.12,22776.84383,37529338866,3060141671,4691325354.0,0.9999,17.03,122.9282,50.0,5.33,13.0,0.0,38.0,-0.007942197439895009,-0.007275373195296091,-0.01994409811943306,0.35746402912332254,0.27228570373731065,0.2565885943809389,-0.17945085306525946,0,0,0,0,-9.999999999998899e-05,9.999999999998899e-05,0.5,0.17,0.335,-0.028414409686201965,-0.6699999999999982,,0.0
2023-10-11,1567.62,1578.43,1544.26,1566.87,260253.9671,27390.12,27477.39,26538.66,26875.52,37349.44706,36909481191,3042706983,4671745830.0,1.0003,16.09,122.7697,47.0,5.33,13.0,0.0,38.0,-0.0004849258349932817,-0.01896652932854734,-0.016654535956830648,0.3264944167391991,0.2633294316459629,0.2620129318926762,-0.1930035481515828,0,0,0,0,0.00029999999999996696,0.00029999999999996696,0.47,0.17,0.32,-0.1501957423582408,-0.9400000000000013,-0.0012902024965365008,0.0
2023-10-12,1566.86,1568.56,1521.0,1539.61,237221.4977,26875.52,26947.04,26555.0,26759.63,23428.64112,36593478439,3028849270,4611461262.0,1.0003,16.69,123.2101,45.0,5.33,13.0,0.0,38.0,-0.01755086126039427,-0.004321426540286491,-0.008598421084090238,0.31846372357714686,0.2489930167671915,0.24197968525464816,-0.1835467604592726,0,0,0,0,0.00029999999999996696,0.00029999999999996696,0.45,0.17,0.31,-0.23138329747293335,0.6000000000000014,0.0035807856626295063,0.0
2023-10-13,1539.61,1575.36,1537.76,1552.16,192205.8736,26759.63,27130.0,26685.0,26862.0,24115.76499,36049990364,2993932166,4527042393.0,1.0003,19.32,123.5954,44.0,5.33,13.0,0.0,38.0,0.008118371630919484,0.0038182399293200187,-0.014963443368260798,0.3180625482749712,0.24441955212721378,0.23822877733001996,-0.19567276264365607,0,0,0,0,0.00029999999999996696,0.00029999999999996696,0.44,0.17,0.305,-0.2719770750302796,2.629999999999999,0.0031222992438672626,0.0
2023-10-14,1552.16,1561.72,1544.55,1554.94,100314.6754,26862.0,26989.58,26789.0,26852.48,10417.25576,36598732584,3014216421,4583515943.0,1.0001,,,47.0,5.33,13.0,0.0,38.0,0.0017894504469295222,-0.0003544668067039467,0.015107014519769646,0.31490031753314335,0.24142439059915285,0.24236974498358513,-0.17879853813365398,0,0,0,0,9.999999999998899e-05,9.999999999998899e-05,0.47,0.17,0.32,-0.1501957423582408,,,0.0
2023-10-15,1554.94,1567.62,1547.44,1557.77,120311.2738,26852.48,27293.33,26808.25,27154.15,15274.6917,36641742772,3026012058,4594748647.0,0.9999,,,45.0,5.33,14.0,0.0,42.0,0.0018183517126618392,0.011171707530674917,0.0011744924574854515,0.3128459117108789,0.2442043419941857,0.24049120317171507,-0.17576350343042904,0,0,0,0,-9.999999999998899e-05,9.999999999998899e-05,0.45,0.18666666666666668,0.31833333333333336,-0.16372700154402273,,,0.0
2023-10-16,1557.78,1639.43,1555.06,1599.42,418510.8644,27154.14,30000.0,27112.66,28500.78,78399.22445,36675242247,3021386262,4614738617.0,0.9997,17.21,123.3185,47.0,5.33,14.0,0.0,42.0,0.026385752136300226,0.04840156611029453,0.0009138258296503541,0.327659042169242,0.29526861328689613,0.2125835189808437,-0.168445750788503,0,0,0,0,-0.00029999999999996696,0.00029999999999996696,0.47,0.18666666666666668,0.3283333333333333,-0.08253944642933063,,,0.0
2023-10-17,1599.41,1600.53,1551.08,1565.01,234817.0699,28500.77,28613.65,28069.32,28395.91,38428.44532,37309392678,3072264576,4734650524.0,0.9997,17.88,123.1202,52.0,5.33,14.0,0.0,42.0,-0.02174884977866825,-0.0036863346095197267,0.017143180131027266,0.33509732645102885,0.2957702066657907,0.22206189363340575,-0.15033428258579015,0,0,0,0,-0.00029999999999996696,0.00029999999999996696,0.52,0.18666666666666668,0.35333333333333333,0.12042944135740075,0.6699999999999982,-0.0016093255060878942,0.0
2023-10-18,1565.01,1585.42,1555.88,1563.44,177750.2253,28395.91,28982.36,28142.87,28320.0,32162.47591,36888098479,3024008380,4691015877.0,0.9999,19.22,123.8148,50.0,5.33,14.0,0.0,42.0,-0.0010036920083754475,-0.0026768518861103275,-0.011356144796815789,0.3331916254657603,0.2952833777049362,0.2245243365819053,-0.15992862899944418,0,0,0,0,-9.999999999998899e-05,9.999999999998899e-05,0.5,0.18666666666666668,0.3433333333333333,0.0392418862427082,1.3399999999999999,0.005625786802002803,0.0
2023-10-19,1563.45,1574.45,1541.61,1566.57,216217.6675,28320.0,28916.89,28100.66,28713.71,35895.50179,36544888207,3014230317,4688860689.0,0.9996,21.4,123.798,52.0,5.33,14.0,0.0,42.0,0.0019999942769046096,0.01380644022600064,-0.00934764569942577,0.33285978440812536,0.2936927688303992,0.22479457664512584,-0.16774473055058953,0,0,0,0,-0.00039999999999995595,0.00039999999999995595,0.52,0.18666666666666668,0.35333333333333333,0.12042944135740075,2.1799999999999997,-0.00013569573160825864,0.0
2023-10-20,1566.57,1630.4,1561.19,1603.89,315995.792,28713.71,30207.55,28578.29,29669.04,59422.0992,36783421750,3020532277,4727890088.0,0.9995,21.71,123.612,53.0,5.33,14.0,0.0,42.0,0.023543412522501424,0.03272936881268124,0.006505928870007208,0.3414937324186724,0.31217889970249446,0.22512938903981247,-0.15848981957626668,0,0,0,0,-0.0004999999999999449,0.0004999999999999449,0.53,0.18666666666666668,0.35833333333333334,0.16102321891474702,0.3100000000000023,-0.0015035773415912903,0.0
2023-10-21,1603.88,1644.53,1592.36,1628.94,176419.4092,29669.05,30379.99,29464.77,29909.8,27517.51897,37406042763,3056596484,4811123949.0,0.9996,,,63.0,5.33,14.0,0.0,42.0,0.015497567989964853,0.008082108028452294,0.01678501482527613,0.33492349510447444,0.30057277567466334,0.23296230475931304,-0.1442458505255832,0,0,0,0,-0.00039999999999995595,0.00039999999999995595,0.63,0.18666666666666668,0.4083333333333333,0.5669609944882094,,,0.0
2023-10-22,1628.94,1667.8,1621.1,1663.7,228650.9225,29909.8,30248.0,29640.0,29992.46,22852.54563,38069118558,3121406922,4959176006.0,0.9998,,,53.0,5.33,15.0,0.0,61.0,0.021114541154504913,0.002759830846653565,0.01757115436240354,0.34191845679103045,0.300342793700759,0.2326636879563448,-0.1266032889896677,0,0,0,0,-0.00019999999999997797,0.00019999999999997797,0.53,0.2533333333333333,0.39166666666666666,0.43164840263038856,,,0.0
2023-10-23,1663.69,1800.0,1657.07,1765.46,610931.9663,29992.46,34741.91,29883.6,33069.99,93513.64246,38719725055,3191392824,5065497727.0,0.9996,20.37,123.2846,53.0,5.33,15.0,0.0,61.0,0.059367241974827685,0.09768020786547688,0.016945744596015062,0.39707391175802625,0.44313034269714785,0.23935656789027365,-0.11167681850215119,0,0,0,0,-0.00039999999999995595,0.00039999999999995595,0.53,0.2533333333333333,0.39166666666666666,0.43164840263038856,,,0.0
2023-10-24,1765.47,1854.38,1756.21,1784.98,674055.1375,33069.99,35280.0,32832.34,33922.73,115265.02418,40806134572,3332256125,5410317378.0,1.0,18.97,123.6416,66.0,5.33,15.0,0.0,61.0,0.010995931028651353,0.02545906657086265,0.05248326573358205,0.39562032782868667,0.44163281811863625,0.29953448967461715,-0.06380958965648836,0,0,0,0,0.0,0.0,0.66,0.2533333333333333,0.45666666666666667,0.9593675108758897,-1.4000000000000021,0.0028915542274758313,0.0
2023-10-25,1784.98,1817.69,1760.0,1787.15,354410.8294,33922.73,35132.85,33679.05,34496.05,54887.02529,40693601966,3319234376,5417931614.0,0.9998,20.19,123.7871,72.0,5.33,15.0,0.0,61.0,0.0012149615310383514,0.016759533553249224,-0.0027615470256967863,0.39573227539990025,0.4419078417469724,0.2967078615210543,-0.06639135702291896,0,0,0,0,-0.00019999999999997797,0.00019999999999997797,0.72,0.2533333333333333,0.48666666666666664,1.202930176219967,1.2200000000000024,0.0011760965221199093,0.0
2023-10-26,1787.15,1865.54,1762.21,1803.38,431169.0453,34496.05,34824.13,33751.0,34151.66,39744.66255,41122798952,3332396673,5456268733.0,0.9999,20.68,124.0064,71.0,5.33,15.0,0.0,61.0,0.009040509641070294,-0.01003363081588025,0.010491806490450483,0.39612924903468977,0.4449336744743103,0.29776337365554983,-0.056544550736168896,0,0,0,0,-9.999999999998899e-05,9.999999999998899e-05,0.71,0.2533333333333333,0.48166666666666663,1.1623363986626207,0.48999999999999844,0.0017700226781996163,0.0
2023-10-27,1803.39,1803.91,1744.66,1779.4,274532.6921,34151.66,34245.0,33390.95,33892.02,32330.40106,41101294110,3341243676,5461834593.0,0.9999,21.27,123.62,70.0,5.33,15.0,0.0,61.0,-0.013386453030617656,-0.00763160546721126,-0.0005230788614260994,0.4008031230079345,0.44852515562187867,0.29789196265458,-0.05703792329074962,0,0,0,0,-9.999999999998899e-05,9.999999999998899e-05,0.7,0.2533333333333333,0.4766666666666666,1.1217426211052743,0.5899999999999999,-0.003120832945235321,0.0
2023-10-28,1779.41,1803.23,1770.0,1776.2,122919.7382,33892.01,34493.33,33860.0,34081.0,16880.13144,40762458192,3328218814,5424495418.0,0.9999,,,65.0,5.33,15.0,0.0,61.0,-0.001799977986263272,0.005560455807826632,-0.008278092401464512,0.3863443936759929,0.44489732939946836,0.30030759245701677,-0.023137418557005716,0,0,0,0,-9.999999999998899e-05,9.999999999998899e-05,0.65,0.2533333333333333,0.45166666666666666,0.9187737333185434,,,0.0
2023-10-29,1776.21,1811.3,1762.66,1795.14,144110.6508,34081.01,34750.11,33930.0,34525.89,20685.52176,41243799688,3325987338,5409383400.0,0.9997,,,72.0,5.33,13.0,0.0,52.0,0.010606762485537609,0.012969433130901344,0.011739275422643605,0.3867909707135657,0.4431109151218266,0.2962969695091212,-0.011602184491301735,0,0,0,0,-0.00029999999999996696,0.00029999999999996696,0.72,0.21666666666666667,0.4683333333333333,1.0540863251763641,,,0.0
2023-10-30,1795.14,1829.84,1777.77,1809.04,277686.192,34525.88,34856.0,34062.84,34474.73,33657.95976,41651341145,3352848614,5491033999.0,0.9996,19.75,123.4076,68.0,5.33,13.0,0.0,52.0,0.007713304504797227,-0.0014828854979810758,0.009832777565594086,0.38721989830717973,0.4439122903280482,0.2974486172914513,-0.0018355507457394485,0,0,0,0,-0.00039999999999995595,0.00039999999999995595,0.68,0.21666666666666667,0.44833333333333336,0.8917112149469796,,,0.0
2023-10-31,1809.03,1819.41,1780.99,1814.67,258074.5796,34474.74,34720.49,34025.0,34639.77,32737.89822,42287883980,3416052972,5584127680.0,0.9996,18.14,123.8364,66.0,5.33,13.0,0.0,52.0,0.0031073151714650442,0.004775852062776867,0.015167045835679191,0.3669456829365346,0.4312225815047084,0.3005102578466543,0.0,0,0,0,0,-0.00039999999999995595,0.00039999999999995595,0.66,0.21666666666666667,0.43833333333333335,0.810523659832287,-1.6099999999999994,0.0034686417460051432,0.0
2023-11-01,1814.67,1857.66,1783.19,1846.99,471921.6184,34639.78,35582.0,34097.39,35421.43,53473.28165,41957583422,3331561717,5504825526.0,0.9997,16.87,123.7922,66.0,5.33,13.0,0.0,52.0,0.017653654013214524,0.022314560261213128,-0.007841424842018968,0.3354699653441353,0.4245990775130183,0.29249919652598333,-0.0078107610718052296,0,0,0,0,-0.00029999999999996696,0.00029999999999996696,0.66,0.21666666666666667,0.43833333333333335,0.810523659832287,-1.2699999999999996,-0.00035698623236095817,0.0
2023-11-02,1846.99,1875.0,1785.01,1800.8,368738.2193,35421.43,35984.99,34300.0,34941.59,48015.57732,42872290546,3378539554,5623343052.0,0.9998,15.66,122.8818,72.0,5.33,13.0,0.0,52.0,-0.02532627640689565,-0.013639193957310053,0.02156651977863618,0.3495920369116884,0.42996355496745814,0.28619763827940287,0.0,0,0,0,0,-0.00019999999999997797,0.00019999999999997797,0.72,0.21666666666666667,0.4683333333333333,1.0540863251763641,-1.2100000000000009,-0.007381435689505633,0.0
2023-11-03,1800.79,1834.58,1777.11,1832.71,315000.2678,34941.58,34946.5,34120.0,34716.78,39071.20644,42099528379,3284719078,5305963768.0,0.9997,14.91,121.7564,65.0,5.33,13.0,0.0,52.0,0.017564735146825508,-0.0064546666973641625,-0.018189171000333307,0.3517202685785235,0.43254335202183136,0.2936307109976788,-0.018024746454142954,0,0,0,0,-0.00029999999999996696,0.00029999999999996696,0.65,0.21666666666666667,0.43333333333333335,0.7699298822749407,-0.75,-0.009200590413345013,0.0
2023-11-04,1832.7,1869.9,1824.03,1855.54,171538.0364,34716.78,35255.0,34585.18,35062.07,18377.55545,42919054803,3371874489,5659260905.0,0.9995,,,68.0,5.33,13.0,0.0,52.0,0.012380013060606685,0.00989677583723088,0.019279356996167625,0.3411560254653744,0.426041776784344,0.298974321463781,0.0,0,0,0,0,-0.0004999999999999449,0.0004999999999999449,0.68,0.21666666666666667,0.44833333333333336,0.8917112149469796,,,0.0
2023-11-05,1855.54,1912.67,1846.11,1891.71,383106.7628,35062.06,35380.0,34448.0,35011.88,24528.73376,43691190207,3408363488,5659769927.0,0.9994,,,70.0,5.33,14.0,0.0,74.0,0.019305423108153284,-0.0014324869251003767,0.01783058946159118,0.3405348943562534,0.4255486458759113,0.2992162081189421,0.0,0,0,0,0,-0.0006000000000000449,0.0006000000000000449,0.7,0.29333333333333333,0.49666666666666665,1.2841177313346595,,,0.0
2023-11-06,1891.71,1914.23,1868.48,1900.95,328746.2394,35011.89,35276.33,34725.9,35046.09,22346.47086,43648466438,3409140789,5625325977.0,0.9997,14.89,121.6484,74.0,5.33,14.0,0.0,74.0,0.004872579288074975,0.0009766198683485855,-0.0009783361659270245,0.33793170405183864,0.42553672084341093,0.29907677595472537,-0.0009778577511297688,0,0,0,0,-0.00029999999999996696,0.00029999999999996696,0.74,0.29333333333333333,0.5166666666666666,1.4464928415640441,,,0.0
2023-11-07,1900.95,1906.99,1850.32,1885.27,332419.4406,35046.09,35888.0,34523.06,35399.12,38688.73692,43850867683,3406061940,5610834046.0,0.9996,14.81,122.0777,68.0,5.33,14.0,0.0,74.0,-0.00828271449710818,0.010022908737337355,0.004626357629706784,0.340631279769906,0.4243771691665049,0.29827659111126054,0.0,0,0,0,0,-0.00039999999999995595,0.00039999999999995595,0.68,0.29333333333333333,0.4866666666666667,1.2029301762199673,-0.08000000000000007,0.003522810597425676,0.0
2023-11-08,1885.26,1904.69,1872.51,1888.12,247881.0997,35399.13,36106.0,35100.0,35624.72,33401.34137,43854437514,3428411393,5655776359.0,0.9997,14.45,122.0926,66.0,5.33,14.0,0.0,74.0,0.0015105783085971145,0.0063528178351219345,8.140513265318486e-05,0.31284486987190946,0.41845755388313244,0.2966903536574501,0.0,0,0,0,0,-0.00029999999999996696,0.00029999999999996696,0.66,0.29333333333333333,0.4766666666666667,1.1217426211052748,-0.3600000000000012,0.0001220459656110397,0.0
2023-11-09,1888.11,2132.0,1882.07,2121.32,1100330.3237,35624.72,37972.24,35534.05,36701.09,82537.88885,44368871296,3454697326,5715252439.0,0.9998,15.29,122.1281,69.0,5.33,14.0,0.0,74.0,0.11645691140702073,0.029766675983155067,0.011662215337122287,0.49264062903075717,0.4208005776708027,0.2840947328768955,0.0,0,0,0,0,-0.00019999999999997797,0.00019999999999997797,0.69,0.29333333333333333,0.49166666666666664,1.2435239537773133,0.8399999999999999,0.00029072064939649226,0.0
2023-11-10,2121.33,2136.99,2064.61,2077.72,555573.6495,36701.1,37526.0,36324.71,37301.63,43414.04898,46659342736,3665764945,6139029178.0,0.9994,14.17,,70.0,5.33,14.0,0.0,74.0,-0.02076739778150022,0.01623057053490802,0.0503350536353279,0.5030856436850132,0.4082881764820402,0.31275276830013055,0.0,0,0,0,0,-0.0006000000000000449,0.0006000000000000449,0.7,0.29333333333333333,0.49666666666666665,1.2841177313346595,-1.1199999999999992,,0.0
2023-11-11,2077.72,2089.6,2030.3,2053.17,370966.0372,37301.63,37408.26,36666.93,37130.0,22984.97235,46740189063,3650754562,6090931865.0,0.9998,,,70.0,5.33,14.0,0.0,74.0,-0.011886198392189226,-0.004611757237879132,0.001731193842932078,0.49964152623658625,0.4084258852978645,0.3079692218452383,0.0,0,0,0,0,-0.00019999999999997797,0.00019999999999997797,0.7,0.29333333333333333,0.49666666666666665,1.2841177313346595,,,0.0
2023-11-12,2053.16,2066.5,2012.1,2044.68,281907.559,37129.99,37222.22,36731.1,37064.13,17687.18874,46547821863,3614282309,6033004990.0,0.9995,,,73.0,5.33,16.0,0.0,66.0,-0.004143642225854702,-0.0017756126342137468,-0.004124162810427762,0.5019231420081691,0.41011229316803627,0.2999430766586126,-0.004115670130061151,0,0,0,0,-0.0004999999999999449,0.0004999999999999449,0.73,0.2733333333333333,0.5016666666666667,1.3247115088920063,,,0.0
2023-11-13,2044.69,2118.0,2028.49,2053.65,529143.5815,37064.13,37417.99,36333.0,36462.93,32798.18252,46752924445,3632739718,6108796449.0,0.9997,14.76,122.4264,72.0,5.33,16.0,0.0,66.0,0.004377399732726625,-0.016353527492521336,0.0043965974657924735,0.5015241259011483,0.41925051371711775,0.29930817196059645,0.0,0,0,0,0,-0.00029999999999996696,0.00029999999999996696,0.72,0.2733333333333333,0.49666666666666665,1.2841177313346595,,,0.0
2023-11-14,2053.65,2064.96,1936.6,1979.39,481909.733,36462.93,36744.0,34800.0,35551.19,45503.68416,45969059176,3603354998,5850246531.0,0.9998,14.16,121.35,69.0,5.33,16.0,0.0,66.0,-0.03682998133401603,-0.0253224983929354,-0.016908265185844516,0.5262621694352808,0.43712736426447224,0.31103758889053246,-0.01676612272505299,0,0,0,0,-0.00019999999999997797,0.00019999999999997797,0.69,0.2733333333333333,0.48166666666666663,1.1623363986626207,-0.5999999999999996,-0.008831100923184712,0.0
2023-11-15,1979.4,2062.4,1967.01,2058.48,421870.8032,35551.2,37980.0,35360.0,37858.2,53569.13385,45501891961,3562563233,5687301556.0,0.9996,14.18,121.0749,60.0,5.33,16.0,0.0,66.0,0.03917912993641699,0.06287397140001015,-0.010214636912777518,0.533731351543316,0.45605877299984043,0.3164059832888677,-0.026758379263990446,0,0,0,0,-0.00039999999999995595,0.00039999999999995595,0.6,0.2733333333333333,0.43666666666666665,0.7969924006465046,0.019999999999999574,-0.0022695698179968043,0.0
2023-11-16,2058.49,2090.4,1939.1,1961.77,545286.1297,37858.2,37929.54,35500.0,36163.51,47490.39566,47220154912,3689660543,5942589017.0,0.9999,14.32,121.1754,70.0,5.33,16.0,0.0,66.0,-0.04812071941568879,-0.04579700167213188,0.037066905642925356,0.5597786409091114,0.4934616809110137,0.3315644242438497,0.0,0,0,0,0,-9.999999999998899e-05,9.999999999998899e-05,0.7,0.2733333333333333,0.48666666666666664,1.202930176219967,0.14000000000000057,0.0008297203823124699,0.0
2023-11-17,1961.77,1991.5,1904.0,1960.82,401100.5069,36163.51,36800.0,35861.1,36613.92,38283.61112,45487940364,3582615844,5652128127.0,0.9996,13.8,120.8477,63.0,5.33,16.0,0.0,66.0,-0.0004843738543024243,0.012377896572665345,-0.03737356841508006,0.5596818985087842,0.4921310768447572,0.361594839723536,-0.03668379638373009,0,0,0,0,-0.00039999999999995595,0.00039999999999995595,0.63,0.2733333333333333,0.45166666666666666,0.9187737333185434,-0.5199999999999996,-0.0027080076262167773,0.0
2023-11-18,1960.82,1971.22,1916.0,1962.6,279368.2208,36613.91,36845.49,36178.58,36568.1,17102.24186,45598841170,3553046640,5654371374.0,0.9996,,,69.0,5.33,16.0,0.0,66.0,0.0009073716921085151,-0.001252220312786142,0.002435059378129261,0.5598312029724875,0.49291376553428173,0.3572052941209306,-0.034335205909881025,0,0,0,0,-0.00039999999999995595,0.00039999999999995595,0.69,0.2733333333333333,0.48166666666666663,1.1623363986626207,,,0.0
2023-11-19,1962.59,2015.75,1942.89,2011.47,251132.6192,36568.11,37500.0,36384.02,37359.86,21246.34648,45800034836,3546640500,5664042889.0,0.9996,,,66.0,5.33,17.0,0.0,59.0,0.024595673263129086,0.021420590373204398,0.00440254847237391,0.560222337518117,0.48733700944425257,0.3573452468606131,-0.03007444763039324,0,0,0,0,-0.00039999999999995595,0.00039999999999995595,0.66,0.2533333333333333,0.45666666666666667,0.9593675108758897,,,0.0
2023-11-20,2011.47,2066.4,1990.0,2021.4,421717.679,37359.85,37750.0,36677.0,37448.78,36022.70291,46798266528,3657152372,5780540819.0,0.9993,13.41,120.2533,69.0,5.33,17.0,0.0,59.0,0.004924542605039942,0.0023772666332884944,0.021561310506399634,0.5595474464074738,0.4876843519605254,0.35932245013005765,-0.008934498092736795,0,0,0,0,-0.0007000000000000339,0.0007000000000000339,0.69,0.2533333333333333,0.4716666666666666,1.0811488435479282,,,0.0
2023-11-21,2021.41,2034.6,1931.43,1933.01,490163.9863,37448.79,37649.44,35735.0,35741.65,47646.54804,46818530363,3667310408,5783037443.0,0.9996,13.35,120.2241,71.0,5.33,17.0,0.0,59.0,-0.04471196713987043,-0.046657457238005864,0.0004329102466530217,0.5854475502373335,0.5229107103374491,0.3582278916517935,-0.008505362800026216,0,0,0,0,-0.00039999999999995595,0.00039999999999995595,0.71,0.2533333333333333,0.48166666666666663,1.1623363986626207,-0.0600000000000005,-0.00024285026487727346,0.0
2023-11-22,1933.01,2092.46,1928.41,2063.21,466120.5109,35741.65,37861.1,35632.01,37408.34,45051.30697,44864770654,3493732050,5540753007.0,0.9997,12.85,120.6802,62.0,5.33,17.0,0.0,59.0,0.06518464889455769,0.045576998787717926,-0.042626203660819456,0.5925553587441847,0.43129826581220354,0.39551736512989544,-0.049880909166637004,0,0,0,0,-0.00029999999999996696,0.00029999999999996696,0.62,0.2533333333333333,0.43666666666666665,0.7969924006465046,-0.5,0.0037865703930376874,0.0
2023-11-23,2063.22,2088.94,2040.35,2062.2,250960.6958,37408.35,37653.44,36870.0,37294.28,23827.92882,46780419409,3750438349,5842850083.0,0.9999,12.8,,66.0,5.33,17.0,0.0,59.0,-0.0004896483114064268,-0.003053710529443689,0.041811857854611785,0.5924944852274739,0.42495372913741963,0.3808414019919081,-0.009312453629588805,0,0,0,0,-9.999999999998899e-05,9.999999999998899e-05,0.66,0.2533333333333333,0.45666666666666667,0.9593675108758897,-0.049999999999998934,,0.0
2023-11-24,2062.21,2133.02,2059.37,2080.84,426932.5402,37294.27,38414.0,37251.51,37713.57,44680.80646,46785774971,3743423229,5836868111.0,0.9992,12.46,120.2105,66.0,5.33,17.0,0.0,59.0,0.008998284241456845,0.011180012954367782,0.00011447643117972431,0.5925217151913581,0.42314792484935015,0.38027774172736595,-0.009199036763210863,0,0,0,0,-0.0008000000000000229,0.0008000000000000229,0.66,0.2533333333333333,0.45666666666666667,0.9593675108758897,-0.33999999999999986,,0.0
2023-11-25,2080.84,2090.54,2065.3,2083.09,138847.393,37713.57,37888.0,37591.1,37780.67,11396.14464,47074046318,3737769243,5879227962.0,0.9995,,,73.0,5.33,17.0,0.0,59.0,0.0010807099153864956,0.0017776195288349984,0.006142612450231009,0.5925011506978431,0.42057642670534856,0.37973908197704115,-0.0030941998024421897,0,0,0,0,-0.0004999999999999449,0.0004999999999999449,0.73,0.2533333333333333,0.49166666666666664,1.2435239537773133,,,0.0
2023-11-26,2083.1,2094.99,2036.42,2062.33,241262.9136,37780.67,37814.63,37150.0,37447.43,21264.53723,46944464087,3738857990,5871305862.0,0.9997,,,73.0,5.33,18.0,0.0,57.0,-0.010015956671339116,-0.008859513391713852,-0.00275652767723607,0.5913140371999364,0.42100215099277355,0.38019095664301067,-0.005838414243108276,0,0,0,0,-0.00029999999999996696,0.00029999999999996696,0.73,0.25,0.49,1.2299926945915312,,,0.0
2023-11-27,2062.34,2071.24,1985.78,2027.5,326073.2298,37447.42,37569.23,36707.0,37242.7,30001.07376,46202903676,3745543256,5824094339.0,1.0,12.69,120.173,66.0,5.33,18.0,0.0,57.0,-0.017032904579779306,-0.005482130309367848,-0.015922641639646722,0.5958621756553671,0.4220249886661564,0.3843198904973636,-0.021542733985006203,0,0,0,0,0.0,0.0,0.66,0.25,0.455,0.9458362516901078,,,0.0
2023-11-28,2027.5,2075.0,1995.15,2048.14,283775.9279,37242.7,38377.0,36868.41,37818.87,37544.46667,45641725712,3701851743,5713337693.0,0.9995,12.69,119.5904,68.0,5.33,18.0,0.0,57.0,0.010128557208434865,0.01535223194675372,-0.012220310570019995,0.5958019230911595,0.4228175871740063,0.3874592259166254,-0.033427022908789225,0,0,0,0,-0.0004999999999999449,0.0004999999999999449,0.68,0.25,0.465,1.0270238068048003,0.0,-0.004859800508643007,0.0
2023-11-29,2048.14,2075.7,2019.31,2028.81,254843.7319,37818.88,38450.0,37570.0,37854.64,32994.19107,46132204002,3712621849,5788574619.0,0.9999,12.98,119.8159,72.0,5.33,18.0,0.0,57.0,-0.009482649945161606,0.0009453771250752638,0.010688938817836034,0.5976129500188824,0.42257566924891304,0.38765022171586705,-0.023039969098524078,0,0,0,0,-9.999999999998899e-05,9.999999999998899e-05,0.72,0.25,0.485,1.189398917034185,0.2900000000000009,0.0018838273402827853,0.0
2023-11-30,2028.8,2054.75,2020.85,2051.96,243680.0921,37854.65,38145.85,37500.0,37723.96,24740.29147,45947109543,3699064977,5751848926.0,0.9999,12.92,120.2434,74.0,5.33,18.0,0.0,57.0,0.011346019670436606,-0.0034581251896556686,-0.004020332063343725,0.5981796522543473,0.42314461481362003,0.3860976353992469,-0.02695978806872746,0,0,0,0,-9.999999999998899e-05,9.999999999998899e-05,0.74,0.25,0.495,1.2705864721488775,-0.0600000000000005,0.003561623748039286,0.0
2023-12-01,2051.95,2110.87,2045.04,2087.24,372645.586,37723.97,38999.0,37615.86,38682.52,43415.66324,46249530158,3765056357,5793565368.0,0.9995,12.63,119.9424,71.0,5.33,18.0,0.0,57.0,0.017047185146421714,0.025092382063089787,0.006560362733839038,0.5980103697405319,0.4248608929644275,0.3843816849580957,-0.020555306432367006,0,0,0,0,-0.0004999999999999449,0.0004999999999999449,0.71,0.25,0.48,1.1488051394768386,-0.28999999999999915,-0.0025063942795433853,0.0
2023-12-02,2087.24,2186.6,2086.25,2164.74,320979.9768,38682.51,39717.14,38641.61,39450.35,26696.92161,46835990405,3819576045,5867884647.0,0.9996,,,74.0,5.33,18.0,0.0,57.0,0.03645764277647056,0.019655100831166433,0.01260062796178938,0.598607939447485,0.42438458317599875,0.3802533362473222,-0.008135604546743508,0,0,0,0,-0.00039999999999995595,0.00039999999999995595,0.74,0.25,0.495,1.2705864721488775,,,0.0
2023-12-03,2164.75,2217.27,2149.0,2192.95,257879.1136,39450.35,40250.0,39274.86,39972.26,26710.65335,48106188110,3910857371,6109210752.0,0.9997,,,73.0,5.33,18.0,0.0,95.0,0.012947407494196705,0.013142794289187723,0.026758886649767204,0.597714362972473,0.4237866379969301,0.3811274061680327,0.0,0,0,0,0,-0.00029999999999996696,0.00029999999999996696,0.73,0.37666666666666665,0.5533333333333333,1.7441805436512505,,,0.0
2023-12-04,2192.96,2274.28,2191.0,2243.37,565307.7134,39972.26,42420.0,39972.26,41991.1,79272.33059,48589362175,3902805167,6171465716.0,1.0,13.08,120.4727,74.0,5.33,18.0,0.0,95.0,0.022731530221834852,0.049271977534901416,0.009993801887056912,0.6001944544026793,0.45123221606992736,0.3779417116614331,0.0,0,0,0,0,0.0,0.0,0.74,0.37666666666666665,0.5583333333333333,1.7847743212085967,,,0.0
2023-12-05,2243.36,2309.72,2188.33,2293.33,529829.7214,41991.1,44488.0,41414.0,44073.32,67490.74644,49209604321,3935311121,6273371286.0,0.9999,12.85,120.7913,75.0,5.33,18.0,0.0,95.0,0.022025710207649485,0.04839691964470645,0.012684192564234736,0.601009271090254,0.4737964656010627,0.37601611399084084,0.0,0,0,0,0,-9.999999999998899e-05,9.999999999998899e-05,0.75,0.37666666666666665,0.5633333333333334,1.825368098765943,-0.23000000000000043,0.002641091793188795,0.0
2023-12-06,2293.33,2312.23,2220.0,2232.7,408338.9056,44073.82,44297.21,43335.28,43762.69,51431.10492,50340064125,4001207713,6477646024.0,0.9999,12.97,120.5334,72.0,5.33,18.0,0.0,95.0,-0.02679329436545996,-0.007072982823143485,0.02271244932052474,0.6120812269199288,0.4760547898170123,0.3811415392249166,0.0,0,0,0,0,-9.999999999998899e-05,9.999999999998899e-05,0.72,0.37666666666666665,0.5483333333333333,1.7035867660939041,0.120000000000001,-0.002137370092505896,0.0
2023-12-07,2232.7,2382.8,2222.0,2355.73,485190.0609,43762.69,44047.33,42821.1,43273.14,47103.26845,49520577357,3920983181,6339870366.0,0.9998,13.06,120.6013,72.0,5.33,18.0,0.0,95.0,0.05363904278121185,-0.011249508685349425,-0.016412976168842894,0.6324760454727448,0.4803450422157925,0.3882297304766944,-0.016279017165435523,0,0,0,0,-0.00019999999999997797,0.00019999999999997797,0.72,0.37666666666666665,0.5483333333333333,1.7035867660939041,0.08999999999999986,0.0005631707240358664,0.0
2023-12-08,2355.74,2392.0,2336.34,2358.72,378569.8126,43273.15,44700.0,43081.1,44170.99,42900.37556,51011762745,4061871335,6607199293.0,0.9997,12.35,120.7607,72.0,5.33,18.0,0.0,95.0,0.0012684408153208265,0.020536119557329653,0.02966796081394071,0.6325051121904515,0.48275953523282106,0.39801330403175506,0.0,0,0,0,0,-0.00029999999999996696,0.00029999999999996696,0.72,0.37666666666666665,0.5483333333333333,1.7035867660939041,-0.7100000000000009,0.001320837772095685,0.0
2023-12-09,2358.71,2403.0,2328.01,2340.49,287771.0664,44171.0,44358.02,43584.51,43713.6,24925.97008,51819114331,4135038205,6674341762.0,0.9996,,,73.0,5.33,18.0,0.0,95.0,-0.0077587898612528645,-0.010408972260493799,0.015702835540346526,0.4968346566239686,0.4794162465048004,0.39910757590435625,0.0,0,0,0,0,-0.00039999999999995595,0.00039999999999995595,0.73,0.37666666666666665,0.5533333333333333,1.7441805436512505,,,0.0
2023-12-10,2340.48,2377.47,2320.0,2352.39,200037.2102,43713.59,44049.0,43563.0,43789.51,18956.61758,51030052423,4104321935,6536826208.0,0.9999,,,74.0,5.33,15.0,0.0,74.0,0.00507152345936957,0.0017350244818206502,-0.015344361356684764,0.4892119622262048,0.4781221514446517,0.37027841655852983,-0.015227236478025942,0,0,0,0,-9.999999999998899e-05,9.999999999998899e-05,0.74,0.2966666666666667,0.5183333333333333,1.4600241007498265,,,0.0
2023-12-11,2352.39,2355.0,2156.62,2225.12,640414.9166,43789.5,43804.5,40222.0,41253.4,76663.89804,50629345777,4031679196,6550122330.0,1.0004,12.63,120.9279,74.0,5.33,15.0,0.0,74.0,-0.05562098586873983,-0.05966075735492428,-0.007883358121932534,0.5293787628545069,0.5284582685254349,0.37220178327612186,-0.022960032593382997,0,0,0,0,0.00039999999999995595,0.00039999999999995595,0.74,0.2966666666666667,0.5183333333333333,1.4600241007498265,,,0.0
2023-12-12,2225.11,2244.12,2166.0,2203.46,361588.9087,41253.41,42104.12,40680.0,41492.39,42722.69773,49280079604,4050890882,6194522942.0,1.0005,12.07,120.6817,67.0,5.33,15.0,0.0,74.0,-0.009781994551532417,0.005776503301278852,-0.02701142968621917,0.5306573977366905,0.5281639774511689,0.3857698523932795,-0.04899803402238122,0,0,0,0,0.0004999999999999449,0.0004999999999999449,0.67,0.2966666666666667,0.4833333333333334,1.1758676578484035,-0.5600000000000005,-0.0020379991955182717,0.0
2023-12-13,2203.47,2284.02,2144.32,2260.16,418916.6154,41492.38,43475.2,40555.0,42869.03,45865.99773,48968046269,4031226039,6143745220.0,0.9999,12.19,121.1571,65.0,5.33,15.0,0.0,74.0,0.02540675504178913,0.032639616880829996,-0.0063519661341742625,0.5366333507430925,0.5323092833419549,0.3867154953807424,-0.05501962159732228,0,0,0,0,-9.999999999998899e-05,9.999999999998899e-05,0.65,0.2966666666666667,0.4733333333333334,1.094680102733711,0.11999999999999922,0.0039315495475323575,0.0
2023-12-14,2260.16,2332.11,2228.2,2315.32,409508.0931,42869.03,43420.0,41400.0,43022.26,42047.05709,50167494986,4081322605,6383252753.0,0.9999,12.48,119.5683,72.0,5.33,15.0,0.0,74.0,0.024112299688721868,0.0035680023564587876,0.0241993383026527,0.5213086251332905,0.5207389220217852,0.38860717739154915,-0.031872782202530696,0,0,0,0,-9.999999999998899e-05,9.999999999998899e-05,0.72,0.2966666666666667,0.5083333333333333,1.378836545635134,0.2900000000000009,-0.013200294363103552,0.0
2023-12-15,2315.32,2317.81,2200.0,2220.5,333552.6328,43022.26,43080.81,41666.0,41940.3,33421.7932,51330204876,4080564329,6515205520.0,1.0,12.28,119.7382,70.0,5.33,15.0,0.0,74.0,-0.04181551117712235,-0.025470477640977214,0.022912061180986928,0.5313675991154038,0.4903512667828326,0.39168848400461637,-0.009434924956012175,0,0,0,0,0.0,0.0,0.7,0.2966666666666667,0.4983333333333333,1.2976489905204414,-0.20000000000000107,0.0014199365963425696,0.0
2023-12-16,2220.51,2263.4,2210.0,2228.96,199285.923,41940.29,42724.43,41605.0,42278.03,24118.85747,49660737664,4070994058,6282219315.0,1.0008,,,67.0,5.33,15.0,0.0,74.0,0.003802713225757799,0.008020387258140575,-0.03306473365547108,0.49895576934959013,0.45718369329390457,0.39359389174866816,-0.04165213348134713,0,0,0,0,0.0007999999999999119,0.0007999999999999119,0.67,0.2966666666666667,0.4833333333333334,1.1758676578484035,,,0.0
2023-12-17,2228.96,2248.68,2191.5,2196.52,225925.7675,42278.02,42424.07,41252.0,41374.65,27722.11452,49971620767,4061651774,6325334296.0,1.0009,,,73.0,5.33,15.0,0.0,70.0,-0.01466081918858795,-0.021599191335207872,0.006240625372134464,0.5030842245304806,0.46575710686465893,0.36767358797709526,-0.03565274296659997,0,0,0,0,0.0008999999999999009,0.0008999999999999009,0.73,0.2833333333333333,0.5066666666666666,1.3653052864493516,,,0.0
2023-12-18,2196.53,2224.0,2116.6,2219.43,364103.1181,41374.64,42757.81,40542.93,42657.8,46734.0925,49410260163,3990259861,6237361238.0,1.0002,12.56,119.9102,65.0,5.33,15.0,0.0,70.0,0.01037611637258206,0.030541766708551847,-0.011297161395579729,0.5034868269231992,0.4743049425566451,0.37110598195111466,-0.04648582283003126,0,0,0,0,0.00019999999999997797,0.00019999999999997797,0.65,0.2833333333333333,0.4666666666666667,1.0405550659905822,,,0.0
2023-12-19,2219.44,2255.0,2135.55,2177.91,383551.4049,42657.8,43497.0,41811.1,42275.99,40927.86444,50388697364,4048058557,6326462374.0,1.0002,12.53,119.4632,73.0,5.33,15.0,0.0,70.0,-0.018884704816843227,-0.008990828549252048,0.019608793041380388,0.5040508273864922,0.4730222756171002,0.37575774756724833,-0.02760404120114949,0,0,0,0,0.00019999999999997797,0.00019999999999997797,0.73,0.2833333333333333,0.5066666666666666,1.3653052864493516,-0.030000000000001137,-0.003734755153059086,0.0
2023-12-20,2177.9,2266.0,2156.0,2202.17,416841.6272,42275.99,44283.0,42206.0,43668.93,48710.2947,49945469800,4022410164,6219634891.0,0.9999,13.67,119.5435,74.0,5.33,15.0,0.0,70.0,0.011077536520739216,0.03241755264462973,-0.008835084989942689,0.5048565668887386,0.48312638564738936,0.3719849272966039,-0.03615740166904243,0,0,0,0,-9.999999999998899e-05,9.999999999998899e-05,0.74,0.2833333333333333,0.5116666666666667,1.4058990640066988,1.1400000000000006,0.0006719477154520336,0.0
2023-12-21,2202.17,2279.31,2182.98,2239.61,453069.7252,43668.92,44242.35,43286.72,43861.8,34624.29384,50993528992,4262014990,6314813039.0,0.9999,13.65,119.3168,70.0,5.33,15.0,0.0,70.0,0.016858505702015424,0.004406916568444891,0.02076693587739985,0.47673885218973777,0.44562137507018607,0.3775108921096556,-0.015932061936189946,0,0,0,0,-9.999999999998899e-05,9.999999999998899e-05,0.7,0.2833333333333333,0.49166666666666664,1.2435239537773133,-0.019999999999999574,-0.0018981812219812557,0.0
2023-12-22,2239.6,2343.15,2230.59,2324.54,591357.488,43861.79,44398.26,43412.54,43969.04,32783.19638,51669804020,4054821630,6411155933.0,0.9993,13.03,119.0625,74.0,5.33,15.0,0.0,70.0,0.03722042643648378,0.0024419680670525194,0.013174807211058926,0.44086674791705294,0.4232467826400997,0.34135649061428913,-0.002881375201557186,0,0,0,0,-0.0007000000000000339,0.0007000000000000339,0.74,0.2833333333333333,0.5116666666666667,1.4058990640066988,-0.620000000000001,-0.0021335753269474443,0.0
2023-12-23,2324.54,2330.65,2265.0,2308.2,255626.9352,43969.04,43988.68,43291.1,43702.16,16557.1293,52633408349,4081856116,6589044350.0,0.9997,,,70.0,5.33,15.0,0.0,70.0,-0.0070541699979998745,-0.006088221088727501,0.01847750846731522,0.44229582574444415,0.424139810529387,0.3183620453781732,0.0,0,0,0,0,-0.00029999999999996696,0.00029999999999996696,0.7,0.2833333333333333,0.49166666666666664,1.2435239537773133,,,0.0
2023-12-24,2308.2,2326.19,2245.0,2264.05,307951.076,43702.15,43946.0,42500.0,42991.5,25144.33496,52752098195,4084990750,6561909772.0,0.9995,,,71.0,5.33,13.0,0.0,74.0,-0.019312755101442716,-0.016395107062850675,0.0022524899310248847,0.4490453858207951,0.4301792800268515,0.3181268363679759,0.0,0,0,0,0,-0.0004999999999999449,0.0004999999999999449,0.71,0.29,0.5,1.3111802497062237,,,0.0
2023-12-25,2264.04,2304.8,2253.1,2271.35,286277.1616,42991.5,43802.32,42720.43,43576.13,27021.23992,52332638778,4088762214,6464163574.0,0.9998,,,73.0,5.33,13.0,0.0,74.0,0.0032191234748903032,0.013507101635684676,-0.007983302939488237,0.4490035171621714,0.4312352541537512,0.32073485921855116,-0.007951521007741784,0,0,0,0,-0.00019999999999997797,0.00019999999999997797,0.73,0.29,0.51,1.3923678048209163,,,0.0
2023-12-26,2271.36,2274.99,2178.45,2230.88,410413.1591,43576.12,43592.68,41637.6,42508.93,41010.04282,52536725524,3613721699,6525985245.0,1.0001,12.99,118.8875,71.0,5.33,13.0,0.0,74.0,-0.01797824191304084,-0.02479535186467053,0.0038922139941713558,0.45272624341846057,0.4410394345646555,0.31993210462452426,-0.004082731841373727,0,0,0,0,9.999999999998899e-05,9.999999999998899e-05,0.71,0.29,0.5,1.3111802497062237,,,0.0
2023-12-27,2230.88,2392.44,2211.88,2378.35,541537.3574,42508.93,43677.0,42098.69,43428.85,36191.21136,52219902239,3609431685,6449907474.0,0.9993,12.43,118.4729,73.0,5.33,13.0,0.0,74.0,0.06401084348004162,0.02140979529821103,-0.006048767657919731,0.4947547920628246,0.4435569165881085,0.3140902897992667,-0.01008862157544367,0,0,0,0,-0.0007000000000000339,0.0007000000000000339,0.73,0.29,0.51,1.3923678048209163,-0.5600000000000005,-0.003493425370439542,0.0
2023-12-28,2378.35,2445.8,2335.0,2344.15,580459.982,43428.86,43787.57,42241.79,42563.76,35150.52485,54174270118,3792380895,6862490578.0,0.9996,12.47,118.4104,73.0,5.33,13.0,0.0,74.0,-0.014484107103263628,-0.02012077980823538,0.036742383489351174,0.499172863915535,0.45046389095656725,0.32822136640266936,0.0,0,0,0,0,-0.00039999999999995595,0.00039999999999995595,0.73,0.29,0.51,1.3923678048209163,0.040000000000000924,-0.0005276860078382319,0.0
2023-12-29,2344.15,2385.41,2255.34,2299.2,450201.2069,42563.76,43111.0,41300.0,42066.95,42597.18912,53415231067,3738925559,6739691597.0,0.9998,12.45,118.4208,65.0,5.33,13.0,0.0,74.0,-0.019361626498728475,-0.011740790238734814,-0.014110143389031896,0.5038234220975321,0.4536871833462879,0.3348213320042794,-0.01401106188134505,0,0,0,0,-0.00019999999999997797,0.00019999999999997797,0.65,0.29,0.47,1.067617584362146,-0.02000000000000135,8.782626619039326e-05,0.0
2023-12-30,2299.2,2322.84,2268.0,2291.68,210539.1327,42066.94,42612.32,41520.3,42140.28,22906.57818,52749025422,3711771741,6621748014.0,1.0,,,68.0,5.33,13.0,0.0,74.0,-0.0032760632932055125,0.0017416561151908701,-0.012550634497555863,0.5037838660289566,0.4530430917398204,0.33897362678445636,-0.02630851680872848,0,0,0,0,0.0,0.0,0.68,0.29,0.485,1.189398917034185,,,0.0
2023-12-31,2291.68,2321.34,2258.88,2281.87,222175.8779,42140.29,42899.0,41965.84,42283.58,23585.91603,52810902969,3726205092,6606956087.0,1.0003,,,67.0,5.33,15.0,1.0,73.0,-0.00428989080455275,0.0033947781497301243,0.0011723682467478004,0.5021546844407138,0.4464151885419146,0.3391027689667422,-0.0251663224263174,0,0,0,0,0.00029999999999996696,0.00029999999999996696,0.67,0.2966666666666667,0.4833333333333334,1.1758676578484035,,,0.0
2024-01-01,2281.87,2352.37,2265.24,2352.04,216702.6914,42283.58,44184.1,42180.77,44179.55,27174.29903,52599714575,3712660765,6628392894.0,0.9999,,,65.0,5.33,15.0,1.0,73.0,0.030287754449622444,0.04386318131378095,-0.004006971621785688,0.4974150740679809,0.4653878714496877,0.33900942563431335,-0.0290646378727461,0,0,0,0,-9.999999999998899e-05,9.999999999998899e-05,0.65,0.2966666666666667,0.4733333333333334,1.094680102733711,,,0.0
2024-01-02,2352.05,2431.3,2341.0,2355.34,458041.6642,44179.55,45879.63,44148.34,44946.91,65146.40661,54770861270,3832802257,6849093339.0,0.9997,13.2,119.2686,71.0,5.33,15.0,1.0,73.0,0.0014020540260539925,0.01722000317113513,0.0404476304883805,0.4960691235103626,0.4666365581730316,0.3536872891217143,0.0,0,0,0,0,-0.00029999999999996696,0.00029999999999996696,0.71,0.2966666666666667,0.5033333333333333,1.3382427680777877,,,0.0
2024-01-03,2355.35,2385.45,2100.0,2209.72,798729.4869,44946.91,45500.0,40750.0,42845.23,81194.55173,54630763766,3825481818,6853216354.0,0.9995,14.04,119.6958,70.0,5.33,15.0,1.0,73.0,-0.06381928005018102,-0.04788769521256018,-0.002561160870054994,0.541191814991674,0.47080672534005197,0.35386566317391416,-0.002557883895770259,0,0,0,0,-0.0004999999999999449,0.0004999999999999449,0.7,0.2966666666666667,0.4983333333333333,1.2976489905204414,0.8399999999999999,0.0035754317806338904,0.0
2024-01-04,2209.72,2294.69,2201.91,2267.11,448844.055,42845.23,44729.58,42613.77,44151.1,48038.06334,52079923354,3658153416,6444211054.0,0.9991,14.13,119.6208,68.0,5.33,15.0,1.0,73.0,0.025640081953999767,0.03002352150755492,-0.04781763681462638,0.5432285987749716,0.45132355247159495,0.39545959716173185,-0.04913083076664936,0,0,0,0,-0.0009000000000000119,0.0009000000000000119,0.68,0.2966666666666667,0.4883333333333334,1.2164614354057497,0.09000000000000163,-0.0006267847901514472,0.0
2024-01-05,2267.11,2277.21,2206.17,2268.78,405568.0006,44151.1,44357.46,42450.0,44145.11,48075.25327,53606835381,3727835526,6646272999.0,0.9993,13.35,119.388,72.0,5.33,15.0,1.0,73.0,0.0007363494597344715,-0.0001356796630157846,0.028897059509120436,0.5348050127862036,0.45059191615398886,0.4001192078123333,-0.021252648981760297,0,0,0,0,-0.0007000000000000339,0.0007000000000000339,0.72,0.2966666666666667,0.5083333333333333,1.378836545635134,-0.7800000000000011,-0.0019480460436664168,0.0
2024-01-06,2268.78,2270.0,2216.4,2240.78,194067.8656,44145.12,44214.42,43397.05,43968.32,17835.06144,53202448825,3703819804,6795855754.0,0.9995,,,70.0,5.33,15.0,1.0,73.0,-0.012418222543956053,-0.004012787545087865,-0.0075721598776241385,0.5008021846055399,0.4489634043896594,0.3961404901508397,-0.028635891578704765,0,0,0,0,-0.0004999999999999449,0.0004999999999999449,0.7,0.2966666666666667,0.4983333333333333,1.2976489905204414,,,0.0
2024-01-07,2240.77,2258.01,2203.46,2221.42,207138.6927,43968.32,44480.59,43572.09,43929.02,23023.8508,52762612008,3701512382,6745052096.0,0.9994,,,71.0,5.33,9.0,0.0,59.0,-0.00867738849855344,-0.000894225072540774,-0.008301591855617156,0.5012696794786397,0.4431298866673343,0.3852226014796801,-0.03666638090827305,0,0,0,0,-0.0006000000000000449,0.0006000000000000449,0.71,0.22666666666666668,0.4683333333333333,1.0540863251763641,,,0.0
2024-01-08,2221.42,2358.2,2166.38,2330.44,539407.5547,43929.01,47248.99,43175.0,46951.04,72814.57589,52050778304,4064144132,6648641405.0,0.9992,13.08,119.2506,71.0,5.33,9.0,0.0,59.0,0.04791045990948524,0.06653020711240704,-0.013583086021814284,0.5300050371122949,0.49857943275863337,0.3848175592284969,-0.04966295769188294,0,0,0,0,-0.0008000000000000229,0.0008000000000000229,0.71,0.22666666666666668,0.4683333333333333,1.0540863251763641,,,0.0
2024-01-09,2330.43,2371.72,2226.78,2344.29,551454.9931,46951.04,47972.0,44748.67,46110.0,69927.66617,54048592936,4148107796,6960442334.0,0.9998,12.76,119.6666,76.0,5.33,9.0,0.0,59.0,0.0059254932475093485,-0.018075510415030107,0.03766376315400759,0.5301191521314509,0.5036653151723358,0.40199274227383275,-0.01318709104170346,0,0,0,0,-0.00019999999999997797,0.00019999999999997797,0.76,0.22666666666666668,0.49333333333333335,1.2570552129630956,-0.3200000000000003,0.003482381514616139,0.0
2024-01-10,2344.3,2643.1,2339.59,2584.38,1038388.666,46110.0,47695.93,44300.36,46653.99,89911.41203,54184013250,4241100622,7000972250.0,0.9997,12.69,119.7614,73.0,5.33,9.0,0.0,59.0,0.09750304973321598,0.01172860796383382,0.0025023953397907534,0.5935905828634718,0.4531881354109236,0.4004356580303326,-0.010714602735696582,0,0,0,0,-0.00029999999999996696,0.00029999999999996696,0.73,0.22666666666666668,0.47833333333333333,1.1352738802910567,-0.07000000000000028,0.0007918873728551234,0.0
2024-01-11,2584.37,2689.39,2566.01,2618.01,838712.2577,46654.0,48969.48,45606.06,46339.16,87470.3296,57362518301,4429896112,7625851529.0,1.0,12.44,119.8916,76.0,5.33,9.0,0.0,59.0,0.012928853258319134,-0.006771062230729273,0.057005192312380985,0.5917606445438914,0.4547150291287195,0.42932583067221713,0.0,0,0,0,0,0.0,0.0,0.76,0.22666666666666668,0.49333333333333335,1.2570552129630956,-0.25,0.0010865711074754705,0.0
2024-01-12,2618.01,2717.32,2458.0,2522.54,887457.7627,46339.16,46515.53,41500.0,42782.73,86327.93707,57743866790,4448909441,7735464900.0,1.0004,12.7,119.534,71.0,5.33,9.0,0.0,59.0,-0.03714815678577363,-0.0798528754667809,0.006626042229340242,0.6056662270741603,0.5279504868199776,0.42736513629869677,0.0,0,0,0,0,0.00039999999999995595,0.00039999999999995595,0.71,0.22666666666666668,0.4683333333333333,1.0540863251763641,0.2599999999999998,-0.002987151465069302,0.0
2024-01-13,2522.55,2590.0,2497.5,2578.19,422061.232,42782.74,43257.0,42436.12,42847.99,36118.47464,55542313385,4334564638,7400179017.0,1.0002,,,64.0,5.33,9.0,0.0,59.0,0.02182127193995902,0.0015242196406752171,-0.03887200738749228,0.6047445739890406,0.5278214837500251,0.4487134478023342,-0.03812618598969998,0,0,0,0,0.00019999999999997797,0.00019999999999997797,0.64,0.22666666666666668,0.43333333333333335,0.7699298822749407,,,0.0
2024-01-14,2578.18,2578.69,2470.0,2472.87,306207.7463,42847.99,43079.0,41720.0,41732.35,28228.40894,56361177709,4419600830,7527115208.0,1.0007,,,60.0,5.33,10.0,0.0,44.0,-0.04170818291825345,-0.02638212870563945,0.014635449393460585,0.6046432681947868,0.5283815229878674,0.4450960259828765,-0.023945211117026407,0,0,0,0,0.0006999999999999229,0.0006999999999999229,0.6,0.18,0.39,0.4181171434446066,,,0.0
2024-01-15,2472.87,2553.82,2470.92,2511.78,315247.8819,41732.35,43400.43,41718.05,42511.1,40269.89303,55601751304,4363421133,7348678383.0,1.0006,13.25,,52.0,5.33,10.0,0.0,44.0,0.015612245726752063,0.01848861088034885,-0.013565883963537142,0.6060974061975036,0.5316741653308618,0.43008981888683767,-0.0370968486365892,0,0,0,0,0.0005999999999999339,0.0005999999999999339,0.52,0.18,0.35,0.09336692298583642,,,0.0
2024-01-16,2511.79,2614.43,2500.05,2587.4,381077.6247,42511.1,43578.01,42050.0,43137.95,45045.74589,55870487201,4387176308,7438792937.0,1.0003,13.84,120.5759,64.0,5.33,10.0,0.0,44.0,0.02966184534886525,0.014637901828299413,0.0048215846604992875,0.6086506735951485,0.5280003695979844,0.4300155585921095,-0.032442918930472964,0,0,0,0,0.00029999999999996696,0.00029999999999996696,0.64,0.18,0.41000000000000003,0.5804922536739917,0.5899999999999999,,0.0
2024-01-17,2587.41,2592.97,2506.75,2530.19,366281.3477,43137.94,43198.0,42200.69,42776.1,33266.21388,56676991770,4468851130,7537526422.0,1.001,14.79,121.0402,60.0,5.33,10.0,0.0,44.0,-0.02235911176778112,-0.008423584725432613,0.014332055795869453,0.6159884832390993,0.5183286526966501,0.4280388248240501,-0.01847598852151619,0,0,0,0,0.0009999999999998899,0.0009999999999998899,0.6,0.18,0.39,0.4181171434446066,0.9499999999999993,0.0038432916640094004,0.0
2024-01-18,2530.2,2550.0,2428.56,2470.81,452090.1074,42776.09,42930.0,40683.28,41327.5,43907.51641,56009287142,4393439725,7370181187.0,1.001,14.13,120.8895,63.0,5.33,10.0,0.0,44.0,-0.023748366630328005,-0.03445139745815894,-0.011850820683883325,0.6185276581864371,0.5313877499107819,0.42819638881084293,-0.03003920146720053,0,0,0,0,0.0009999999999998899,0.0009999999999998899,0.63,0.18,0.405,0.5398984761166454,-0.6599999999999984,-0.0012458166111169967,0.0
2024-01-19,2470.81,2504.2,2415.2,2492.0,424209.0029,41327.51,42196.86,40280.0,41659.03,48342.74559,54894190080,4291940012,7229174387.0,1.0009,13.3,120.6442,51.0,5.33,10.0,0.0,44.0,0.008539568821651248,0.007990013891329613,-0.020110003213368727,0.6182360659638789,0.5188778247302401,0.43405855260291665,-0.0493502923931915,0,0,0,0,0.0008999999999999009,0.0008999999999999009,0.51,0.18,0.345,0.05277314542849014,-0.8300000000000001,-0.0020311872367013415,0.0
2024-01-20,2491.99,2492.0,2454.2,2472.01,136620.9577,41659.03,41872.56,41456.3,41696.04,15923.99493,55068626767,4339333041,7225072957.0,1.0007,,,52.0,5.33,10.0,0.0,44.0,-0.008054016030501146,0.0008880084302503328,0.0031726512346778933,0.6178829499970966,0.5185126482049466,0.4293837355018074,-0.04632942287583855,0,0,0,0,0.0006999999999999229,0.0006999999999999229,0.52,0.18,0.35,0.09336692298583642,,,0.0
2024-01-21,2472.02,2482.18,2452.13,2457.05,122572.1687,41696.05,41881.39,41500.98,41580.33,11730.16301,55046829134,4327815059,7258826806.0,1.0006,,,56.0,5.33,9.0,0.0,36.0,-0.006070141542372212,-0.002778941360300473,-0.000395905063578198,0.606305789109929,0.5183090218626499,0.42776849539548134,-0.046706911156616016,0,0,0,0,0.0005999999999999339,0.0005999999999999339,0.56,0.15,0.35500000000000004,0.13396070054318315,,,0.0
2024-01-22,2457.06,2466.1,2303.59,2314.2,526337.6492,41580.32,41689.65,39431.58,39568.02,55426.19911,54884414103,4336745101,7191881115.0,1.0012,13.19,120.6178,55.0,5.33,9.0,0.0,36.0,-0.059897387892233325,-0.049606002668420156,-0.0029548496749399965,0.6429794213385162,0.5443483261712284,0.42396279118251806,-0.04951959136022383,0,0,0,0,0.0012000000000000899,0.0012000000000000899,0.55,0.15,0.35000000000000003,0.09336692298583686,,,0.0
2024-01-23,2314.19,2352.23,2168.07,2242.6,700105.3314,39568.02,40176.74,38555.0,39897.6,57956.63351,52885902872,4150345948,6763908456.0,1.0008,12.55,121.1001,50.0,5.33,9.0,0.0,36.0,-0.031428148415456714,0.008294955472882228,-0.03709259509028444,0.6489411886552798,0.5436919775109678,0.4446690361011921,-0.08412952211300985,0,0,0,0,0.0007999999999999119,0.0007999999999999119,0.5,0.15,0.325,-0.10960196480089451,-0.6399999999999988,0.0039906075640243855,0.0
2024-01-24,2242.6,2264.6,2196.12,2235.02,359851.1496,39897.59,40555.0,39484.19,40084.88,39293.82861,52263235883,4063329531,6674985460.0,1.0005,13.14,120.4916,48.0,5.33,9.0,0.0,36.0,-0.0033857304732878464,0.004683034141144241,-0.011843639898672959,0.6488971090336855,0.5412902087823314,0.4457531119978736,-0.09491277968847642,0,0,0,0,0.0004999999999999449,0.0004999999999999449,0.48,0.15,0.315,-0.19078951991558707,0.5899999999999999,-0.005037435365219011,0.0
2024-01-25,2235.02,2242.89,2171.3,2218.64,330426.6061,40084.89,40300.24,39550.0,39961.09,31022.11853,52452758697,4077040102,6690268059.0,1.0005,13.45,120.8311,52.0,5.33,9.0,0.0,36.0,-0.007355781023558437,-0.003092975166303934,0.003619753060592073,0.6463565309906996,0.5354442103853947,0.44572384041111696,-0.09163065078828954,0,0,0,0,0.0004999999999999449,0.0004999999999999449,0.52,0.15,0.335,-0.028414409686201965,0.3099999999999987,0.002813661739872728,0.0
2024-01-26,2218.64,2282.36,2195.84,2267.68,363566.4255,39961.09,42246.82,39822.52,41823.51,47384.96726,52462851418,4064324321,6688875413.0,1.0002,13.26,120.6173,49.0,5.33,9.0,0.0,36.0,0.02186288688866119,0.04555239092628425,0.00019239693731116058,0.609329431024696,0.5550274086734465,0.4451985437037942,-0.09145586649411153,0,0,0,0,0.00019999999999997797,0.00019999999999997797,0.49,0.15,0.32,-0.1501957423582408,-0.1899999999999995,-0.001770979272421145,0.0
2024-01-27,2267.67,2282.94,2251.4,2267.94,145109.3836,41823.51,42200.0,41394.34,42120.63,16224.41667,53815645931,4154549029,6896436107.0,1.0001,,,55.0,5.33,9.0,0.0,36.0,0.00011464805265211808,0.00707902280697713,0.025458914352057677,0.6075659149557581,0.5514888213646029,0.43515363991965517,-0.06802836521644726,0,0,0,0,9.999999999998899e-05,9.999999999998899e-05,0.55,0.15,0.35000000000000003,0.09336692298583686,,,0.0
2024-01-28,2267.94,2308.24,2239.89,2256.9,209326.9087,42120.63,42842.68,41620.81,42031.06,27294.99838,54055575795,4093631754,6902065806.0,1.0001,,,54.0,5.33,10.0,0.0,31.0,-0.004879740236961713,-0.002128775638974226,0.004448457258954343,0.604178324226389,0.5500069473920254,0.4325052827011691,-0.06387329425674577,0,0,0,0,9.999999999998899e-05,9.999999999998899e-05,0.54,0.13666666666666666,0.3383333333333334,-0.0013518913146376304,,,0.0
2024-01-29,2256.9,2322.34,2233.8,2317.6,305528.0776,42031.05,43333.0,41804.88,43302.7,31542.74207,54006439172,4089610731,6871555659.0,1.0,13.6,120.8538,55.0,5.33,10.0,0.0,31.0,0.026539977220855035,0.029806119942710457,-0.0009094153278834659,0.6114354488270124,0.5597684998360677,0.4300179206019386,-0.0647242352437548,0,0,0,0,0.0,0.0,0.55,0.13666666666666666,0.3433333333333334,0.03924188624270865,,,0.0
2024-01-30,2317.61,2391.98,2297.0,2343.01,372879.5791,43302.71,43882.36,42683.99,42941.1,37619.24546,55171857135,4163772304,6947968839.0,1.0001,13.31,120.6025,61.0,5.33,10.0,0.0,31.0,0.010904260075984275,-0.008385579459892248,0.021349705381166435,0.6122727931196268,0.5606170780596093,0.43596488307338477,-0.04454169417427059,0,0,0,0,9.999999999998899e-05,9.999999999998899e-05,0.61,0.13666666666666666,0.3733333333333333,0.2828045515867854,-0.28999999999999915,-0.002081536830771907,0.0
2024-01-31,2343.0,2351.6,2263.57,2283.14,397116.1859,42941.1,43745.11,42276.84,42580.0,39871.13688,55004372066,4186994056,6938434812.0,1.0006,14.35,120.4331,60.0,5.33,10.0,0.0,31.0,-0.025884739060646825,-0.008444749797383772,-0.0030403145801433575,0.6096617983795776,0.5389831437713861,0.43582539194239367,-0.04744217656851518,0,0,0,0,0.0005999999999999339,0.0005999999999999339,0.6,0.13666666666666666,0.3683333333333333,0.24221077402943914,1.0399999999999991,-0.0014056017276331165,0.0
2024-02-01,2283.15,2311.72,2240.0,2304.28,310997.4538,42580.0,43285.13,41884.28,43082.94,35231.04664,53880057079,4065308869,6811813368.0,1.0003,13.88,120.3335,63.0,5.33,10.0,0.0,31.0,0.009216574739179674,0.011742435619609937,-0.020652263267949403,0.6106563962924951,0.5369581232616903,0.4188631789143799,-0.06691290219707159,0,0,0,0,0.00029999999999996696,0.00029999999999996696,0.63,0.13666666666666666,0.3833333333333333,0.36399210670147797,-0.46999999999999886,-0.0008273573301405465,0.0
2024-02-02,2304.28,2324.74,2281.94,2309.06,238230.511,43082.95,43488.0,42546.79,43200.0,29672.14418,54673230224,4131088907,6920362657.0,1.0005,13.85,120.902,63.0,5.33,10.0,0.0,31.0,0.0020722520822371486,0.0027134001651212595,0.014613786107743417,0.5666419881303412,0.5101741952918019,0.4220951376858367,-0.0531768434761589,0,0,0,0,0.0004999999999999449,0.0004999999999999449,0.63,0.13666666666666666,0.3833333333333333,0.36399210670147797,-0.030000000000001137,0.004713245375744253,0.0
2024-02-03,2309.07,2329.98,2292.75,2296.49,133232.845,43199.99,43380.01,42880.0,43011.09,12033.40998,54998427742,4128534546,6968147015.0,1.0003,,,60.0,5.33,10.0,0.0,31.0,-0.005458644987954984,-0.004382505832045197,0.005930401292752483,0.5602906082376469,0.4989143313030523,0.3854623597416083,-0.04754511951865772,0,0,0,0,0.00029999999999996696,0.00029999999999996696,0.6,0.13666666666666666,0.3683333333333333,0.24221077402943914,,,0.0
2024-02-04,2296.5,2311.0,2266.0,2289.79,171232.0444,43011.1,43119.04,42222.0,42582.88,17066.89404,54525686746,4108465256,6914746010.0,1.0004,,,60.0,5.33,9.0,0.0,36.0,-0.0029217600174053704,-0.010005694851545816,-0.008632691239919167,0.560410647386228,0.4999178067054238,0.3743465188092544,-0.05573198025867779,0,0,0,0,0.00039999999999995595,0.00039999999999995595,0.6,0.15,0.375,0.2963358107725678,,,0.0
2024-02-05,2289.79,2338.41,2269.11,2301.83,236610.412,42582.88,43569.76,42258.1,42708.7,29467.75905,54436885977,4100253007,6936586370.0,1.0013,13.67,121.349,60.0,5.33,9.0,0.0,36.0,0.005244348441227879,0.002950351987088814,-0.0016299319379202606,0.558746644778103,0.5000148697050665,0.3732928312861036,-0.05726981923511742,0,0,0,0,0.0013000000000000789,0.0013000000000000789,0.6,0.15,0.375,0.2963358107725678,,,0.0
2024-02-06,2301.84,2392.4,2299.0,2372.64,368942.7498,42708.7,43399.98,42574.0,43098.95,24675.85433,55916036702,4149197721,6967544716.0,1.0003,13.06,120.9588,64.0,5.33,9.0,0.0,36.0,0.030298800498996734,0.009095988310426472,0.02680924584915137,0.5668227416700441,0.5012463796912954,0.38253541179372297,-0.03165409920758097,0,0,0,0,0.00029999999999996696,0.00029999999999996696,0.64,0.15,0.395,0.4587109210019529,-0.6099999999999994,-0.003220699765276308,0.0
2024-02-07,2372.63,2444.44,2354.0,2425.1,342791.7013,43098.96,44396.5,42788.0,44349.6,34392.59915,57636920645,4251068659,7073906650.0,1.0002,12.83,120.9049,62.0,5.33,9.0,0.0,36.0,0.021869501408000494,0.028605054685199374,0.03031212479376473,0.5473313908358248,0.45235623801526054,0.39067802879819435,-0.0018520779945156145,0,0,0,0,0.00019999999999997797,0.00019999999999997797,0.62,0.15,0.385,0.3775233658872603,-0.23000000000000043,-0.0004457055845278278,0.0
2024-02-08,2425.09,2463.15,2411.01,2419.55,338040.0539,44349.6,45614.3,44331.1,45288.65,45439.62231,59003999306,4320546722,7190716756.0,0.9999,12.79,121.0798,66.0,5.33,9.0,0.0,36.0,-0.0022911881881718175,0.02095275967005496,0.023441880676033526,0.5472129253245602,0.45526603075893335,0.3779194438008584,0.0,0,0,0,0,-9.999999999998899e-05,9.999999999998899e-05,0.66,0.15,0.405,0.5398984761166454,-0.040000000000000924,0.0014455461891266484,0.0
2024-02-09,2419.56,2525.0,2419.16,2486.56,492384.385,45288.66,48200.0,45242.12,47132.77,73503.481,60099723396,4322246652,7176283658.0,0.9995,12.93,121.039,72.0,5.33,9.0,0.0,36.0,0.027318656720714377,0.03991206359421791,0.01840001267867596,0.4347118062619615,0.4750548147292747,0.3817450693782183,0.0,0,0,0,0,-0.0004999999999999449,0.0004999999999999449,0.72,0.15,0.435,0.7834611414607227,0.14000000000000057,-0.000337024637377941,0.0
2024-02-10,2486.56,2516.45,2471.57,2500.24,185099.59,47132.78,48170.0,46800.0,47751.09,24802.35936,61971527412,4402768087,7415208726.0,0.9997,,,74.0,5.33,9.0,0.0,36.0,0.005486498081285188,0.013033381077871586,0.030669805139383867,0.43241782610677093,0.47634422848506386,0.3444808681150871,0.0,0,0,0,0,-0.00029999999999996696,0.00029999999999996696,0.74,0.15,0.445,0.8646486965754152,,,0.0
2024-02-11,2500.24,2539.63,2493.45,2507.21,219975.1471,47751.08,48592.66,47557.16,48299.99,29958.80837,62191699395,4424464256,7477947893.0,0.9996,,,71.0,5.33,9.0,0.0,49.0,0.0027838538582977777,0.01142945972783506,0.0035464963247523896,0.41302198894347725,0.3774884931720341,0.3441925403893873,0.0,0,0,0,0,-0.00039999999999995595,0.00039999999999995595,0.71,0.19333333333333333,0.45166666666666666,0.9187737333185434,,,0.0
2024-02-12,2507.22,2665.58,2472.0,2659.99,449501.776,48300.0,50334.82,47710.01,49917.27,59009.96705,62401551519,4433893126,7513041002.0,0.9997,13.93,120.9378,70.0,5.33,9.0,0.0,49.0,0.05915178226329729,0.03293568144658824,0.00336859855411357,0.45633167334774377,0.39052577720545917,0.31018467718436254,0.0,0,0,0,0,-0.00029999999999996696,0.00029999999999996696,0.7,0.19333333333333333,0.44666666666666666,0.8781799557611971,,,0.0
2024-02-13,2659.99,2686.12,2590.0,2639.99,502447.745,49917.28,50368.61,48300.95,49699.59,55551.56706,64893400641,4630639609,7874473464.0,0.9995,15.85,121.5202,79.0,5.33,9.0,0.0,49.0,-0.00754723411578204,-0.004370351494182536,0.03915579434843542,0.43090137921967725,0.3754554892257364,0.33191480403722273,0.0,0,0,0,0,-0.0004999999999999449,0.0004999999999999449,0.79,0.19333333333333333,0.4916666666666667,1.2435239537773137,1.92,0.00480414026460212,0.0
2024-02-14,2639.99,2786.0,2618.4,2774.81,461670.6944,49699.6,52043.71,49225.01,51795.17,57046.37401,64407526639,4538551540,7810503159.0,0.9992,14.38,121.4002,74.0,5.33,9.0,0.0,49.0,0.04980714711359402,0.041300218103198914,-0.0075154339436933355,0.45985274711873814,0.3931542926784002,0.32837636127490644,-0.007487263684760916,0,0,0,0,-0.0008000000000000229,0.0008000000000000229,0.74,0.19333333333333333,0.4666666666666667,1.0405550659905822,-1.4699999999999989,-0.0009879780352824764,0.0
2024-02-15,2774.8,2867.65,2759.25,2822.59,481689.1874,51795.17,52816.62,51314.0,51880.0,53816.03055,67117428799,4740963033,8190341155.0,0.999,14.01,121.2121,72.0,5.33,9.0,0.0,49.0,0.017072626772787942,0.0016364577734705157,0.041213254343804816,0.452818913080346,0.39241710729512314,0.3519540987101445,0.0,0,0,0,0,-0.0010000000000000009,0.0010000000000000009,0.72,0.19333333333333333,0.45666666666666667,0.9593675108758897,-0.370000000000001,-0.0015506224349666167,0.0
2024-02-16,2822.58,2857.4,2740.0,2801.8,378070.8037,51880.01,52572.08,51566.0,52124.11,37772.25318,67265246672,4733805318,8332364047.0,0.9993,14.24,121.1505,72.0,5.33,9.0,0.0,49.0,-0.00739283537876803,0.004694246184426713,0.0021999551965957735,0.44525734766515224,0.38893721367714185,0.35093104550445386,0.0,0,0,0,0,-0.0007000000000000339,0.0007000000000000339,0.72,0.19333333333333333,0.45666666666666667,0.9593675108758897,0.23000000000000043,-0.0005083292663675238,0.0
2024-02-17,2801.81,2804.21,2719.01,2785.93,243302.8759,52124.1,52162.82,50625.0,51642.64,25674.00622,66955354323,4698472081,8281891582.0,0.9997,,,76.0,5.33,9.0,0.0,49.0,-0.005680318366057286,-0.009279917800631372,-0.0046176652071449244,0.43575100143315215,0.3646603360593347,0.34726342553875683,-0.004607020182518658,0,0,0,0,-0.00029999999999996696,0.00029999999999996696,0.76,0.19333333333333333,0.4766666666666667,1.1217426211052748,,,0.0
2024-02-18,2785.92,2895.0,2764.25,2881.2,367987.8833,51642.64,52377.0,51163.28,52137.67,21992.10363,66940306489,4691515625,8232254605.0,0.9998,,,72.0,5.33,12.0,0.0,52.0,0.0336251246192515,0.009540032294676114,-0.00022476955522079156,0.4476617694819096,0.3647305127007054,0.3351986585431859,-0.0048307290774458785,0,0,0,0,-0.00019999999999997797,0.00019999999999997797,0.72,0.21333333333333332,0.4666666666666667,1.0405550659905822,,,0.0
2024-02-19,2881.2,2984.52,2856.93,2944.8,446451.0401,52137.68,52488.77,51677.0,51774.73,29534.99432,68557781475,4835532104,8418385888.0,0.9998,14.71,,75.0,5.33,12.0,0.0,52.0,0.021834029049603604,-0.00698552773070659,0.023875640547642893,0.4489661368099851,0.3675444117000067,0.34026454174306564,0.0,0,0,0,0,-0.00019999999999997797,0.00019999999999997797,0.75,0.21333333333333332,0.4816666666666667,1.1623363986626212,,,0.0
2024-02-20,2944.8,3033.09,2874.56,3014.81,634681.7471,51774.74,52985.0,50760.37,52258.82,49614.47318,69730820956,4883513472,8556470271.0,0.9999,15.42,121.0199,72.0,5.33,12.0,0.0,52.0,0.02349590686861879,0.009306488030900633,0.016965499634746795,0.4509398190198531,0.36582114593603043,0.3407087851667297,0.0,0,0,0,0,-9.999999999998899e-05,9.999999999998899e-05,0.72,0.21333333333333332,0.4666666666666667,1.0405550659905822,0.7099999999999991,,0.0
2024-02-21,3014.81,3017.15,2868.0,2967.9,595955.0033,52258.82,52366.8,50625.0,51849.39,43079.40049,70331792161,4998085809,8639437048.0,1.0,15.34,121.0379,78.0,5.33,12.0,0.0,52.0,-0.01568217793614364,-0.007865510526459354,0.008581517647052098,0.3909943634806293,0.3080511155840197,0.33845934312680165,0.0,0,0,0,0,0.0,0.0,0.78,0.21333333333333332,0.4966666666666667,1.28411773133466,-0.08000000000000007,0.00014872480897680328,0.0
2024-02-22,2967.91,3036.02,2906.51,2971.4,563525.9936,51849.38,52065.78,50940.78,51288.42,35309.44574,69691875438,4936387994,8525112833.0,1.0007,14.54,121.102,74.0,5.33,12.0,0.0,52.0,0.0011785902059659025,-0.01087817419895304,-0.009140185927328157,0.36497867779057724,0.3157744808136358,0.303553957013546,-0.009098541404079891,0,0,0,0,0.0006999999999999229,0.0006999999999999229,0.74,0.21333333333333332,0.4766666666666667,1.1217426211052748,-0.8000000000000007,0.0005294460061918959,0.0
2024-02-23,2971.4,2993.8,2906.05,2922.24,428826.5787,51288.42,51548.54,50521.0,50744.15,30545.79544,69800002130,4994319902,8506381001.0,1.0001,13.75,121.0369,76.0,5.33,12.0,0.0,52.0,-0.01668277674193129,-0.010668655359765033,0.001550294046380765,0.37367571568358354,0.3225000943478101,0.2953527489465007,-0.007561161384636026,0,0,0,0,9.999999999998899e-05,9.999999999998899e-05,0.76,0.21333333333333332,0.4866666666666667,1.2029301762199673,-0.7899999999999991,-0.0005377079153207284,0.0
2024-02-24,2922.25,3007.48,2906.4,2992.62,243854.0783,50744.15,51698.0,50585.0,51568.22,16560.4211,68848255791,4937596481,8374787710.0,1.0001,,,72.0,5.33,12.0,0.0,52.0,0.02379881241743993,0.016109250933854777,-0.013729148894371641,0.3723781367172751,0.32124479318654897,0.3058208597823378,-0.02109339637761488,0,0,0,0,9.999999999998899e-05,9.999999999998899e-05,0.72,0.21333333333333332,0.4666666666666667,1.0405550659905822,,,0.0
2024-02-25,2992.62,3122.0,2983.61,3112.59,412306.2237,51568.21,51958.55,51279.8,51728.85,18721.63159,70131613967,5019300036,8559096615.0,1.0001,,,74.0,5.33,10.0,0.0,83.0,0.039305919138802874,0.0031100616788884284,0.018468784825559286,0.38417053458656586,0.29245299587269663,0.3057904597056899,-0.002846197826748992,0,0,0,0,9.999999999998899e-05,9.999999999998899e-05,0.74,0.31,0.525,1.5141491374929552,,,0.0
2024-02-26,3112.6,3196.0,3036.59,3175.94,546722.7747,51728.85,54910.0,50901.44,54476.47,51256.72199,71654786701,5157804920,8805585946.0,0.9992,13.74,121.0592,72.0,5.33,10.0,0.0,83.0,0.020148474483354707,0.051753212367562834,0.0214862825406278,0.3836720868764223,0.3313665623116131,0.3035151979192002,0.0,0,0,0,0,-0.0008000000000000229,0.0008000000000000229,0.72,0.31,0.515,1.4329615823782627,,,0.0
2024-02-27,3175.95,3288.14,3160.02,3242.36,625939.1221,54476.48,57588.15,54450.13,57037.34,67194.98562,73835055076,5190790839,9093517769.0,0.9996,13.43,120.9647,79.0,5.33,10.0,0.0,83.0,0.020697808196250323,0.045937275755513214,0.029973661103058533,0.38051966378715696,0.35350084369907653,0.3110867612458563,0.0,0,0,0,0,-0.00039999999999995595,0.00039999999999995595,0.79,0.31,0.55,1.7171180252796865,-0.3100000000000005,-0.0007809146518372799,0.0
2024-02-28,3242.35,3488.0,3176.16,3383.1,947538.766,57037.35,64000.0,56691.85,62432.1,118763.46984,75309392951,5206494929,9299228933.0,0.9988,13.84,121.128,82.0,5.33,10.0,0.0,83.0,0.04249098920918258,0.09037342510456357,0.01977124755257971,0.39204349413270945,0.44667966908784196,0.3099905798912519,0.0,0,0,0,0,-0.0011999999999999789,0.0011999999999999789,0.82,0.31,0.565,1.8388993579517245,0.41000000000000014,0.0013490702096101428,0.0
2024-02-29,3383.11,3522.81,3300.0,3340.09,759698.1123,62432.11,63676.35,60364.7,61130.98,78425.07603,78455902300,5368375864,9755087873.0,0.9994,13.4,121.1824,80.0,5.33,10.0,0.0,83.0,-0.012794696190860875,-0.021060790861507746,0.04093184539372375,0.4019305669683089,0.4561185665520053,0.3253001170209523,0.0,0,0,0,0,-0.0006000000000000449,0.0006000000000000449,0.8,0.31,0.555,1.7577118028370329,-0.4399999999999995,0.0004490108630415348,0.0
2024-03-01,3340.1,3450.0,3338.54,3433.43,412788.5773,61130.99,63114.23,60777.0,62387.9,47737.93473,78150848990,5276228500,9848975155.0,0.9992,13.11,121.0111,80.0,5.33,10.0,0.0,83.0,0.027562008777578344,0.02035257099534111,-0.003895792401136412,0.38154596873155383,0.4510853540727282,0.3258025054741619,-0.0038882136468654186,0,0,0,0,-0.0008000000000000229,0.0008000000000000229,0.8,0.31,0.555,1.7577118028370329,-0.2900000000000009,-0.001414571642628396,0.0
2024-03-02,3433.42,3460.04,3390.01,3421.4,283984.9448,62387.9,62433.19,61561.12,61987.28,25534.73659,80584101518,5534038568,10097043925.0,0.9992,,,80.0,5.33,10.0,0.0,83.0,-0.0035099374748775738,-0.006442143609634661,0.030660458014076047,0.3859433079415481,0.4560204347623409,0.3104576209654277,0.0,0,0,0,0,-0.0008000000000000229,0.0008000000000000229,0.8,0.31,0.555,1.7577118028370329,,,0.0
2024-03-03,3421.39,3491.8,3360.0,3487.81,341631.531,61987.28,63231.88,61320.0,63113.97,28994.90903,80639165189,5587136195,10087535163.0,0.9995,,,83.0,5.33,11.0,1.0,100.0,0.019224208049935323,0.018012936948412033,0.0006830735323217584,0.384366244538312,0.45516726177071715,0.3135693559245759,0.0,0,0,0,0,-0.0004999999999999449,0.0004999999999999449,0.83,0.37333333333333335,0.6016666666666667,2.1365870600389307,,,0.0
2024-03-04,3487.8,3640.94,3423.78,3627.76,715360.6361,63113.97,68499.0,62300.0,68245.71,84835.16005,82126328818,5708023859,10296141939.0,0.9987,13.49,120.872,82.0,5.33,11.0,1.0,100.0,0.0393413458288056,0.07817243529189463,0.018274205155616258,0.3879392189300372,0.5047070085188071,0.31304516401130156,0.0,0,0,0,0,-0.0012999999999999678,0.0012999999999999678,0.82,0.37333333333333335,0.5966666666666667,2.0959932824815843,,,0.0
2024-03-05,3627.75,3822.04,3200.0,3553.65,1392904.864,68245.71,69000.0,59005.0,63724.01,132696.7813,84598312045,5831580776,10734348515.0,0.9987,14.46,120.8846,90.0,5.33,11.0,1.0,100.0,-0.020640133617123094,-0.06855316030923639,0.0296556571202282,0.4030103619123145,0.5778059314320112,0.3076229032998701,0.0,0,0,0,0,-0.0012999999999999678,0.0012999999999999678,0.9,0.37333333333333335,0.6366666666666667,2.4207435029403546,0.9700000000000006,0.0001042370715951853,0.0
2024-03-06,3553.66,3900.0,3499.4,3818.59,969494.71,63724.01,67641.1,62779.14,66074.04,78738.85491,82407597741,5667325389,10472732032.0,0.9992,14.5,120.4649,75.0,5.33,11.0,1.0,100.0,0.0719060002353233,0.03621451680304252,-0.02623667596695717,0.44799490500018974,0.5818430283188128,0.3347795108437828,-0.02589548480393679,0,0,0,0,-0.0008000000000000229,0.0008000000000000229,0.75,0.37333333333333335,0.5616666666666666,1.8118368395801605,0.03999999999999915,-0.0034779473175758427,0.0
2024-03-07,3818.58,3933.81,3735.0,3868.76,540780.675,66074.04,67980.0,65551.0,66823.17,53059.8869,87719414946,5898065684,11176466831.0,0.9984,14.44,120.1909,82.0,5.33,11.0,1.0,100.0,0.013052797728649309,0.011273945248864211,0.062465615705790616,0.44552155284409,0.581635831609914,0.3730995279239122,0.0,0,0,0,0,-0.0016000000000000458,0.0016000000000000458,0.82,0.37333333333333335,0.5966666666666667,2.0959932824815843,-0.0600000000000005,-0.002277112111125468,0.0
2024-03-08,3868.76,3993.75,3820.0,3883.36,646399.2589,66823.18,69990.0,66082.66,68124.19,74261.932842,88545687244,5941402651,11302178237.0,0.9977,14.74,119.975,81.0,5.33,11.0,1.0,100.0,0.003766716011167122,0.019282486315176334,0.009375404887829265,0.4471438030740066,0.5797200817513289,0.36942074326557,0.0,0,0,0,0,-0.0022999999999999687,0.0022999999999999687,0.81,0.37333333333333335,0.5916666666666667,2.0553995049242384,0.3000000000000007,-0.001797924336124612,0.0
2024-03-09,3883.37,3942.0,3870.01,3905.21,254839.1386,68124.2,68541.1,67861.1,68313.27,19872.89743,89985888018,5974809975,11438314073.0,0.9978,,,84.0,5.33,11.0,1.0,100.0,0.005610800781601544,0.0027716745979517753,0.016134199382859468,0.44398171072669745,0.5805651229401747,0.368024352523775,0.0,0,0,0,0,-0.0021999999999999797,0.0021999999999999797,0.84,0.37333333333333335,0.6066666666666667,2.177180837596277,,,0.0
2024-03-10,3905.2,3964.67,3791.26,3878.47,356664.68,68313.28,69887.61,68094.75,68955.88,38404.66835,90593098395,6052172036,11513011474.0,0.999,,,79.0,5.33,10.0,1.0,94.0,-0.006870813084617783,0.009362842188647231,0.006725175255824405,0.44895878596690225,0.5729351345016382,0.36854745856584953,0.0,0,0,0,0,-0.0010000000000000009,0.0010000000000000009,0.79,0.35,0.5700000000000001,1.8794931355090716,,,0.0
2024-03-11,3878.47,4086.23,3722.95,4064.8,721554.5139,68955.88,72800.0,67024.96,72078.1,75292.825726,90506957497,6005144368,11570263331.0,0.9997,15.22,120.0394,82.0,5.33,10.0,1.0,94.0,0.04692379532758898,0.044283373561153284,-0.0009513073209400742,0.4612171620901932,0.5834480067961793,0.3666992678985774,-0.0009508549715830701,0,0,0,0,-0.00029999999999996696,0.00029999999999996696,0.82,0.35,0.585,2.0012744681811094,,,0.0
2024-03-12,4064.8,4093.92,3828.98,3979.96,632787.3941,72078.1,73000.0,68620.82,71452.01,68783.546691,94610481665,6262042348,12111611704.0,0.9998,13.84,120.1668,81.0,5.33,10.0,1.0,94.0,-0.021092772302799184,-0.008724217811494954,0.04434154359064547,0.4772006898030696,0.5886576751998353,0.3813052507386288,0.0,0,0,0,0,-0.00019999999999997797,0.00019999999999997797,0.81,0.35,0.5800000000000001,1.9606806906237642,-1.3800000000000008,0.0010607554005341317,0.0
2024-03-13,3979.97,4083.0,3932.23,4004.79,482305.7766,71452.0,73650.25,71333.31,73072.41,52659.711647,93056333943,6142000824,11895889899.0,0.9994,13.75,119.9642,81.0,5.33,10.0,1.0,94.0,0.0062193756940735045,0.022424831790492365,-0.01656321867280646,0.45112921958781416,0.5853216379002077,0.39440305309689266,-0.016426802766980712,0,0,0,0,-0.0006000000000000449,0.0006000000000000449,0.81,0.35,0.5800000000000001,1.9606806906237642,-0.08999999999999986,-0.0016874126878490322,0.0
2024-03-14,4004.79,4010.98,3723.0,3881.7,648237.5245,73072.4,73777.0,68555.0,71388.94,71757.628746,94493564962,6193736625,12067356450.0,1.0002,14.4,120.241,88.0,5.33,10.0,1.0,94.0,-0.031217942680779823,-0.02330791194500903,0.015326685452257401,0.4721846622908133,0.5959057012622474,0.3833606355950169,-0.0012357690283618112,0,0,0,0,0.00019999999999997797,0.00019999999999997797,0.88,0.35,0.615,2.2448371335251873,0.6500000000000004,0.0023046971715979404,0.0
2024-03-15,3881.69,3934.02,3570.0,3742.19,947537.4071,71388.94,72419.71,65600.0,69499.85,103334.03546,92444916574,6107198402,11759625816.0,0.9999,14.41,120.4003,83.0,5.33,10.0,1.0,94.0,-0.03660220045834964,-0.02681836109117046,-0.02191876589825131,0.4831302941186681,0.6011987828135386,0.3959240456366875,-0.02288927244518114,0,0,0,0,-9.999999999998899e-05,9.999999999998899e-05,0.83,0.35,0.59,2.041868245738456,0.009999999999999787,0.001323962455899652,0.0
2024-03-16,3742.19,3781.12,3468.8,3523.09,548288.1569,69499.84,70043.0,64780.0,65300.63,55926.95336,90187525759,5880764006,11439693078.0,1.0007,,,81.0,5.33,10.0,1.0,94.0,-0.06033255610742313,-0.062322910279710986,-0.024721848492494286,0.5408069875507642,0.6514263352285384,0.40154649578271256,-0.04674911096701687,0,0,0,0,0.0006999999999999229,0.0006999999999999229,0.81,0.35,0.5800000000000001,1.9606806906237642,,,0.0
2024-03-17,3523.09,3678.68,3412.0,3644.71,517790.9936,65300.64,68904.4,64533.0,68393.48,49742.21589,85679353363,5573709279,10845670749.0,1.0007,,,79.0,5.33,10.0,1.0,68.0,0.033938355810842834,0.046275814432356635,-0.05127924315629295,0.5457806700349799,0.665040691766665,0.45423857980572924,-0.09439893069801338,0,0,0,0,0.0006999999999999229,0.0006999999999999229,0.79,0.2633333333333333,0.5266666666666666,1.5276803966787367,,,0.0
2024-03-18,3644.7,3645.02,3454.09,3520.46,570901.2851,68393.47,68956.0,66565.2,67609.99,55691.08088,88669920685,5732130204,11141824892.0,1.0001,14.33,120.5752,77.0,5.33,10.0,1.0,68.0,-0.03468513836288729,-0.01152174525222046,0.034308839901234615,0.564500237873049,0.6658640615916175,0.46080418606564544,-0.06278967061001274,0,0,0,0,9.999999999998899e-05,9.999999999998899e-05,0.77,0.2633333333333333,0.5166666666666666,1.4464928415640441,,,0.0
2024-03-19,3520.47,3548.09,3150.88,3158.64,1049629.6936,67610.0,68124.11,61555.0,61937.4,101005.32487,86390904335,5569406308,10930140807.0,1.0005,13.82,120.9332,79.0,5.33,10.0,1.0,68.0,-0.10845010767802181,-0.08763155563733493,-0.02603832252720715,0.6869425149208905,0.7462488006125194,0.47610688014921987,-0.0868780835415695,0,0,0,0,0.0004999999999999449,0.0004999999999999449,0.79,0.2633333333333333,0.5266666666666666,1.5276803966787367,-0.5099999999999998,0.002964702364131955,0.0
2024-03-20,3158.65,3535.24,3056.56,3516.53,1207322.8201,61937.41,68100.0,60775.0,67840.51,90420.58592,79672567918,5242246566,9836366100.0,0.9999,13.04,120.9289,74.0,5.33,10.0,1.0,68.0,0.10733315272751459,0.09103531158594273,-0.08095706156330554,0.7753874751055206,0.8014882426049664,0.5655268643010352,-0.15788857095023226,0,0,0,0,-9.999999999998899e-05,9.999999999998899e-05,0.74,0.2633333333333333,0.5016666666666667,1.3247115088920063,-0.7800000000000011,-3.555745195675707e-05,0.0
2024-03-21,3516.53,3587.32,3412.0,3492.85,602755.2072,67840.51,68240.47,64529.01,65501.27,53357.48002,87364715588,5767534429,10971748523.0,1.0004,12.92,120.8086,78.0,5.33,10.0,1.0,68.0,-0.00675668606585365,-0.03508997737785613,0.0921661545356027,0.7739328735142622,0.8161075476717448,0.6412952671062664,-0.07658523611216836,0,0,0,0,0.00039999999999995595,0.00039999999999995595,0.78,0.2633333333333333,0.5216666666666667,1.4870866191213914,-0.11999999999999922,-0.0009952945648141738,0.0
2024-03-22,3492.84,3542.52,3250.0,3336.35,558848.888,65501.28,66649.62,62260.0,63796.64,51482.37821,86583679700,5734821735,10566234014.0,0.9998,13.06,121.1842,75.0,5.33,10.0,1.0,68.0,-0.0458406268133607,-0.026369007379098856,-0.00898014765194701,0.790991679681131,0.8230233427405015,0.6438481794042805,-0.0848405147478434,0,0,0,0,-0.00019999999999997797,0.00019999999999997797,0.75,0.2633333333333333,0.5066666666666666,1.3653052864493516,0.14000000000000057,0.0031042270812504497,0.0
2024-03-23,3336.35,3435.48,3270.08,3329.53,323675.9448,63796.64,65999.0,63000.0,63990.01,26410.11409,83931968029,5632336813,10495645148.0,0.9998,,,73.0,5.33,10.0,1.0,68.0,-0.0020462421704777038,0.003026453038660462,-0.03110477541133821,0.7912113131661573,0.8206661609878493,0.6552062310887647,-0.11286818804929927,0,0,0,0,-0.00019999999999997797,0.00019999999999997797,0.73,0.2633333333333333,0.49666666666666665,1.2841177313346595,,,0.0
2024-03-24,3329.53,3471.22,3298.76,3454.98,260824.1408,63990.02,67628.69,63772.29,67209.99,31395.78015,85139088087,5635946969,10615649864.0,1.0001,,,74.0,5.33,10.0,0.0,56.0,0.036985515601003736,0.04909491976870599,0.014279683318768048,0.795862108011744,0.8305438518855973,0.6555742378366085,-0.10010934741392219,0,0,0,0,9.999999999998899e-05,9.999999999998899e-05,0.74,0.22,0.48,1.1488051394768386,,,0.0
2024-03-25,3454.99,3666.0,3420.12,3590.42,548577.6942,67210.0,71150.0,66385.06,69880.01,53431.14486,87713423427,5894217640,10973392956.0,0.9997,13.19,121.0295,75.0,5.33,10.0,0.0,56.0,0.038452518809786,0.038957731173826136,0.029788698811059444,0.8017035615580027,0.8366793006548529,0.656144408851556,-0.07289951511314928,0,0,0,0,-0.00029999999999996696,0.00029999999999996696,0.75,0.22,0.485,1.189398917034185,,,0.0
2024-03-26,3590.43,3678.86,3542.62,3587.33,499013.8384,69880.0,71561.1,69280.0,69988.0,38934.38417,91200049343,6055996983,11570585683.0,1.0001,13.24,121.0742,81.0,5.33,10.0,0.0,56.0,-0.0008609940972833262,0.0015441704140665396,0.03898048971510569,0.7929400755636931,0.8368624484586697,0.6640876125110342,-0.0360470876163148,0,0,0,0,9.999999999998899e-05,9.999999999998899e-05,0.81,0.22,0.515,1.4329615823782627,0.05000000000000071,0.0003692632579173289,0.0
2024-03-27,3587.32,3665.84,3460.02,3501.19,443195.3297,69987.99,71769.54,68359.18,69469.99,49119.35685,91322576620,6069146040,11573324183.0,1.0006,12.78,121.0089,83.0,5.33,10.0,0.0,56.0,-0.024305282494903636,-0.007428938024621631,0.0013425984286482356,0.7972110970277788,0.8251456174039051,0.6629435483800795,-0.034752016765350856,0,0,0,0,0.0005999999999999339,0.0005999999999999339,0.83,0.22,0.525,1.5141491374929552,-0.46000000000000085,-0.0005394841819505107,0.0
2024-03-28,3501.2,3611.78,3465.0,3560.49,404654.0311,69469.99,71552.06,68903.62,70780.6,35439.03239,89929106619,6000358297,11233401037.0,0.9999,13.01,121.0635,80.0,5.33,10.0,0.0,56.0,0.016795265133333685,0.01869009109453202,-0.015376380855516092,0.7962517295715877,0.8148307073422342,0.6629694880301442,-0.04948051171091139,0,0,0,0,-9.999999999998899e-05,9.999999999998899e-05,0.8,0.22,0.51,1.3923678048209163,0.23000000000000043,0.0004511047184718937,0.0
2024-03-29,3560.49,3584.37,3445.91,3509.74,323086.179,70780.6,70916.16,69009.0,69850.54,25445.08353,91652128957,6054802880,11509494540.0,0.9994,,121.0191,79.0,5.33,10.0,0.0,56.0,-0.014356215181719081,-0.01322713532737063,0.01897854752992918,0.7854905253290632,0.7600120475280698,0.6627766032733493,-0.03126876278333553,0,0,0,0,-0.0006000000000000449,0.0006000000000000449,0.79,0.22,0.505,1.35177402726357,,-0.00036681695006465293,0.0
2024-03-30,3509.74,3565.81,3485.0,3505.64,216025.2634,69850.53,70321.1,69540.0,69582.18,13644.61142,91022867774,6008176213,11241161958.0,0.9996,,,75.0,5.33,10.0,0.0,56.0,-0.0011688605511880762,-0.0038493164497219014,-0.006889434057340731,0.7839240706468229,0.755298829823905,0.652460108534821,-0.03791983539099975,0,0,0,0,-0.00039999999999995595,0.00039999999999995595,0.75,0.22,0.485,1.189398917034185,,,0.0
2024-03-31,3505.65,3655.32,3505.09,3645.29,243464.9877,69582.17,71366.0,69562.99,71280.01,19396.34433,90963983639,6087815913,11190122357.0,1.0,,,75.0,5.33,10.0,0.0,45.0,0.039062823229440984,0.024107423379159526,-0.000647125180722871,0.7897206355212711,0.7564149551143733,0.6520038464921143,-0.03854222028920267,0,0,0,0,0.0,0.0,0.75,0.18333333333333332,0.4666666666666667,1.0405550659905822,,,0.0
2024-04-01,3645.29,3645.95,3413.71,3503.8,408854.1225,71280.0,71288.23,68062.86,69649.8,41445.32039,93246549466,6114447680,11668706414.0,0.9996,13.65,121.5151,79.0,5.33,10.0,0.0,45.0,-0.03958782951874899,-0.02313609473301786,0.024783410806915308,0.8028045760945434,0.7616612658170205,0.6494166941777655,-0.01441629061597485,0,0,0,0,-0.00039999999999995595,0.00039999999999995595,0.79,0.18333333333333332,0.4866666666666667,1.2029301762199673,,,0.0
2024-04-02,3503.8,3505.6,3212.0,3278.96,623264.6476,69649.81,69674.23,64550.0,65463.99,71799.82793,90933796228,5926196048,11280548670.0,0.9998,14.61,121.3035,79.0,5.33,10.0,0.0,45.0,-0.06632179487259003,-0.06197960825197718,-0.02511532702160708,0.8329724717972388,0.793430520201187,0.6576893959493946,-0.03886129076076932,0,0,0,0,-0.00019999999999997797,0.00019999999999997797,0.79,0.18333333333333332,0.4866666666666667,1.2029301762199673,0.9599999999999991,-0.001742865279370284,0.0
2024-04-03,3278.96,3367.4,3202.79,3310.83,410484.1933,65463.99,66903.63,64493.07,65963.28,39887.21778,86745165121,5818343956,10535666374.0,0.9996,14.33,121.0198,71.0,5.33,10.0,0.0,45.0,0.009672614295133657,0.007598003093028574,-0.04715704397381546,0.8207521145234898,0.7439223215755868,0.6790739586545157,-0.08313366981736527,0,0,0,0,-0.00039999999999995595,0.00039999999999995595,0.71,0.18333333333333332,0.44666666666666666,0.8781799557611971,-0.27999999999999936,-0.002341501041116789,0.0
2024-04-04,3310.83,3443.93,3250.92,3327.4,356338.5716,65963.27,69309.91,65064.52,68487.79,41510.48453,87524057389,5879234452,10638988689.0,0.9997,16.35,120.7613,70.0,5.33,10.0,0.0,45.0,0.004992305001377068,0.03755725764251874,0.008939013364331554,0.8187040462305597,0.7143734364179726,0.6721972782242803,-0.07490104850212952,0,0,0,0,-0.00029999999999996696,0.00029999999999996696,0.7,0.18333333333333332,0.44166666666666665,0.8375861782038508,2.0200000000000014,-0.0021382986386893873,0.0
2024-04-05,3327.39,3350.0,3210.0,3317.85,344556.7983,68487.8,68756.67,65952.56,67820.62,37915.23073,88212618503,5900141937,10726888248.0,0.9996,16.03,120.9646,79.0,5.33,10.0,0.0,45.0,-0.002874235453763564,-0.009789202703133824,0.00783632254445823,0.7738409534671011,0.7049282399427351,0.6652060414507717,-0.06762319617665377,0,0,0,0,-0.00039999999999995595,0.00039999999999995595,0.79,0.18333333333333332,0.4866666666666667,1.2029301762199673,-0.3200000000000003,0.001682070873945248,0.0
2024-04-06,3317.85,3398.42,3306.68,3351.59,183312.2125,67820.63,69692.0,67447.83,68896.0,20134.28919,88040894078,5878261234,10835774890.0,0.9998,,,75.0,5.33,10.0,0.0,45.0,0.010117877313201287,0.015731842680183246,-0.0019486077391913778,0.7730615341297082,0.7059271459826396,0.6287881602842397,-0.06943826383065904,0,0,0,0,-0.00019999999999997797,0.00019999999999997797,0.75,0.18333333333333332,0.4666666666666667,1.0405550659905822,,,0.0
2024-04-07,3351.59,3459.94,3344.08,3454.2,210459.0752,68896.0,70326.29,68824.0,69360.39,21534.74433,89045723525,5925210902,10972058231.0,1.0001,,,78.0,5.33,9.0,1.0,46.0,0.030156021824738675,0.006717834111896003,0.011348573313103924,0.7821614777402569,0.7031907566632561,0.6291911747366197,-0.05881756484132365,0,0,0,0,9.999999999998899e-05,9.999999999998899e-05,0.78,0.18666666666666668,0.48333333333333334,1.175867657848403,,,0.0
2024-04-08,3454.2,3730.71,3406.36,3694.61,496841.3532,69360.38,72797.99,69043.24,71620.0,45723.87624,90380261677,6057735239,11054129802.0,1.0,15.19,120.7359,76.0,5.33,9.0,1.0,46.0,0.06728411886400808,0.03205840927643814,0.014875913995575534,0.8202588443658831,0.7116980727191358,0.6288049834985949,-0.04471195911440876,0,0,0,0,0.0,0.0,0.76,0.18666666666666668,0.47333333333333333,1.0946801027337105,,,0.0
2024-04-09,3694.61,3727.34,3450.46,3506.39,457592.252,71620.0,71758.19,68210.0,69146.0,39293.90242,95276716255,6458140107,11868017526.0,1.0005,14.98,120.7048,80.0,5.33,9.0,1.0,46.0,-0.05228798260119764,-0.03515415339654028,0.05275956101829706,0.8388465301323914,0.7224259801411342,0.6548305675667825,0.0,0,0,0,0,0.0004999999999999449,0.0004999999999999449,0.8,0.18666666666666668,0.49333333333333335,1.2570552129630956,-0.20999999999999908,-0.0002576201955345797,0.0
2024-04-10,3506.4,3562.95,3411.82,3545.64,389404.9055,69146.0,71172.08,67518.0,70631.08,42006.02377,92165893914,6185383212,11290665494.0,1.0,15.8,121.5727,78.0,5.33,9.0,1.0,46.0,0.01113166146509165,0.02125006308303191,-0.03319531233230432,0.8209408687409728,0.7090357217273908,0.6660243150153159,-0.03265039417053532,0,0,0,0,0.0,0.0,0.78,0.18666666666666668,0.48333333333333334,1.175867657848403,0.8200000000000003,0.00716454241510143,0.0
2024-04-11,3545.64,3618.3,3474.52,3502.52,338139.5534,70631.08,71305.89,69567.21,70006.23,31917.25595,93082402560,6234487507,11518117545.0,0.9999,14.91,121.6081,76.0,5.33,9.0,1.0,46.0,-0.012235970235867036,-0.00888603616768445,0.009895001913223025,0.8192748136006708,0.7090590642196816,0.6481521711264019,-0.023030954269321235,0,0,0,0,-9.999999999998899e-05,9.999999999998899e-05,0.76,0.18666666666666668,0.47333333333333333,1.0946801027337105,-0.8900000000000006,0.0002911414079570226,0.0
2024-04-12,3502.52,3552.4,3100.0,3237.43,697327.1174,70006.22,71227.46,65086.86,67116.52,56072.86229,93628474181,7073986451,11399042412.0,0.9996,17.31,122.2885,79.0,5.33,9.0,1.0,46.0,-0.07870290424943296,-0.04215402471169341,0.0058493986803402264,0.8582270913988815,0.7182919750371032,0.6458904331503821,-0.01729952646130898,0,0,0,0,-0.00039999999999995595,0.00039999999999995595,0.79,0.18666666666666668,0.48833333333333334,1.2164614354057492,2.3999999999999986,0.005579428045090137,0.0
2024-04-13,3237.42,3301.9,2852.0,3007.01,994971.2354,67116.52,67929.0,60660.57,63924.51,71395.22019,86061535708,5646380494,10568007674.0,0.9987,,,72.0,5.33,9.0,1.0,46.0,-0.07383357559576002,-0.04872735746222276,-0.08427197668485757,0.8857381623848464,0.7327383126565714,0.7070732723204929,-0.09672017371312794,0,0,0,0,-0.0012999999999999678,0.0012999999999999678,0.72,0.18666666666666668,0.4533333333333333,0.9323049925043254,,,0.0
2024-04-14,3007.01,3174.23,2906.73,3155.11,737580.4666,63924.52,65840.0,62134.0,65661.84,61599.17818,79256751217,5139713056,9614379315.0,0.9989,,,72.0,5.33,9.0,1.0,45.0,0.0480771311040579,0.026815078915186055,-0.08236997388420327,0.9010523378161357,0.7353002808837874,0.7569852208684241,-0.1681414480650648,0,0,0,0,-0.0010999999999999899,0.0010999999999999899,0.72,0.18333333333333332,0.45166666666666666,0.9187737333185434,,,0.0
2024-04-15,3155.11,3277.85,3023.19,3101.99,605430.8863,65661.85,66867.07,62274.4,63419.99,52389.53069,83706914791,5649999849,10330283276.0,0.9996,19.23,122.425,74.0,5.33,9.0,1.0,45.0,-0.016979519656058945,-0.03473882339914055,0.054628990086454554,0.880414126942067,0.7127161355537212,0.7813464623465876,-0.12143367150725906,0,0,0,0,-0.00039999999999995595,0.00039999999999995595,0.74,0.18333333333333332,0.46166666666666667,0.999961288433236,,,0.0
2024-04-16,3102.0,3128.01,2986.0,3084.22,526113.855,63419.99,64365.0,61600.0,63793.39,53435.29331,83393928327,5510045967,10151722300.0,0.9996,18.4,123.1234,65.0,5.33,9.0,1.0,45.0,-0.00574505193835904,0.005870468536476564,-0.003746083193537413,0.8695678378393826,0.6926540368083822,0.7613205334367744,-0.124718697233401,0,0,0,0,-0.00039999999999995595,0.00039999999999995595,0.65,0.18333333333333332,0.4166666666666667,0.6346172904171199,-0.8300000000000018,0.005688506895579244,0.0
2024-04-17,3084.21,3123.75,2914.47,2985.41,491897.5661,63793.4,64499.0,59678.16,61277.37,50610.54509,82456411431,5483680448,10235916287.0,1.0,18.21,123.0207,67.0,5.33,9.0,1.0,45.0,-0.032561698237881825,-0.040238973210926274,-0.011305697454343984,0.8687039778023078,0.7045951420483706,0.7513286893973217,-0.13455863434343757,0,0,0,0,0.0,0.0,0.67,0.18333333333333332,0.4266666666666667,0.7158048455318125,-0.18999999999999773,-0.0008344705882409304,0.0
2024-04-18,2985.41,3094.4,2950.98,3064.4,389060.7133,61277.38,64117.09,60803.35,63470.08,43601.60918,80787102246,5403564202,10007060157.0,0.9995,18.0,123.0017,57.0,5.33,9.0,1.0,45.0,0.02611470081424689,0.035158006998813135,-0.020452480308442683,0.7913376743789157,0.6474301680645018,0.7493688719053696,-0.15207927580354244,0,0,0,0,-0.0004999999999999449,0.0004999999999999449,0.57,0.18333333333333332,0.37666666666666665,0.30986706995834973,-0.21000000000000085,-0.00015445748060161722,0.0
2024-04-19,3064.4,3128.89,2865.18,3056.46,607850.4019,63470.09,65450.0,59600.01,63818.01,69774.30271,82763487420,5487627757,10188069868.0,0.9995,18.71,123.1075,66.0,5.33,9.0,1.0,45.0,-0.0025944081235797613,0.005466825160537417,0.024169663828338777,0.688068456261569,0.5602837806384992,0.6983515158644756,-0.1313356434483889,0,0,0,0,-0.0004999999999999449,0.0004999999999999449,0.66,0.18333333333333332,0.4216666666666667,0.6752110679744662,0.7100000000000009,0.0008597809957326436,0.0
2024-04-20,3056.45,3171.88,3018.75,3155.79,242577.6371,63818.01,65419.0,63090.07,64940.59,23137.42975,83513571355,5546822868,10422859276.0,0.9996,,,66.0,5.33,9.0,1.0,45.0,0.03198147730884544,0.01743741302682119,0.00902215890211163,0.6997607224111638,0.5511659474814944,0.6177051545168075,-0.12346295466897649,0,0,0,0,-0.00039999999999995595,0.00039999999999995595,0.66,0.18333333333333332,0.4216666666666667,0.6752110679744662,,,0.0
2024-04-21,3155.79,3197.18,3116.49,3147.67,219970.5072,64940.58,65695.56,64237.5,64941.15,19316.42152,85857041567,5709941005,10618517067.0,0.9998,,,72.0,5.33,9.0,0.0,38.0,-0.0025763642480408425,8.623229100669178e-06,0.027674455879468124,0.6827877003931486,0.5430752861484788,0.6253055394351579,-0.09886649181725622,0,0,0,0,-0.00019999999999997797,0.00019999999999997797,0.72,0.15666666666666665,0.4383333333333333,0.8105236598322866,,,0.0
2024-04-22,3147.66,3235.0,3129.15,3200.2,290879.9569,64941.15,67232.35,64500.0,66819.32,31397.99371,86053626253,5709862621,10660819368.0,0.9996,16.94,123.0609,73.0,5.33,9.0,0.0,38.0,0.016550811254883464,0.028510785110948657,0.0022870572743551075,0.685826062015261,0.5517188426430184,0.6153567632155593,-0.09680318932608033,0,0,0,0,-0.00039999999999995595,0.00039999999999995595,0.73,0.15666666666666665,0.4433333333333333,0.8511174373896329,,,0.0
2024-04-23,3200.19,3263.61,3152.0,3219.46,253914.2263,66819.32,67183.01,65765.81,66414.0,22599.90004,87462037034,5783611656,10872548196.0,0.9999,15.69,122.7227,71.0,5.33,9.0,0.0,38.0,0.006000335776795954,-0.006084382651452649,0.016234173747971016,0.6724289498857642,0.5246415195918656,0.6159318405526437,-0.08202087066146023,0,0,0,0,-9.999999999998899e-05,9.999999999998899e-05,0.71,0.15666666666666665,0.4333333333333333,0.7699298822749403,-1.2500000000000018,-0.002752016110505861,0.0
2024-04-24,3219.46,3293.56,3104.9,3140.8,393314.3414,66414.0,67070.43,63606.06,64289.59,33595.69637,87987043249,5767014140,10881450987.0,1.0006,15.97,122.89,72.0,5.33,9.0,0.0,38.0,-0.024736099089373503,-0.03251015685090299,0.005984731081688096,0.660176808420922,0.516325235480291,0.6074159912401753,-0.07651053995700074,0,0,0,0,0.0005999999999999339,0.0005999999999999339,0.72,0.15666666666666665,0.4383333333333333,0.8105236598322866,0.28000000000000114,0.0013623076158040131,0.0
2024-04-25,3140.79,3191.64,3072.2,3155.8,352288.5502,64289.58,65297.94,62794.0,64498.34,31341.46338,85472569236,5624204177,10611647879.0,1.0003,15.37,122.8384,72.0,5.33,9.0,0.0,38.0,0.004764485079372048,0.0032417662557915235,-0.028994071013741567,0.660854030393966,0.516538060831205,0.5988735508975623,-0.10290181488581153,0,0,0,0,0.00029999999999996696,0.00029999999999996696,0.72,0.15666666666666665,0.4383333333333333,0.8105236598322866,-0.6000000000000014,-0.0004199758819773718,0.0
2024-04-26,3155.81,3167.7,3102.0,3131.3,252522.655,64498.33,64820.01,63297.48,63770.01,27085.19346,86094933139,5683538606,10645478691.0,1.0003,15.03,122.9471,70.0,5.33,9.0,0.0,38.0,-0.007793775832009595,-0.011356469895713836,0.007255064324835291,0.6570529723725148,0.5171697194784785,0.5996636023139581,-0.09636964283514705,0,0,0,0,0.00029999999999996696,0.00029999999999996696,0.7,0.15666666666666665,0.4283333333333333,0.729336104717594,-0.33999999999999986,0.000884511145587341,0.0
2024-04-27,3131.3,3285.0,3066.74,3255.56,323811.1919,63770.0,63923.41,62391.24,63461.98,20933.06052,85222521496,5599852374,10609441917.0,1.0007,,,67.0,5.33,9.0,0.0,38.0,0.03891605008616172,-0.004842030716018614,-0.010184825430263071,0.6701467864091768,0.5113122704470421,0.5984744700574893,-0.10552625189233858,0,0,0,0,0.0006999999999999229,0.0006999999999999229,0.67,0.15666666666666665,0.41333333333333333,0.6075547720455556,,,0.0
2024-04-28,3255.55,3357.4,3250.45,3263.45,304766.009,63461.98,64370.0,62781.0,63118.62,16949.20005,87220270828,5708360482,10779427773.0,1.0003,,,65.0,5.33,9.0,0.0,36.0,0.0024206141277699957,-0.005425173243951366,0.023171031811342103,0.6691178725479342,0.5101936941848647,0.6004810973011838,-0.08455838680919282,0,0,0,0,0.00029999999999996696,0.00029999999999996696,0.65,0.15,0.4,0.49930469855929915,,,0.0
2024-04-29,3263.44,3286.95,3115.13,3216.73,421831.2912,63118.62,64228.35,61765.53,63866.0,28150.22947,87553898150,5805049759,10897305122.0,1.0003,14.67,122.5449,67.0,5.33,9.0,0.0,36.0,-0.014419602393225955,0.01177132522006203,0.003817815060300842,0.6703998130868483,0.5129142487932398,0.6004671492507117,-0.08105671992651947,0,0,0,0,0.00029999999999996696,0.00029999999999996696,0.67,0.15,0.41000000000000003,0.5804922536739917,,,0.0
2024-04-30,3216.74,3250.95,2921.0,3014.05,561717.4866,63866.0,64734.0,59191.6,60672.0,54947.65535,85866471418,5630283169,10672423928.0,1.0009,15.65,122.9853,67.0,5.33,9.0,0.0,36.0,-0.06508062629125812,-0.051304831768252054,-0.019461150882798386,0.6866390973953891,0.5301749213529209,0.6037884357155876,-0.0987675185174758,0,0,0,0,0.0008999999999999009,0.0008999999999999009,0.67,0.15,0.41000000000000003,0.5804922536739917,0.9800000000000004,0.003587342594052958,0.0
2024-05-01,3014.04,3023.24,2817.0,2972.46,624963.7773,60672.01,60841.63,56552.82,58364.97,81166.46823,81327422617,5370070588,10117541950.0,1.0014,15.39,123.0168,54.0,5.33,9.0,0.0,36.0,-0.013894796510902776,-0.03876642553474422,-0.05431017045831075,0.6767574027736168,0.5394882177836167,0.6224966855046409,-0.14640821164182344,0,0,0,0,0.0014000000000000679,0.0014000000000000679,0.54,0.15,0.34500000000000003,0.05277314542849059,-0.2599999999999998,0.0002560953761953744,0.0
2024-05-02,2972.46,3016.72,2893.26,2986.19,365939.7191,58364.97,59625.0,56911.84,59060.61,47583.81961,81206264299,5260844573,9988376285.0,1.0,14.68,122.4384,43.0,5.33,9.0,0.0,36.0,0.0046084345613266195,0.011848323644138173,-0.0014908705110973418,0.6407679879541657,0.5031185065524207,0.6181163870418249,-0.14767985830180835,0,0,0,0,0.0,0.0,0.43,0.15,0.29,-0.39375840770231846,-0.7100000000000009,-0.004712885044468954,0.0
2024-05-03,2986.19,3126.99,2958.32,3102.61,355825.8391,59060.6,63333.0,58811.32,62882.01,43628.40143,82447344833,5340920146,10155169278.0,0.9997,13.49,122.1375,48.0,5.33,9.0,0.0,36.0,0.038245365378809904,0.06269590851696512,0.015167454396056846,0.6555271200407795,0.5525943077107397,0.6010501801089265,-0.13465379503281036,0,0,0,0,-0.00029999999999996696,0.00029999999999996696,0.48,0.15,0.315,-0.19078951991558707,-1.1899999999999995,-0.002460587096408829,0.0
2024-05-04,3102.61,3168.0,3092.85,3117.23,196263.9488,62882.01,64540.0,62541.03,63892.04,24368.69282,85731247101,5575350295,10615157970.0,0.9998,,,67.0,5.33,9.0,0.0,36.0,0.004701094216412664,0.01593467072506892,0.039057524302148774,0.6554878863429668,0.5382738655141203,0.6167328037955582,-0.10018679829867737,0,0,0,0,-0.00019999999999997797,0.00019999999999997797,0.67,0.15,0.41000000000000003,0.5804922536739917,,,0.0
2024-05-05,3117.24,3171.93,3072.99,3136.41,218760.2662,63892.03,64646.0,62822.17,64012.0,18526.75029,86427306948,5596402568,10681871051.0,0.9998,,,69.0,5.33,9.0,0.0,31.0,0.006134046775861456,0.0018757817997593531,0.008086309085179022,0.6561197284289062,0.5377729134012987,0.6167769167074084,-0.09288113250372013,0,0,0,0,-0.00019999999999997797,0.00019999999999997797,0.69,0.13333333333333333,0.4116666666666666,0.5940235128597732,,,0.0
2024-05-06,3136.4,3221.4,3046.35,3062.6,355135.3027,64012.0,65500.0,62700.0,63165.19,34674.91949,87088738113,5597040596,10692789722.0,0.9999,13.49,121.8913,71.0,5.33,9.0,0.0,31.0,-0.023814605339407262,-0.013317207511333138,0.007623898625710296,0.6589828770399857,0.5353074863297594,0.6174328435073149,-0.08593892048174262,0,0,0,0,-9.999999999998899e-05,9.999999999998899e-05,0.71,0.13333333333333333,0.42166666666666663,0.6752110679744657,,,0.0
2024-05-07,3062.59,3129.85,2998.0,3005.69,298796.6829,63165.18,64422.41,62261.0,62312.08,25598.79472,85722581541,5548395964,10537927736.0,0.9999,13.23,122.093,68.0,5.33,9.0,0.0,31.0,-0.018757069465325283,-0.013598050793730939,-0.015811291017993296,0.6500279694865525,0.535406204216491,0.6182164391899995,-0.10027774979596457,0,0,0,0,-9.999999999998899e-05,9.999999999998899e-05,0.68,0.13333333333333333,0.4066666666666667,0.5534297353024273,-0.2599999999999998,0.001653385451020048,0.0
2024-05-08,3005.69,3038.15,2936.48,2974.21,266934.8125,62312.07,63020.22,60888.0,61193.03,26121.19004,84649685284,5510558484,10502938238.0,1.0004,13.0,122.1926,64.0,5.33,9.0,0.0,31.0,-0.010528701418179225,-0.018122013335120257,-0.012594895400238887,0.5960962292648575,0.5218135310465237,0.616611390422237,-0.11153859398929807,0,0,0,0,0.00039999999999995595,0.00039999999999995595,0.64,0.13333333333333333,0.38666666666666666,0.3910546250730423,-0.23000000000000043,0.000815439023168057,0.0
2024-05-09,2974.2,3059.0,2950.77,3036.23,238561.7462,61193.03,63429.03,60630.0,63074.01,30660.8061,83067545030,5370022507,10358266885.0,1.0002,12.69,122.1634,55.0,5.33,9.0,0.0,31.0,0.0206381567242151,0.030275504659909153,-0.01886731833554889,0.5807937514020842,0.5245129293554104,0.5861451232245277,-0.12814433268589143,0,0,0,0,0.00019999999999997797,0.00019999999999997797,0.55,0.13333333333333333,0.3416666666666667,0.02571062705692625,-0.3100000000000005,-0.00023899556498709518,0.0
2024-05-10,3036.24,3053.89,2878.03,2909.99,327855.8758,63074.0,63469.13,60187.12,60799.99,36529.34025,84650221927,5469684772,10558592575.0,1.0002,12.55,122.014,66.0,5.33,9.0,0.0,31.0,-0.0424669694883011,-0.03671917430504504,0.01887365789011612,0.5922669718509481,0.5296411885529045,0.5822664571913847,-0.11153296152188007,0,0,0,0,0.00019999999999997797,0.00019999999999997797,0.66,0.13333333333333333,0.39666666666666667,0.47224218018773484,-0.1399999999999988,-0.001223700626209978,0.0
2024-05-11,2909.98,2945.67,2886.46,2912.45,138163.1087,60799.99,61515.0,60487.09,60825.99,13374.56936,82382047898,5383118073,10283298749.0,1.0003,,,53.0,5.33,9.0,0.0,31.0,0.0008450066111037531,0.0004275402409262431,-0.0271601824130333,0.5924537845777689,0.5297765217229605,0.5864005330362324,-0.1353391349308106,0,0,0,0,0.00029999999999996696,0.00029999999999996696,0.53,0.13333333333333333,0.33166666666666667,-0.0554769280577663,,,0.0
2024-05-12,2912.45,2955.2,2901.17,2929.29,107670.6323,60825.99,61888.0,60610.0,61483.99,12753.13236,82679580203,5408295670,10336065460.0,1.0005,,,56.0,5.33,9.0,0.0,32.0,0.0057654214829464265,0.01075965097938284,0.003605109566295567,0.5324860406613664,0.5146080270539422,0.5859747820823322,-0.13221631209754164,0,0,0,0,0.0004999999999999449,0.0004999999999999449,0.56,0.13666666666666666,0.3483333333333334,0.07983566380005493,,,0.0
2024-05-13,2929.3,2996.4,2864.76,2950.99,368664.7648,61484.0,63450.0,60749.21,62940.08,32733.41839,83081464748,5404734059,10370146933.0,1.0001,13.6,122.0261,57.0,5.33,9.0,0.0,32.0,0.007380634427828049,0.023406346968515828,0.004848971995344247,0.4686824951243652,0.4949293510074552,0.5101427287043849,-0.12799823489256756,0,0,0,0,9.999999999998899e-05,9.999999999998899e-05,0.57,0.13666666666666666,0.3533333333333333,0.1204294413574003,,,0.0
2024-05-14,2950.99,2960.6,2862.0,2881.93,269675.3037,62940.09,63118.36,61142.77,61577.49,29088.72041,83180462679,5398665824,10455089928.0,1.0004,13.42,121.9256,66.0,5.33,9.0,0.0,32.0,-0.023680498679313364,-0.021886781008613777,0.0011908672566433433,0.44083640951464637,0.4902089872794689,0.41762409787831584,-0.12695917797613226,0,0,0,0,0.00039999999999995595,0.00039999999999995595,0.66,0.13666666666666666,0.3983333333333333,0.4857734393735168,-0.17999999999999972,-0.0008239336367444951,0.0
2024-05-15,2881.93,3041.36,2863.75,3032.55,350254.3188,61577.49,66444.16,61319.47,66206.5,43559.74719,81727109776,5272550879,10252020145.0,0.9996,12.45,121.3543,64.0,5.33,9.0,0.0,32.0,0.05094364115236379,0.07248226375544757,-0.017626728852864627,0.4760235175671866,0.5405502031100248,0.3761625622444854,-0.14221319763724471,0,0,0,0,-0.00039999999999995595,0.00039999999999995595,0.64,0.13666666666666666,0.3883333333333333,0.40458588425882425,-0.9700000000000006,-0.004696656404182343,0.0
2024-05-16,3032.55,3041.24,2922.8,2944.7,293874.1513,66206.51,66752.01,64602.77,65235.21,31106.3671,85443355664,5491395620,10799426183.0,0.9999,12.42,121.2236,70.0,5.33,9.0,0.0,32.0,-0.029396905403768096,-0.014779291590717515,0.04446788170505612,0.4861848346025684,0.5432090683204231,0.4076795260590063,-0.10320843305180512,0,0,0,0,-9.999999999998899e-05,9.999999999998899e-05,0.7,0.13666666666666666,0.41833333333333333,0.6481485496029019,-0.02999999999999936,-0.0010775920860675102,0.0
2024-05-17,2944.7,3120.0,2933.06,3092.01,357724.7731,65235.21,67451.2,65106.38,67024.0,26292.23409,84628983868,5365980520,10640392924.0,0.9995,11.99,121.2354,74.0,5.33,9.0,0.0,32.0,0.048814420530057585,0.027051410361314365,-0.009576842683171086,0.5033931218722133,0.5298542723037305,0.4070770499952719,-0.11175587074708004,0,0,0,0,-0.0004999999999999449,0.0004999999999999449,0.74,0.13666666666666666,0.43833333333333335,0.810523659832287,-0.4299999999999997,9.733604452139768e-05,0.0
2024-05-18,3092.0,3146.98,3083.61,3122.94,199976.5456,67024.0,67400.01,66600.0,66915.2,14441.25774,87599641968,5608719705,11128685656.0,0.9998,,,73.0,5.33,9.0,0.0,32.0,0.009953500947915903,-0.0016246180943355483,0.034500103959605455,0.4964214455023146,0.5171268093839105,0.41588651373037416,-0.08057660453423862,0,0,0,0,-0.00019999999999997797,0.00019999999999997797,0.73,0.13666666666666666,0.43333333333333335,0.7699298822749407,,,0.0
2024-05-19,3122.94,3136.64,3053.38,3071.19,166145.0102,66915.2,67700.0,65857.25,66274.01,18025.30409,88228389129,5638638800,11213559567.0,1.0,,,72.0,5.33,9.0,0.0,86.0,-0.016709757177628334,-0.00962833180615985,0.0071518726231769025,0.5000043372852812,0.5184444840366127,0.4090078174603389,-0.07397743544325934,0,0,0,0,0.0,0.0,0.72,0.31666666666666665,0.5183333333333333,1.4600241007498265,,,0.0
2024-05-20,3071.2,3694.0,3047.67,3661.78,847107.8828,66274.0,71515.56,66060.31,71446.62,50816.7011,87300279805,5551878594,11066682629.0,0.9997,12.15,121.2289,70.0,5.33,9.0,0.0,86.0,0.1758842593438205,0.07515278314448008,-0.010575115496097087,0.7856337331662564,0.5769034274060395,0.41056150946970654,-0.0837186330881907,0,0,0,0,-0.00029999999999996696,0.00029999999999996696,0.7,0.31666666666666665,0.5083333333333333,1.378836545635134,,,0.0
2024-05-21,3661.79,3841.54,3624.28,3789.6,952437.2694,71446.62,71979.0,69162.94,70148.34,49607.4336,97130727554,6259337587,12555364816.0,1.0001,11.86,121.3793,76.0,5.33,9.0,0.0,86.0,0.034311104640699,-0.018338454758227797,0.1067041099662624,0.791694557406899,0.5817034610680888,0.5446687110088104,0.0,0,0,0,0,9.999999999998899e-05,9.999999999998899e-05,0.76,0.31666666666666665,0.5383333333333333,1.6223992109792116,-0.2900000000000009,0.0012398593227011584,0.0
2024-05-22,3789.59,3813.69,3653.15,3737.73,574938.3099,70148.34,70666.0,68842.19,69166.62,27673.18026,98721376719,6323248999,12946405800.0,1.0004,12.29,121.5462,76.0,5.33,9.0,0.0,86.0,-0.013781997342475151,-0.014093766386815483,0.016243727850684068,0.7937638035904457,0.5767528694734136,0.5462532589299423,0.0,0,0,0,0,0.00039999999999995595,0.00039999999999995595,0.76,0.31666666666666665,0.5383333333333333,1.6223992109792116,0.4299999999999997,0.001374084040254438,0.0
2024-05-23,3737.72,3949.29,3498.0,3783.61,1127866.076,69166.62,70096.12,66312.16,67969.65,40513.17374,98983336213,6288345730,12985214843.0,1.0005,12.77,121.7477,76.0,5.33,9.0,0.0,86.0,0.012200105053972433,-0.017457094288918538,0.002650009131466847,0.7941393790476491,0.5799041212910867,0.5446575468203123,0.0,0,0,0,0,0.0004999999999999449,0.0004999999999999449,0.76,0.31666666666666665,0.5383333333333333,1.6223992109792116,0.4800000000000004,0.0016564331951807367,0.0
2024-05-24,3783.6,3829.61,3626.1,3728.28,479418.4318,67969.66,69250.0,66600.12,68549.99,28095.83664,98269289505,6353268217,13145980836.0,1.0002,11.93,121.6172,74.0,5.33,9.0,0.0,86.0,-0.014731579039831756,0.008501978114690344,-0.007239952567510688,0.7901203701480962,0.567797185797702,0.5460408070477053,-0.0072138072459333865,0,0,0,0,0.00019999999999997797,0.00019999999999997797,0.74,0.31666666666666665,0.5283333333333333,1.541211655864519,-0.8399999999999999,-0.0010724637160756604,0.0
2024-05-25,3728.28,3779.43,3709.03,3749.26,158711.8992,68549.99,69610.0,68500.0,69290.57,12130.39418,98242430001,6285289950,12893200380.0,1.0001,,,76.0,5.33,9.0,0.0,86.0,0.0056114858771316835,0.01074556177134258,-0.0002733628735709705,0.790113060268676,0.5685833625483746,0.533452240943879,-0.0074851610417096945,0,0,0,0,9.999999999998899e-05,9.999999999998899e-05,0.76,0.31666666666666665,0.5383333333333333,1.6223992109792116,,,0.0
2024-05-26,3749.25,3884.2,3731.17,3826.47,292208.2937,69290.56,69562.23,68128.01,68507.67,11872.11797,98804472465,6303595000,12954678464.0,1.0005,,,75.0,5.33,10.0,0.0,50.0,0.02038421999818265,-0.011363112097898122,0.005704672148518502,0.7901497347841174,0.5685853840418824,0.5333840414918821,-0.0018070086829070618,0,0,0,0,0.0004999999999999449,0.0004999999999999449,0.75,0.2,0.475,1.1082113619194924,,,0.0
2024-05-27,3826.47,3977.0,3823.37,3894.22,363717.6473,68507.67,70687.56,68250.0,69436.43,23136.92737,100358504767,6285744293,13196692936.0,1.0007,12.36,,74.0,5.33,10.0,0.0,50.0,0.017550695354859168,0.013465947937329524,0.01560595109890007,0.782658931789417,0.5692407538762807,0.5319769526374115,0.0,0,0,0,0,0.0006999999999999229,0.0006999999999999229,0.74,0.2,0.47,1.067617584362146,,,0.0
2024-05-28,3894.21,3931.09,3773.9,3844.69,416249.8344,69436.43,69591.81,67277.91,68398.39,32622.97042,100970065361,6389356208,13360792204.0,1.0011,12.92,121.43,72.0,5.33,10.0,0.0,50.0,-0.012800427009197146,-0.0150623714003808,0.006075267654374757,0.7853241993223944,0.5720215562243567,0.5281373212989849,0.0,0,0,0,0,0.001100000000000101,0.001100000000000101,0.72,0.2,0.45999999999999996,0.9864300292474536,0.5600000000000005,,0.0
2024-05-29,3844.69,3888.55,3742.59,3767.43,334759.6348,68398.4,68935.68,67124.65,67652.42,23159.83149,99944833314,6324097877,13179289285.0,1.0013,14.28,122.1641,72.0,5.33,10.0,0.0,50.0,-0.020299904134328608,-0.010966160005080427,-0.010205723442968577,0.7874629743223138,0.5729694483604855,0.5307509125377755,-0.010153821762266571,0,0,0,0,0.0013000000000000789,0.0013000000000000789,0.72,0.2,0.45999999999999996,0.9864300292474536,1.3599999999999994,0.0060272578223697915,0.0
2024-05-30,3767.44,3825.35,3702.58,3747.91,277034.2894,67652.41,69500.0,67128.0,68352.17,28478.2184,98632557682,6249443799,12889729307.0,1.0003,14.47,121.9601,73.0,5.33,10.0,0.0,50.0,-0.005194720104684686,0.010290184685345129,-0.013216960184642716,0.7467820908283025,0.5403045665877134,0.5276537449197665,-0.023150501791225634,0,0,0,0,0.00029999999999996696,0.00029999999999996696,0.73,0.2,0.46499999999999997,1.0270238068047999,0.19000000000000128,-0.001671280827415375,0.0
2024-05-31,3747.9,3849.94,3723.75,3762.29,273406.766,68352.17,69044.1,66670.0,67540.01,26690.32184,98467301755,6203646899,12871534888.0,1.001,12.92,122.098,73.0,5.33,10.0,0.0,50.0,0.0038294632828156368,-0.011953148002230988,-0.001676875530969809,0.7430110879568981,0.5213722894329392,0.48378300687907266,-0.024787184172376502,0,0,0,0,0.0009999999999998899,0.0009999999999998899,0.73,0.2,0.46499999999999997,1.0270238068047999,-1.5500000000000007,0.0011300589054429192,0.0
2024-06-01,3762.29,3833.3,3752.67,3815.82,132687.2006,67540.01,67900.0,67428.44,67766.85,8837.66133,99288381544,6128728499,12979549530.0,1.0007,,,72.0,5.33,10.0,0.0,50.0,0.014127768098339709,0.003352974306247208,0.008304029432248512,0.7432295283636089,0.5207822560476766,0.482984390251473,-0.01665527115375678,0,0,0,0,0.0006999999999999229,0.0006999999999999229,0.72,0.2,0.45999999999999996,0.9864300292474536,,,0.0
2024-06-02,3815.82,3838.59,3752.62,3780.91,210295.4407,67766.84,68460.0,67257.47,67765.63,15426.32529,100098558005,6136608694,13071190458.0,1.0006,,,73.0,5.33,10.0,0.0,45.0,-0.00919086126335398,-1.800306465331948e-05,0.008126720052380765,0.7374667912098519,0.4767877112623291,0.4820545134589133,-0.008631343882804125,0,0,0,0,0.0005999999999999339,0.0005999999999999339,0.73,0.18333333333333332,0.45666666666666667,0.9593675108758897,,,0.0
2024-06-03,3780.92,3849.99,3758.43,3767.06,248848.702,67765.62,70288.0,67612.48,68809.9,29633.374,99784540213,6105911243,12984812035.0,1.0001,13.11,122.3509,73.0,5.33,10.0,0.0,45.0,-0.003669865021776319,0.015292495676779325,-0.0031420170403456795,0.7383142929686173,0.47656505937279403,0.46842577096196764,-0.01174135268469295,0,0,0,0,9.999999999998899e-05,9.999999999998899e-05,0.73,0.18333333333333332,0.45666666666666667,0.9593675108758897,,,0.0
2024-06-04,3767.07,3831.65,3730.0,3810.23,232063.7468,68809.89,71063.45,68567.32,70537.84,29619.78489,99639323079,6122013859,12908703632.0,0.9999,13.16,122.7256,73.0,5.33,10.0,0.0,45.0,0.011394698393577755,0.02480167347858517,-0.001456366928912116,0.7385263568471558,0.4828716945753709,0.46883221176879936,-0.013179572353867202,0,0,0,0,-9.999999999998899e-05,9.999999999998899e-05,0.73,0.18333333333333332,0.45666666666666667,0.9593675108758897,0.05000000000000071,0.003057823103908545,0.0
2024-06-05,3810.23,3887.47,3777.33,3865.99,273738.6035,70537.83,71758.0,70383.66,71108.0,28703.18082,101187128652,6200842339,13175000709.0,0.9998,12.63,122.5339,75.0,5.33,10.0,0.0,45.0,0.014528239359286061,0.008050544645661345,0.015414664827480976,0.7307952570855618,0.4793918630596032,0.47022051381949614,0.0,0,0,0,0,-0.00019999999999997797,0.00019999999999997797,0.75,0.18333333333333332,0.4666666666666667,1.0405550659905822,-0.5299999999999994,-0.0015632425169140659,0.0
2024-06-06,3866.0,3878.6,3760.0,3813.46,237504.1905,71108.0,71700.0,70117.64,70799.06,21842.00449,102409034622,6237117425,13301092019.0,1.0004,12.58,122.3713,78.0,5.33,10.0,0.0,45.0,-0.013680880614828677,-0.004354124285061161,0.012003375912769046,0.7286880069314261,0.47620723136086174,0.4647018770678774,0.0,0,0,0,0,0.00039999999999995595,0.00039999999999995595,0.78,0.18333333333333332,0.4816666666666667,1.1623363986626212,-0.05000000000000071,-0.0013278609346926843,0.0
2024-06-07,3813.47,3841.39,3600.0,3678.32,362223.3594,70799.06,71997.02,68420.0,69355.6,35598.45045,101641269928,6198817718,13132776019.0,1.0003,12.22,123.549,77.0,5.33,10.0,0.0,45.0,-0.03608078731115959,-0.020598830454873523,-0.00752528469774693,0.7421627174849408,0.4777480498908491,0.46248963566134355,-0.00749704063546621,0,0,0,0,0.00029999999999996696,0.00029999999999996696,0.77,0.18333333333333332,0.4766666666666667,1.1217426211052748,-0.35999999999999943,0.009577973052765705,0.0
2024-06-08,3678.31,3709.5,3660.08,3681.57,140550.8394,69355.6,69582.2,69168.02,69310.46,9773.82967,99090134047,6021214679,12873009377.0,1.0002,,,72.0,5.33,10.0,0.0,45.0,0.000883165430799822,-0.00065106056369522,-0.02541977189600993,0.7408189622877588,0.46857224237853157,0.4674791722457574,-0.0324082790864139,0,0,0,0,0.00019999999999997797,0.00019999999999997797,0.72,0.18333333333333332,0.45166666666666666,0.9187737333185434,,,0.0
2024-06-09,3681.58,3721.52,3666.36,3706.4,103451.102,69310.46,69857.14,69130.24,69648.14,9890.56709,98520331323,5976269350,12885879867.0,1.0001,,,75.0,5.33,11.0,0.0,38.0,0.0067217634855674885,0.004860162159083764,-0.005766944601075386,0.7195231064033983,0.4459511741526227,0.46675892070115543,-0.03797226790930622,0,0,0,0,9.999999999998899e-05,9.999999999998899e-05,0.75,0.16333333333333333,0.45666666666666667,0.9593675108758897,,,0.0
2024-06-10,3706.4,3713.67,3642.74,3667.85,156363.1846,69648.15,70195.94,69172.29,69540.0,17122.66941,98957774997,6122742250,12989921084.0,1.0004,12.74,123.9125,72.0,5.33,11.0,0.0,38.0,-0.010455395782558196,-0.0015538683361776106,0.004430307720181696,0.7220253422568721,0.4462339942466206,0.45209033099849516,-0.03370073390242255,0,0,0,0,0.00039999999999995595,0.00039999999999995595,0.72,0.16333333333333333,0.44166666666666665,0.8375861782038508,,,0.0
2024-06-11,3667.85,3673.0,3432.0,3497.33,439568.5978,69540.0,69590.01,66051.0,67314.24,41436.01588,97495966270,5994273625,12867180537.0,1.0001,12.85,124.0349,74.0,5.33,11.0,0.0,38.0,-0.0476058391088094,-0.032530322415029955,-0.014882238411070017,0.7473679783150428,0.4637495551854802,0.45794117295258635,-0.047974950356035787,0,0,0,0,9.999999999998899e-05,9.999999999998899e-05,0.74,0.16333333333333333,0.45166666666666666,0.9187737333185434,0.10999999999999943,0.0009873062588491345,0.0
2024-06-12,3497.33,3659.01,3462.07,3560.12,387043.774,67314.23,69999.0,66905.0,68263.99,37175.32356,94904162512,5822656038,12366870144.0,1.0002,12.04,123.8295,72.0,5.33,11.0,0.0,38.0,0.017794431932076193,0.014010590579490376,-0.026943438817854295,0.7485080994195444,0.4596912364673318,0.47172488391712375,-0.07328330100660638,0,0,0,0,0.00019999999999997797,0.00019999999999997797,0.72,0.16333333333333333,0.44166666666666665,0.8375861782038508,-0.8100000000000005,-0.0016573581927592305,0.0
2024-06-13,3560.13,3561.65,3428.0,3469.4,300230.8299,68263.98,68449.3,66251.78,66773.01,29079.55571,96498514639,5932640791,12592609867.0,1.0004,11.94,124.0235,70.0,5.33,11.0,0.0,38.0,-0.02581258381583872,-0.02208343776467173,0.016660049144132275,0.7496174480523361,0.459824149925906,0.4734686833178475,-0.057714829602839295,0,0,0,0,0.00039999999999995595,0.00039999999999995595,0.7,0.16333333333333333,0.43166666666666664,0.7563986230891583,-0.09999999999999964,0.0015654443530504012,0.0
2024-06-14,3469.4,3532.61,3362.26,3481.8,322316.4214,66773.01,67370.24,65078.0,66043.99,28408.18797,94619103627,5856761119,12330974177.0,1.0005,12.66,124.1694,74.0,5.33,11.0,0.0,38.0,0.003567733097309177,-0.010977921824138023,-0.01966821912523755,0.7320214145659684,0.3867575879853967,0.47474575056076357,-0.0760668335928882,0,0,0,0,0.0004999999999999449,0.0004999999999999449,0.74,0.16333333333333333,0.45166666666666666,0.9187737333185434,0.7200000000000006,0.0011756985538752373,0.0
2024-06-15,3481.8,3594.39,3473.1,3568.74,246649.5894,66043.99,66478.48,65857.1,66228.25,11451.80242,94248438674,5822613225,12300073680.0,1.0006,,,74.0,5.33,11.0,0.0,38.0,0.024663190874200495,0.0027860739213107213,-0.003925136361468016,0.7246668095374278,0.383192812723475,0.4534916852298693,-0.07968628918455697,0,0,0,0,0.0005999999999999339,0.0005999999999999339,0.74,0.16333333333333333,0.45166666666666666,0.9187737333185434,,,0.0
2024-06-16,3568.75,3653.79,3541.05,3624.41,149839.982,66228.25,66998.7,66034.5,66676.87,9392.52223,95568340674,5868626303,12485925101.0,1.0007,,,71.0,5.33,9.0,0.0,33.0,0.015478924122645602,0.006751007092293841,0.013907340314573533,0.7092789219985175,0.37186622303664085,0.4525158933319413,-0.06679775835451972,0,0,0,0,0.0006999999999999229,0.0006999999999999229,0.71,0.14,0.425,0.7022735863460301,,,0.0
2024-06-17,3624.41,3638.37,3463.39,3511.46,337805.6402,66676.86,67298.81,65130.0,66504.33,27386.16851,96385329808,5938374132,12579467617.0,1.0004,12.75,124.239,71.0,5.33,9.0,0.0,33.0,-0.031659611030654206,-0.002591057844952401,0.008512408908571809,0.7206010846009177,0.37192897687677445,0.439396511036974,-0.058820052705642424,0,0,0,0,0.00039999999999995595,0.00039999999999995595,0.71,0.14,0.425,0.7022735863460301,,,0.0
2024-06-18,3511.47,3517.2,3355.0,3483.42,449913.3014,66504.33,66588.23,64060.0,65175.32,42350.10244,94239425478,5743580739,12372261017.0,1.0004,12.3,123.9776,74.0,5.33,9.0,0.0,33.0,-0.008017335592698611,-0.020186188658431685,-0.02251538610722207,0.7181042644083465,0.37708313363672874,0.4481249466087138,-0.07977430091158154,0,0,0,0,0.00039999999999995595,0.00039999999999995595,0.74,0.14,0.44,0.8240549190180689,-0.4499999999999993,-0.0021062257450544584,0.0
2024-06-19,3483.42,3590.01,3465.65,3560.51,321500.0027,65175.32,65727.54,64666.0,64974.37,20060.79576,93111039811,5609568561,12200394608.0,1.0003,12.48,,64.0,5.33,9.0,0.0,33.0,0.02188922321442301,-0.0030879852219766885,-0.012045866121138744,0.3723866414676117,0.25992271612927137,0.44868155637070817,-0.09079272004974608,0,0,0,0,0.00029999999999996696,0.00029999999999996696,0.64,0.14,0.39,0.4181171434446066,0.17999999999999972,,0.0
2024-06-20,3560.51,3625.96,3486.0,3513.08,329117.8453,64974.37,66482.94,64559.15,64869.99,24265.29031,94149025872,5763087282,12427621113.0,1.0006,13.28,124.192,60.0,5.33,9.0,0.0,33.0,-0.013410647446931425,-0.001607771373120505,0.011086151103676112,0.3521928287643492,0.2541165921824656,0.24676436384083827,-0.0806570316817101,0,0,0,0,0.0005999999999999339,0.0005999999999999339,0.6,0.14,0.37,0.25574203321522154,0.7999999999999989,,0.0
2024-06-21,3513.08,3547.55,3446.82,3518.5,342155.102,64869.99,65066.66,63379.35,64143.56,25993.56442,92829379765,5743543742,12382047437.0,1.0005,13.2,124.1086,63.0,5.33,9.0,0.0,33.0,0.0015416168410010394,-0.011261416759841722,-0.014115726513615482,0.350078157911535,0.25269331909653375,0.24269029611859824,-0.09354306377712941,0,0,0,0,0.0004999999999999449,0.0004999999999999449,0.63,0.14,0.385,0.3775233658872603,-0.08000000000000007,-0.0006717664245380249,0.0
2024-06-22,3518.5,3521.19,3475.09,3495.75,115774.6157,64143.56,64546.81,63943.82,64262.01,7308.95542,92688509005,5663235660,12628493507.0,1.0003,,,53.0,5.33,9.0,0.0,33.0,-0.006486817485643583,0.001844936066219504,-0.0015186760479981454,0.34657858374549094,0.24723650118663962,0.24210881395721867,-0.09491863342799045,0,0,0,0,0.00029999999999996696,0.00029999999999996696,0.53,0.14,0.335,-0.028414409686201965,,,0.0
2024-06-23,3495.76,3521.45,3406.38,3420.91,133411.4304,64262.01,64521.0,63178.32,63210.01,8224.45447,92914680870,5667613898,12582430712.0,1.0007,,,55.0,5.33,8.0,0.0,31.0,-0.021641347386467055,-0.016505957689856198,0.0024371561404984265,0.3504299766999839,0.24941084928056326,0.2419213724814191,-0.09271011866330373,0,0,0,0,0.0006999999999999229,0.0006999999999999229,0.55,0.13,0.34,0.012179367871144311,,,0.0
2024-06-24,3420.91,3435.76,3240.0,3352.73,543370.4229,63210.01,63369.8,58402.0,60293.3,52161.35414,91009478132,5613596329,12346304272.0,1.0006,13.33,123.7125,51.0,5.33,8.0,0.0,31.0,-0.020131658213640387,-0.04724168823827901,-0.020718005685380927,0.3540752369200389,0.28893830994744274,0.25058117048579026,-0.11131397275715646,0,0,0,0,0.0005999999999999339,0.0005999999999999339,0.51,0.13,0.32,-0.1501957423582408,,,0.0
2024-06-25,3352.74,3430.88,3336.76,3394.91,240036.2236,60293.3,62420.0,60257.06,61806.01,31189.24361,89175802474,5604934603,12043159066.0,1.0002,12.84,123.9417,30.0,5.33,8.0,0.0,31.0,0.012502311747657655,0.024779622477455705,-0.02035392631790578,0.3483410248929564,0.3053826161152128,0.256200204116922,-0.1292193818333014,0,0,0,0,0.00019999999999997797,0.00019999999999997797,0.3,0.13,0.215,-1.002665071062512,-0.4900000000000002,0.0018509685314297387,0.0
2024-06-26,3394.91,3426.75,3325.01,3371.44,206949.3418,61806.01,62487.81,60712.0,60864.99,22485.66463,90836085894,5694223326,12282120845.0,1.0004,12.55,124.26,46.0,5.33,8.0,0.0,31.0,-0.006937298285359013,-0.015342476362678105,0.01844689832437202,0.3396467407334514,0.3018315988157069,0.2590312616034015,-0.11300710694829501,0,0,0,0,0.00039999999999995595,0.00039999999999995595,0.46,0.13,0.29500000000000004,-0.35316463014497174,-0.28999999999999915,0.0025648508813084724,0.0
2024-06-27,3371.77,3477.0,3361.74,3450.44,201041.6609,60864.98,62389.22,60606.63,61706.47,18344.28631,90051766273,5606778128,12279982821.0,1.0011,12.24,124.3379,40.0,5.33,8.0,0.0,31.0,0.02316180634208464,0.013730655086801458,-0.00867194260793752,0.351933283924699,0.30570412644438094,0.2573991542079981,-0.1206658025301349,0,0,0,0,0.001100000000000101,0.001100000000000101,0.4,0.13,0.265,-0.5967272954890493,-0.3100000000000005,0.0006267148881766788,0.0
2024-06-28,3450.44,3487.7,3365.22,3380.15,221634.3435,61706.46,62225.31,60063.0,60427.84,24821.19255,91090323561,5699229789,12467774530.0,1.0018,12.44,124.2103,47.0,5.33,8.0,0.0,31.0,-0.020581671934651647,-0.020938861751513153,0.011466895064430518,0.3521028340534234,0.3107352484787008,0.26169136712273416,-0.11052453626555776,0,0,0,0,0.0018000000000000238,0.0018000000000000238,0.47,0.13,0.3,-0.3125708525876259,0.1999999999999993,-0.0010267627060674836,0.0
2024-06-29,3380.15,3408.32,3371.86,3378.8,88329.7651,60427.84,61224.0,60383.77,60986.68,11509.55904,89307484020,5610091404,12265633831.0,1.0015,,,30.0,5.33,8.0,0.0,31.0,-0.000399470337242364,0.009205553774616642,-0.019766288867153137,0.35222944056763117,0.31014025457677324,0.26584475378267525,-0.1279335426836009,0,0,0,0,0.0015000000000000568,0.0015000000000000568,0.3,0.13,0.215,-1.002665071062512,,,0.0
2024-06-30,3378.8,3460.0,3352.66,3438.16,141221.6185,60986.68,63058.76,60712.21,62772.01,17326.30136,89560826947,5608474767,12343121376.0,1.0014,,,47.0,5.33,7.0,1.0,33.0,0.017415827691843896,0.028853793809744524,0.002832733143621452,0.35889138946987686,0.32874399102784563,0.2666576662231231,-0.12545970892532843,0,0,0,0,0.0014000000000000679,0.0014000000000000679,0.47,0.13666666666666666,0.30333333333333334,-0.2855083342160616,,,0.0
2024-07-01,3438.16,3524.94,3423.78,3442.2,224273.2122,62772.01,63861.76,62497.2,62899.99,24547.10538,91230730788,5701629401,12460752781.0,1.0008,12.22,124.4667,53.0,5.33,7.0,1.0,33.0,0.0011743572906945748,0.0020367312407112426,0.018473775587424163,0.35391900774857277,0.3284840020518301,0.274407445994165,-0.10915349290480103,0,0,0,0,0.0007999999999999119,0.0007999999999999119,0.53,0.13666666666666666,0.33333333333333337,-0.04194566887198391,,,0.0
2024-07-02,3442.2,3464.12,3402.0,3421.35,137932.7014,62900.0,63288.83,61806.28,62135.47,18573.11875,91754852378,5738810110,12640318758.0,1.0015,12.03,124.2917,51.0,5.33,7.0,1.0,33.0,-0.006075591825215269,-0.012229003319739846,0.005728571773273831,0.35344781609459663,0.33008759635447993,0.2733285966007889,-0.10403556955033748,0,0,0,0,0.0015000000000000568,0.0015000000000000568,0.51,0.13666666666666666,0.32333333333333336,-0.12313322398667646,-0.19000000000000128,-0.001406987895640001,0.0
2024-07-03,3421.35,3432.1,3251.0,3295.48,310408.451,62135.46,62285.94,59400.0,60208.58,32160.11127,90769016703,5666160743,12517800683.0,1.001,12.09,123.7768,50.0,5.33,7.0,1.0,33.0,-0.03748337741811465,-0.0315021343281225,-0.010802370851279325,0.3729941097647653,0.3379058344589061,0.27471606761591033,-0.11366202173435425,0,0,0,0,0.0009999999999998899,0.0009999999999998899,0.5,0.13666666666666666,0.31833333333333336,-0.16372700154402273,0.0600000000000005,-0.004151278694747915,0.0
2024-07-04,3295.49,3313.45,3050.34,3059.7,450402.5692,60208.57,60498.19,56771.0,57050.01,54568.77276,88246214184,5452252893,12139979747.0,1.0003,12.26,,44.0,5.33,7.0,1.0,33.0,-0.07423496066796823,-0.05388661548310068,-0.028187205510257832,0.44064174777775406,0.3627276758201738,0.2881292578783231,-0.1382965916071381,0,0,0,0,0.00029999999999996696,0.00029999999999996696,0.44,0.13666666666666666,0.28833333333333333,-0.40728966688810037,0.16999999999999993,,0.0
2024-07-05,3059.7,3110.0,2810.0,2981.78,886994.3753,57050.02,57546.0,53485.93,56628.79,81348.24756,83909583103,5262490481,11687652280.0,1.0,12.48,123.4762,29.0,5.33,7.0,1.0,33.0,-0.025796434310749378,-0.007410738462197537,-0.05039096864151084,0.4379261668429729,0.35859917818800063,0.3216611563853053,-0.18064276835811377,0,0,0,0,0.0,0.0,0.29,0.13666666666666666,0.21333333333333332,-1.0161963302482941,0.22000000000000064,,0.0
2024-07-06,2981.79,3081.78,2955.06,3066.83,214487.9713,56628.79,58475.0,56018.0,58230.13,21651.31558,82314480278,5017936757,11373872288.0,0.9998,,,26.0,5.33,7.0,1.0,33.0,0.02812401720644482,0.027885405242016163,-0.019192790225658167,0.455801680089523,0.37929518269981954,0.317772668736202,-0.19621857015028624,0,0,0,0,-0.00019999999999997797,0.00019999999999997797,0.26,0.13666666666666666,0.19833333333333333,-1.1379776629203326,,,0.0
2024-07-07,3066.83,3073.08,2922.24,2931.0,179892.7612,58230.13,58449.46,55724.37,55857.81,19118.93918,83463902539,5134142330,11627894786.0,1.0,,,29.0,5.33,7.0,0.0,32.0,-0.04530079310938496,-0.04159356377998373,0.013867196202755332,0.46419579623776275,0.3958167611827752,0.32621437094323247,-0.18499473364755376,0,0,0,0,0.0,0.0,0.29,0.13,0.21,-1.0432588486198582,,,0.0
2024-07-08,2930.99,3097.06,2822.8,3019.01,500445.0105,55857.81,58236.73,54260.16,56714.62,48090.2049,80851865605,4967528975,11302835458.0,1.0001,12.37,123.3576,28.0,5.33,7.0,0.0,32.0,0.029585301345544966,0.015222671228313616,-0.03179557281527222,0.48125722861132264,0.40293828628628237,0.33156602271517716,-0.21050065647595692,0,0,0,0,9.999999999998899e-05,9.999999999998899e-05,0.28,0.13,0.20500000000000002,-1.0838526261772043,,,0.0
2024-07-09,3019.01,3115.2,3004.0,3066.65,280358.1424,56714.61,58296.0,56289.45,58050.0,27732.20788,82890551769,5046171748,11625538689.0,1.0,12.51,123.4071,27.0,5.33,7.0,0.0,32.0,0.015656797515207238,0.023272682322844962,0.024902423573941852,0.4853650203201205,0.4145301790763809,0.34951753508375943,-0.1905933683004072,0,0,0,0,0.0,0.0,0.27,0.13,0.2,-1.1244464037345505,0.14000000000000057,0.0004011919100578399,0.0
2024-07-10,3066.65,3151.51,3024.0,3101.05,270827.0844,58050.0,59470.0,57157.79,57725.85,24951.73799,83978175619,5090353611,11804086398.0,1.0,12.85,123.1895,28.0,5.33,7.0,0.0,32.0,0.011155003229838744,-0.0055996280225802065,0.013035866803658366,0.48888576548877377,0.4142152961410169,0.35393579890280663,-0.1799729786637457,0,0,0,0,0.0,0.0,0.28,0.13,0.20500000000000002,-1.0838526261772043,0.33999999999999986,-0.0017648260882614673,0.0
2024-07-11,3101.06,3217.24,3054.76,3099.57,289229.32,57725.85,59650.0,57050.0,57339.89,29761.05735,84674977313,5138310853,11869326710.0,1.0,12.92,122.769,29.0,5.33,7.0,0.0,32.0,-0.00047737162674238903,-0.006708538049520128,0.008263179747207892,0.4649668239467208,0.40320746737787866,0.3553944977144689,-0.17316887493821062,0,0,0,0,0.0,0.0,0.29,0.13,0.21,-1.0432588486198582,0.07000000000000028,-0.003419279347439129,0.0
2024-07-12,3099.57,3157.89,3045.58,3133.88,185745.1825,57339.89,58526.68,56542.47,57889.1,23652.4569,84826813190,5140556215,11924163439.0,0.9997,12.46,122.4404,25.0,5.33,7.0,0.0,32.0,0.011008461282564313,0.009532569171711086,0.0017915553241219313,0.4615488198219798,0.4007971162617452,0.3467877107341807,-0.17168623351345313,0,0,0,0,-0.00029999999999996696,0.00029999999999996696,0.25,0.13,0.19,-1.205633958849243,-0.4599999999999991,-0.002680159869087393,0.0
2024-07-13,3133.89,3201.8,3113.37,3175.93,119302.4769,57889.09,59850.0,57756.63,59204.02,15357.74519,85310155838,5153729351,11976173248.0,0.9997,,,25.0,5.33,7.0,0.0,32.0,0.013328649364562585,0.022460333746386348,0.005681821547393274,0.4587184908082203,0.4076502487051475,0.34071986076704597,-0.166966506882067,0,0,0,0,-0.00029999999999996696,0.00029999999999996696,0.25,0.13,0.19,-1.205633958849243,,,0.0
2024-07-14,3175.93,3268.72,3163.67,3245.08,165430.7716,59204.01,61420.69,59194.01,60797.91,21178.33907,86563236266,5237578916,12107073591.0,0.9996,,,33.0,5.33,7.0,0.0,42.0,0.021539500325223178,0.02656596839138983,0.014581694300492411,0.4661534949248214,0.4204084881772634,0.3419747841184782,-0.15473047289712397,0,0,0,0,-0.00039999999999995595,0.00039999999999995595,0.33,0.16333333333333333,0.24666666666666667,-0.7455711465326523,,,0.0
2024-07-15,3245.2,3493.63,3233.22,3483.39,314296.8452,60797.91,64900.0,60632.3,64724.14,38690.9782,88898381593,5311789342,12500261263.0,0.9994,13.12,122.6347,52.0,5.33,7.0,0.0,42.0,0.0708659543880182,0.06257882518464983,0.02661873560551453,0.5241039819391592,0.4781077933231966,0.3571554863526404,-0.1319283311171608,0,0,0,0,-0.0006000000000000449,0.0006000000000000449,0.52,0.16333333333333333,0.3416666666666667,0.02571062705692625,,,0.0
2024-07-16,3483.2,3498.59,3346.55,3444.13,376128.7869,64724.06,65388.97,62373.24,65043.99,42530.52915,91979920818,5682785368,13088584390.0,0.9995,13.19,122.7264,65.0,5.33,7.0,0.0,42.0,-0.011334624893841374,0.004929571655444641,0.03407636369935067,0.5219579565437121,0.4777894757864167,0.3749121538176886,-0.10183782946977969,0,0,0,0,-0.0004999999999999449,0.0004999999999999449,0.65,0.16333333333333333,0.4066666666666667,0.5534297353024273,0.07000000000000028,0.0007474697844889538,0.0
2024-07-17,3444.14,3517.0,3376.0,3387.05,297812.5162,65044.0,66128.63,63854.0,64087.99,29567.52954,92825129779,6038537253,13178484994.0,0.9999,14.48,122.518,69.0,5.33,7.0,0.0,42.0,-0.016711996605915814,-0.014806827344029673,0.009147096915775085,0.5136983017249469,0.48025093822759873,0.37512718551222257,-0.09358456388515882,0,0,0,0,-9.999999999998899e-05,9.999999999998899e-05,0.69,0.16333333333333333,0.42666666666666664,0.715804845531812,1.290000000000001,-0.0016995295318619364,0.0
2024-07-18,3387.05,3489.98,3367.2,3426.5,241950.3457,64087.99,65133.3,63238.48,63987.92,22568.7225,92062521625,5691503185,13157301629.0,1.0002,15.93,122.7909,61.0,5.33,7.0,0.0,42.0,0.011579995990526091,-0.0015626673332034774,-0.008249469048531473,0.5149725606220387,0.4753691978410015,0.36818690305734114,-0.10103125212721527,0,0,0,0,0.00019999999999997797,0.00019999999999997797,0.61,0.16333333333333333,0.38666666666666666,0.3910546250730423,1.4499999999999993,0.00222495076681257,0.0
2024-07-19,3426.49,3540.27,3377.0,3503.53,299511.6422,63987.92,67386.0,63300.67,66660.0,35634.72739,91909795445,5693694590,13138444988.0,0.9994,16.52,123.147,60.0,5.33,7.0,0.0,42.0,0.02223169961375485,0.040910757335444886,-0.001660317351184141,0.5151617277127069,0.4967775017748586,0.36596229921037654,-0.10252258715018199,0,0,0,0,-0.0006000000000000449,0.0006000000000000449,0.6,0.16333333333333333,0.38166666666666665,0.350460847515696,0.5899999999999999,0.002895855001232643,0.0
2024-07-20,3503.53,3539.65,3480.0,3517.5,147510.8165,66660.01,67598.0,66222.46,67139.96,14386.92434,94617199069,5847441866,13494210466.0,0.9996,,,74.0,5.33,7.0,0.0,42.0,0.003979478348910874,0.00717432290208512,0.029031656106669735,0.5132600515685602,0.49717409926365436,0.3782195977518218,-0.07608543115126798,0,0,0,0,-0.00039999999999995595,0.00039999999999995595,0.74,0.16333333333333333,0.45166666666666666,0.9187737333185434,,,0.0
2024-07-21,3517.5,3547.0,3411.4,3535.92,218890.9656,67139.97,68366.66,65777.0,68165.34,21819.11191,95086132390,5949210307,13599537875.0,0.9998,,,74.0,5.33,8.0,0.0,50.0,0.005223010078664497,0.015156828740989328,0.0049438696993471115,0.513555983463525,0.49741542458407867,0.3749908148122888,-0.07150640818976003,0,0,0,0,-0.00019999999999997797,0.00019999999999997797,0.74,0.19333333333333333,0.4666666666666667,1.0405550659905822,,,0.0
2024-07-22,3535.93,3562.82,3422.34,3439.6,207859.5043,68165.35,68474.55,66559.97,67532.01,21451.04303,95586668811,5859570336,13678709201.0,0.9995,14.91,123.2172,70.0,5.33,8.0,0.0,50.0,-0.027618334530467182,-0.009334516829783621,0.00525022517752844,0.5222171716151852,0.4989929415016706,0.3752071057852362,-0.06661878843191817,0,0,0,0,-0.0004999999999999449,0.0004999999999999449,0.7,0.19333333333333333,0.44666666666666666,0.8781799557611971,,,0.0
2024-07-23,3439.61,3541.0,3389.0,3482.51,500568.7811,67532.0,67750.98,65441.08,65936.01,31406.15316,94672963101,5698713375,13433807142.0,0.9997,14.72,123.3843,71.0,5.33,8.0,0.0,50.0,0.012398112613455527,-0.023916981434216472,-0.009604903838377647,0.5183889435894058,0.5030408245743672,0.3769840901439441,-0.07554090856880415,0,0,0,0,-0.00029999999999996696,0.00029999999999996696,0.71,0.19333333333333333,0.45166666666666666,0.9187737333185434,-0.1899999999999995,0.001355223107524229,0.0
2024-07-24,3482.51,3487.82,3300.0,3335.81,275479.0506,65936.0,67102.01,65111.0,65376.0,23082.56277,94499254326,5722267897,13423992265.0,1.0,18.04,123.5575,69.0,5.33,8.0,0.0,50.0,-0.043037769729975965,-0.008529507623456261,-0.0018365151731712674,0.5357814816670436,0.4731552816170375,0.36920242007957704,-0.07723713366887636,0,0,0,0,0.0,0.0,0.69,0.19333333333333333,0.44166666666666665,0.8375861782038508,3.3199999999999985,0.001402759908617987,0.0
2024-07-25,3335.82,3342.5,3087.53,3175.48,494282.6398,65376.01,66175.49,63456.7,65799.95,35126.42934,91610915926,5516678788,13023736157.0,1.0001,18.46,123.5286,68.0,5.33,8.0,0.0,50.0,-0.049256726417778035,0.006463859817351855,-0.031041509660625737,0.5601509266910197,0.466665376653376,0.37883170596597066,-0.10544107495844215,0,0,0,0,9.999999999998899e-05,9.999999999998899e-05,0.68,0.19333333333333333,0.4366666666666667,0.796992400646505,0.4200000000000017,-0.00023392655541365086,0.0
2024-07-26,3175.47,3286.36,3171.0,3274.61,260237.4641,65799.95,68200.0,65722.63,67907.99,24244.36023,90047368771,5318051011,12574856194.0,1.0,16.39,123.672,68.0,5.33,8.0,0.0,50.0,0.03073997600638479,0.03153462223775808,-0.017214582527359516,0.5714660702365856,0.4732283605778849,0.378461281363367,-0.12070874309701195,0,0,0,0,0.0,0.0,0.68,0.19333333333333333,0.4366666666666667,0.796992400646505,-2.0700000000000003,0.001160191488897831,0.0
2024-07-27,3274.6,3327.59,3191.01,3249.01,231991.9037,67908.0,69399.99,66650.0,67896.5,31710.21921,92545069706,5584476452,12988223460.0,1.0,,,72.0,5.33,8.0,0.0,50.0,-0.007848443474350228,-0.00016921384598440523,0.02735991436992612,0.5651857581479268,0.4719836371170965,0.38913621379979674,-0.09631928425464305,0,0,0,0,0.0,0.0,0.72,0.19333333333333333,0.45666666666666667,0.9593675108758897,,,0.0
2024-07-28,3249.0,3284.3,3198.11,3270.16,103529.8329,67896.49,68318.43,67066.66,68249.88,10868.69394,92813144806,5573720135,12992143013.0,0.9999,,,71.0,5.33,7.0,0.0,36.0,0.006488578823412966,0.005191188977428364,0.002892510457252127,0.5618648472373511,0.46390416822393954,0.3873538280987803,-0.09370159431166598,0,0,0,0,-9.999999999998899e-05,9.999999999998899e-05,0.71,0.14333333333333334,0.42666666666666664,0.715804845531812,,,0.0
2024-07-29,3270.16,3396.77,3258.0,3317.66,318471.5055,68249.88,70079.99,66428.0,66784.69,36467.29633,92967557530,5485429857,12954314181.0,1.0,16.6,124.1392,74.0,5.33,7.0,0.0,36.0,0.014420801773655689,-0.02170181316434392,0.0016623121520756927,0.5644703263522843,0.4720426238070046,0.3803034581378177,-0.09219379058546204,0,0,0,0,0.0,0.0,0.74,0.14333333333333334,0.44166666666666665,0.8375861782038508,,,0.0
2024-07-30,3317.66,3366.4,3233.18,3279.21,197277.1641,66784.68,67000.0,65302.67,66188.0,23132.25441,93716751946,5637059155,13321013829.0,1.0003,17.69,124.2855,67.0,5.33,7.0,0.0,36.0,-0.01165717542179405,-0.008974685027823451,0.008026367509778684,0.5618891980192281,0.4643724530364555,0.3809910860214524,-0.08487808432218813,0,0,0,0,0.00029999999999996696,0.00029999999999996696,0.67,0.14333333333333334,0.4066666666666667,0.5534297353024273,1.0899999999999999,0.0011778218261956673,0.0
2024-07-31,3279.2,3350.0,3213.75,3232.74,233711.3352,66188.0,66849.24,64530.0,64628.0,22625.43905,92290255917,5491431901,13150554156.0,1.0003,16.36,123.6373,61.0,5.33,7.0,0.0,36.0,-0.014272464880157914,-0.02385142421501373,-0.015338389800161568,0.5635178430857722,0.47288436442013965,0.3802987385824634,-0.0988074806324386,0,0,0,0,0.00029999999999996696,0.00029999999999996696,0.61,0.14333333333333334,0.37666666666666665,0.30986706995834973,-1.3300000000000018,-0.005229059021438898,0.0
2024-08-01,3232.74,3242.57,3080.02,3203.4,323285.6105,64628.01,65659.78,62302.0,65354.02,35542.26854,90647127129,5409489308,12964180586.0,1.0008,18.59,123.8693,52.0,5.33,7.0,0.0,36.0,-0.009117329095398752,0.011171199683345215,-0.017964321443554726,0.5638881890306059,0.4717480441225451,0.38505833080200275,-0.11485224459359615,0,0,0,0,0.0007999999999999119,0.0007999999999999119,0.52,0.14333333333333334,0.33166666666666667,-0.0554769280577663,2.2300000000000004,0.001874698031865363,0.0
2024-08-02,3203.4,3218.6,2967.0,2989.61,385704.0395,65354.02,65596.14,61230.01,61498.33,38820.42937,89658171680,5324440979,12766090761.0,1.0011,23.39,123.4681,57.0,5.33,7.0,0.0,36.0,-0.06906980163942816,-0.06080893312569105,-0.010969897978343239,0.5984708424478931,0.5074226571551084,0.38511570532138517,-0.1245091606327944,0,0,0,0,0.001100000000000101,0.001100000000000101,0.57,0.14333333333333334,0.35666666666666663,0.14749195972896464,4.800000000000001,-0.0032441543565210388,0.0
2024-08-03,2989.61,3018.02,2859.0,2903.64,344595.3157,61498.34,62198.22,59850.0,60697.99,28034.71567,85361764880,5010569097,12181344769.0,1.0006,,,37.0,5.33,7.0,0.0,36.0,-0.02917782177676601,-0.013099436128860992,-0.04910606431130101,0.5498664255620339,0.47081498271886835,0.41020099195292353,-0.16646255679416222,0,0,0,0,0.0005999999999999339,0.0005999999999999339,0.37,0.14333333333333334,0.25666666666666665,-0.66438359141796,,,0.0
2024-08-04,2903.65,2935.46,2630.0,2688.92,512064.2612,60697.99,61117.63,57122.77,58161.0,31616.52003,83081129261,4939069294,11766597704.0,1.0003,,,34.0,5.33,8.0,2.0,60.0,-0.07682549632844399,-0.04269555681819708,-0.027080691137501216,0.6040937409684921,0.49520886342462406,0.3820440243410426,-0.18873242416883293,0,0,0,0,0.00029999999999996696,0.00029999999999996696,0.34,0.2333333333333333,0.2866666666666667,-0.42082092607388233,,,0.0
2024-08-05,2688.91,2697.44,2111.0,2419.59,2670604.1003,58161.0,58305.59,49000.0,54018.81,162065.59186,77280736547,4688117900,11283998240.0,0.9996,38.57,123.5787,26.0,5.33,8.0,2.0,60.0,-0.10554152167987006,-0.07388270778154322,-0.07237287062206715,0.6899865784996184,0.5496210176845389,0.4534495774196583,-0.24537188703858573,0,0,0,0,-0.00039999999999995595,0.00039999999999995595,0.26,0.2333333333333333,0.24666666666666665,-0.7455711465326526,,,0.0
2024-08-06,2419.76,2556.23,2414.19,2461.33,642283.8038,54018.82,57040.99,53950.0,56022.01,55884.77676,73046176031,4227153533,10556813782.0,0.9996,27.71,123.6532,17.0,5.33,8.0,2.0,60.0,0.017103749924450695,0.03641232998749407,-0.05635293120266652,0.6816986054038234,0.5471353401839777,0.4872154759101581,-0.28672136886536115,0,0,0,0,-0.00039999999999995595,0.00039999999999995595,0.17,0.2333333333333333,0.20166666666666666,-1.1109151445487686,-10.86,0.0006026730551758869,0.0
2024-08-07,2461.33,2551.32,2309.04,2342.8,630115.4228,56022.0,57736.05,54558.62,55134.16,44269.37684,75429487902,4342849753,10866630226.0,0.9997,27.85,123.5698,29.0,5.33,8.0,2.0,60.0,-0.049355059018510734,-0.015975161468007117,0.032106495249185504,0.6856917823200862,0.547102415669091,0.49301564008372506,-0.2634488921761999,0,0,0,0,-0.00029999999999996696,0.00029999999999996696,0.29,0.2333333333333333,0.26166666666666666,-0.6237898138606137,0.14000000000000057,-0.0006746945321731631,0.0
2024-08-08,2342.79,2724.1,2320.4,2682.5,586502.8754,55133.76,62745.14,54730.0,61685.99,48349.52949,73155913564,4172692122,10488619645.0,0.9997,23.79,123.4466,20.0,5.33,8.0,2.0,60.0,0.13540240028922618,0.11228735091416127,-0.030605318981294035,0.8469381339305897,0.6708079895019565,0.49246594880842604,-0.28564980781212934,0,0,0,0,-0.00029999999999996696,0.00029999999999996696,0.2,0.2333333333333333,0.21666666666666667,-0.9891338118767298,-4.060000000000002,-0.0009975047018375444,0.0
2024-08-09,2682.5,2707.98,2552.61,2598.78,406739.9611,61686.0,61744.37,59535.0,60837.99,30972.48017,78917127814,4482663157,11471827283.0,0.9995,20.37,122.9276,48.0,5.33,8.0,2.0,60.0,-0.0317070913877183,-0.013842409307287744,0.07580532104127191,0.8501807466234278,0.6726009650288103,0.5635926340054623,-0.2293929133763493,0,0,0,0,-0.0004999999999999449,0.0004999999999999449,0.48,0.2333333333333333,0.35666666666666663,0.14749195972896464,-3.419999999999998,-0.004213109714409773,0.0
2024-08-10,2598.79,2644.7,2576.49,2609.92,171012.3619,60837.99,61470.58,60242.0,60923.51,9995.20621,79161440132,4543127871,11501625487.0,0.9998,,,40.0,5.33,8.0,2.0,60.0,0.004277465388845785,0.001404713543484379,0.0030910263889257716,0.8507233438521073,0.6719117317344303,0.5626868940243465,-0.2270072613789276,0,0,0,0,-0.00019999999999997797,0.00019999999999997797,0.4,0.2333333333333333,0.31666666666666665,-0.17725826072980513,,,0.0
2024-08-11,2609.92,2720.0,2540.0,2555.38,297098.9145,60923.51,61858.0,58286.73,58712.59,19189.84512,79548207256,4510926671,11526999480.0,0.9998,,,39.0,5.33,8.0,0.0,35.0,-0.021118628942741847,-0.036964958668207114,0.004873905222539678,0.8501471532853031,0.6848194730070205,0.563067742130664,-0.22323057189613355,0,0,0,0,-0.00019999999999997797,0.00019999999999997797,0.39,0.14333333333333334,0.26666666666666666,-0.5831960363032674,,,0.0
2024-08-12,2555.38,2750.0,2510.05,2722.3,483414.2506,58712.59,60711.09,57642.21,59346.64,37009.91743,77511576814,4459124969,11310148689.0,0.9997,20.71,123.2204,25.0,5.33,8.0,0.0,35.0,0.06327617065377597,0.010741321896940523,-0.025935915015843768,0.882277592118372,0.6812942189622632,0.5683145594034894,-0.24311778643259868,0,0,0,0,-0.00029999999999996696,0.00029999999999996696,0.25,0.14333333333333334,0.19666666666666666,-1.1515089221061148,,,0.0
2024-08-13,2722.3,2738.4,2611.37,2702.44,325668.6964,59346.64,61578.1,58392.88,60587.15,27858.95851,79253164172,4622832791,11721760495.0,0.9996,18.12,123.0146,31.0,5.33,8.0,0.0,35.0,-0.007322042615237078,0.020687318243458014,0.022220034972274316,0.8770218075671177,0.6787215305973107,0.5719348036221602,-0.22611159782406098,0,0,0,0,-0.00039999999999995595,0.00039999999999995595,0.31,0.14333333333333334,0.22666666666666668,-0.9079462567620372,-2.59,-0.0016715742921993185,0.0
2024-08-14,2702.44,2780.0,2632.2,2661.45,338808.7141,60587.16,61800.0,58433.18,58683.39,28422.76326,80776190388,4705194593,11919165848.0,0.9998,16.19,122.4297,30.0,5.33,8.0,0.0,35.0,-0.015283981564079844,-0.031926101818424826,0.019034910265548162,0.8322010190661048,0.6482132482742037,0.5675968146448365,-0.2112396070702997,0,0,0,0,-0.00019999999999997797,0.00019999999999997797,0.3,0.14333333333333334,0.22166666666666668,-0.9485400343193835,-1.9299999999999997,-0.004766059812205396,0.0
2024-08-15,2661.45,2675.6,2515.71,2569.89,356546.8059,58683.39,59849.38,56078.54,57541.06,37686.17622,78947590299,4575669556,11560788778.0,0.9997,15.23,122.5844,29.0,5.33,8.0,0.0,35.0,-0.035007990620865556,-0.019657942646201854,-0.0228980303125545,0.8371293235537436,0.6499717787530769,0.5551648502565019,-0.22909545441569762,0,0,0,0,-0.00029999999999996696,0.00029999999999996696,0.29,0.14333333333333334,0.21666666666666667,-0.9891338118767298,-0.9600000000000009,0.0012627846361281416,0.0
2024-08-16,2569.9,2630.97,2550.04,2592.73,270684.1373,57541.05,59817.76,57098.62,58874.6,27610.84344,77994919467,4420209391,11287786843.0,0.9996,14.8,122.3972,27.0,5.33,8.0,0.0,35.0,0.008848278205884167,0.022910978337253942,-0.012140528844160243,0.8392028896917919,0.6554331918052999,0.5532547810250062,-0.2383980597523887,0,0,0,0,-0.00039999999999995595,0.00039999999999995595,0.27,0.14333333333333334,0.20666666666666667,-1.0703213669914222,-0.4299999999999997,-0.0015282783395643438,0.0
2024-08-17,2592.72,2629.69,2587.5,2614.51,89348.676,58874.59,59700.0,58785.05,59491.99,7721.72931,78949527378,4458893982,11554992147.0,0.9998,,,25.0,5.33,8.0,0.0,35.0,0.008365324821256171,0.010431923382209742,0.012165064808192835,0.8382895027825856,0.6570579943297407,0.5566901038805054,-0.22907653929744512,0,0,0,0,-0.00019999999999997797,0.00019999999999997797,0.25,0.14333333333333334,0.19666666666666666,-1.1515089221061148,,,0.0
2024-08-18,2614.51,2689.16,2594.53,2612.15,174074.0585,59491.99,60284.99,58408.92,58427.35,13634.85717,79211002590,4481864080,11502729005.0,0.9999,,,31.0,5.33,9.0,0.0,33.0,-0.0009030624377273868,-0.018057579517003593,0.0033064564246341652,0.8312906202734345,0.6400783699858493,0.5573480107951014,-0.2265232956996988,0,0,0,0,-9.999999999998899e-05,9.999999999998899e-05,0.31,0.14,0.225,-0.9214775159478193,,,0.0
2024-08-19,2612.15,2648.08,2563.58,2636.36,224867.1336,58427.35,59617.63,57787.3,59438.5,22809.31251,79839083770,4526221713,11646415003.0,0.9996,14.65,121.8788,28.0,5.33,9.0,0.0,33.0,0.00922554085269927,0.017158062435947308,0.007897945348128776,0.8325844267270847,0.6432886848419624,0.5458842865680531,-0.2203902315387261,0,0,0,0,-0.00039999999999995595,0.00039999999999995595,0.28,0.14,0.21000000000000002,-1.043258848619858,,,0.0
2024-08-20,2636.36,2695.0,2555.0,2572.82,281315.8751,59438.5,61400.0,58548.23,59013.8,31477.44548,79821548916,4490685768,11538100085.0,0.9998,15.88,121.7728,30.0,5.33,9.0,0.0,33.0,-0.024396604272670947,-0.007170849698593443,-0.00021965156689543415,0.8323521971815296,0.6395970359085288,0.544918026292179,-0.22056145524047005,0,0,0,0,-0.00019999999999997797,0.00019999999999997797,0.3,0.14,0.22,-0.9620712935051656,1.2300000000000004,-0.0008700948952307622,0.0
2024-08-21,2572.81,2663.74,2536.22,2630.71,245286.6218,59013.8,61820.93,58783.47,61156.03,27983.6422,79619225524,4574266743,11503056455.0,0.9997,16.27,121.8535,26.0,5.33,9.0,0.0,33.0,0.022251198129545374,0.03565715238614722,-0.0025379141729313217,0.8376773640347911,0.6546628219724712,0.543599855979308,-0.2225370953072551,0,0,0,0,-0.00029999999999996696,0.00029999999999996696,0.26,0.14,0.2,-1.1244464037345505,0.3899999999999988,0.0006624900755916662,0.0
2024-08-22,2630.71,2644.69,2584.2,2622.88,199063.1196,61156.03,61400.0,59724.87,60375.84,21241.20588,81165994693,4654351582,11865510562.0,0.9998,17.55,122.3626,39.0,5.33,9.0,0.0,33.0,-0.002980821037672695,-0.012839442327577983,0.019240784513038598,0.834458915629226,0.6514054059766903,0.5505215918421599,-0.20743326023343323,0,0,0,0,-0.00019999999999997797,0.00019999999999997797,0.39,0.14,0.265,-0.5967272954890493,1.2800000000000011,0.0041692643315784355,0.0
2024-08-23,2622.89,2799.13,2621.4,2762.48,401786.4447,60375.83,64955.0,60342.14,64037.24,38118.07089,80878841614,4640646706,11788231704.0,0.9992,15.86,121.4597,34.0,5.33,9.0,0.0,33.0,0.05185587630264984,0.05887576421662603,-0.003544122554188925,0.8518493936917896,0.6856515012053978,0.5504251856974048,-0.21023724212877973,0,0,0,0,-0.0008000000000000229,0.0008000000000000229,0.34,0.14,0.24000000000000002,-0.7996961832757805,-1.6900000000000013,-0.007406247313635343,0.0
2024-08-24,2762.49,2820.0,2731.26,2768.0,263542.9441,64037.24,64494.5,63531.0,64157.01,15857.15616,84943045117,4893885618,12385832733.0,0.9995,,,56.0,5.33,9.0,0.0,33.0,0.0019962107567640143,0.0018685710918962383,0.04902872212470555,0.8379550898634196,0.6852353014632465,0.5734648924782804,-0.17055125623894782,0,0,0,0,-0.0004999999999999449,0.0004999999999999449,0.56,0.14,0.35000000000000003,0.09336692298583686,,,0.0
2024-08-25,2768.01,2792.28,2733.21,2746.13,154527.2352,64157.02,65000.0,63773.27,64220.0,12305.47977,84619453566,4846037939,12295032104.0,0.9994,,,54.0,5.33,8.0,0.0,32.0,-0.007932389942457324,0.0009813284334161388,-0.0038167866875003986,0.8282412607944905,0.6752803291879073,0.5710426851062386,-0.1737110511944847,0,0,0,0,-0.0006000000000000449,0.0006000000000000449,0.54,0.13333333333333333,0.33666666666666667,-0.014883150500420023,,,0.0
2024-08-26,2746.12,2762.0,2666.66,2680.49,211708.1247,64219.99,64481.0,62800.0,62834.0,19470.05276,85052361059,4799749155,12387445943.0,0.9997,16.15,121.6943,55.0,5.33,8.0,0.0,32.0,-0.02419303418173669,-0.021818360418123024,0.005102891524413492,0.830691965779793,0.6788105348076887,0.561806889755208,-0.16948381192211098,0,0,0,0,-0.00029999999999996696,0.00029999999999996696,0.55,0.13333333333333333,0.3416666666666667,0.02571062705692625,,,0.0
2024-08-27,2680.49,2699.98,2392.96,2457.33,412660.7197,62834.0,63212.0,58034.01,59415.0,35135.94178,82988848955,4775220093,12032089712.0,0.9996,15.43,121.8672,48.0,5.33,8.0,0.0,32.0,-0.0869242189766755,-0.05594960850125526,-0.02456083046027168,0.8751461893089005,0.7030649189744842,0.5664389168103354,-0.18963351952961446,0,0,0,0,-0.00039999999999995595,0.00039999999999995595,0.48,0.13333333333333333,0.30666666666666664,-0.25844581584449766,-0.7199999999999989,0.0014197648564600839,0.0
2024-08-28,2457.33,2554.6,2418.8,2528.33,451266.634,59415.0,60234.98,57860.0,59034.9,36868.54275,78145366194,4443253368,11225676422.0,0.9998,17.11,121.8943,30.0,5.33,8.0,0.0,32.0,0.028483611085400803,-0.006417925294743356,-0.06013548746433742,0.8813420530716112,0.7004076135591989,0.5991075111486881,-0.23692898304880186,0,0,0,0,-0.00019999999999997797,0.00019999999999997797,0.3,0.13333333333333333,0.21666666666666667,-0.9891338118767298,1.6799999999999997,0.0002223484849876985,0.0
2024-08-29,2528.33,2595.4,2505.88,2527.61,237002.9632,59034.9,61166.99,58713.09,59359.01,27020.90743,78613013068,4527402642,11352469644.0,0.9997,15.65,122.2333,29.0,5.33,8.0,0.0,32.0,-0.0002848135084145817,0.005475126375226921,0.005966485026344692,0.881812279711169,0.7009581096754629,0.5985524706403457,-0.23236252193796214,0,0,0,0,-0.00029999999999996696,0.00029999999999996696,0.29,0.13333333333333333,0.21166666666666667,-1.029727589434076,-1.459999999999999,0.002777237951740316,0.0
2024-08-30,2527.6,2552.17,2431.14,2526.0,338379.1941,59359.0,59944.07,57701.1,59123.99,28519.32195,78642467939,4473829848,11370809967.0,1.0001,15.0,122.3262,34.0,5.33,8.0,0.0,32.0,-0.0006371683032404386,-0.003967156608714223,0.0003746116975489178,0.882006008581041,0.6971593563133488,0.5979290667345426,-0.23207490208968684,0,0,0,0,9.999999999998899e-05,9.999999999998899e-05,0.34,0.13333333333333333,0.2366666666666667,-0.8267587016473447,-0.6500000000000004,0.0007597333529751033,0.0
2024-08-31,2525.99,2533.95,2491.92,2513.01,97946.1147,59123.99,59462.38,58744.0,58973.99,8798.409,78489802848,4535637179,11391330488.0,1.0001,,,29.0,5.33,8.0,0.0,32.0,-0.005155786067161088,-0.00254026496747557,-0.001943141765487659,0.8820636977571401,0.6952975858824372,0.5962788546345917,-0.2335656405930181,0,0,0,0,9.999999999998899e-05,9.999999999998899e-05,0.29,0.13333333333333333,0.21166666666666667,-1.029727589434076,,,0.0
2024-09-01,2513.0,2516.28,2400.0,2425.72,223127.776,58974.0,59076.59,57201.0,57301.86,20705.15741,78272266413,4475136402,11367693759.0,0.9999,,,26.0,5.13,8.0,0.0,32.0,-0.035352850323422016,-0.028763415319443375,-0.002775372584199482,0.8602981501372289,0.6705539722512809,0.5958966381725084,-0.23568983242631625,0,0,0,0,-9.999999999998899e-05,9.999999999998899e-05,0.26,0.13333333333333333,0.19666666666666666,-1.1515089221061148,,,-0.20000000000000018
2024-09-02,2425.71,2564.83,2423.52,2538.01,262632.8385,57301.77,59425.69,57128.0,59132.13,22895.01461,76576165956,4450771509,11080527929.0,1.0,15.55,,26.0,5.13,8.0,0.0,32.0,0.04525192185704056,0.03144134758080365,-0.02190746481089668,0.8751572778284592,0.6795102712991434,0.5775569525518509,-0.25225185220572777,0,0,0,0,0.0,0.0,0.26,0.13333333333333333,0.19666666666666666,-1.1515089221061148,,,0.0
2024-09-03,2538.0,2553.6,2411.12,2425.29,224793.1299,59132.12,59809.65,57415.0,57487.73,22828.18447,78676846615,4568940979,11521113448.0,1.0001,20.72,122.7811,26.0,5.13,8.0,0.0,32.0,-0.04542920452647489,-0.028202897779850595,0.027063035178081868,0.8489534840301415,0.6700981281219915,0.5807447504394446,-0.23173920245022736,0,0,0,0,9.999999999998899e-05,9.999999999998899e-05,0.26,0.13333333333333333,0.19666666666666666,-1.1515089221061148,5.169999999999998,,0.0
2024-09-04,2425.28,2490.0,2306.65,2450.71,384179.3854,57487.74,58519.0,55606.0,57970.9,35560.82146,76670297142,4394544320,11228421380.0,1.0,21.32,122.5144,27.0,5.13,8.0,0.0,32.0,0.01042667362399451,0.008369626775024829,-0.02583454094812556,0.7656964837765685,0.6157715748784184,0.5300553513841605,-0.24567749698216856,0,0,0,0,0.0,0.0,0.27,0.13333333333333333,0.20166666666666666,-1.1109151445487686,0.6000000000000014,-0.0021745209764698166,0.0
2024-09-05,2450.71,2466.0,2348.04,2368.81,278549.0969,57970.9,58327.07,55643.65,56180.0,27806.91413,77438696283,4406541271,11257671950.0,1.0003,19.9,122.4533,29.0,5.13,8.0,0.0,32.0,-0.033990059149168084,-0.03138033882672037,0.009972234478069029,0.7724007717765691,0.6139783458150092,0.4907511229239451,-0.2185024571036546,0,0,0,0,0.00029999999999996696,0.00029999999999996696,0.29,0.13333333333333333,0.21166666666666667,-1.029727589434076,-1.4200000000000017,-0.0004988412861534103,0.0
2024-09-06,2368.81,2408.83,2150.55,2225.23,643027.111,56180.0,57008.0,52550.0,53962.97,54447.76826,75845528157,4290634129,10914812378.0,1.0002,22.38,122.4991,22.0,5.13,8.0,0.0,32.0,-0.06252743828077964,-0.040262751080288636,-0.02078785998232181,0.7839998181145222,0.6276707812056596,0.48447840440176565,-0.23355665424672967,0,0,0,0,0.00019999999999997797,0.00019999999999997797,0.22,0.13333333333333333,0.17666666666666667,-1.3138840323354997,2.4800000000000004,0.0003739502085607052,0.0
2024-09-07,2225.24,2311.27,2220.98,2273.58,219453.2076,53962.97,54850.0,53745.54,54160.86,16694.04774,72373818729,4079420368,10412547065.0,1.0001,,,23.0,5.13,8.0,0.0,32.0,0.021495400637582665,0.0036604367595428834,-0.046854133429470396,0.6159169489016519,0.47805769197287257,0.5005245795866939,-0.26863938956596306,0,0,0,0,9.999999999998899e-05,9.999999999998899e-05,0.23,0.13333333333333333,0.18166666666666667,-1.2732902547781535,,,0.0
2024-09-08,2273.58,2333.58,2240.94,2297.3,192775.6493,54160.86,55318.0,53629.01,54869.95,16274.14779,73657247975,4151244933,10526351452.0,0.9999,,,29.0,5.13,10.0,0.0,32.0,0.010378838616076844,0.01300733247035669,0.017577934906157222,0.6108629842156846,0.4805054643910825,0.4244293384732696,-0.24450979057925695,0,0,0,0,-9.999999999998899e-05,9.999999999998899e-05,0.29,0.14,0.215,-1.002665071062512,,,0.0
2024-09-09,2297.3,2381.41,2272.8,2359.5,321698.99,54869.95,58088.0,54591.96,57042.0,32384.51737,74567236759,4221644827,10613160863.0,0.9997,19.45,122.7156,26.0,5.13,10.0,0.0,32.0,0.026715211868316886,0.03882199877924005,0.012278676070867835,0.6196905757884165,0.5024780224571441,0.42709941625284664,-0.22727062651735827,0,0,0,0,-0.00029999999999996696,0.00029999999999996696,0.26,0.14,0.2,-1.1244464037345505,,,0.0
2024-09-10,2359.51,2400.0,2320.41,2388.52,224382.1729,57042.01,58044.36,56386.4,57635.99,23626.78126,76642728570,4346466171,11068647586.0,0.9999,19.08,123.0071,33.0,5.13,10.0,0.0,32.0,0.012224195084661072,0.010359360363052208,0.027453510252476877,0.6185785480146463,0.48817155151597774,0.4387709474090457,-0.20576260829796503,0,0,0,0,-9.999999999998899e-05,9.999999999998899e-05,0.33,0.14,0.23500000000000001,-0.8402899608331268,-0.370000000000001,0.0023725942840667727,0.0
2024-09-11,2388.52,2389.32,2277.68,2340.55,282898.3125,57635.99,57981.71,55545.19,57338.0,33026.56757,77140381334,4418865343,11137144994.0,0.9998,17.69,122.7754,37.0,5.13,10.0,0.0,32.0,-0.020287982782529586,-0.005183618786241656,0.006472160713685735,0.5742490023064846,0.48666601970870343,0.4302928708328047,-0.19966678033198643,0,0,0,0,-0.00019999999999997797,0.00019999999999997797,0.37,0.14,0.255,-0.6779148506037419,-1.389999999999997,-0.0018854073714483022,0.0
2024-09-12,2340.54,2391.93,2315.39,2361.76,202611.1308,57338.0,58588.0,57324.0,58132.32,31074.40631,76611781895,4381702381,11077988251.0,1.0,17.07,122.4423,31.0,5.13,10.0,0.0,32.0,0.0090211593201128,0.013758211280425158,-0.006876020610881939,0.5762562940971314,0.4833419561537194,0.4231553704478061,-0.2051510115947001,0,0,0,0,0.0,0.0,0.31,0.14,0.225,-0.9214775159478193,-0.620000000000001,-0.0027167713006032547,0.0
2024-09-13,2361.75,2464.82,2337.35,2439.19,253888.616,58132.31,60625.0,57632.62,60498.0,29825.23333,77339532895,4408026392,11129949784.0,0.9992,16.56,121.6551,32.0,5.13,10.0,0.0,32.0,0.03225891317213316,0.039888515176949337,0.009454370972119493,0.5887749706680592,0.49106526437077463,0.41870533545362176,-0.19760057833426842,0,0,0,0,-0.0008000000000000229,0.0008000000000000229,0.32,0.14,0.23,-0.8808837383904731,-0.5100000000000016,-0.006449906709724591,0.0
2024-09-14,2439.19,2440.6,2376.72,2417.79,122931.2302,60497.99,60610.45,59400.0,59993.03,12137.90901,79862686895,4602544367,11626183120.0,0.9997,,,50.0,5.13,10.0,0.0,32.0,-0.008812117192878863,-0.008381917831569096,0.03210349960475069,0.5777863718585545,0.48664579495471616,0.4271112930262123,-0.1714227979082831,0,0,0,0,-0.00029999999999996696,0.00029999999999996696,0.5,0.14,0.32,-0.1501957423582408,,,0.0
2024-09-15,2417.8,2430.32,2283.75,2316.1,174364.1946,59993.02,60395.8,58691.05,59132.0,13757.92361,79157641530,4502244244,11576969668.0,0.9998,,,51.0,5.13,9.0,0.0,32.0,-0.042969163114274886,-0.014456155768720775,-0.008867419553879177,0.5935580154959592,0.4832911383554074,0.4260545351468786,-0.17187571745474792,0,0,0,0,-0.00019999999999997797,0.00019999999999997797,0.51,0.13666666666666666,0.32333333333333336,-0.12313322398667646,,,0.0
2024-09-16,2316.09,2335.7,2252.39,2295.68,330555.232,59132.0,59210.7,57493.3,58213.99,26477.5642,77731954741,4412145511,11287544719.0,1.0,17.14,121.4976,39.0,5.13,9.0,0.0,32.0,-0.008855640749803263,-0.01564652918074257,-0.018174895823413088,0.5921677574216246,0.48486291282388894,0.42872827312795664,-0.18679083905835728,0,0,0,0,0.0,0.0,0.39,0.13666666666666666,0.2633333333333333,-0.6102585546748318,,,0.0
2024-09-17,2295.67,2393.63,2263.29,2341.8,274206.2588,58213.99,61320.0,57610.01,60313.99,33116.25878,75953935300,4301393966,11114433241.0,0.9997,17.61,121.6031,33.0,5.13,9.0,0.0,32.0,0.019890768510761287,0.035438379599161005,-0.023139388707154866,0.5980966962869602,0.49655700399026936,0.43562721958630024,-0.20539196265767018,0,0,0,0,-0.00029999999999996696,0.00029999999999996696,0.33,0.13666666666666666,0.23333333333333334,-0.853821220018909,0.46999999999999886,0.0008679531290787527,0.0
2024-09-18,2341.79,2376.14,2277.34,2374.75,292917.6008,60313.99,61786.24,59174.8,61759.99,36087.02469,77639366360,4322942581,11387303971.0,0.9999,18.23,121.5618,45.0,5.13,9.0,0.0,32.0,0.013972304355667368,0.023691660342147144,0.021947554959410604,0.5996092727680129,0.499735858516758,0.44210956483988745,-0.1877594718410633,0,0,0,0,-9.999999999998899e-05,9.999999999998899e-05,0.45,0.13666666666666666,0.29333333333333333,-0.36669588933075414,0.620000000000001,-0.0003396871867372566,0.0
2024-09-19,2374.74,2494.95,2372.6,2465.21,326746.032,61759.98,63850.0,61555.0,62947.99,34332.52608,77648742322,4267731493,11365897944.0,0.9997,16.33,121.3059,49.0,5.13,9.0,0.0,32.0,0.037384827775575745,0.01905308607791393,0.0001207556984364823,0.6111031678889725,0.5025198607861863,0.44211805556867356,-0.18766138324652784,0,0,0,0,-0.00029999999999996696,0.00029999999999996696,0.49,0.13666666666666666,0.31333333333333335,-0.204320779101369,-1.9000000000000021,-0.0021073209381082723,0.0
2024-09-20,2465.21,2571.93,2437.31,2561.4,340754.5912,62948.0,64133.32,62350.0,63201.05,25466.37794,80543583957,4500096934,11818200606.0,0.9998,16.15,121.4052,54.0,5.13,9.0,0.0,32.0,0.03827698744610405,0.004012085061529829,0.03660310081801198,0.6213876662680425,0.4878727424873397,0.46099218110307105,-0.15737638983678925,0,0,0,0,-0.00019999999999997797,0.00019999999999997797,0.54,0.13666666666666666,0.3383333333333334,-0.0013518913146376304,-0.17999999999999972,0.0008182568126507424,0.0
2024-09-21,2561.4,2623.34,2528.97,2612.4,154757.8773,63201.05,63559.9,62758.0,63348.96,8375.34608,82549972422,4594271562,12131437365.0,0.9998,,,54.0,5.13,9.0,0.0,32.0,0.019715355036530664,0.0023375749611005414,0.024605382762893004,0.6254561172937315,0.48528158879172756,0.4641230974981907,-0.13638613575682798,0,0,0,0,-0.00019999999999997797,0.00019999999999997797,0.54,0.13666666666666666,0.3383333333333334,-0.0013518913146376304,,,0.0
2024-09-22,2612.4,2632.57,2524.58,2581.0,214266.3257,63348.97,64000.0,62357.93,63578.76,14242.19892,83156139632,4631150210,12143178818.0,1.0,,,52.0,5.13,8.0,0.0,30.0,-0.012092418309888196,0.0036209624041565595,0.007316204650940793,0.5977128027802473,0.43929800126461477,0.4644591488437081,-0.13004459025116177,0,0,0,0,0.0,0.0,0.52,0.12666666666666665,0.32333333333333336,-0.12313322398667646,,,0.0
2024-09-23,2580.99,2702.82,2539.49,2646.97,333282.0149,63578.76,64745.88,62538.75,63339.99,24078.05287,82495303842,4529714663,12093632672.0,1.0,15.89,121.4303,50.0,5.13,8.0,0.0,30.0,0.025238668859070917,-0.0037625690717466927,-0.007978672347524625,0.6052489659189334,0.43939699175417934,0.43154768828831597,-0.13695806258177146,0,0,0,0,0.0,0.0,0.5,0.12666666666666665,0.31333333333333335,-0.204320779101369,,,0.0
2024-09-24,2646.98,2670.96,2591.56,2653.2,288600.0402,63339.99,64688.0,62700.0,64262.7,23185.04759,84345336209,4771329768,12542043182.0,0.9999,15.39,121.1291,54.0,5.13,8.0,0.0,30.0,0.002350869073716024,0.01446248637939056,0.022178147927695544,0.6049341453289193,0.4424464941838862,0.43885658795349636,-0.11760356064115042,0,0,0,0,-9.999999999998899e-05,9.999999999998899e-05,0.54,0.12666666666666665,0.33333333333333337,-0.04194566887198391,-0.5,-0.002483516654585632,0.0
2024-09-25,2653.2,2673.5,2554.05,2579.95,220343.4293,64262.7,64817.99,62947.08,63152.01,17813.11168,85011548374,4810552354,12665540092.0,1.0002,15.41,121.4447,59.0,5.13,8.0,0.0,30.0,-0.027996439768490675,-0.017434692343162504,0.007867593964398772,0.6069000891968888,0.4399802893166323,0.43937542092693616,-0.11063384223494382,0,0,0,0,0.00019999999999997797,0.00019999999999997797,0.59,0.12666666666666665,0.3583333333333333,0.16102321891474658,0.019999999999999574,0.002602096170936612,0.0
2024-09-26,2580.09,2666.22,2559.2,2632.26,278686.3573,63152.01,65839.0,62670.0,65173.99,28373.30593,83463739689,4713728415,12474006292.0,0.9997,15.37,121.0785,50.0,5.13,8.0,0.0,30.0,0.020072773877989385,0.03151578569135097,-0.018374828166125602,0.526240406743696,0.40386189620964263,0.43553909105471345,-0.12682656768769943,0,0,0,0,-0.00029999999999996696,0.00029999999999996696,0.5,0.12666666666666665,0.31333333333333335,-0.204320779101369,-0.040000000000000924,-0.0030199195648855826,0.0
2024-09-27,2632.25,2728.6,2615.21,2694.43,281826.9792,65173.99,66498.0,64819.9,65769.95,22048.80487,85560420141,4832408474,12807840289.0,0.9997,16.96,121.1111,61.0,5.13,8.0,0.0,30.0,0.023343886429398778,0.009102584128001627,0.024810512366871044,0.523318019897799,0.4028932864221486,0.38534742975720326,-0.10489170503289044,0,0,0,0,-0.00029999999999996696,0.00029999999999996696,0.61,0.12666666666666665,0.3683333333333333,0.24221077402943914,1.5900000000000016,0.000269210570535411,0.0
2024-09-28,2694.43,2704.35,2650.0,2675.21,137230.0342,65769.95,66260.0,65422.23,65858.0,9127.23316,86696505511,4906314179,13045563732.0,0.9997,,,64.0,5.13,8.0,0.0,30.0,-0.0071587972686246865,0.0013378619530761801,0.013190782763388987,0.5242641710156698,0.40290953147336805,0.38686320260521884,-0.09300630946328083,0,0,0,0,-0.00029999999999996696,0.00029999999999996696,0.64,0.12666666666666665,0.3833333333333333,0.36399210670147797,,,0.0
2024-09-29,2675.21,2683.7,2629.73,2657.62,160554.3146,65858.0,66076.12,65432.0,65602.01,8337.74111,86149741625,4902985459,12953369000.0,0.9997,,,63.0,5.13,10.0,0.0,25.0,-0.006596896503964429,-0.003894573316477157,-0.0063266136093927125,0.525037576955991,0.4028927631643176,0.3881966677323803,-0.09872639462579545,0,0,0,0,-0.00029999999999996696,0.00029999999999996696,0.63,0.11666666666666665,0.37333333333333335,0.28280455158678586,,,0.0
2024-09-30,2657.62,2663.5,2575.0,2602.23,282475.7961,65602.01,65618.8,62856.3,63327.59,30011.08752,86192594881,4881969285,12900101699.0,1.0002,16.73,121.2864,61.0,5.13,10.0,0.0,25.0,-0.021062215708309424,-0.03528524055475455,0.000497303886577876,0.5305517215838785,0.42463935668048075,0.38789565844271484,-0.09827807629298764,0,0,0,0,0.00019999999999997797,0.00019999999999997797,0.61,0.11666666666666665,0.36333333333333334,0.2016169964720933,,,0.0
2024-10-01,2602.24,2659.0,2414.0,2447.79,502828.6804,63327.6,64130.63,60164.0,60805.78,43671.48108,84455835194,4791020624,12575037576.0,1.0001,19.26,121.6881,50.0,4.83,10.0,0.0,25.0,-0.06118319307059319,-0.04063624492665931,-0.02035553042407257,0.5597729923886545,0.4374238930607509,0.39602074909400126,-0.11644755231515168,0,0,0,0,9.999999999998899e-05,9.999999999998899e-05,0.5,0.11666666666666665,0.30833333333333335,-0.24491455665871528,2.530000000000001,0.003306522832521459,-0.2999999999999998
2024-10-02,2447.78,2499.0,2352.0,2364.1,317484.735,60804.92,62390.31,60000.0,60649.28,31534.70118,81184040533,4592242927,11986386979.0,1.0001,18.9,121.5724,42.0,4.83,10.0,0.0,25.0,-0.0347881768230544,-0.002577086316775542,-0.039510054612518525,0.5483841217689155,0.4244875575207201,0.4140441064031943,-0.15067611893116378,0,0,0,0,9.999999999998899e-05,9.999999999998899e-05,0.42,0.11666666666666665,0.2683333333333333,-0.5696647771174855,-0.360000000000003,-0.0009512436973895081,0.0
2024-10-03,2364.09,2403.38,2310.0,2349.8,314635.9263,60649.27,61477.19,59828.11,60752.71,26221.43472,78852573593,4456990943,11772084186.0,1.0,20.49,122.1197,37.0,4.83,10.0,0.0,25.0,-0.006067181682279811,0.001703926352847916,-0.029138730714042833,0.5262197958188115,0.41134432248214026,0.41752986413653453,-0.17506724971332258,0,0,0,0,0.0,0.0,0.37,0.11666666666666665,0.24333333333333332,-0.7726336649042167,1.5899999999999999,0.004491741178162869,0.0
2024-10-04,2349.8,2441.64,2339.15,2414.41,239383.017,60752.72,62484.85,60459.9,62086.0,21294.65994,78588143544,4393431705,11701128708.0,1.0,19.21,122.2197,41.0,4.83,10.0,0.0,25.0,0.02712473268730683,0.02170883041003728,-0.0033591094153081666,0.533971287292507,0.4166066345172761,0.40720863438233124,-0.1778336401764409,0,0,0,0,0.0,0.0,0.41,0.11666666666666665,0.2633333333333333,-0.6102585546748318,-1.2799999999999976,0.0008185336100793635,0.0
2024-10-05,2414.41,2428.23,2390.05,2414.66,103740.2316,62086.0,62370.56,61689.26,62058.0,7807.46141,80553778256,4623019053,12053460677.0,1.0,,,49.0,4.83,10.0,0.0,25.0,0.00010353960502683366,-0.00045108906551724495,0.024704171685446145,0.5201187952051666,0.3987337052171811,0.4145504641581317,-0.15726974003795424,0,0,0,0,0.0,0.0,0.49,0.11666666666666665,0.30333333333333334,-0.2855083342160616,,,0.0
2024-10-06,2414.66,2457.8,2407.0,2440.03,105752.7096,62058.01,62975.0,61798.97,62819.91,8906.86177,80253507112,4570097881,11902690155.0,1.0001,,,50.0,4.83,9.0,0.0,22.0,0.010451843867824944,0.012202629820996201,-0.00373455086067333,0.46827561405397966,0.3673198535162337,0.4073111177994656,-0.16041108963968287,0,0,0,0,9.999999999998899e-05,9.999999999998899e-05,0.5,0.10333333333333333,0.30166666666666664,-0.29903959340184394,,,0.0
2024-10-07,2440.02,2521.0,2403.0,2422.71,300459.5407,62819.91,64478.19,62128.0,62224.0,25966.1852,79781804791,4608266846,11996359143.0,1.0002,22.64,122.4241,50.0,4.83,9.0,0.0,22.0,-0.007123585979335531,-0.009531284031326389,-0.005894995065769266,0.4647305597776974,0.3708204574071431,0.3688682093356776,-0.16534590248406267,0,0,0,0,0.00019999999999997797,0.00019999999999997797,0.5,0.10333333333333333,0.30166666666666664,-0.29903959340184394,,,0.0
2024-10-08,2422.7,2466.66,2401.18,2440.89,201358.3312,62224.01,63200.0,61860.31,62160.49,19702.22371,80293340939,4652489597,11906602886.0,1.0004,21.42,122.6625,49.0,4.83,9.0,0.0,22.0,0.007475978564708481,-0.0010211885021863328,0.006391221909222905,0.46419108034236056,0.37005745038500965,0.36544652810963607,-0.1599943596971554,0,0,0,0,0.00039999999999995595,0.00039999999999995595,0.49,0.10333333333333333,0.29666666666666663,-0.3396333709591902,-1.2199999999999989,0.0019454354109097612,0.0
2024-10-09,2440.88,2473.61,2351.42,2370.47,242082.2725,62160.5,62543.75,60301.0,60636.02,20011.15684,79473863969,4603860917,11836575739.0,1.0007,20.86,122.8821,49.0,4.83,9.0,0.0,22.0,-0.029274479174812445,-0.024830482976427176,-0.01025847772731705,0.4677712900494605,0.3615197423531384,0.366601041267878,-0.1685674900321012,0,0,0,0,0.0006999999999999229,0.0006999999999999229,0.49,0.10333333333333333,0.29666666666666663,-0.3396333709591902,-0.5600000000000023,0.0017886775644703823,0.0
2024-10-10,2370.47,2421.36,2330.66,2386.49,257862.9619,60636.01,61321.68,58946.0,60326.39,23967.92481,77885462860,4556487872,11664816952.0,1.0007,20.93,123.0951,39.0,4.83,9.0,0.0,22.0,0.006735419496232244,-0.005119452832531935,-0.02018888987617089,0.4663785144582713,0.3610661295912778,0.36281600512609186,-0.18518488164913396,0,0,0,0,0.0006999999999999229,0.0006999999999999229,0.39,0.10333333333333333,0.24666666666666667,-0.7455711465326523,0.07000000000000028,0.0017318682645283852,0.0
2024-10-11,2386.49,2471.45,2381.86,2439.5,235441.2197,60326.4,63417.56,60087.64,62540.0,23641.35209,77712617371,4552727847,11655600473.0,1.0002,20.46,122.9805,32.0,4.83,9.0,0.0,22.0,0.02196943305546825,0.03603669892744918,-0.0022216927077676773,0.46656638905477965,0.37958498322533574,0.36229267248848745,-0.186993141013646,0,0,0,0,0.00019999999999997797,0.00019999999999997797,0.32,0.10333333333333333,0.21166666666666667,-1.029727589434076,-0.46999999999999886,-0.0009314211428118005,0.0
2024-10-12,2439.49,2490.51,2434.35,2476.4,139637.5062,62539.99,63480.0,62487.23,63206.22,10911.30116,80407488835,4729778780,11997538429.0,1.0002,,,49.0,4.83,9.0,0.0,22.0,0.015012792389185134,0.010596362001929363,0.03408968664352906,0.4682663856143504,0.3786050132519028,0.37990697721085936,-0.15880017752280115,0,0,0,0,0.00019999999999997797,0.00019999999999997797,0.49,0.10333333333333333,0.29666666666666663,-0.3396333709591902,,,0.0
2024-10-13,2476.4,2484.92,2436.4,2468.91,120022.8179,63206.23,63285.72,62050.0,62870.02,11909.21995,81463210304,4788991304,12299374184.0,1.0003,,,50.0,4.83,10.0,0.0,23.0,-0.003029134969148349,-0.0053332935199566596,0.013044194457829762,0.4551617735200138,0.3549524057043944,0.38104433332237536,-0.14775552577238354,0,0,0,0,0.00029999999999996696,0.00029999999999996696,0.5,0.11,0.305,-0.2719770750302796,,,0.0
2024-10-14,2468.92,2654.0,2443.39,2629.79,435900.1619,62870.02,66500.0,62457.81,66083.99,37669.95222,81193058814,4776370642,12256446654.0,1.0001,19.7,,48.0,4.83,10.0,0.0,23.0,0.06312723739912225,0.04985708823410627,-0.003321750091400431,0.5034374283949531,0.39126777388461703,0.3652115297939418,-0.15058177229148925,0,0,0,0,9.999999999998899e-05,9.999999999998899e-05,0.48,0.11,0.295,-0.3531646301449722,,,0.0
2024-10-15,2629.79,2688.6,2537.36,2607.41,416285.6663,66084.0,67950.0,64800.01,67074.14,43683.95423,84717881823,5014220656,12954472117.0,1.0001,20.64,123.5124,65.0,4.83,10.0,0.0,23.0,-0.008546603615558843,0.014872066015212413,0.04249693796377756,0.4777083880723327,0.3879478216621386,0.39153728569983925,-0.11370609650065798,0,0,0,0,9.999999999998899e-05,9.999999999998899e-05,0.65,0.11,0.38,0.33692958832991404,0.9400000000000013,,0.0
2024-10-16,2607.41,2647.79,2588.67,2611.1,260322.4242,67074.14,68424.0,66750.49,67620.01,29938.25544,83771563937,4951230768,12879607998.0,1.0001,19.58,123.9235,73.0,4.83,10.0,0.0,23.0,0.0014141970083359115,0.008105370403983361,-0.011233081483652927,0.47558204546302896,0.381445607905256,0.38770659860036677,-0.12360619970303152,0,0,0,0,9.999999999998899e-05,9.999999999998899e-05,0.73,0.11,0.42,0.6616798087886838,-1.0600000000000023,0.0033228838520624935,0.0
2024-10-17,2611.1,2648.37,2575.4,2605.8,221624.5434,67620.0,67939.4,66666.0,67421.78,25328.22861,83716543307,5037812504,12927823012.0,1.0002,19.11,124.1122,71.0,4.83,10.0,0.0,23.0,-0.002031858698996803,-0.0029358340463448997,-0.0006570094185736924,0.4726702548941735,0.36607020489038194,0.3767746691128988,-0.12418180957294749,0,0,0,0,0.00019999999999997797,0.00019999999999997797,0.71,0.11,0.41,0.5804922536739913,-0.46999999999999886,0.0015215554567784178,0.0
2024-10-18,2605.79,2675.58,2596.49,2642.17,292444.1153,67421.78,69000.0,67192.36,68428.0,28725.635,82503221009,5001257267,13002154372.0,0.9999,18.03,123.9185,73.0,4.83,10.0,0.0,23.0,0.01386081943641187,0.014813986471420449,-0.01459927287730314,0.4726395057809822,0.36125020589599416,0.37550332368267825,-0.13687523547733857,0,0,0,0,-9.999999999998899e-05,9.999999999998899e-05,0.73,0.11,0.42,0.6616798087886838,-1.0799999999999983,-0.0015619037431922654,0.0
2024-10-19,2642.17,2663.49,2631.02,2648.2,105413.7646,68427.99,68693.26,68010.0,68378.0,8193.66737,83280136349,5079493945,13127501448.0,1.0,,,72.0,4.83,10.0,0.0,23.0,0.0022796147004131985,-0.0007309621248523259,0.009372726429375252,0.45660583428394363,0.35703943463444343,0.3762985694228013,-0.1287473725685875,0,0,0,0,0.0,0.0,0.72,0.11,0.415,0.6210860312313375,,,0.0
2024-10-20,2648.2,2759.0,2635.54,2746.91,256910.7448,68377.99,69400.0,68100.0,69031.99,12442.47378,83340316549,5056098195,13191867284.0,1.0002,,,73.0,4.83,11.0,0.0,24.0,0.03659647963870094,0.00951888488044817,0.0007223627300269926,0.4549780261334772,0.357798742418181,0.3554041893155387,-0.11970309347886353,0,0,0,0,0.00019999999999997797,0.00019999999999997797,0.73,0.11666666666666665,0.42333333333333334,0.6887423271602482,,,0.0
2024-10-21,2746.91,2769.48,2655.01,2666.7,310674.7232,69032.0,69519.52,66840.67,67377.5,31374.42184,85401015246,5182670188,13562189938.0,1.0004,18.37,124.4757,72.0,4.83,11.0,0.0,24.0,-0.02963489062861841,-0.02425888605349007,0.024425564579093558,0.46372405226478464,0.3701765982904548,0.3552552690126692,-0.09627842192926978,0,0,0,0,0.00039999999999995595,0.00039999999999995595,0.72,0.11666666666666665,0.41833333333333333,0.6481485496029019,,,0.0
2024-10-22,2666.71,2671.92,2606.56,2622.81,265747.713,67377.5,67836.01,66571.42,67426.0,24598.96268,85512049820,4994597670,13393297863.0,1.0005,18.2,124.4107,70.0,4.83,11.0,0.0,24.0,-0.016595490814311574,0.0007195659176902162,0.001299310729439214,0.4655482297272297,0.3701604655980828,0.354556185355812,-0.08754787117171522,0,0,0,0,0.0004999999999999449,0.0004999999999999449,0.7,0.11666666666666665,0.4083333333333333,0.5669609944882094,-0.1700000000000017,-0.0005223266637132512,0.0
2024-10-23,2622.81,2628.2,2450.0,2524.61,352647.7086,67426.01,67472.83,65260.0,66668.65,25530.2407,85507415746,4983415166,13326122615.0,1.0008,19.24,124.6931,71.0,4.83,11.0,0.0,24.0,-0.03815966676698236,-0.01129587277243706,-5.419352686892271e-05,0.4756195383941212,0.3725508120369171,0.35312432509667485,-0.08759731883079191,0,0,0,0,0.0007999999999999119,0.0007999999999999119,0.71,0.11666666666666665,0.41333333333333333,0.6075547720455556,1.0399999999999991,0.0022673288884366384,0.0
2024-10-24,2524.6,2562.65,2507.31,2535.82,290851.7842,66668.65,68850.0,66510.0,68198.28,22589.83877,83483872742,4727630021,12878324490.0,1.0005,19.08,124.5127,69.0,4.83,11.0,0.0,24.0,0.004430460785638904,0.02268451715263484,-0.023949633664545326,0.4758909676469104,0.3771690911194567,0.3552753957418155,-0.10918943509583248,0,0,0,0,0.0004999999999999449,0.0004999999999999449,0.69,0.11666666666666665,0.4033333333333333,0.5263672169308631,-0.16000000000000014,-0.001447799621932812,0.0
2024-10-25,2535.82,2566.33,2382.59,2440.62,514799.8822,68198.27,68771.49,65596.29,66698.33,34479.71125,84856486800,4789189550,13088944497.0,1.0019,20.33,124.6105,72.0,4.83,11.0,0.0,24.0,-0.03826495074970141,-0.022239429463163648,0.016307966575963985,0.48435713113311374,0.38063854710064554,0.358931259882877,-0.09454302418745075,0,0,0,0,0.0019000000000000128,0.0019000000000000128,0.72,0.11666666666666665,0.41833333333333333,0.6481485496029019,1.25,0.0007851537313602992,0.0
2024-10-26,2440.63,2508.0,2430.12,2482.51,248724.8313,66698.32,67454.55,66439.9,67092.76,11842.9077,82549080455,4664901535,12810228801.0,1.0011,,,,4.83,11.0,0.0,24.0,0.017018039738213687,0.005896224370562871,-0.027568407909158432,0.4827313582223713,0.36567909633184215,0.36619435118207067,-0.1191640902944957,0,0,0,0,0.001100000000000101,0.001100000000000101,,0.11666666666666665,0.11666666666666665,-1.8010093630236548,,,0.0
2024-10-27,2482.51,2527.99,2464.13,2507.8,137580.8836,67092.76,68332.05,66913.73,68021.7,8653.19592,82860422253,4660827686,13026227818.0,1.0011,,,74.0,4.83,10.0,0.0,30.0,0.010135729647841258,0.013750632418520554,0.00376450156228918,0.47617387416619006,0.36733624483502864,0.3551741292984552,-0.11584193292630825,0,0,0,0,0.001100000000000101,0.001100000000000101,0.74,0.13333333333333333,0.43666666666666665,0.7969924006465046,,,0.0
2024-10-28,2507.8,2589.67,2471.67,2567.48,360605.327,68021.69,70270.0,67618.0,69962.21,29046.75459,82949793887,4771483544,13184195490.0,1.0006,19.8,124.8076,72.0,4.83,10.0,0.0,30.0,0.023518998337260344,0.02812846721520796,0.0010779992299063909,0.48426376129265497,0.3792279895352658,0.35154782889095976,-0.10120745616308854,0,0,0,0,0.0005999999999999339,0.0005999999999999339,0.72,0.13333333333333333,0.42666666666666664,0.715804845531812,,,0.0
2024-10-29,2567.49,2681.86,2561.2,2638.8,451915.7025,69962.21,73620.12,69760.0,72736.42,50128.60594,84415015619,4837526119,13430691017.0,1.0002,19.34,124.8612,72.0,4.83,10.0,0.0,30.0,0.027399395255018,0.03888698282937757,0.017509764108146857,0.4940648344732192,0.3996470773145046,0.35719202964495356,-0.06875134058171614,0,0,0,0,0.00019999999999997797,0.00019999999999997797,0.72,0.13333333333333333,0.42666666666666664,0.715804845531812,-0.46000000000000085,0.0004293688344196453,0.0
2024-10-30,2638.8,2722.3,2599.66,2659.19,460627.126,72736.41,72961.0,71436.0,72344.74,26885.99056,86389481677,4994987636,13717796816.0,1.0002,20.35,124.8153,77.0,4.83,10.0,0.0,30.0,0.007697296775859888,-0.005399473668343945,0.02312063259407833,0.4889650384844404,0.3760994244057198,0.3667186615630494,-0.03645724580093289,0,0,0,0,0.00019999999999997797,0.00019999999999997797,0.77,0.13333333333333333,0.45166666666666666,0.9187737333185434,1.0100000000000016,-0.0003676757765915848,0.0
2024-10-31,2659.19,2669.0,2503.0,2518.61,403427.2017,72344.75,72700.0,69685.76,70292.01,29352.10297,86844052545,4954515548,13944469683.0,1.0013,23.16,124.7988,77.0,4.83,10.0,0.0,30.0,-0.054314403100932634,-0.02878461169591104,0.005248082172667216,0.47849474408906467,0.36015651417063627,0.35956935391269923,0.0,0,0,0,0,0.0013000000000000789,0.0013000000000000789,0.77,0.13333333333333333,0.45166666666666666,0.9187737333185434,2.8099999999999987,-0.00013220407039531213,0.0
2024-11-01,2518.61,2586.8,2467.67,2511.49,430249.1073,70292.01,71632.95,68820.14,69496.01,38301.86755,83810360547,4761678765,13348867386.0,1.0004,21.88,124.8076,75.0,4.64,10.0,0.0,30.0,-0.002830959525723158,-0.011388795745506882,-0.03555737666387472,0.4611212283035963,0.363731951955482,0.35419843939353834,-0.034932639704118265,0,0,0,0,0.00039999999999995595,0.00039999999999995595,0.75,0.13333333333333333,0.44166666666666665,0.8375861782038508,-1.2800000000000011,7.051101256739381e-05,-0.1900000000000004
2024-11-02,2511.49,2523.45,2470.0,2494.23,145961.13,69496.0,69914.37,69000.14,69374.74,10521.67243,83692829534,4742440566,13374147379.0,1.0002,,,72.0,4.64,10.0,0.0,30.0,-0.006896138178868885,-0.0017465165389545408,-0.0014033288826474496,0.4613131445559957,0.3642691347195887,0.33724046703779903,-0.03628599677988461,0,0,0,0,0.00019999999999997797,0.00019999999999997797,0.72,0.13333333333333333,0.42666666666666664,0.715804845531812,,,0.0
2024-11-03,2494.23,2496.39,2411.0,2457.73,276009.1197,69374.74,69391.0,67478.73,68775.99,24995.70243,83223304879,4702475998,13316407755.0,1.0004,,,74.0,4.64,10.0,0.0,46.0,-0.014741904629285514,-0.008668122839253566,-0.005625889852370862,0.45568067169796167,0.36152681975828244,0.3377848865846985,-0.041692523090442336,0,0,0,0,0.00039999999999995595,0.00039999999999995595,0.74,0.18666666666666668,0.4633333333333333,1.013492547619018,,,0.0
2024-11-04,2457.73,2491.39,2357.59,2398.21,306316.9645,68775.99,69500.0,66835.0,67850.01,29800.39187,82546493816,4600066454,13363873016.0,1.0006,21.98,124.5903,70.0,4.64,10.0,0.0,46.0,-0.024515533959114086,-0.013555167807772158,-0.008165719317746008,0.4640283022267235,0.3661486898799236,0.3292169667671127,-0.04948593027453588,0,0,0,0,0.0005999999999999339,0.0005999999999999339,0.7,0.18666666666666668,0.4433333333333333,0.8511174373896329,,,0.0
2024-11-05,2398.21,2480.0,2380.74,2422.55,331619.2545,67850.01,70577.91,67476.63,69372.01,33355.06888,80734757112,4460926878,13066000973.0,1.0001,20.49,124.5532,70.0,4.64,10.0,0.0,46.0,0.010098078656152792,0.02218393837390412,-0.022192518136321043,0.46392745533547736,0.3709388465694009,0.33858914840739757,-0.07034788513392262,0,0,0,0,9.999999999998899e-05,9.999999999998899e-05,0.7,0.18666666666666668,0.4433333333333333,0.8511174373896329,-1.490000000000002,-0.0002978203346602387,0.0
2024-11-06,2422.6,2744.7,2420.3,2721.87,1002141.3618,69372.01,76400.0,69298.0,75571.99,104126.994787,82482627191,4607715182,13311083141.0,0.9991,16.27,125.7035,70.0,4.64,10.0,0.0,46.0,0.11649843968337495,0.08560223984821512,0.021418513793345285,0.6162327073645453,0.46579416459669915,0.3457299164820829,-0.05022134764772797,0,0,0,0,-0.0009000000000000119,0.0009000000000000119,0.7,0.18666666666666668,0.4433333333333333,0.8511174373896329,-4.219999999999999,0.009193025410635228,0.0
2024-11-07,2721.88,2916.11,2699.49,2895.47,730845.9524,75571.99,76849.99,74416.0,75857.89,44869.422345,89626064051,5046235782,14678850379.0,0.9993,15.2,124.775,77.0,4.64,10.0,0.0,46.0,0.06182830263713826,0.0037760095920657505,0.08305847944330629,0.6485396513247967,0.465122131080496,0.448593324164108,0.0,0,0,0,0,-0.0007000000000000339,0.0007000000000000339,0.77,0.18666666666666668,0.47833333333333333,1.1352738802910567,-1.0700000000000003,-0.007413843926079952,0.0
2024-11-08,2895.47,2981.69,2886.4,2961.75,568864.435,75857.89,77199.99,75555.0,76509.78,36521.099583,92373600786,5244898260,15168646508.0,0.9993,14.94,125.5811,75.0,4.64,10.0,0.0,46.0,0.022632863127550862,0.00855685431952021,0.03019506094081147,0.6385105886943575,0.4510582296733221,0.45493713953022397,0.0,0,0,0,0,-0.0007000000000000339,0.0007000000000000339,0.75,0.18666666666666668,0.4683333333333333,1.0540863251763641,-0.2599999999999998,0.006439649648513026,0.0
2024-11-09,2961.75,3157.4,2953.71,3126.21,526719.4212,76509.78,76900.0,75714.66,76677.46,16942.07915,93734669593,5359168486,15500741099.0,0.9995,,,75.0,4.64,10.0,0.0,46.0,0.054041098393057894,0.0021892171563324633,0.014626895090877955,0.6588655543645753,0.44914982678506865,0.446797435976616,0.0,0,0,0,0,-0.0004999999999999449,0.0004999999999999449,0.75,0.18666666666666668,0.4683333333333333,1.0540863251763641,,,0.0
2024-11-10,3126.2,3248.52,3069.0,3183.21,865536.7322,76677.46,81500.0,76492.0,80370.01,61830.100435,96812123093,5463808743,16063463922.0,0.9991,,,78.0,4.64,12.0,0.0,88.0,0.018068713372695295,0.04703330369431591,0.03230409786726255,0.6580391015235095,0.4593138224252826,0.4547901192602229,0.0,0,0,0,0,-0.0009000000000000119,0.0009000000000000119,0.78,0.33333333333333337,0.5566666666666666,1.7712430620228143,,,0.0
2024-11-11,3183.2,3387.61,3105.0,3371.59,1000093.9664,80370.01,89530.54,80216.01,88647.99,82323.665776,99362852255,5611796501,16573019787.0,0.9987,14.97,,76.0,4.64,12.0,0.0,88.0,0.05749432156742296,0.09803226217915882,0.02600609903839378,0.6793683697743971,0.5557908082002561,0.44964757018766016,0.0,0,0,0,0,-0.0012999999999999678,0.0012999999999999678,0.76,0.33333333333333337,0.5466666666666666,1.6900555069081218,,,0.0
2024-11-12,3371.59,3442.5,3207.67,3243.8,973215.7285,88648.0,89940.0,85072.0,87952.01,97299.887911,103993033913,5814178568,17409880088.0,0.999,14.71,126.7762,80.0,4.64,12.0,0.0,88.0,-0.038638961114455625,-0.007882034011635572,0.045545591248955054,0.6992173406143319,0.5568195904581498,0.46897174969929684,0.0,0,0,0,0,-0.0010000000000000009,0.0010000000000000009,0.8,0.33333333333333337,0.5666666666666667,1.852430617137507,-0.2599999999999998,,0.0
2024-11-13,3243.79,3331.0,3116.69,3187.16,919686.3747,87952.0,93265.64,86127.99,90375.2,86763.854127,103473573258,5801886258,17178564173.0,0.9986,14.02,126.9572,84.0,4.64,12.0,0.0,88.0,-0.01761524394286781,0.027178568661184198,-0.005007666029860305,0.6770613401811815,0.5424315400429252,0.46952685202558986,-0.004995148573457122,0,0,0,0,-0.0013999999999999568,0.0013999999999999568,0.84,0.33333333333333337,0.5866666666666667,2.014805727366892,-0.6900000000000013,0.001426694559734518,0.0
2024-11-14,3187.16,3240.4,3028.56,3058.82,605780.6662,90375.21,91790.0,86668.21,87325.59,56729.51086,102065412895,5646291929,17145511569.0,1.0,14.31,127.0015,88.0,4.64,12.0,0.0,88.0,-0.041101017450192553,-0.03432634643790914,-0.013702338632773238,0.6953852810268647,0.5640796659357885,0.4584730975890341,-0.01853605905576942,0,0,0,0,0.0,0.0,0.88,0.33333333333333337,0.6066666666666667,2.177180837596277,0.2900000000000009,0.00034887562780344585,0.0
2024-11-15,3058.81,3131.06,3014.5,3090.01,519623.6317,87325.59,91850.0,87073.38,91032.07,47927.95068,99576382060,5533974805,16667407214.0,0.9997,16.14,126.8848,80.0,4.64,12.0,0.0,88.0,0.01014510647198041,0.041568314974823425,-0.02468890206996464,0.6954345427020449,0.5755249412406758,0.46723502053992266,-0.04247065103125029,0,0,0,0,-0.00029999999999996696,0.00029999999999996696,0.8,0.33333333333333337,0.5666666666666667,1.852430617137507,1.83,-0.0009193092200632624,0.0
2024-11-16,3090.01,3219.97,3072.0,3132.87,423639.1573,91032.08,91779.66,90056.17,90586.92,22717.87689,101729480889,5635397374,16933658131.0,0.9995,,,86.0,4.64,12.0,0.0,88.0,0.013775190182858242,-0.004902030249246929,0.02139213340197669,0.6954330523043794,0.5761178672677021,0.4697460524691885,-0.021766390870889257,0,0,0,0,-0.0004999999999999449,0.0004999999999999449,0.86,0.33333333333333337,0.5966666666666667,2.0959932824815843,,,0.0
2024-11-17,3132.88,3162.11,3034.99,3076.0,449818.9575,90587.98,91449.99,88722.0,89855.99,23867.55609,102705272939,5670127451,17159550242.0,0.9998,,,90.0,4.64,11.0,0.0,69.0,-0.018319465689832976,-0.008101554091419313,0.009546316780493783,0.6999803902728833,0.5791669142787397,0.46360852005215825,-0.012383146500729402,0,0,0,0,-0.00019999999999997797,0.00019999999999997797,0.9,0.26666666666666666,0.5833333333333334,1.9877432089953282,,,0.0
2024-11-18,3075.99,3224.94,3050.01,3207.8,640658.4357,89855.98,92594.0,89376.9,90464.08,46545.03448,102206460336,5609667644,16894004635.0,0.9993,15.58,126.6045,83.0,4.64,11.0,0.0,69.0,0.04195529227774299,0.006744588166355547,-0.004868570289323623,0.711575939453705,0.5781590324721247,0.4654650380790496,-0.017179742813298798,0,0,0,0,-0.0007000000000000339,0.0007000000000000339,0.83,0.26666666666666666,0.5483333333333333,1.7035867660939041,,,0.0
2024-11-19,3207.81,3221.2,3065.4,3107.44,500112.0194,90464.07,93905.51,90357.0,92310.79,43660.04682,104750108086,5716664463,17370860302.0,0.9987,16.35,126.3994,90.0,4.64,11.0,0.0,69.0,-0.03178610783031856,0.02020817024435305,0.024582702196185763,0.7150091249397456,0.5794038737005751,0.46895447508930266,0.0,0,0,0,0,-0.0012999999999999678,0.0012999999999999678,0.9,0.26666666666666666,0.5833333333333334,1.9877432089953282,0.7700000000000014,-0.0016213192360154081,0.0
2024-11-20,3107.45,3159.2,3029.41,3069.97,503607.8336,92310.8,94831.97,91500.0,94286.56,42203.198712,103476045655,5609663093,17177519015.0,0.9992,17.16,126.88,83.0,4.64,11.0,0.0,69.0,-0.012131446526433241,0.021177619537080205,-0.012237447677458282,0.7071754334463025,0.5674520908518191,0.46985533859218453,-0.01216287461922228,0,0,0,0,-0.0008000000000000229,0.0008000000000000229,0.83,0.26666666666666666,0.5483333333333333,1.7035867660939041,0.8099999999999987,0.003795023020490047,0.0
2024-11-21,3069.97,3386.73,3032.59,3355.81,974923.3035,94286.56,98988.0,94040.0,98317.12,69228.360477,103180481831,5547664949,17128042735.0,0.9988,16.87,127.1047,82.0,4.64,11.0,0.0,69.0,0.08902538242000183,0.04185951709945262,-0.0028604373558708666,0.76106637187808,0.5759683173592529,0.47064700216454247,-0.014984483392717213,0,0,0,0,-0.0011999999999999789,0.0011999999999999789,0.82,0.26666666666666666,0.5433333333333333,1.662992988536558,-0.28999999999999915,0.0017693983820574709,0.0
2024-11-22,3355.88,3425.92,3257.54,3327.78,603273.7093,98317.12,99588.01,97122.11,98892.0,46189.309243,109950313538,5943157651,18577767384.0,0.9989,15.24,127.4712,94.0,4.64,11.0,0.0,69.0,-0.008387756979741928,0.005830172847894076,0.06354886302271857,0.7451520795046538,0.5701038176095767,0.5105061443163534,0.0,0,0,0,0,-0.0010999999999999899,0.0010999999999999899,0.94,0.26666666666666666,0.6033333333333333,2.1501183192247124,-1.6300000000000008,0.002879300461683281,0.0
2024-11-23,3327.78,3497.51,3312.72,3393.91,721024.0009,98892.0,98908.85,97136.0,97672.4,24757.84367,110412063287,5940080516,18617394263.0,0.9991,,,93.0,4.64,11.0,0.0,69.0,0.01967723407217556,-0.012409323871574746,0.004190828139209011,0.7458194119977349,0.5758243802414648,0.497342339448015,0.0,0,0,0,0,-0.0009000000000000119,0.0009000000000000119,0.93,0.26666666666666666,0.5983333333333334,2.109524541667367,,,0.0
2024-11-24,3393.91,3450.0,3281.4,3361.2,479098.0921,97672.4,98564.0,95734.77,97900.04,31200.97838,112153421151,5915326847,19010911552.0,0.999,,,80.0,4.64,11.0,1.0,69.0,-0.009684596004898337,0.002327936418892903,0.01564836885935506,0.7291542171204601,0.5637012758285679,0.4972309837710552,0.0,0,0,0,0,-0.0010000000000000009,0.0010000000000000009,0.8,0.27,0.535,1.5953366926076478,,,0.0
2024-11-25,3361.21,3546.66,3300.01,3414.49,949330.37,97900.05,98871.8,92600.19,93010.01,50847.45096,111719440807,5883570261,18942693417.0,1.0001,14.6,126.9948,82.0,4.64,11.0,1.0,69.0,0.01573008765630806,-0.051239836346874276,-0.0038770298803869553,0.7290268769546461,0.6061318127659074,0.48174916201446555,-0.003869523903472386,0,0,0,0,9.999999999998899e-05,9.999999999998899e-05,0.82,0.27,0.5449999999999999,1.6765242477223394,,,0.0
2024-11-26,3414.49,3462.49,3252.0,3324.73,672367.1503,93010.01,94973.37,90791.1,91965.16,57858.73138,110207458852,5985660831,18700748673.0,1.0004,14.1,127.4301,79.0,4.64,11.0,1.0,69.0,-0.02663967292507817,-0.011297312096130885,-0.01362615664583176,0.7405321951230913,0.6109206223017944,0.48839478803473774,-0.017350895577050787,0,0,0,0,0.00039999999999995595,0.00039999999999995595,0.79,0.27,0.53,1.5547429150503014,-0.5,0.0034218382300084515,0.0
2024-11-27,3324.74,3684.92,3302.4,3653.28,754573.6485,91965.16,97208.21,91792.14,95863.11,41153.42734,108715507652,5857274134,18422407373.0,0.9989,14.1,126.8205,75.0,4.64,11.0,1.0,69.0,0.09423692640189818,0.04151142667791282,-0.013630130467368242,0.79647258610313,0.6176507648866022,0.49424910946975675,-0.030653665877666776,0,0,0,0,-0.0010999999999999899,0.0010999999999999899,0.75,0.27,0.51,1.3923678048209163,0.0,-0.004795278108526918,0.0
2024-11-28,3653.27,3661.92,3529.76,3578.79,560976.425,95863.11,96564.0,94640.0,95643.98,28814.54357,117146767969,6291237649,19833597351.0,0.9999,13.9,,77.0,4.64,11.0,1.0,69.0,-0.020600639750357863,-0.002288480239917697,0.07469312710359817,0.802184453310774,0.6104884790349698,0.5443269235735363,0.0,0,0,0,0,-9.999999999998899e-05,9.999999999998899e-05,0.77,0.27,0.52,1.4735553599356088,-0.1999999999999993,,0.0
2024-11-29,3578.8,3647.98,3534.28,3592.21,425493.2449,95643.99,98619.99,95364.99,97460.0,27701.78231,115949861765,6185558532,19556909658.0,0.9996,13.51,126.5798,78.0,4.64,11.0,1.0,69.0,0.003742857528017959,0.01880928130380514,-0.010269704241016522,0.8024555866882179,0.6090769188935747,0.547361014244728,-0.010217150884749391,0,0,0,0,-0.00039999999999995595,0.00039999999999995595,0.78,0.27,0.525,1.5141491374929552,-0.39000000000000057,,0.0
2024-11-30,3592.22,3738.98,3568.4,3703.6,503684.7485,97460.0,97463.95,96092.01,96407.99,14503.83306,117655968411,6241718611,19925375614.0,0.9995,,,84.0,4.64,11.0,1.0,69.0,0.030537707609040697,-0.010852955416106586,0.01460697260596306,0.7707847819585933,0.5978379388600111,0.5473527965940536,0.0,0,0,0,0,-0.0004999999999999449,0.0004999999999999449,0.84,0.27,0.5549999999999999,1.757711802837032,,,0.0
2024-12-01,3703.59,3746.8,3659.2,3707.61,429089.2633,96407.99,97836.0,95693.88,97185.18,16938.60452,119971629065,6421276064,20325855696.0,0.9993,,,81.0,4.48,12.0,1.0,81.0,0.0010821445867332416,0.008029148706736931,0.019490446259163085,0.7699029473089068,0.5926916459168079,0.52265323662543,0.0,0,0,0,0,-0.0007000000000000339,0.0007000000000000339,0.81,0.3133333333333333,0.5616666666666666,1.8118368395801605,,,-0.15999999999999925
2024-12-02,3707.61,3760.0,3554.32,3643.42,737130.569,97185.17,98130.0,94395.0,95840.62,37958.66981,120428632118,6464071393,20453715408.0,0.9997,13.34,127.1272,80.0,4.48,12.0,1.0,81.0,-0.017464663200909804,-0.013931627244584067,0.0038020225208036137,0.7742081304698561,0.5975401800340152,0.5212921433578197,0.0,0,0,0,0,-0.00029999999999996696,0.00029999999999996696,0.8,0.3133333333333333,0.5566666666666666,1.7712430620228143,,,0.0
2024-12-03,3643.43,3670.0,3500.0,3614.51,678400.2032,95840.61,96305.52,93578.17,95849.69,35827.32283,118824636049,6324791093,20233312895.0,0.9992,13.3,126.9565,76.0,4.48,12.0,1.0,81.0,-0.007966500888801449,9.463180488125695e-05,-0.013408553312518766,0.7715491836185936,0.594727139830874,0.5253198896820915,-0.013319059104053852,0,0,0,0,-0.0008000000000000229,0.0008000000000000229,0.76,0.3133333333333333,0.5366666666666666,1.6088679517934292,-0.03999999999999915,-0.0013436519200705657,0.0
2024-12-04,3614.51,3887.24,3614.51,3837.8,968744.0399,95849.69,99000.0,94587.83,98587.32,43850.53728,126970400577,6415881771,20287878091.0,0.9984,13.45,126.7574,78.0,4.48,12.0,1.0,81.0,0.059942985664728034,0.028161417666881416,0.06630523339225096,0.7762862897737541,0.5907797437215866,0.5530604073040788,0.0,0,0,0,0,-0.0016000000000000458,0.0016000000000000458,0.78,0.3133333333333333,0.5466666666666666,1.6900555069081218,0.14999999999999858,-0.001569484690195975,0.0
2024-12-05,3837.8,3956.0,3677.0,3785.2,946493.276,98587.32,104088.0,90500.0,96945.63,109921.729662,125657908405,6721859250,21165976876.0,0.9988,13.54,126.4286,84.0,4.48,12.0,1.0,81.0,-0.013800560101564462,-0.01679234704122157,-0.010390791010366593,0.7828939029116404,0.5982960440685665,0.5447141507916664,-0.01033699323649886,0,0,0,0,-0.0011999999999999789,0.0011999999999999789,0.84,0.3133333333333333,0.5766666666666667,1.9336181722521995,0.08999999999999986,-0.0025973014687991356,0.0
2024-12-06,3785.21,4087.73,3777.26,3998.87,803855.1146,96945.63,101898.99,95981.72,99740.84,45049.5331,124606823398,6534993911,20943723915.0,0.9983,12.77,126.688,72.0,4.48,12.0,1.0,81.0,0.05491309555730834,0.028424916087496886,-0.008399834683511817,0.7081861164189951,0.5390580056466872,0.5500211498190548,-0.018615182501268326,0,0,0,0,-0.0017000000000000348,0.0017000000000000348,0.72,0.3133333333333333,0.5166666666666666,1.4464928415640441,-0.7699999999999996,0.0020496489824287827,0.0
2024-12-07,3998.87,4024.46,3968.0,3996.22,283920.02,99740.84,100439.18,98844.0,99831.99,14931.9459,129876179329,6774828290,22059006182.0,0.999,,,75.0,4.48,12.0,1.0,81.0,-0.0006629068833607846,0.0009134510578209996,0.041418162593243574,0.6869878991941545,0.5395161229901927,0.5009726740935717,0.0,0,0,0,0,-0.0010000000000000009,0.0010000000000000009,0.75,0.3133333333333333,0.5316666666666666,1.5682741742360828,,,0.0
2024-12-08,3996.22,4015.58,3923.5,4004.15,251362.1685,99831.99,101351.0,98657.7,101109.59,14612.99688,130107049031,6745982116,22193850432.0,0.9992,,,79.0,4.48,10.0,1.0,70.0,0.001982408962845158,0.012716305068205409,0.0017760358169442334,0.6862642336962596,0.5396532177091691,0.4980405422328181,0.0,0,0,0,0,-0.0008000000000000229,0.0008000000000000229,0.79,0.27,0.53,1.5547429150503014,,,0.0
2024-12-09,4004.15,4006.17,3509.0,3712.0,939642.2001,101109.6,101215.93,94150.05,97276.47,53949.11595,129979143940,6790380916,22270487875.0,0.9995,14.19,126.5981,78.0,4.48,10.0,1.0,70.0,-0.07576050836477918,-0.03864784755258232,-0.0009835593335431392,0.7295315840491146,0.5646395881359598,0.49974791362771304,-0.0009830757976035923,0,0,0,0,-0.0004999999999999449,0.0004999999999999449,0.78,0.27,0.525,1.5141491374929552,,,0.0
2024-12-10,3712.0,3780.76,3515.89,3628.25,942206.0337,97276.48,98270.0,94256.54,96593.0,51708.68933,120317686696,6318111108,20991189579.0,0.9993,14.18,126.957,78.0,4.48,10.0,1.0,70.0,-0.022820376555618988,-0.007050855728157901,-0.07723837260094184,0.7347468104187767,0.5487917726421722,0.5802699288053625,-0.07524082982365955,0,0,0,0,-0.0007000000000000339,0.0007000000000000339,0.78,0.27,0.525,1.5141491374929552,-0.009999999999999787,0.0028309447508076345,0.0
2024-12-11,3628.24,3848.64,3562.34,3831.81,461818.7801,96593.0,101888.0,95658.24,101125.0,37753.78291,120289209216,6256931846,20779074678.0,0.9993,13.58,126.8483,74.0,4.48,10.0,1.0,70.0,0.05458683804756234,0.04585110055392514,-0.00023671374858172495,0.7321660045234069,0.46215061301975774,0.5768006604872531,-0.07545970712671186,0,0,0,0,-0.0007000000000000339,0.0007000000000000339,0.74,0.27,0.505,1.35177402726357,-0.5999999999999996,-0.0008565621493805641,0.0
2024-12-12,3831.82,3987.41,3796.8,3881.61,572098.6343,101125.0,102540.0,99311.64,100004.29,29232.08745,126909840258,6604269910,21860486733.0,0.9998,13.92,126.9556,83.0,4.48,10.0,1.0,70.0,0.012912739605591311,-0.011144290310743151,0.053577995113439934,0.7160482911977392,0.46337931803904614,0.5842986898411993,-0.024573678342656252,0,0,0,0,-0.00019999999999997797,0.00019999999999997797,0.83,0.27,0.55,1.7171180252796865,0.33999999999999986,0.0008455347328600672,0.0
2024-12-13,3881.6,3968.47,3852.94,3906.8,387765.6873,100004.29,101895.26,99205.0,101424.25,21904.03923,128135969812,6685815114,21942008003.0,0.9998,13.81,127.3096,76.0,4.48,10.0,1.0,70.0,0.006468608569695954,0.014099129370686553,0.00961504915427219,0.710968010739308,0.45745257127604344,0.5828547677942211,-0.01514967277853147,0,0,0,0,-0.00019999999999997797,0.00019999999999997797,0.76,0.27,0.515,1.4329615823782627,-0.10999999999999943,0.0027844960987646757,0.0
2024-12-14,3906.8,3945.0,3825.03,3870.29,265538.9479,101424.24,102650.0,100609.41,101420.0,14191.70326,129170004596,6738505856,22325862150.0,1.0002,,,83.0,4.48,10.0,1.0,70.0,-0.00938918495649458,-4.190407172619906e-05,0.008037437552405758,0.6924479242435571,0.436602035420915,0.5779894354680367,-0.00720210351382833,0,0,0,0,0.00019999999999997797,0.00019999999999997797,0.83,0.27,0.55,1.7171180252796865,,,0.0
2024-12-15,3870.3,3974.61,3831.5,3959.09,253833.2141,101420.0,105250.0,101237.14,104463.99,22228.921775,128219546299,6709053941,22289586506.0,1.0002,,,80.0,4.48,10.0,1.0,68.0,0.022684761244299443,0.02957210835064263,-0.0073854017294288496,0.694351359480494,0.42582368616541344,0.5688069971736026,-0.014507305684492725,0,0,0,0,0.00019999999999997797,0.00019999999999997797,0.8,0.2633333333333333,0.5316666666666667,1.568274174236084,,,0.0
2024-12-16,3959.09,4107.8,3884.0,3986.24,673351.0723,104463.99,107793.07,103333.0,106058.66,41302.40274,131141530528,6831607084,22389618379.0,0.9997,14.69,127.2687,83.0,4.48,10.0,1.0,68.0,0.006834229836600995,0.015149918553743596,0.02253312561893599,0.6940796620418933,0.42594342649852646,0.5691481434620105,0.0,0,0,0,0,-0.00029999999999996696,0.00029999999999996696,0.83,0.2633333333333333,0.5466666666666666,1.6900555069081218,,,0.0
2024-12-17,3986.24,4041.82,3847.96,3893.01,450825.9861,106058.65,108353.0,105321.49,106133.74,29064.936466,133358149326,6831653644,23178593987.0,0.9999,15.87,127.5043,87.0,4.48,10.0,1.0,68.0,-0.023665793377496414,0.0007076596818099129,0.01676123535225623,0.6968790750690258,0.42356807970230304,0.5698765398100872,0.0,0,0,0,0,-9.999999999998899e-05,9.999999999998899e-05,0.87,0.2633333333333333,0.5666666666666667,1.852430617137507,1.1799999999999997,0.0018494900727945441,0.0
2024-12-18,3893.01,3907.19,3617.42,3626.8,722505.0618,106133.74,106524.98,100000.0,100204.01,50307.99755,130589441585,6567864673,22635511318.0,1.0004,27.62,127.6418,81.0,4.48,10.0,1.0,68.0,-0.0708319205483303,-0.057491789143001994,-0.020979992936646694,0.7372840770000455,0.4771596229741119,0.5774277000860543,-0.02076144393869601,0,0,0,0,0.00039999999999995595,0.00039999999999995595,0.81,0.2633333333333333,0.5366666666666666,1.6088679517934292,11.750000000000002,0.0010778139529544813,0.0
2024-12-19,3626.8,3720.0,3326.8,3417.01,1078153.4851,100204.01,102800.11,95700.0,97461.86,55147.398,123869101027,6356449174,21092275091.0,1.0008,24.09,128.6366,75.0,4.48,10.0,1.0,68.0,-0.05958481711713975,-0.02774708582409932,-0.052832996981096905,0.7603262693185945,0.48516117800058717,0.6118442921731184,-0.07115461894873476,0,0,0,0,0.0007999999999999119,0.0007999999999999119,0.75,0.2633333333333333,0.5066666666666666,1.3653052864493516,-3.530000000000001,0.007763471260169819,0.0
2024-12-20,3417.01,3497.84,3101.9,3472.21,1332783.731,97461.86,98233.0,92232.54,97805.44,62884.1357,117910434748,6027343481,20287440539.0,1.0005,18.36,127.893,74.0,4.48,10.0,1.0,68.0,0.016025379167371515,0.003519077229743537,-0.049300062449883233,0.7595391468625905,0.48017305794418336,0.6385112507790925,-0.1158362998892356,0,0,0,0,0.0004999999999999449,0.0004999999999999449,0.74,0.2633333333333333,0.5016666666666667,1.3247115088920063,-5.73,-0.005797397904081922,0.0
2024-12-21,3472.2,3555.18,3293.11,3338.92,475275.82,97805.44,99540.61,96398.39,97291.99,23483.54143,118169191221,5884782895,20243404921.0,1.0006,,,73.0,4.48,10.0,1.0,68.0,-0.039143877434748564,-0.005263536125710258,0.00219211272938987,0.7090711674864953,0.45757868761458725,0.6380358857855271,-0.11389598747257589,0,0,0,0,0.0005999999999999339,0.0005999999999999339,0.73,0.2633333333333333,0.49666666666666665,1.2841177313346595,,,0.0
2024-12-22,3338.92,3403.0,3221.1,3281.83,361920.2495,97292.0,97448.08,94250.35,95186.27,19353.83036,114821193985,5643867737,19801125114.0,1.001,,,73.0,4.48,8.0,0.0,50.0,-0.017246207763233396,-0.02188095438284901,-0.028741337988470818,0.7110341301031933,0.4630448489942347,0.6112185800703045,-0.13900129414427895,0,0,0,0,0.0009999999999998899,0.0009999999999998899,0.73,0.19333333333333333,0.46166666666666667,0.999961288433236,,,0.0
2024-12-23,3281.83,3466.99,3216.97,3422.53,488253.41,95186.28,96538.92,92520.0,94881.47,32810.76703,114034644954,5628248408,19579422030.0,1.0012,16.78,128.3021,70.0,4.48,8.0,0.0,50.0,0.04197885002231501,-0.0032072803231183965,-0.006873778109432782,0.7231372444668692,0.46136883821025654,0.6118111343126519,-0.14489931413762216,0,0,0,0,0.0012000000000000899,0.0012000000000000899,0.7,0.19333333333333333,0.44666666666666666,0.8781799557611971,,,0.0
2024-12-24,3422.53,3539.65,3358.19,3493.18,315723.6763,94881.47,99487.99,93569.02,98663.58,23674.22488,117734881724,5875723900,20294845142.0,1.0007,14.27,128.3377,73.0,4.48,8.0,0.0,50.0,0.02043245246735483,0.039087452998785556,0.03193302632075322,0.72554035354253,0.4820268155347016,0.6192841586945527,-0.11715270256044284,0,0,0,0,0.0006999999999999229,0.0006999999999999229,0.73,0.19333333333333333,0.46166666666666667,0.999961288433236,-2.5100000000000016,0.0002774316394288636,0.0
2024-12-25,3493.17,3547.95,3440.93,3497.0,219846.0452,98663.58,99569.15,97632.02,99429.6,14474.1651,120854320997,6027405650,21045739838.0,1.0009,,,73.0,4.48,8.0,0.0,50.0,0.0010929619495551213,0.007733974670366026,0.026150529902420977,0.723666154071333,0.44521206131525765,0.6247629913950807,-0.09376126162664292,0,0,0,0,0.0008999999999999009,0.0008999999999999009,0.73,0.19333333333333333,0.46166666666666667,0.999961288433236,,,0.0
2024-12-26,3497.0,3514.94,3304.63,3335.05,310170.1719,99429.61,99963.7,95199.14,95791.6,21192.36727,120844292024,6031865576,21020455676.0,1.0011,14.73,128.3329,79.0,4.48,8.0,0.0,50.0,-0.047417786322290045,-0.03727485759295436,-8.298742703073018e-05,0.7370856091947425,0.4639682797410314,0.6221108286337625,-0.09383646492730874,0,0,0,0,0.001100000000000101,0.001100000000000101,0.79,0.19333333333333333,0.4916666666666667,1.2435239537773137,,,0.0
2024-12-27,3335.04,3444.16,3306.6,3333.51,342529.6038,95791.6,97544.58,93500.01,94299.03,26501.26429,116541070559,5771130334,20375735207.0,1.0015,15.95,128.45,74.0,4.48,8.0,0.0,50.0,-0.0004618688374630609,-0.01570409519397809,-0.0362591262603903,0.6542237509607916,0.4441460153764621,0.6346382031076861,-0.12610462016753018,0,0,0,0,0.0015000000000000568,0.0015000000000000568,0.74,0.19333333333333333,0.4666666666666667,1.0405550659905822,1.2199999999999989,0.0009120545652953964,0.0
2024-12-28,3333.51,3428.68,3322.23,3404.0,175963.613,94299.03,95733.99,94135.66,95300.0,8385.8929,116158803259,5862914960,20261713145.0,1.0019,,,72.0,4.48,8.0,0.0,50.0,0.02092540778964204,0.010558907393903796,-0.00328549936528519,0.656236745280857,0.4457702290798055,0.5785146494777175,-0.12897109141006016,0,0,0,0,0.0019000000000000128,0.0019000000000000128,0.72,0.19333333333333333,0.45666666666666667,0.9593675108758897,,,0.0
2024-12-29,3404.01,3413.78,3326.17,3356.48,156256.8819,95300.0,95340.0,93009.52,93738.2,13576.00578,118464880819,5996405428,20715896107.0,1.0018,,,73.0,4.48,9.0,0.0,48.0,-0.014058404920025682,-0.016524020398176582,0.019658303752923198,0.6573256339384628,0.44391916339492016,0.5814229131217258,-0.11167872816375649,0,0,0,0,0.0018000000000000238,0.0018000000000000238,0.73,0.19,0.45999999999999996,0.9864300292474536,,,0.0
2024-12-30,3356.48,3437.59,3305.0,3361.84,420794.6476,93738.19,95024.5,91530.45,92792.05,27619.4225,116890087373,5914810901,20590937499.0,1.0018,17.4,128.8205,65.0,4.48,9.0,0.0,48.0,0.0015956373430380765,-0.010144822242994745,-0.013382483154018061,0.6468168217399523,0.44373415611212735,0.5812026612069641,-0.12348748116429752,0,0,0,0,0.0018000000000000238,0.0018000000000000238,0.65,0.19,0.42000000000000004,0.6616798087886843,,,0.0
2024-12-31,3361.83,3451.0,3315.59,3337.78,303053.1685,92792.05,96250.0,92033.73,93576.0,19612.03389,116125410480,5897923748,20387190605.0,1.0019,17.35,129.2775,64.0,4.48,9.0,0.0,48.0,-0.0071825277956856,0.008412972329420844,-0.006563337160556256,0.6467661965929803,0.4438374490392865,0.5771741012708724,-0.12922149064826774,0,0,0,0,0.0019000000000000128,0.0019000000000000128,0.64,0.19,0.41500000000000004,0.621086031231338,-0.04999999999999716,0.003541294218428765,0.0
2025-01-01,3337.78,3374.85,3313.88,3360.38,190238.5861,93576.0,95151.15,92888.0,94591.79,10373.32613,115657176462,5877844689,20408397740.0,1.0021,,,66.0,4.33,9.0,0.0,48.0,0.006748147479969488,0.010796745473918477,-0.004040291905704884,0.6457008683849673,0.4433335999978749,0.5769863445504582,-0.13273259229722192,0,0,0,0,0.0020999999999999908,0.0020999999999999908,0.66,0.19,0.42500000000000004,0.7022735863460305,,,-0.15000000000000036
2025-01-02,3360.39,3509.99,3354.5,3455.67,338632.8874,94591.78,97839.5,94392.0,96984.79,21970.48948,117380058389,5959316536,20814608338.0,1.0009,17.93,129.4598,70.0,4.33,9.0,0.0,48.0,0.027962297453185226,0.02498347626229524,0.014786592532068175,0.6541163834571692,0.4521223017068386,0.5779491023978992,-0.11981338236736352,0,0,0,0,0.0008999999999999009,0.0008999999999999009,0.7,0.19,0.44499999999999995,0.8646486965754148,,,0.0
2025-01-03,3455.68,3630.0,3423.44,3609.01,334041.0604,96984.79,98976.91,96100.01,98174.18,15253.82936,120169407894,6113013477,21122671065.0,1.0005,16.13,129.4535,74.0,4.33,9.0,0.0,48.0,0.04341713623585484,0.012189085912690157,0.023485447108910682,0.6368923227905604,0.4431180668263909,0.5333148931403063,-0.09889715400713553,0,0,0,0,0.0004999999999999449,0.0004999999999999449,0.74,0.19,0.46499999999999997,1.0270238068047999,-1.8000000000000007,-4.866493919978076e-05,0.0
2025-01-04,3609.0,3671.6,3572.42,3656.88,229266.3133,98174.17,98778.43,97514.79,98220.5,8990.05651,124382903087,6354453906,21522938559.0,1.0001,,,73.0,4.33,9.0,0.0,48.0,0.013176828339608015,0.00047170321374159335,0.03446225619340926,0.6375782823896053,0.4390251879483553,0.5470298756141236,-0.067301820581355,0,0,0,0,9.999999999998899e-05,9.999999999998899e-05,0.73,0.19,0.45999999999999996,0.9864300292474536,,,0.0
2025-01-05,3656.88,3675.25,3593.7,3635.99,155444.1741,98220.51,98836.85,97276.79,98363.61,8095.63723,125638737775,6372929044,21761709210.0,1.0001,,,72.0,4.33,3.0,0.0,16.0,-0.00572889881064915,0.001455967374787927,0.010045892389293634,0.604705189328011,0.4273066168180694,0.5473928536892242,-0.05788481311426684,0,0,0,0,9.999999999998899e-05,9.999999999998899e-05,0.72,0.06333333333333332,0.39166666666666666,0.43164840263038856,,,0.0
2025-01-06,3636.0,3744.83,3610.63,3687.45,329642.3648,98363.61,102480.0,97920.0,102235.6,25263.43375,125321253606,6386839683,21825698836.0,0.9995,16.04,128.538,76.0,4.33,3.0,0.0,16.0,0.01405373621555297,0.03860903512357024,-0.002530158983692114,0.6076450889982581,0.4485374088172737,0.526898592327241,-0.06026550128821484,0,0,0,0,-0.0004999999999999449,0.0004999999999999449,0.76,0.06333333333333332,0.4116666666666667,0.5940235128597736,,,0.0
2025-01-07,3687.44,3700.86,3356.31,3381.31,541543.2874,102235.6,102724.38,96181.81,96954.61,32059.87537,126954407046,6480842514,22114899472.0,1.0001,17.82,128.613,78.0,4.33,3.0,0.0,16.0,-0.08667195387993966,-0.05303702286757633,0.012947553091333988,0.6741303865469767,0.48379062220892294,0.5291263190808909,-0.04801912978220599,0,0,0,0,9.999999999998899e-05,9.999999999998899e-05,0.78,0.06333333333333332,0.4216666666666667,0.6752110679744662,1.7800000000000011,0.0005833148782356667,0.0
2025-01-08,3381.31,3415.1,3208.2,3327.29,584749.9627,96954.6,97268.65,92500.9,95060.61,33704.67894,118718891596,6064340675,20269799759.0,1.0002,17.7,129.0785,70.0,4.33,3.0,0.0,16.0,-0.016105049519729974,-0.019728242676769096,-0.06706957927657427,0.6264547820750074,0.46975363024602235,0.5773966528992183,-0.1097740018438144,0,0,0,0,0.00019999999999997797,0.00019999999999997797,0.7,0.06333333333333332,0.38166666666666665,0.350460847515696,-0.120000000000001,0.0036128510745258896,0.0
2025-01-09,3327.29,3357.27,3158.0,3219.2,501818.4247,95060.61,95382.32,91203.67,92552.49,34544.83685,116897409595,6093468051,20108906485.0,1.0001,18.07,129.2827,69.0,4.33,3.0,0.0,16.0,-0.03302527736907786,-0.026738745131460816,-0.015461734009042175,0.6313777814932591,0.47801477169638545,0.5142037019712155,-0.1234325747184822,0,0,0,0,9.999999999998899e-05,9.999999999998899e-05,0.69,0.06333333333333332,0.37666666666666665,0.30986706995834973,0.370000000000001,0.0015807330397897114,0.0
2025-01-10,3219.2,3322.49,3193.97,3267.04,454142.1333,92552.49,95836.0,92206.02,94726.11,31482.86424,113825460477,5880592732,19736496564.0,1.0002,19.54,129.8664,50.0,4.33,3.0,0.0,16.0,0.014751494709359207,0.02321373193383758,-0.026630482384620187,0.599340773438361,0.4558438638521894,0.5219192608518641,-0.146467905768934,0,0,0,0,0.00019999999999997797,0.00019999999999997797,0.5,0.06333333333333332,0.2816666666666667,-0.4614147036312286,1.4699999999999989,0.004504750254382862,0.0
2025-01-11,3267.05,3320.18,3217.56,3282.83,151679.7487,94726.1,95050.94,93831.73,94599.99,7047.9043,116095818691,6030978362,20312030225.0,1.0004,,,69.0,4.33,3.0,0.0,16.0,0.004821479079346203,-0.0013323046178590012,0.019749646640468757,0.596903101960521,0.45469836881096165,0.4890103206564319,-0.12944338776628833,0,0,0,0,0.00039999999999995595,0.00039999999999995595,0.69,0.06333333333333332,0.37666666666666665,0.30986706995834973,,,0.0
2025-01-12,3282.83,3300.0,3224.49,3267.3,164879.9709,94599.99,95450.1,93711.19,94545.06,8606.86622,116642415553,6006358397,20534545563.0,1.0004,,,62.0,4.33,3.0,0.0,17.0,-0.004741899504320375,-0.0005808240981644022,0.004697104184272525,0.5953326340719989,0.4510855461829919,0.4877166534790538,-0.12534467415364048,0,0,0,0,0.00039999999999995595,0.00039999999999995595,0.62,0.06666666666666667,0.3433333333333333,0.0392418862427082,,,0.0
2025-01-13,3267.3,3339.0,2920.0,3137.51,845907.5669,94545.07,95940.0,89256.69,94536.1,42619.56423,115500939926,5891574151,20688516702.0,1.0003,19.19,130.0413,61.0,4.33,3.0,0.0,17.0,-0.0405344640637944,-9.477411717486941e-05,-0.00983430970332213,0.6073817823576848,0.45108219200319444,0.4865474528482218,-0.13390414826728922,0,0,0,0,0.00029999999999996696,0.00029999999999996696,0.61,0.06666666666666667,0.3383333333333333,-0.0013518913146380812,,,0.0
2025-01-14,3137.51,3256.67,3125.65,3225.63,374308.4517,94536.11,97371.0,94346.22,96560.86,27846.61753,113043940947,5752077723,20301546524.0,1.0003,18.71,129.3812,63.0,4.33,3.0,0.0,17.0,0.027698788303026533,0.021191710994825055,-0.02150206675144199,0.6107084011992197,0.444518825090431,0.4903595951255313,-0.1523282115241492,0,0,0,0,0.00029999999999996696,0.00029999999999996696,0.63,0.06666666666666667,0.34833333333333333,0.07983566380005447,-0.4800000000000004,-0.005089006733067667,0.0
2025-01-15,3225.63,3473.75,3186.36,3451.52,464188.034,96560.85,100681.94,96500.0,100497.35,30509.99179,116243230062,5993549388,20896596302.0,0.9998,16.12,129.2092,70.0,4.33,3.0,0.0,17.0,0.0676864337198248,0.03995787586321273,0.027908205681136316,0.6625314411059049,0.4649549449616008,0.4943895128718166,-0.12833800821696925,0,0,0,0,-0.00019999999999997797,0.00019999999999997797,0.7,0.06666666666666667,0.3833333333333333,0.36399210670147797,-2.59,-0.0013302893329779836,0.0
2025-01-16,3451.51,3460.79,3265.44,3308.05,471282.6787,100497.35,100866.66,97335.13,99987.3,27832.85317,122402309269,6354998745,21912249447.0,1.0001,16.6,129.436,75.0,4.33,3.0,0.0,17.0,-0.042455821806418985,-0.005088181069371945,0.051628429731175374,0.672433151830135,0.46500174304423575,0.5267367020924584,-0.08215351002073339,0,0,0,0,9.999999999998899e-05,9.999999999998899e-05,0.75,0.06666666666666667,0.4083333333333333,0.5669609944882094,0.4800000000000004,0.0017537542404022415,0.0
2025-01-17,3308.04,3525.72,3307.5,3473.63,518550.1813,99987.3,105865.22,99950.77,104077.48,39171.85292,120121177107,6169418610,21303340323.0,0.9996,15.97,129.4859,75.0,4.33,3.0,0.0,17.0,0.04884126475735179,0.04009244384371839,-0.018812193984361597,0.6552746181908473,0.44243201860029824,0.5258515071254476,-0.09925881759682811,0,0,0,0,-0.00039999999999995595,0.00039999999999995595,0.75,0.06666666666666667,0.4083333333333333,0.5669609944882094,-0.6300000000000008,0.00038544441870518465,0.0
2025-01-18,3473.64,3494.39,3227.0,3307.71,634197.1281,104077.47,104988.88,102277.55,104556.23,24307.82998,125139709674,6046306166,22165200061.0,1.0011,,,77.0,4.33,3.0,0.0,17.0,-0.04894404962267318,0.004589391046213007,0.04092974806524712,0.6443505689055894,0.42994567743600615,0.5151291481557558,-0.061626827408272244,0,0,0,0,0.001100000000000101,0.001100000000000101,0.77,0.06666666666666667,0.41833333333333333,0.6481485496029019,,,0.0
2025-01-19,3307.71,3448.99,3130.48,3215.12,1342301.5217,104556.23,106422.43,99651.6,101331.57,43397.28298,122109470323,6009911650,21512079246.0,1.0014,,,77.0,4.33,3.0,0.0,20.0,-0.028391425023029025,-0.0313270015419219,-0.024512850426124107,0.648121478835733,0.4456391810464391,0.4917927253124,-0.08434939341803625,0,0,0,0,0.0014000000000000679,0.0014000000000000679,0.77,0.07666666666666667,0.42333333333333334,0.6887423271602482,,,0.0
2025-01-20,3215.2,3453.69,3142.78,3284.0,1158354.7814,101331.57,109588.0,99550.0,102260.01,89529.231732,119351052576,5771817978,21063010429.0,1.0012,15.81,,76.0,4.33,3.0,0.0,20.0,0.021197509558280835,0.009120676170877553,-0.022848768148326325,0.6393739509757823,0.44584560750046004,0.4988412643077925,-0.10503367676285776,0,0,0,0,0.0012000000000000899,0.0012000000000000899,0.76,0.07666666666666667,0.41833333333333333,0.6481485496029019,,,0.0
2025-01-21,3283.99,3368.0,3204.6,3327.54,548706.0513,102260.0,107240.81,100119.04,106143.82,45941.02002,120289815379,5771323036,21379948182.0,0.9999,15.06,128.4151,76.0,4.33,3.0,0.0,20.0,0.013171100661510199,0.03727627951194209,0.007834787222081679,0.638180283603855,0.45420354252362255,0.48821254574804046,-0.09799426591511756,0,0,0,0,-9.999999999998899e-05,9.999999999998899e-05,0.76,0.07666666666666667,0.41833333333333333,0.6481485496029019,-0.75,,0.0
2025-01-22,3327.55,3365.99,3222.85,3242.6,349240.7498,106143.82,106394.46,103339.12,103706.66,22248.69254,123073630834,5895949636,21688679844.0,1.0005,15.1,128.3402,84.0,4.33,3.0,0.0,20.0,-0.025857815117860245,-0.023228630058235156,0.022878841729243978,0.6263916636559369,0.46327616761431334,0.4927595785849167,-0.07711953520634897,0,0,0,0,0.0004999999999999449,0.0004999999999999449,0.84,0.07666666666666667,0.4583333333333333,0.9728987700616717,0.03999999999999915,-0.0005834349057225285,0.0
2025-01-23,3242.61,3347.97,3185.0,3338.21,605592.7225,103706.66,106850.0,101262.28,103910.34,53953.12031,121833460588,5794333642,21421586764.0,0.9998,15.02,128.2162,75.0,4.33,3.0,0.0,20.0,0.029059258050247016,0.001962075026061362,-0.010127765915686232,0.630951629298656,0.44456266205150935,0.48292702795975045,-0.08641908122035631,0,0,0,0,-0.00019999999999997797,0.00019999999999997797,0.75,0.07666666666666667,0.41333333333333333,0.6075547720455556,-0.08000000000000007,-0.0009666491239790214,0.0
2025-01-24,3338.22,3428.0,3275.9,3310.09,451524.2752,103910.35,107120.0,102750.0,104870.5,23609.24017,122853688631,5874269499,21649367678.0,1.0,14.85,127.4611,75.0,4.33,3.0,0.0,20.0,-0.008459355832431204,0.009197843721146091,0.008339088983671633,0.6313347839294816,0.44484084929408874,0.4752525721407823,-0.07876879476874993,0,0,0,0,0.0,0.0,0.75,0.07666666666666667,0.41333333333333333,0.6075547720455556,-0.16999999999999993,-0.005906681550391248,0.0
2025-01-25,3310.1,3350.68,3268.66,3318.77,208559.0415,104870.51,105286.52,104106.09,104746.85,9068.32377,122514600471,5904430607,21871609661.0,1.0002,,,75.0,4.33,3.0,0.0,20.0,0.0026188530036542652,-0.0011797688916675218,-0.0027639136019166595,0.6096116439220582,0.42220050791439434,0.4753892769474866,-0.08131148272380757,0,0,0,0,0.00019999999999997797,0.00019999999999997797,0.75,0.07666666666666667,0.41333333333333333,0.6075547720455556,,,0.0
2025-01-26,3318.76,3362.0,3230.0,3232.61,272165.469,104746.86,105500.0,102520.44,102620.0,9812.51238,123375970751,5937076397,22009312420.0,1.0004,,,73.0,4.33,3.0,0.0,16.0,-0.026304371881395026,-0.02051364123722352,0.007006155617655663,0.6163976207189081,0.4252018741278564,0.4569263699326361,-0.07485240778647967,0,0,0,0,0.00039999999999995595,0.00039999999999995595,0.73,0.06333333333333332,0.39666666666666667,0.47224218018773484,,,0.0
2025-01-27,3232.61,3253.91,3020.01,3182.44,753004.7529,102620.01,103260.0,97777.77,102082.83,50758.1341,121184354810,5809031414,21792060309.0,1.0001,17.9,128.0912,71.0,4.33,3.0,0.0,16.0,-0.015641662305110726,-0.005248302947392055,-0.01792338644167474,0.6131966906693648,0.42515506996922703,0.46184331423097114,-0.09128646863747795,0,0,0,0,9.999999999998899e-05,9.999999999998899e-05,0.71,0.06333333333333332,0.38666666666666666,0.3910546250730423,,,0.0
2025-01-28,3182.44,3223.01,3040.03,3077.72,350959.7173,102082.83,103800.0,100272.68,101335.52,22022.05765,117921428988,5617844398,20971974270.0,1.0006,16.41,128.2817,72.0,4.33,3.0,0.0,16.0,-0.03345913505110637,-0.00734755111376838,-0.02729443292567936,0.6215782895171753,0.4212303575822709,0.46749932941121725,-0.11575385843323487,0,0,0,0,0.0005999999999999339,0.0005999999999999339,0.72,0.06333333333333332,0.39166666666666666,0.43164840263038856,-1.4899999999999984,0.0014861167858275517,0.0
2025-01-29,3077.72,3182.52,3054.06,3113.9,409737.2576,101335.52,104782.68,101328.01,103733.24,23155.35802,115635633214,5493922705,20990835529.0,1.0,16.56,128.3418,72.0,4.33,3.0,0.0,16.0,0.01168689674058888,0.023385612440133215,-0.019574392115032747,0.6234885915742024,0.42468652804659285,0.47019577357754233,-0.13289413659060692,0,0,0,0,0.0,0.0,0.72,0.06333333333333332,0.39166666666666666,0.43164840263038856,0.14999999999999858,0.00046839047163483314,0.0
2025-01-30,3113.9,3283.43,3091.06,3247.39,350639.4823,103733.25,106457.44,103278.54,104722.94,19374.07472,117729905889,5634397603,21279668624.0,1.0,15.84,128.1004,70.0,4.33,3.0,0.0,16.0,0.04197563692127093,0.009495592181071395,0.01794891317369885,0.6421925663506622,0.424854006144421,0.4738845261244549,-0.11719001437846933,0,0,0,0,0.0,0.0,0.7,0.06333333333333332,0.38166666666666665,0.350460847515696,-0.7199999999999989,-0.0018826860111452002,0.0
2025-01-31,3247.38,3437.31,3213.8,3300.99,648681.6561,104722.94,106012.0,101560.0,102429.56,21983.18193,120940335176,5817769753,21918331536.0,1.0003,16.43,128.4828,76.0,4.33,3.0,0.0,16.0,0.016370826701882987,-0.022142853251164527,0.026904258555224294,0.6445107643124958,0.43342848027235426,0.4824038134998802,-0.09311627532895717,0,0,0,0,0.00029999999999996696,0.00029999999999996696,0.76,0.06333333333333332,0.4116666666666667,0.5940235128597736,0.5899999999999999,0.0029807117778865057,0.0
2025-02-01,3300.99,3331.98,3101.7,3117.54,354065.2525,102429.56,102783.71,100279.51,100635.65,12290.95747,119865610438,5894625017,22108741531.0,1.0002,,,68.0,4.33,3.0,0.0,16.0,-0.05717819419778655,-0.017668774175154188,-0.008926124070869991,0.6651215414373121,0.4312994397988652,0.4812662371364622,-0.10117521093530536,0,0,0,0,0.00019999999999997797,0.00019999999999997797,0.68,0.06333333333333332,0.3716666666666667,0.2692732924010039,,,0.0
2025-02-02,3117.54,3163.2,2750.71,2869.68,1050805.93,100635.66,101456.6,96150.0,97700.59,34619.49939,115336760505,5722117591,21252624754.0,1.0002,,,60.0,4.33,4.0,1.0,22.0,-0.0828437039863488,-0.029598970722466058,-0.03851500088480942,0.6981717531985367,0.44242406550385055,0.4927706167730891,-0.13513526478944982,0,0,0,0,0.00019999999999997797,0.00019999999999997797,0.6,0.09,0.345,0.05277314542849014,,,0.0
2025-02-03,2869.68,2921.0,2125.01,2879.9,2807979.021,97700.59,102500.01,91231.0,101328.52,75164.7385,106994732493,5564975931,19685342172.0,0.999,18.62,129.109,44.0,4.33,4.0,1.0,22.0,0.0035550460255048323,0.03646031368487303,-0.07507659709665947,0.6953617738316229,0.4605110501645131,0.538526138358892,-0.1976888324128842,0,0,0,0,-0.0010000000000000009,0.0010000000000000009,0.44,0.09,0.265,-0.5967272954890493,,,0.0
2025-02-04,2879.89,2888.5,2632.6,2731.19,1259594.3919,101328.51,101732.31,96150.0,97763.13,40267.98697,109840062413,5313328930,20409749449.0,0.9997,17.21,128.1083,72.0,4.33,4.0,1.0,22.0,-0.053018159665724804,-0.03582039951426249,0.02624572546422706,0.7127958736895412,0.4781051736493826,0.5471259978263919,-0.17635282906865316,0,0,0,0,-0.00029999999999996696,0.00029999999999996696,0.72,0.09,0.40499999999999997,0.539898476116645,-1.4100000000000001,-0.007781008889124113,0.0
2025-02-05,2731.19,2826.95,2699.13,2788.25,686593.0429,97763.14,99149.0,96155.0,96612.43,26233.30444,106114047938,5134812118,19771961575.0,1.0,15.77,127.9751,54.0,4.33,4.0,1.0,22.0,0.020676747235431996,-0.011840104206887518,-0.034510890012831044,0.7159223487643267,0.45854147094592784,0.5569750751040331,-0.20429273745694063,0,0,0,0,0.0,0.0,0.54,0.09,0.315,-0.19078951991558707,-1.4400000000000013,-0.001040286188111985,0.0
2025-02-06,2788.25,2857.64,2655.28,2686.64,719459.9571,96612.44,99120.0,95676.64,96554.35,23515.20405,106876815749,5026504539,19721375718.0,1.0,15.5,128.2017,49.0,4.33,4.0,1.0,22.0,-0.037122816649653355,-0.0006013456532248081,0.007162476912802145,0.6677823272633331,0.4197574356777608,0.5549192499141071,-0.1985730434235795,0,0,0,0,0.0,0.0,0.49,0.09,0.29,-0.39375840770231846,-0.2699999999999996,0.001769091183111333,0.0
2025-02-07,2686.63,2797.5,2562.51,2622.1,695467.3612,96554.35,100137.99,95620.34,96506.8,31794.22065,106544891180,4890451544,19609131074.0,0.9998,16.54,128.4292,44.0,4.33,4.0,1.0,22.0,-0.024315818803290066,-0.0004925900520273397,-0.0031105068120512204,0.6696997487726591,0.4137780784221982,0.5088838930604843,-0.2010620144439301,0,0,0,0,-0.00019999999999997797,0.00019999999999997797,0.44,0.09,0.265,-0.5967272954890493,1.0399999999999991,0.0017729748022891898,0.0
2025-02-08,2622.11,2667.3,2588.8,2632.46,379685.1509,96506.8,96880.0,95688.0,96444.74,10147.24294,106094237656,4835201363,19373464708.0,0.9999,,,44.0,4.33,4.0,1.0,22.0,0.003943246789126041,-0.0006432703479849328,-0.00423867611934107,0.664666098232348,0.40199821355701354,0.5070956777791059,-0.204441286923922,0,0,0,0,-9.999999999998899e-05,9.999999999998899e-05,0.44,0.09,0.265,-0.5967272954890493,,,0.0
2025-02-09,2632.46,2698.9,2520.02,2627.18,387166.7911,96444.75,97323.09,94713.0,96462.75,14120.91613,106872796561,4859111695,19524298255.0,0.9999,,,46.0,4.33,3.0,0.0,14.0,-0.0020077426491750087,0.00018672162550374357,0.007311576425752002,0.6604131553734423,0.39420052994245947,0.5011699377250473,-0.19860318172424066,0,0,0,0,-9.999999999998899e-05,9.999999999998899e-05,0.46,0.05666666666666667,0.25833333333333336,-0.6508523322321776,,,0.0
2025-02-10,2627.18,2693.79,2559.85,2661.19,398173.2716,96462.75,98345.0,95256.0,97430.82,20572.87537,106903792144,4841885177,19403178927.0,0.9999,15.81,128.6382,43.0,4.33,3.0,0.0,14.0,0.01286236359572681,0.009985664239646478,0.00028998108169805845,0.6628565040373047,0.3954749817576474,0.4950506485230045,-0.19837075811041088,0,0,0,0,-9.999999999998899e-05,9.999999999998899e-05,0.43,0.05666666666666667,0.24333333333333335,-0.7726336649042165,,,0.0
2025-02-11,2661.19,2725.04,2558.24,2602.59,484196.1435,97430.82,98478.42,94876.88,95778.2,18647.76379,108443788354,4894870147,19773070278.0,1.0001,16.02,128.4322,47.0,4.33,3.0,0.0,14.0,-0.022266288133639834,-0.017107486030289196,0.014302667891237299,0.6649210884884826,0.4004673009026344,0.4979942677813806,-0.18682293581546128,0,0,0,0,9.999999999998899e-05,9.999999999998899e-05,0.47,0.05666666666666667,0.2633333333333333,-0.6102585546748318,0.20999999999999908,-0.0016026741631374557,0.0
2025-02-12,2602.59,2795.45,2546.92,2738.27,646295.8959,95778.21,98119.99,94088.23,97869.99,29151.16625,107134211763,4753282112,19304263969.0,0.9998,15.89,128.3288,46.0,4.33,3.0,0.0,14.0,0.05081923108843668,0.021604863590941464,-0.012149595036814918,0.6840171373115088,0.4072042666090021,0.49849280891887005,-0.19664293255070903,0,0,0,0,-0.00019999999999997797,0.00019999999999997797,0.46,0.05666666666666667,0.25833333333333336,-0.6508523322321776,-0.129999999999999,-0.0008054183118901662,0.0
2025-02-13,2738.27,2757.28,2612.76,2675.87,443769.2853,97870.0,98083.91,95217.36,96608.14,19921.77616,110889082113,4857681874,19874643485.0,0.9999,15.1,127.8931,50.0,4.33,3.0,0.0,14.0,-0.023051773014207893,-0.012976962582638805,0.034448077468317934,0.6767826564514134,0.40346793740461223,0.5097337954070159,-0.16848664537233007,0,0,0,0,-9.999999999998899e-05,9.999999999998899e-05,0.5,0.05666666666666667,0.2783333333333333,-0.4884772220027929,-0.7900000000000009,-0.0034009615880741676,0.0
2025-02-14,2675.87,2791.78,2664.46,2725.95,419895.7862,96608.13,98826.0,96252.82,97500.48,18173.02646,109427324151,4799268663,19756259648.0,0.9999,14.77,127.1491,48.0,4.33,3.0,0.0,14.0,0.01854243009741044,0.009194298389878524,-0.013269818953322467,0.6292700159705312,0.37864283758884554,0.5008647106125612,-0.17944778999969488,0,0,0,0,-9.999999999998899e-05,9.999999999998899e-05,0.48,0.05666666666666667,0.2683333333333333,-0.5696647771174855,-0.33000000000000007,-0.005834345143297572,0.0
2025-02-15,2725.95,2739.0,2662.28,2693.04,202971.4295,97500.47,97972.26,97223.58,97569.66,7349.37683,110438333991,4856668876,20011258417.0,0.9998,,,50.0,4.33,3.0,0.0,14.0,-0.012146324170659471,0.0007092833675137415,0.009196679230181654,0.6170636439836741,0.37839667944149813,0.46419266815674665,-0.17186662720529722,0,0,0,0,-0.00019999999999997797,0.00019999999999997797,0.5,0.05666666666666667,0.2783333333333333,-0.4884772220027929,,,0.0
2025-02-16,2693.04,2727.31,2651.26,2661.41,191231.5314,97569.67,97704.47,96046.18,96118.12,8191.4249,109981686188,4839688843,19875781935.0,0.9999,,,54.0,4.33,3.0,0.0,13.0,-0.011814609501231234,-0.014988732643856638,-0.004143439021038744,0.5835137514637538,0.35124986072883196,0.4608821730466481,-0.17529084841193457,0,0,0,0,-9.999999999998899e-05,9.999999999998899e-05,0.54,0.05333333333333333,0.2966666666666667,-0.3396333709591898,,,0.0
2025-02-17,2661.41,2849.7,2637.71,2744.05,639739.8197,96118.12,97046.59,95205.0,95780.0,16492.0451,109078826389,4874184678,19603080912.0,0.9999,15.37,,51.0,4.33,3.0,0.0,13.0,0.030578873730619873,-0.0035239568777999416,-0.008243063988794529,0.5807113946757136,0.3502833711717838,0.43304686031252393,-0.18206103683733718,0,0,0,0,-9.999999999998899e-05,9.999999999998899e-05,0.51,0.05333333333333333,0.2816666666666667,-0.4614147036312286,,,0.0
2025-02-18,2744.05,2756.93,2605.44,2671.99,604863.8737,95780.01,96753.91,93388.09,95671.74,23368.19471,108911253105,4850261056,20009016965.0,1.0004,15.35,127.2906,47.0,4.33,3.0,0.0,13.0,-0.026611418119546062,-0.001130937870179614,-0.0015374398449417392,0.5798889262719937,0.3349648526128712,0.42711020704803476,-0.1833176025953874,0,0,0,0,0.00039999999999995595,0.00039999999999995595,0.47,0.05333333333333333,0.26166666666666666,-0.6237898138606137,-0.019999999999999574,,0.0
2025-02-19,2672.0,2736.7,2656.03,2715.5,326154.0202,95671.74,96899.99,95029.99,96644.37,16438.50954,107204209671,4770876850,19635282776.0,1.0,15.27,127.7317,44.0,4.33,3.0,0.0,13.0,0.01615258534033704,0.010114995490717066,-0.01579784171310272,0.5771530064902777,0.3353948699118726,0.42385060248834633,-0.19611804593257753,0,0,0,0,0.0,0.0,0.44,0.05333333333333333,0.24666666666666667,-0.7455711465326523,-0.08000000000000007,0.0034593087732342044,0.0
2025-02-20,2715.51,2770.59,2707.18,2738.04,336735.2544,96644.37,98711.36,96415.09,98305.0,17057.39177,109096015979,4814506066,19949291692.0,0.9997,15.66,127.1126,49.0,4.33,3.0,0.0,13.0,0.008266237470579285,0.017036938024453396,0.017492857838141713,0.5753171139815291,0.31228692025084154,0.4284376385817346,-0.18193213890281368,0,0,0,0,-0.00029999999999996696,0.00029999999999996696,0.49,0.05333333333333333,0.27166666666666667,-0.5426022587459212,0.39000000000000057,-0.004858662468836198,0.0
2025-02-21,2738.04,2845.32,2616.72,2663.0,890440.0604,98305.01,99475.0,94871.95,96181.98,32249.2814,110435470384,4883596374,20209497391.0,1.0004,18.21,127.1408,55.0,4.33,3.0,0.0,13.0,-0.027789029131547016,-0.021832868521335577,0.012202996927799985,0.5761737763652865,0.31115999679360373,0.42180817438522716,-0.17188810026123322,0,0,0,0,0.00039999999999995595,0.00039999999999995595,0.55,0.05333333333333333,0.3016666666666667,-0.2990395934018435,2.5500000000000007,0.00022182594306024625,0.0
2025-02-22,2663.0,2798.07,2653.33,2763.22,444989.6669,96181.99,96980.0,95770.49,96551.01,11268.17708,107051480674,4771941811,19701522863.0,0.9999,,,49.0,4.33,3.0,0.0,13.0,0.03694335953723281,0.0038294476827775473,-0.031121525399221108,0.5829256913851698,0.31156576103474853,0.4321202884014562,-0.19726330025540595,0,0,0,0,-9.999999999998899e-05,9.999999999998899e-05,0.49,0.05333333333333333,0.27166666666666667,-0.5426022587459212,,,0.0
2025-02-23,2763.23,2857.34,2745.41,2819.69,611002.1222,96551.01,96650.0,95227.94,96258.0,10884.84913,109126416948,4905978477,19724641670.0,1.0,,,50.0,4.33,3.0,1.0,17.0,0.020230283460336135,-0.0030393831239023624,0.019197152156336685,0.5901340066246951,0.30871931015109116,0.43774429825712124,-0.1817041740641169,0,0,0,0,0.0,0.0,0.5,0.07,0.28500000000000003,-0.4343521852596643,,,0.0
2025-02-24,2819.7,2839.95,2470.33,2513.52,876876.3707,96258.0,96500.0,91349.26,91552.88,31550.10299,110424739362,4944759165,20549153214.0,1.0001,18.98,127.1921,49.0,4.33,3.0,1.0,17.0,-0.11494278867850116,-0.05011535775172125,0.011827198455078299,0.702027862897993,0.3498251301786104,0.4411868593972219,-0.1719685679495915,0,0,0,0,9.999999999998899e-05,9.999999999998899e-05,0.49,0.07,0.28,-0.47494596281701057,,,0.0
2025-02-25,2513.52,2533.49,2313.49,2495.7,1322016.8718,91552.88,92540.69,86050.99,88680.4,78333.11111,102594423985,4428954507,19295633018.0,1.0013,19.43,127.3752,25.0,4.33,3.0,1.0,17.0,-0.007114910175048293,-0.03187783350742482,-0.07355061302779303,0.6993510496449689,0.35851547155763314,0.5023646870902909,-0.23068500497706135,0,0,0,0,0.0013000000000000789,0.0013000000000000789,0.25,0.07,0.16,-1.4491966241933205,0.4499999999999993,0.0014385196494181545,0.0
2025-02-26,2495.69,2507.5,2253.77,2336.37,863087.2133,88680.39,89414.15,82256.01,84250.09,56893.54409,100784034403,4452646163,19176001547.0,1.0014,19.1,127.2822,21.0,4.33,3.0,1.0,17.0,-0.06597080814131187,-0.05124925785668909,-0.01780362990175311,0.7271870663797528,0.39334619620224676,0.5023295302754166,-0.24426040019025091,0,0,0,0,0.0014000000000000679,0.0014000000000000679,0.21,0.07,0.14,-1.6115717344227054,-0.3299999999999983,-0.00073039310174709,0.0
2025-02-27,2336.38,2381.6,2230.57,2307.72,637583.9106,84250.09,87078.46,82716.49,84708.58,42505.45439,96129153973,4246809453,18096041252.0,1.0007,21.13,127.9704,10.0,4.33,3.0,1.0,17.0,-0.01233841870588364,0.005427257747781736,-0.04728731305771837,0.7224378883423108,0.39547694876014555,0.5175348288557556,-0.27916550687871383,0,0,0,0,0.0006999999999999229,0.0006999999999999229,0.1,0.07,0.085,-2.058103287553514,2.0299999999999976,0.005392318570473795,0.0
2025-02-28,2307.72,2314.18,2076.26,2237.59,1291539.0557,84708.57,85120.0,78258.52,84349.94,83648.03969,95896681789,4134524337,18154244711.0,1.0003,19.63,128.2805,16.0,4.33,3.0,1.0,17.0,-0.0308606303070003,-0.004242797559089215,-0.0024212606251643137,0.7219040653309291,0.3811434696107707,0.5156655767106716,-0.28090872381127424,0,0,0,0,0.00029999999999996696,0.00029999999999996696,0.16,0.07,0.115,-1.8145406222094367,-1.5,0.0024202853638743966,0.0
2025-03-01,2237.59,2281.14,2142.73,2217.39,446430.7271,84349.95,86558.0,83824.78,86064.53,25785.05464,96204825668,4178241386,18112530526.0,1.0004,,,20.0,4.33,3.0,1.0,17.0,-0.009068565261909826,0.020123266049919198,0.0032081387321504094,0.6962447448820073,0.3886250187968839,0.5094894157289739,-0.27859807477664544,0,0,0,0,0.00039999999999995595,0.00039999999999995595,0.2,0.07,0.135,-1.6521655119800516,,,0.0
2025-03-02,2217.4,2550.58,2172.04,2518.11,1266684.7748,86064.54,95000.0,85050.6,94270.0,54889.09045,96586977893,4085883188,18211125800.0,0.9999,,,26.0,4.33,3.0,0.0,17.0,0.1271777915729189,0.09106564168828868,0.00396440842868091,0.8457401308618037,0.5123450355194662,0.49654768258377485,-0.27573246643601224,0,0,0,0,-9.999999999998899e-05,9.999999999998899e-05,0.26,0.06666666666666667,0.16333333333333333,-1.4221341058217565,,,0.0
2025-03-03,2518.12,2523.56,2097.91,2149.01,1109565.2003,94269.99,94416.46,85117.11,86220.61,59171.10218,104825285869,4495973802,20000944989.0,1.0006,22.78,127.75,33.0,4.33,3.0,0.0,17.0,-0.15850134915595218,-0.08925376118948612,0.081851092448941,0.9813277446068587,0.5930402952908729,0.5861305982660565,-0.2139566543267643,0,0,0,0,0.0005999999999999339,0.0005999999999999339,0.33,0.06666666666666667,0.19833333333333333,-1.1379776629203326,,,0.0
2025-03-04,2149.02,2221.88,1993.2,2171.51,1257822.3372,86221.16,88967.52,81500.0,87281.98,55609.10706,94742187181,4005142948,18079760950.0,1.0002,23.51,127.9966,15.0,4.33,3.0,0.0,17.0,0.010415507117134374,0.01223478265846054,-0.10113563679004864,0.9505015326053965,0.5892762438374728,0.6670274192332895,-0.2895658221126145,0,0,0,0,0.00019999999999997797,0.00019999999999997797,0.15,0.06666666666666667,0.10833333333333334,-1.868665658952565,0.7300000000000004,0.0019284719830138979,0.0
2025-03-05,2171.5,2273.51,2155.03,2241.59,687130.7897,87281.98,91000.0,86334.53,90606.01,38264.01163,95253661458,4099602842,18213529061.0,1.0001,21.93,126.504,20.0,4.33,3.0,0.0,17.0,0.031762657397629936,0.03737651951263447,0.005384070401787653,0.9603417721231944,0.5900714213182381,0.6204126446610185,-0.28573047886898806,0,0,0,0,9.999999999998899e-05,9.999999999998899e-05,0.2,0.06666666666666667,0.13333333333333333,-1.665696771165834,-1.5800000000000018,-0.011729772845812251,0.0
2025-03-06,2241.59,2319.99,2176.9,2202.2,596908.3935,90606.0,92810.64,87836.0,89931.89,34342.44902,98276933510,4246068897,18797388031.0,0.9999,24.87,126.1099,25.0,4.33,3.0,0.0,17.0,-0.017728574794086408,-0.007467940338037054,0.03124589182731757,0.9474863656334916,0.5788440528686369,0.6237043862446179,-0.26306015787788406,0,0,0,0,-9.999999999998899e-05,9.999999999998899e-05,0.25,0.06666666666666667,0.15833333333333333,-1.4627278833791026,2.9400000000000013,-0.0031201792120750527,0.0
2025-03-07,2202.21,2258.47,2101.82,2141.6,782387.2606,89931.88,91283.02,84667.03,86801.75,57980.35713,95982725361,4095608428,18150534273.0,1.0002,23.37,125.9814,34.0,4.33,3.0,0.0,17.0,-0.027903647473347906,-0.035425823298239754,-0.023621114479553663,0.9446606062690757,0.5892416967438737,0.6180664915323916,-0.2802635171071105,0,0,0,0,0.00019999999999997797,0.00019999999999997797,0.34,0.06666666666666667,0.20333333333333334,-1.0973838853629865,-1.5,-0.001019472001845516,0.0
2025-03-08,2141.6,2234.93,2105.06,2203.58,328793.0979,86801.74,86897.25,85218.47,86222.45,12989.23054,95392793344,4060889728,18140654625.0,1.0001,,,28.0,4.33,3.0,0.0,17.0,0.028530097293870307,-0.006696198157303769,-0.0061651969863588925,0.9476341915418317,0.5892388114040652,0.6169620790812118,-0.28468718390198994,0,0,0,0,9.999999999998899e-05,9.999999999998899e-05,0.28,0.06666666666666667,0.17333333333333334,-1.340946550707064,,,0.0
2025-03-09,2203.57,2212.0,1989.66,2020.41,601671.5882,86222.46,86500.0,80000.0,80734.37,26115.39345,95989791847,4126712161,18273451828.0,1.0002,,,27.0,4.33,3.0,0.0,16.0,-0.08678284940341682,-0.06576620160006473,0.006238816753458583,0.9865762709250742,0.6274161210371698,0.617952590423337,-0.28021052832437987,0,0,0,0,0.00019999999999997797,0.00019999999999997797,0.27,0.06333333333333332,0.16666666666666669,-1.395071587450192,,,0.0
2025-03-10,2020.43,2152.4,1810.01,1865.1,1248745.3514,80734.48,84123.46,77459.91,78595.86,47633.38405,90350580881,3874643470,17228419986.0,1.0004,27.86,126.268,20.0,4.33,3.0,0.0,16.0,-0.07998579015319479,-0.026845356703792466,-0.06054440463845438,1.0160449260315871,0.6312724979619786,0.6492431660062428,-0.32249674026193975,0,0,0,0,0.00039999999999995595,0.00039999999999995595,0.2,0.06333333333333332,0.13166666666666665,-1.679228030351616,,,0.0
2025-03-11,1865.11,1963.2,1754.28,1923.43,1171427.9995,78595.86,83617.4,76606.0,82932.99,48770.06853,86489979653,3595914929,16577754767.0,1.0002,26.92,126.0457,24.0,4.33,3.0,0.0,16.0,0.030795379592982407,0.053713906024732805,-0.0436688811825769,1.026287655060461,0.6654379168604797,0.6609718238950967,-0.35144586146309403,0,0,0,0,0.00019999999999997797,0.00019999999999997797,0.24,0.06333333333333332,0.15166666666666667,-1.516852920122231,-0.9399999999999977,-0.0017620926451443425,0.0
2025-03-12,1923.42,1960.0,1829.72,1908.2,788739.6763,82932.99,84539.85,80607.65,83680.12,31933.986,89052005547,3743841986,17045972677.0,1.0002,24.23,125.8664,34.0,4.33,3.0,0.0,16.0,-0.00794966121863827,0.008968502033038601,0.029191965999681168,1.0229138805190419,0.66515828972817,0.6725991612204675,-0.33223424292347997,0,0,0,0,0.00019999999999997797,0.00019999999999997797,0.34,0.06333333333333332,0.20166666666666666,-1.1109151445487686,-2.6900000000000013,-0.0014235126480833574,0.0
2025-03-13,1908.2,1923.09,1821.81,1864.59,569537.2622,83680.12,84336.33,79939.9,81115.78,27546.27412,89435951699,3695913161,17173034713.0,1.0004,24.66,126.0031,45.0,4.33,3.0,0.0,16.0,-0.02311919955008724,-0.03112391755655611,0.004302214559800056,1.023035518965661,0.6701287108373308,0.6696810999960381,-0.3293551826340227,0,0,0,0,0.00039999999999995595,0.00039999999999995595,0.45,0.06333333333333332,0.25666666666666665,-0.66438359141796,0.4299999999999997,0.0010854828665042091,0.0
2025-03-14,1864.59,1945.64,1861.31,1911.65,375805.7355,81115.78,85309.71,80818.84,83983.2,26858.52755,88740618621,3623175535,16969163709.0,0.9999,21.77,125.6942,27.0,4.33,3.0,0.0,16.0,0.02492555369388252,0.034739262047201416,-0.007805028535830919,1.0071691709475665,0.6783403865942815,0.6693849533721417,-0.33456921028448317,0,0,0,0,-9.999999999998899e-05,9.999999999998899e-05,0.27,0.06333333333333332,0.16666666666666669,-1.395071587450192,-2.8900000000000006,-0.002454536898783822,0.0
2025-03-15,1911.64,1957.19,1903.75,1937.17,209545.8675,83983.19,84676.28,83618.0,84338.44,11324.7332,90978409120,3725156358,17550596797.0,1.0,,,46.0,4.33,3.0,0.0,16.0,0.013261401678778083,0.004220972745167093,0.024904498858674344,1.01010466888226,0.678479545357542,0.6628727868744143,-0.3177889046915372,0,0,0,0,0.0,0.0,0.46,0.06333333333333332,0.26166666666666666,-0.6237898138606137,,,0.0
2025-03-16,1937.18,1940.87,1860.38,1887.0,324766.6564,84338.44,85117.04,81981.12,82574.53,17596.12531,92192161165,4007852065,17726351501.0,1.0,,,30.0,4.33,3.0,0.0,13.0,-0.02623987877176881,-0.021136472120496245,0.013252891097677967,1.005818014876433,0.6790071467821808,0.6659609141402001,-0.30868745831473626,0,0,0,0,0.0,0.0,0.3,0.05333333333333333,0.17666666666666667,-1.3138840323354997,,,0.0
2025-03-17,1887.01,1952.4,1879.98,1926.31,334840.4877,82574.52,84756.83,82456.0,84010.03,17214.74358,90445722710,3916254201,17545451882.0,1.0,20.51,125.3688,32.0,4.33,3.0,0.0,13.0,0.020617989385469538,0.017234917011719673,-0.019125185322068312,1.012336576090471,0.6833537959245406,0.665307234912499,-0.3074040166476297,0,0,0,0,0.0,0.0,0.32,0.05333333333333333,0.18666666666666668,-1.232696477220807,,,0.0
2025-03-18,1926.3,1936.2,1872.31,1931.54,332896.0155,84010.02,84021.74,81134.66,82715.03,17610.89883,91835822201,3995157483,17694665467.0,1.0002,21.7,125.488,34.0,4.33,3.0,0.0,13.0,0.002711356431177048,-0.015534869726955195,0.01525251984116937,1.0134872555855354,0.6834570430299632,0.6696551666169852,-0.2766235978895582,0,0,0,0,0.00019999999999997797,0.00019999999999997797,0.34,0.05333333333333333,0.19666666666666668,-1.1515089221061146,1.1899999999999977,0.0009503430560487437,0.0
2025-03-19,1931.54,2069.9,1927.58,2056.06,691809.5034,82715.03,87000.0,82547.16,86845.94,28151.05374,91826603953,3970347151,17714439011.0,0.9997,19.9,125.8006,32.0,4.33,3.0,0.0,13.0,0.06247391784342425,0.04873441757894435,-0.00010038251373217915,1.0356944172451923,0.7087237602923674,0.6699157384714112,-0.27669620858669347,0,0,0,0,-0.00029999999999996696,0.00029999999999996696,0.32,0.05333333333333333,0.18666666666666668,-1.232696477220807,-1.8000000000000007,0.0024879772600133535,0.0
2025-03-20,2056.05,2067.9,1952.17,1983.79,401518.9282,86845.93,87453.67,83655.23,84223.39,22090.30463,94584123247,4125356123,17761017284.0,1.0005,19.8,125.985,49.0,4.33,3.0,0.0,13.0,-0.03578237356016173,-0.030663070683642123,0.029587572551627198,1.038079207976363,0.7150628130444171,0.6810768011286173,-0.25497566057136656,0,0,0,0,0.0004999999999999449,0.0004999999999999449,0.49,0.05333333333333333,0.27166666666666667,-0.5426022587459212,-0.09999999999999787,0.0014647385153762412,0.0
2025-03-21,1983.79,1996.73,1937.1,1965.75,262641.659,84223.38,84850.33,83175.25,84088.79,11956.97443,92160000727,3936001896,17378691795.0,1.0004,19.28,126.2679,31.0,4.33,3.0,0.0,13.0,-0.009135304596834008,-0.0015994092488549737,-0.02596342676672527,1.03382179755201,0.7132664061991809,0.6840777595151433,-0.27407009436381974,0,0,0,0,0.00039999999999995595,0.00039999999999995595,0.31,0.05333333333333333,0.18166666666666667,-1.2732902547781535,-0.5199999999999996,0.002242988037843834,0.0
2025-03-22,1965.74,2006.61,1964.34,1980.69,170782.9574,84088.79,84539.17,83625.1,83840.59,5420.22114,92045098757,4018239395,17572426004.0,1.0002,,,32.0,4.33,3.0,0.0,13.0,0.007571416958698752,-0.00295600663481781,-0.0012475440172322015,1.0336635970513404,0.709015814361793,0.6794155753836492,-0.274975159203029,0,0,0,0,0.00019999999999997797,0.00019999999999997797,0.32,0.05333333333333333,0.18666666666666668,-1.232696477220807,,,0.0
2025-03-23,1980.68,2020.74,1976.81,2005.99,268707.5233,83840.59,86129.64,83809.75,86082.5,8461.97813,92695813794,3974659581,17863091316.0,1.0,,,30.0,4.33,3.0,0.0,12.0,0.012692435634265985,0.026388880980959678,0.007044652092546942,1.0349297347697077,0.7147956721226346,0.6779447903946025,-0.26984957867265624,0,0,0,0,0.0,0.0,0.3,0.05,0.175,-1.3274152915212818,,,0.0
2025-03-24,2005.99,2104.11,1977.67,2081.2,477912.8154,86082.5,88765.43,85519.09,87498.16,30115.62111,94354189378,4057675634,18396332041.0,0.9999,17.48,126.1956,45.0,4.33,3.0,0.0,12.0,0.03680694595155828,0.01631162582836565,0.017732360439968203,1.0348528857556536,0.7177698850449269,0.6764267235126973,-0.2567868136801884,0,0,0,0,-9.999999999998899e-05,9.999999999998899e-05,0.45,0.05,0.25,-0.7185086281610882,,,0.0
2025-03-25,2081.2,2097.7,2037.08,2066.15,328765.3292,87498.16,88539.63,86310.0,87392.87,22643.25248,97625235360,4090076259,19038316010.0,0.9998,17.15,126.0535,46.0,4.33,3.0,0.0,12.0,-0.007257678306284416,-0.0012040641846587025,0.034080345663499455,1.0293578888961201,0.7178062336633955,0.6848481330430531,-0.231021296293976,0,0,0,0,-0.00019999999999997797,0.00019999999999997797,0.46,0.05,0.255,-0.6779148506037419,-0.33000000000000185,-0.0011266641984568153,0.0
2025-03-26,2066.16,2079.21,1981.6,2009.52,428975.3286,87392.88,88275.0,85860.0,86909.17,18408.78485,98480272626,4128301370,19285847638.0,0.9999,18.33,126.2364,47.0,4.33,3.0,0.0,12.0,-0.02779108454557782,-0.005550150091920325,0.008720231196296833,0.960501511495199,0.6977122023523807,0.6840460992568667,-0.2242863015356594,0,0,0,0,-9.999999999998899e-05,9.999999999998899e-05,0.47,0.05,0.26,-0.6373210730463956,1.1799999999999997,0.0014499195730154288,0.0
2025-03-27,2009.52,2037.38,1987.06,2003.66,360634.8383,86909.17,87756.39,85800.0,87232.01,17098.03897,97152187226,4084584433,18848256157.0,1.0003,18.69,126.3626,40.0,4.33,3.0,0.0,12.0,-0.0029203794321743964,0.0037078004164337397,-0.013577560734769923,0.9606318808643045,0.6893535236781309,0.6374979367677993,-0.2347474224286016,0,0,0,0,0.00029999999999996696,0.00029999999999996696,0.4,0.05,0.225,-0.9214775159478193,0.360000000000003,0.0009992122732084272,0.0
2025-03-28,2003.67,2015.93,1860.0,1896.9,626167.5832,87232.01,87515.67,83585.0,84424.38,27182.73169,96789626552,4079434162,19026534203.0,1.0004,21.65,126.4187,44.0,4.33,3.0,0.0,12.0,-0.05475453339943444,-0.0327151282624945,-0.003738864655263891,0.9527773434481258,0.6750803795448995,0.6349412321993165,-0.23760325612855843,0,0,0,0,0.00039999999999995595,0.00039999999999995595,0.44,0.05,0.245,-0.7591024057184345,2.9599999999999973,0.0004438619543536472,0.0
2025-03-29,1896.9,1913.6,1797.2,1828.08,409769.7555,84424.38,84624.73,81644.81,82648.54,11696.39864,92940986107,3898889721,18239007924.0,1.0004,,,26.0,4.33,3.0,0.0,12.0,-0.036954739000034896,-0.02125906318917359,-0.04057509107420542,0.9583833758840119,0.6788214742429232,0.6292348439516557,-0.26791839472477513,0,0,0,0,0.00039999999999995595,0.00039999999999995595,0.26,0.05,0.155,-1.4897904017506667,,,0.0
2025-03-30,1828.09,1849.01,1767.69,1807.74,327843.4476,82648.53,83534.64,81565.0,82389.99,9864.49508,90755201865,3760969647,17736343569.0,1.0001,,,32.0,4.33,3.0,0.0,12.0,-0.01118878943123005,-0.003133210305684936,-0.02379894141824539,0.9548670159976873,0.6787621008492878,0.6341881971592872,-0.28513547519373444,0,0,0,0,9.999999999998899e-05,9.999999999998899e-05,0.32,0.05,0.185,-1.2462277364065895,,,0.0
2025-03-31,1807.74,1854.22,1776.75,1822.43,497854.9052,82390.0,83943.08,81278.52,82550.01,20569.13885,89524801932,3734694729,16765305462.0,1.0001,22.28,126.7075,34.0,4.33,3.0,0.0,12.0,0.00809332906461524,0.0019403425512951966,-0.013650088878863138,0.9562994706601151,0.6746637999544447,0.6352255740592538,-0.2948271429477667,0,0,0,0,9.999999999998899e-05,9.999999999998899e-05,0.34,0.05,0.195,-1.165040181291897,,,0.0
2025-04-01,1822.43,1927.9,1817.88,1904.98,452989.0974,82550.0,85579.46,82432.74,85158.34,20190.39697,91615239197,3743377958,17184789140.0,1.0,21.77,126.4338,34.0,4.33,3.0,0.0,12.0,0.04430073445199792,0.031108055610873073,0.02308192117237515,0.8480066997947827,0.5994735191156634,0.6411087143339218,-0.27836109569788614,0,0,0,0,0.0,0.0,0.34,0.05,0.195,-1.165040181291897,-0.5100000000000016,-0.0021624294941525062,0.0
2025-04-02,1904.98,1957.0,1781.53,1795.22,750840.7823,85158.35,88500.0,82320.0,82516.29,39931.457,93336440021,3854432034,17809023476.0,1.0002,21.51,126.3811,44.0,4.33,3.0,0.0,12.0,-0.059343932731742675,-0.031516618721199686,0.018612975264318335,0.6828852014156774,0.5245299666006263,0.5714685700218188,-0.2648034661200776,0,0,0,0,0.00019999999999997797,0.00019999999999997797,0.44,0.05,0.245,-0.7591024057184345,-0.259999999999998,-0.0004169058134099215,0.0
2025-04-03,1795.21,1845.26,1750.0,1817.23,508075.018,82516.28,83998.02,81211.24,83213.09,27337.84135,90584620921,3801750129,17166657191.0,1.0004,30.02,124.7316,25.0,4.33,3.0,0.0,12.0,0.012185786577508531,0.008408938788086611,-0.029926148255011487,0.6834483592958502,0.5234410377217084,0.46251479731141504,-0.2864791145991644,0,0,0,0,0.00039999999999995595,0.00039999999999995595,0.25,0.05,0.15,-1.530384179308013,8.509999999999998,-0.01313771645308445,0.0
2025-04-04,1817.23,1835.68,1758.72,1816.87,572734.4702,83213.09,84720.0,81659.0,83889.87,32915.53976,91341467475,3820986274,17452014594.0,1.0004,45.31,125.8129,28.0,4.33,3.0,0.0,12.0,-0.00019812333242212469,0.008100200026060092,0.008320422068165094,0.6702233335926117,0.5056689057964346,0.46317747032404316,-0.28051755271556816,0,0,0,0,0.00039999999999995595,0.00039999999999995595,0.28,0.05,0.165,-1.4086028466359741,15.290000000000003,0.008631653966090589,0.0
2025-04-05,1816.88,1827.29,1764.39,1806.01,201716.2696,83889.87,84266.0,82379.95,83537.99,9360.40468,91859579194,3961227498,17571664216.0,1.0004,,,30.0,4.33,3.0,0.0,12.0,-0.005995248271208042,-0.004203368759459135,0.005656224238269755,0.6691085517321689,0.5053988305509084,0.4488572460354624,-0.27643646777290626,0,0,0,0,0.00039999999999995595,0.00039999999999995595,0.3,0.05,0.175,-1.3274152915212818,,,0.0
2025-04-06,1806.02,1817.0,1537.5,1580.76,979847.0958,83537.99,83817.63,77153.83,78430.0,27942.71436,91479343029,3931940107,17661845734.0,1.0007,,,34.0,4.33,3.0,0.0,17.0,-0.13321424803042528,-0.06309499122461922,-0.004147910389764788,0.7994267028067672,0.5363808273298802,0.44227944071190145,-0.27943152854982145,0,0,0,0,0.0006999999999999229,0.0006999999999999229,0.34,0.06666666666666667,0.20333333333333334,-1.0973838853629865,,,0.0
2025-04-07,1580.77,1639.0,1411.01,1553.04,2168796.0067,78430.0,81243.58,74508.0,79163.24,78387.53089,84678775731,3535161481,16388323566.0,1.0004,46.98,126.8282,23.0,4.33,3.0,0.0,17.0,-0.01769144361261582,0.00930554243469642,-0.07724819897925936,0.7874673111814136,0.5380373926046831,0.5150263276787265,-0.3233260972748323,0,0,0,0,0.00039999999999995595,0.00039999999999995595,0.23,0.06666666666666667,0.14833333333333334,-1.543915438493795,,,0.0
2025-04-08,1553.04,1618.67,1441.3,1473.41,891846.1327,79163.24,80867.99,76239.9,76322.42,35317.32063,84273043077,3402038850,16671928550.0,1.0008,52.33,126.8668,24.0,4.33,3.0,0.0,17.0,-0.05263485816822717,-0.036545314426559464,-0.004802948400629876,0.754797630177525,0.5035794015011175,0.5137096590028083,-0.3265683347313277,0,0,0,0,0.0007999999999999119,0.0007999999999999119,0.24,0.06666666666666667,0.15333333333333332,-1.503321660936449,5.350000000000001,0.0003043024127228666,0.0
2025-04-09,1473.41,1689.0,1385.05,1669.51,1968530.9138,76322.42,83588.0,74620.0,82615.22,75488.28772,81984684662,3275069742,16356417268.0,1.0002,33.62,126.628,18.0,4.33,3.0,0.0,17.0,0.12495072793418767,0.0792271898213657,-0.027529582762750596,0.8499243462794017,0.5690395471796851,0.4800511135291889,-0.34485476372306323,0,0,0,0,0.00019999999999997797,0.00019999999999997797,0.18,0.06666666666666667,0.12333333333333332,-1.7468843262805265,-18.71,-0.0018840628733913086,0.0
2025-04-10,1669.51,1669.85,1471.02,1522.25,911855.3934,82615.22,82753.21,78464.36,79607.3,33284.80718,87723514812,3605634757,17759283232.0,1.0007,40.72,125.089,39.0,4.33,3.0,0.0,17.0,-0.09234066669439746,-0.03708812786599812,0.06765753387773728,0.8943979014939005,0.5524002613461718,0.5176274567225388,-0.29899537852111446,0,0,0,0,0.0006999999999999229,0.0006999999999999229,0.39,0.06666666666666667,0.22833333333333333,-0.8944149975762553,7.100000000000001,-0.01222817034159344,0.0
2025-04-11,1522.24,1591.47,1504.63,1566.85,578484.3183,79607.3,84300.0,78969.58,83423.84,34435.43797,84202789290,3411326813,16968402982.0,1.0004,37.56,124.0163,25.0,4.33,3.0,0.0,17.0,0.028877730971497012,0.04682832264786211,-0.04096194362400143,0.9034973904262653,0.576569748387031,0.5264024622827008,-0.3271297375600782,0,0,0,0,0.00039999999999995595,0.00039999999999995595,0.25,0.06666666666666667,0.15833333333333333,-1.4627278833791026,-3.1599999999999966,-0.008612475371617715,0.0
2025-04-12,1566.85,1669.59,1546.06,1644.18,501867.9033,83423.83,85905.0,82792.95,85276.9,18470.74437,85862508681,3546008150,17381040283.0,1.0001,,,43.0,4.33,3.0,0.0,17.0,0.04817454521355104,0.02196948907660708,0.019519232984288003,0.9211123987579234,0.5703238369829009,0.5313000332840153,-0.3138668061107108,0,0,0,0,9.999999999998899e-05,9.999999999998899e-05,0.43,0.06666666666666667,0.24833333333333332,-0.7320398873468704,,,0.0
2025-04-13,1644.19,1649.75,1562.01,1597.76,580136.6145,85276.91,86100.0,83034.23,83760.0,24680.04181,88071280346,3659185958,17565723992.0,1.0003,,,45.0,4.33,3.0,0.0,11.0,-0.028639131361487033,-0.01794804235026729,0.0253992098903784,0.9187458068982939,0.5614102209545053,0.5388006117470312,-0.2962163602949578,0,0,0,0,0.00029999999999996696,0.00029999999999996696,0.45,0.04666666666666667,0.24833333333333335,-0.7320398873468702,,,0.0
2025-04-14,1597.76,1691.5,1595.56,1623.77,645930.1419,83760.0,85799.99,83678.0,84591.58,28659.09348,87213638329,3608431107,17637376756.0,1.0,30.89,123.6598,31.0,4.33,3.0,0.0,11.0,0.016147957763760806,0.009879167909975919,-0.009785768993094773,0.9195614479911091,0.5623031065845893,0.5319583748897021,-0.30306983645559643,0,0,0,0,0.0,0.0,0.31,0.04666666666666667,0.17833333333333334,-1.3003527731497175,,,0.0
2025-04-15,1623.78,1661.21,1583.12,1588.78,476178.8915,84591.58,86496.42,83600.0,83643.99,20910.99528,87284834437,3606526398,17902368179.0,1.0,30.12,123.776,38.0,4.33,3.0,0.0,11.0,-0.021784179981145808,-0.01126515660201265,0.000816008424853987,0.9184506063448726,0.5586532218022989,0.5294067892398241,-0.30250090347512626,0,0,0,0,0.0,0.0,0.38,0.04666666666666667,0.21333333333333335,-1.016196330248294,-0.7699999999999996,0.000939233599521426,0.0
2025-04-16,1588.77,1613.66,1538.07,1577.14,611387.8686,83643.99,85500.0,83111.64,84030.38,20867.24519,86875878607,3673622780,17823115944.0,1.0001,32.64,123.2724,29.0,4.33,3.0,0.0,11.0,-0.007353345914930207,0.0046088222541115645,-0.004696312669955184,0.9135184864109984,0.5556001985294393,0.5258520115374883,-0.30576889755202935,0,0,0,0,9.999999999998899e-05,9.999999999998899e-05,0.29,0.04666666666666667,0.16833333333333333,-1.38154032826441,2.5199999999999996,-0.0040769395595847925,0.0
2025-04-17,1577.15,1616.96,1563.2,1583.62,449870.3628,84030.38,85470.01,83736.26,84947.91,13728.84772,85983890967,3753238741,17945015741.0,1.0001,29.65,123.1298,30.0,4.33,3.0,0.0,11.0,0.0041002854241772085,0.010859844983458261,-0.010320452924909101,0.9137107688056239,0.5539321654080118,0.5232536726437407,-0.3128968319409112,0,0,0,0,9.999999999998899e-05,9.999999999998899e-05,0.3,0.04666666666666667,0.17333333333333334,-1.340946550707064,-2.990000000000002,-0.0011574573272494768,0.0
2025-04-18,1583.63,1600.64,1573.54,1588.6,200409.0359,84947.92,85132.08,84303.96,84474.69,6529.96315,86221955108,3844804538,17934112882.0,1.0001,,122.9865,33.0,4.33,3.0,0.0,11.0,0.003139759594925102,-0.005586282238964962,0.002764880497196884,0.8800584376273414,0.5266089345122716,0.5234934082077974,-0.3011446671247274,0,0,0,0,9.999999999998899e-05,9.999999999998899e-05,0.33,0.04666666666666667,0.18833333333333335,-1.219165218035025,,-0.001164490252724744,0.0
2025-04-19,1588.6,1631.81,1585.01,1613.27,223096.3899,84474.7,85677.99,84364.45,85077.01,9666.58153,85766706584,3902127776,17881431284.0,1.0001,,,32.0,4.33,3.0,0.0,11.0,0.015410049874644342,0.0071048834511910006,-0.005293948830693123,0.8782691769336621,0.5161369295142899,0.5109071434218684,-0.30483459573261484,0,0,0,0,9.999999999998899e-05,9.999999999998899e-05,0.32,0.04666666666666667,0.18333333333333335,-1.2597589955923714,,,0.0
2025-04-20,1613.26,1619.19,1565.59,1587.36,276052.2306,85077.0,85320.76,83949.52,85179.24,8091.67725,87063210144,3896154345,18103028844.0,1.0,,,37.0,4.33,3.0,0.0,12.0,-0.016190916172083583,0.001200895852997235,0.015003512184481404,0.8788406755702354,0.5160971805893112,0.5079711768218668,-0.29432603760652215,0,0,0,0,0.0,0.0,0.37,0.05,0.21,-1.0432588486198582,,,0.0
2025-04-21,1587.36,1658.75,1564.07,1579.57,691486.6667,85179.24,88465.99,85144.76,87516.23,31773.37262,86705780540,3871209619,17904909465.0,1.0,33.82,122.3145,39.0,4.33,3.0,0.0,12.0,-0.004919600819362497,0.027066519704468342,-0.004113853762764346,0.8772899874943895,0.5241795517056199,0.5080234825513019,-0.2972231139320359,0,0,0,0,0.0,0.0,0.39,0.05,0.22,-0.9620712935051656,,,0.0
2025-04-22,1579.57,1778.0,1537.26,1756.26,1103036.9586,87516.22,93888.0,87076.03,93442.99,43872.74705,86073482555,3810507906,17260832130.0,0.9996,30.57,122.4175,47.0,4.33,3.0,0.0,12.0,0.10603388993379359,0.06552725583428472,-0.007319174724691322,0.9608263823570998,0.5639066381256295,0.5072777349491983,-0.30234808260422663,0,0,0,0,-0.00039999999999995595,0.00039999999999995595,0.47,0.05,0.26,-0.6373210730463956,-3.25,0.0008417371335295244,0.0
2025-04-23,1756.25,1834.86,1744.95,1795.07,887545.6316,93442.99,94696.05,91935.41,93691.08,27404.16808,91604614945,3891304000,18860523070.0,0.9995,28.45,123.0252,72.0,4.33,3.0,0.0,12.0,0.021857470360468853,0.0026514695623879032,0.06228027217230623,0.9541424049935163,0.5617761970258702,0.5514806997829641,-0.2575165618767177,0,0,0,0,-0.0004999999999999449,0.0004999999999999449,0.72,0.05,0.385,0.3775233658872603,-2.120000000000001,0.004951878721909392,0.0
2025-04-24,1795.08,1802.82,1722.9,1769.65,483465.0385,93691.07,94005.0,91660.01,93980.47,19497.06071,92871205178,3846187938,19415743166.0,0.9995,26.47,122.9251,63.0,4.33,3.0,0.0,12.0,-0.014262231474765616,0.0030840074520417163,0.013731990840281606,0.9546701459262975,0.5616406237439712,0.5396361315170812,-0.2472504604204117,0,0,0,0,-0.0004999999999999449,0.0004999999999999449,0.63,0.05,0.34,0.012179367871144311,-1.9800000000000004,-0.0008139856347152521,0.0
2025-04-25,1769.64,1827.32,1738.6,1784.6,595610.8894,93980.47,95758.04,92855.96,94638.68,27500.66648,93805761614,4018739416,19556473353.0,0.9993,24.84,122.8858,60.0,4.33,3.0,0.0,12.0,0.008412513564324264,0.006979277255771385,0.010012635835169871,0.9522188344208962,0.5611021919434378,0.5399678775013322,-0.23967559450194093,0,0,0,0,-0.0007000000000000339,0.0007000000000000339,0.6,0.05,0.325,-0.10960196480089451,-1.629999999999999,-0.00031975799555554815,0.0
2025-04-26,1784.6,1841.16,1778.94,1820.88,355068.0442,94638.68,95199.0,93870.69,94628.0,9415.06875,95981298850,3942504830,19949623985.0,0.9997,,,65.0,4.33,3.0,0.0,12.0,0.020125600231878177,-0.00011285663183106742,0.022927090263243858,0.9559204145657634,0.5611860828920404,0.544785715006409,-0.20797285259730797,0,0,0,0,-0.00029999999999996696,0.00029999999999996696,0.65,0.05,0.35000000000000003,0.09336692298583686,,,0.0
2025-04-27,1820.87,1857.47,1781.9,1791.29,340332.6435,94628.0,95369.0,93602.58,93749.3,11162.841,97045798743,3999203226,19749515078.0,0.9996,,,61.0,4.33,3.0,0.0,10.0,-0.016383870030276824,-0.009329217194183042,0.011029650219087403,0.9390901033775538,0.5483868260517599,0.546081893661101,-0.19757293047209737,0,0,0,0,-0.00039999999999995595,0.00039999999999995595,0.61,0.04333333333333333,0.32666666666666666,-0.09607070561511258,,,0.0
2025-04-28,1791.29,1827.98,1744.71,1799.88,587269.743,93749.29,95630.0,92800.01,95011.18,22157.53351,96327594889,3914363612,19849753481.0,0.9998,25.15,122.7176,54.0,4.33,3.0,0.0,10.0,0.004783965327616204,0.013370370730845774,-0.007428190020651892,0.9307337095247775,0.5419801257088946,0.5269196281824824,-0.20351142777289305,0,0,0,0,-0.00019999999999997797,0.00019999999999997797,0.54,0.04333333333333333,0.2916666666666667,-0.38022714851653605,,,0.0
2025-04-29,1799.88,1842.99,1780.47,1797.81,480456.3884,95011.18,95461.53,93742.54,94256.82,16955.3402,96879246055,3975767297,19863643518.0,0.9997,24.17,122.5944,60.0,4.33,3.0,0.0,10.0,-0.0011507385174512378,-0.007971384433910092,0.005710487914411379,0.9299435024940739,0.543115772489615,0.5193019358692026,-0.19895007803628778,0,0,0,0,-0.00029999999999996696,0.00029999999999996696,0.6,0.04333333333333333,0.32166666666666666,-0.13666448317245886,-0.9799999999999969,-0.0010044352527227044,0.0
2025-04-30,1797.81,1816.8,1731.7,1793.61,473523.9877,94256.82,95228.45,92910.0,94172.0,17661.2751,96161614075,3942809571,19718184192.0,1.0,24.7,122.5921,56.0,4.33,3.0,0.0,10.0,-0.002338908796338469,-0.0009002869702098006,-0.007435061006389055,0.9294866723643852,0.543373624979375,0.5173668014682473,-0.20488384677403484,0,0,0,0,0.0,0.0,0.56,0.04333333333333333,0.3016666666666667,-0.2990395934018435,0.5299999999999976,-1.876122869778973e-05,0.0
2025-05-01,1793.62,1873.17,1792.52,1838.11,537198.7291,94172.0,97424.02,94130.43,96489.91,21380.45343,96036740184,4015789916,19707810904.0,0.9997,24.6,123.1405,53.0,4.33,3.0,0.0,10.0,0.02450752110385425,0.024315545810009744,-0.0012994274488182433,0.9199862802020562,0.5396739699675,0.5120524236063723,-0.19879655363141363,0,0,0,0,-0.00029999999999996696,0.00029999999999996696,0.53,0.04333333333333333,0.2866666666666667,-0.42082092607388233,-0.09999999999999787,0.004463395662037156,0.0
2025-05-02,1838.1,1871.0,1813.0,1842.2,410667.875,96489.9,97895.68,96350.0,96887.14,14905.74811,97959800452,4121843254,20308654576.0,0.9996,22.68,122.4962,67.0,4.33,3.0,0.0,10.0,0.0022226397688022595,0.004108352658419524,0.019826366543419526,0.8957498482537916,0.524110497361028,0.5125779202653762,-0.1506628066968006,0,0,0,0,-0.00039999999999995595,0.00039999999999995595,0.67,0.04333333333333333,0.3566666666666667,0.1474919597289651,-1.9200000000000017,-0.005245970798380289,0.0
2025-05-03,1842.2,1848.6,1810.0,1833.52,213751.5979,96887.13,96935.67,95753.01,95856.42,9723.34838,98531862578,4124067956,20664079939.0,0.9998,,,65.0,4.33,3.0,0.0,10.0,-0.0047228930029837345,-0.01069534904680462,0.005822778773202399,0.8950006309755321,0.5269365236454953,0.49990458156750917,-0.11143765733769484,0,0,0,0,-0.00019999999999997797,0.00019999999999997797,0.65,0.04333333333333333,0.3466666666666667,0.06630440461427253,,,0.0
2025-05-04,1833.52,1849.95,1803.0,1808.86,238254.3564,95856.42,96304.48,94151.38,94277.62,11036.38342,97956015176,4133699830,20553155642.0,0.9999,,,64.0,4.33,3.0,0.0,15.0,-0.013540803974340185,-0.016607613109211234,-0.0058614206356609,0.8963027287414573,0.5319624502430895,0.5003818561011807,-0.11663066093216225,0,0,0,0,-9.999999999998899e-05,9.999999999998899e-05,0.64,0.06,0.35,0.09336692298583642,,,0.0
2025-05-05,1808.86,1833.55,1781.85,1820.19,342341.0078,94277.61,95199.0,93514.1,94733.68,17251.18189,96981351298,4083376811,20331937933.0,1.0002,23.64,122.2613,52.0,4.33,3.0,0.0,15.0,0.006244078649583546,0.004825752587870044,-0.009999847823616166,0.8963143654609835,0.5311648911748846,0.5020493164164135,-0.1254201996263935,0,0,0,0,0.00019999999999997797,0.00019999999999997797,0.52,0.06,0.29000000000000004,-0.393758407702318,,,0.0
2025-05-06,1820.19,1820.9,1752.0,1817.0,384584.2451,94733.68,96920.65,93377.0,96834.02,16122.64513,96562233361,4056151521,20186728485.0,1.0001,24.76,122.0417,59.0,4.33,3.0,0.0,15.0,-0.0017541018302236297,0.021928792437757434,-0.004330999582073016,0.7562736288371594,0.47547627458536257,0.5020770620605222,-0.12919981371475706,0,0,0,0,9.999999999998899e-05,9.999999999998899e-05,0.59,0.06,0.32499999999999996,-0.10960196480089497,1.120000000000001,-0.0017977680105855914,0.0
2025-05-07,1817.0,1850.0,1787.01,1811.11,456170.0705,96834.02,97732.0,95784.61,97030.5,16644.83854,96578190162,4083984399,20412619365.0,0.9999,23.55,122.117,67.0,4.33,3.0,0.0,15.0,-0.003246872434657581,0.0020269832486365163,0.00016523522880662703,0.7525739318760413,0.4757148973784264,0.4134604437695767,-0.12905591495848692,0,0,0,0,-9.999999999998899e-05,9.999999999998899e-05,0.67,0.06,0.365,0.21514825565787524,-1.2100000000000009,0.0006168119537609236,0.0
2025-05-08,1811.11,2226.0,1808.71,2207.39,1473152.686,97030.5,104145.76,96876.29,103261.6,34962.02847,95650655949,4134760002,19469722299.0,1.0001,22.48,122.7568,65.0,4.33,3.0,0.0,15.0,0.1978709051504642,0.06224021212940302,-0.009650387339783482,0.9826723941266899,0.48712308319712133,0.41515816730373634,-0.13742043737427181,0,0,0,0,9.999999999998899e-05,9.999999999998899e-05,0.65,0.06,0.355,0.13396070054318268,-1.0700000000000003,0.005225560724667796,0.0
2025-05-09,2207.39,2490.77,2184.33,2345.04,1667041.0382,103261.61,104361.3,102315.14,102971.99,27617.39907,105460999060,4614235502,22194389503.0,1.0,21.9,122.5191,73.0,4.33,3.0,0.0,15.0,0.060491637192219526,-0.002808564699583071,0.09763865374503553,0.913956625394829,0.41996474554224394,0.512769068889289,-0.04895056347809414,0,0,0,0,0.0,0.0,0.73,0.06,0.395,0.4587109210019529,-0.5800000000000018,-0.001938226090817527,0.0
2025-05-10,2345.04,2600.0,2317.0,2583.23,979350.1606,102971.99,104984.57,102818.76,104809.53,15324.78611,108458027466,4729660347,23414836201.0,1.0,,,70.0,4.33,3.0,0.0,15.0,0.09673809457506417,0.017687693367897713,0.02802204709359967,0.8814063198788866,0.38937511028939703,0.4721406246250833,-0.021923300298605296,0,0,0,0,0.0,0.0,0.7,0.06,0.38,0.33692958832991404,,,0.0
2025-05-11,2583.22,2608.13,2435.51,2514.57,831584.3888,104809.53,104972.0,103345.06,104118.0,17987.12197,114529482350,5023802690,24869976555.0,0.9998,,,70.0,4.33,3.0,0.0,18.0,-0.02693873911823869,-0.0066198315306769204,0.05446902311705491,0.8938547620990606,0.36837561202884184,0.4672578638339203,0.0,0,0,0,0,-0.00019999999999997797,0.00019999999999997797,0.7,0.07,0.385,0.3775233658872603,,,0.0
2025-05-12,2514.58,2624.0,2406.63,2495.47,1068680.9433,104118.0,105819.45,100718.37,102791.32,31272.77792,113130044638,4989142527,24440142103.0,0.9999,18.39,123.4863,70.0,4.33,3.0,0.0,18.0,-0.007624726562569798,-0.012823957677924932,-0.012294283112019704,0.8895725958923362,0.3710214898526556,0.47246540585666696,-0.012219017176060781,0,0,0,0,-9.999999999998899e-05,9.999999999998899e-05,0.7,0.07,0.385,0.3775233658872603,,,0.0
2025-05-13,2495.48,2738.5,2415.3,2679.71,1031355.6465,102791.32,104976.25,101429.7,104103.72,21253.42409,111258976617,4885367259,24007712960.0,0.9999,18.22,122.9583,70.0,4.33,3.0,0.0,18.0,0.07123149149621383,0.012686796194268246,-0.016677388027586202,0.8976240940431559,0.36115502963737034,0.4770731763760937,-0.028556016022192387,0,0,0,0,-9.999999999998899e-05,9.999999999998899e-05,0.7,0.07,0.385,0.3775233658872603,-0.1700000000000017,-0.00428494524021224,0.0
2025-05-14,2679.71,2725.99,2547.26,2609.74,830047.1122,104103.72,104356.95,102602.05,103507.82,16452.9081,115586679186,5165992059,25221579328.0,0.9998,18.62,122.6746,73.0,4.33,3.0,0.0,18.0,-0.02645798019825446,-0.005740544445962826,0.03816011116022095,0.9104848137482536,0.3638223219843289,0.4841018879299622,0.0,0,0,0,0,-0.00019999999999997797,0.00019999999999997797,0.73,0.07,0.4,0.49930469855929915,0.40000000000000213,-0.0023099521778154265,0.0
2025-05-15,2609.75,2647.03,2476.03,2548.69,768954.0332,103507.83,104192.7,101383.07,103763.71,17998.98604,112814724304,5037107163,23927492096.0,0.9998,17.83,122.8174,70.0,4.33,3.0,0.0,18.0,-0.023671097836287125,0.0024691295519930546,-0.02427385248856121,0.9114888317498182,0.3583871077945543,0.4974211717667226,-0.023981611908232264,0,0,0,0,-0.00019999999999997797,0.00019999999999997797,0.7,0.07,0.385,0.3775233658872603,-0.7900000000000027,0.0011633781638997454,0.0
2025-05-16,2548.7,2649.31,2529.4,2537.12,605953.6919,103763.71,104550.33,103100.49,103463.9,15683.88024,110732228443,4924117142,23357854774.0,0.9996,17.24,123.0737,71.0,4.33,3.0,0.0,18.0,-0.004549922218868295,-0.0028935353660749547,-0.01863193463167101,0.9106463999996266,0.3600175289906571,0.5044186206244589,-0.041998358090972625,0,0,0,0,-0.00039999999999995595,0.00039999999999995595,0.71,0.07,0.39,0.4181171434446066,-0.5899999999999999,0.0020846634369401386,0.0
2025-05-17,2537.13,2538.16,2446.42,2475.08,494333.2782,103463.9,103709.86,102612.5,103126.65,11250.89622,110792336957,4959250775,23633028441.0,0.9995,,,74.0,4.33,3.0,0.0,18.0,-0.024756860728527823,-0.0032649150658740724,0.0005426803602268072,0.9208373861290853,0.3614476676266451,0.5008394349869053,-0.041478328322635094,0,0,0,0,-0.0004999999999999449,0.0004999999999999449,0.74,0.07,0.405,0.5398984761166454,,,0.0
2025-05-18,2475.09,2587.61,2323.21,2497.78,810103.1851,103126.65,106660.0,103105.09,106454.26,21599.98726,109649331345,4794125084,23412732902.0,0.9996,,,74.0,4.33,3.0,0.0,16.0,0.009129618637998178,0.03175756480007516,-0.010370234123053934,0.9201125079477471,0.36916652987550125,0.5047959846248901,-0.051367059619783065,0,0,0,0,-0.00039999999999995595,0.00039999999999995595,0.74,0.06333333333333332,0.40166666666666667,0.5128359577450811,,,0.0
2025-05-19,2497.78,2547.36,2348.38,2528.14,861747.523,106454.27,107108.62,102000.0,105573.74,30260.03524,110465597389,4717734854,23964618355.0,0.9996,18.14,122.4186,74.0,4.33,3.0,0.0,16.0,0.012081517129454255,-0.00830574322175089,0.00741675987609899,0.9201709548480758,0.37337330214238623,0.5025209154861665,-0.04430512091068251,0,0,0,0,-0.00039999999999995595,0.00039999999999995595,0.74,0.06333333333333332,0.40166666666666667,0.5128359577450811,,,0.0
2025-05-20,2528.14,2588.63,2442.4,2524.19,676989.1747,105573.73,107320.0,104184.72,106849.99,23705.48275,111593583370,4848659094,24177271191.0,0.9995,18.09,122.3199,71.0,4.33,3.0,0.0,16.0,-0.0015636353147152056,0.012016222070838009,0.010159414973037448,0.9153374676920384,0.37309364197677963,0.5020078788609661,-0.034546332190878,0,0,0,0,-0.0004999999999999449,0.0004999999999999449,0.71,0.06333333333333332,0.38666666666666666,0.3910546250730423,-0.05000000000000071,-0.0008065752249921762,0.0
2025-05-21,2524.19,2615.95,2452.2,2550.99,1095890.2902,106850.0,110797.38,106100.01,109643.99,45531.040345,112343912387,4863006717,24371482535.0,0.9995,20.87,121.7496,70.0,4.33,3.0,0.0,16.0,0.010561299937301044,0.025812774424210004,0.006701261192316929,0.9125876063243604,0.3722932039636301,0.5000624176749662,-0.028054848723370607,0,0,0,0,-0.0004999999999999449,0.0004999999999999449,0.7,0.06333333333333332,0.38166666666666665,0.350460847515696,2.780000000000001,-0.004673267556319133,0.0
2025-05-22,2551.0,2692.99,2544.83,2664.82,852555.6669,109643.99,111980.0,109177.37,111696.21,31630.77313,114329405689,5007728794,24690813402.0,0.9998,20.28,122.0429,72.0,4.33,3.0,0.0,16.0,0.04365499400221554,0.018544112729196732,0.017518992531481013,0.8595053071728349,0.31120384654185834,0.4975876243910588,-0.010877321728196882,0,0,0,0,-0.00019999999999997797,0.00019999999999997797,0.72,0.06333333333333332,0.39166666666666666,0.43164840263038856,-0.5899999999999999,0.00240614573053671,0.0
2025-05-23,2664.83,2734.23,2498.3,2526.5,971442.4532,111696.22,111800.0,106800.0,107318.3,31737.72309,116573667436,5181880028,25563167074.0,0.9998,22.29,121.3837,78.0,4.33,3.0,0.0,16.0,-0.05330156737301998,-0.03998359037453153,0.019439606337017388,0.8901793399819885,0.35000198018095086,0.46148090699471955,0.0,0,0,0,0,-0.00019999999999997797,0.00019999999999997797,0.78,0.06333333333333332,0.4216666666666667,0.6752110679744662,2.009999999999998,-0.005416019542427834,0.0
2025-05-24,2526.49,2575.85,2515.08,2530.4,257544.2344,107318.3,109506.03,106875.41,107761.91,16782.53129,111993112543,4948682912,24664415186.0,0.9996,,,66.0,4.33,3.0,0.0,16.0,0.0015424472594757481,0.004125071563271793,-0.04008603741803587,0.8861442345440208,0.34996681184774353,0.49039337767329355,-0.03929322113430776,0,0,0,0,-0.00039999999999995595,0.00039999999999995595,0.66,0.06333333333333332,0.3616666666666667,0.18808573728631137,,,0.0
2025-05-25,2530.41,2554.26,2463.0,2551.22,359890.0299,107761.9,109299.99,106600.64,109004.19,17710.04695,112173628683,4939873324,24699278547.0,0.9995,,,74.0,4.33,3.0,0.0,13.0,0.008194283121783164,0.011462065339148519,0.0016105527343842148,0.8861554327673873,0.3507051762727867,0.4904557297502124,-0.037744705556387,0,0,0,0,-0.0004999999999999449,0.0004999999999999449,0.74,0.05333333333333333,0.39666666666666667,0.47224218018773484,,,0.0
2025-05-26,2551.22,2599.0,2525.86,2563.7,362971.1182,109004.2,110422.22,108670.58,109434.79,14649.11593,113347511518,5003339964,24809307201.0,0.9995,20.57,,73.0,4.33,3.0,0.0,13.0,0.004879851401569555,0.003942524889582682,0.010410495760164205,0.8859726035046885,0.3502881836993551,0.4869366205674121,-0.027674825618497323,0,0,0,0,-0.0004999999999999449,0.0004999999999999449,0.73,0.05333333333333333,0.39166666666666666,0.43164840263038856,,,0.0
2025-05-27,2563.7,2712.36,2509.46,2660.81,798430.8862,109434.78,110718.0,107516.57,108938.17,21276.65635,114132955119,4949912554,25010911052.0,0.9994,18.96,121.6099,74.0,4.33,3.0,0.0,13.0,0.0371790601849991,-0.004548373170012511,0.006905619053225326,0.8845260492964463,0.348244160117124,0.486564149526823,-0.020937080995070977,0,0,0,0,-0.0006000000000000449,0.0006000000000000449,0.74,0.05333333333333333,0.39666666666666667,0.47224218018773484,-1.6099999999999994,,0.0
2025-05-28,2660.81,2689.14,2608.5,2681.6,560095.6833,108938.17,109284.7,106769.43,107781.78,15633.78829,116016560843,5123700275,25425673202.0,0.9997,19.31,121.9888,71.0,4.33,3.0,0.0,13.0,0.007783043587972976,-0.0106718460844975,0.016368905004037856,0.8842291404354735,0.35106134836848185,0.48574333406691234,-0.004779008889858051,0,0,0,0,-0.00029999999999996696,0.00029999999999996696,0.71,0.05333333333333333,0.38166666666666665,0.350460847515696,0.34999999999999787,0.003110856548616719,0.0
2025-05-29,2681.61,2788.0,2619.05,2631.39,811567.2545,107781.78,108891.91,105322.86,105589.75,19834.70116,115665352741,5121704104,25342785187.0,0.9999,19.18,121.5617,74.0,4.33,3.0,0.0,13.0,-0.018901407621664652,-0.02054732532520838,-0.003031815177883489,0.8900264838748335,0.35919707750138014,0.48681004799081895,-0.007791765627504796,0,0,0,0,-9.999999999998899e-05,9.999999999998899e-05,0.74,0.05333333333333333,0.39666666666666667,0.47224218018773484,-0.129999999999999,-0.003507284426142154,0.0
2025-05-30,2631.39,2649.23,2507.35,2531.34,763045.2564,105589.75,106313.12,103621.0,103985.48,23706.49799,113080684577,5064879461,24891124980.0,0.9996,18.57,121.7674,60.0,4.33,3.0,0.0,13.0,-0.038763416887778096,-0.015310028157546413,-0.02259954490168748,0.9066843593666489,0.3650317464351845,0.49484870164515266,-0.02996373825948025,0,0,0,0,-0.00039999999999995595,0.00039999999999995595,0.6,0.05333333333333333,0.32666666666666666,-0.09607070561511258,-0.6099999999999994,0.0016907147480488638,0.0
2025-05-31,2531.35,2550.34,2475.33,2528.06,394537.2521,103985.47,104900.0,103068.55,104591.88,11289.35922,110038428553,4831358648,24297057077.0,0.9995,,,50.0,4.33,3.0,0.0,13.0,-0.0012965966160090577,0.00581464554481119,-0.027271931459081827,0.906486760076037,0.35724979664532797,0.5074091986898012,-0.0560610215560723,0,0,0,0,-0.0004999999999999449,0.0004999999999999449,0.5,0.05333333333333333,0.27666666666666667,-0.5020084811885749,,,0.0
2025-06-01,2528.06,2547.79,2468.56,2539.21,332021.7088,104591.88,105866.91,103752.49,105642.93,9709.70006,110225155844,4847380406,24456673573.0,0.9994,,,56.0,4.33,3.0,0.0,12.0,0.004400798850344821,0.00999890319604234,0.0016954898490645716,0.9062644962852208,0.35813440805666547,0.5044654815492404,-0.054459225068863776,0,0,0,0,-0.0006000000000000449,0.0006000000000000449,0.56,0.05,0.30500000000000005,-0.2719770750302792,,,0.0
2025-06-02,2539.2,2615.0,2475.0,2607.41,468889.9737,105642.93,105935.63,103659.88,105857.99,13453.98813,110924862993,4876271891,24732088749.0,0.9995,18.36,121.1881,64.0,4.33,3.0,0.0,12.0,0.026504382446835256,0.002033656157331761,0.006327917017736637,0.9061230492007355,0.35479644680951933,0.5044923839843652,-0.04845695058964534,0,0,0,0,-0.0004999999999999449,0.0004999999999999449,0.64,0.05,0.34500000000000003,0.05277314542849059,,,0.0
2025-06-03,2607.42,2655.38,2575.0,2593.36,454383.0439,105858.0,106794.67,104872.5,105376.89,13259.52634,110429297553,4956993462,25143342703.0,0.9993,17.69,121.4592,64.0,4.33,3.0,0.0,12.0,-0.005403059231682269,-0.004555126803574655,-0.0044775871095846815,0.9037071158281298,0.34871995322181965,0.504176675986284,-0.05270804306103962,0,0,0,0,-0.0007000000000000339,0.0007000000000000339,0.64,0.05,0.34500000000000003,0.05277314542849059,-0.6699999999999982,0.0022345199209055583,0.0
2025-06-04,2593.35,2679.88,2583.5,2607.68,502494.8214,105376.9,106000.0,104179.0,104696.86,14034.89482,109833336238,4962183819,25142997101.0,0.9993,17.61,121.0539,62.0,4.33,3.0,0.0,12.0,0.005506604904045108,-0.00647422512636591,-0.005411383302197472,0.903769982073674,0.35048792200684553,0.5028258226701008,-0.057820358115613917,0,0,0,0,-0.0007000000000000339,0.0007000000000000339,0.62,0.05,0.335,-0.028414409686201965,-0.08000000000000185,-0.003342502960419328,0.0
2025-06-05,2607.68,2640.86,2391.66,2414.01,808938.0344,104696.86,105909.71,100372.26,101508.68,22321.50154,109851093632,4901877359,25198721875.0,0.9994,18.48,120.9596,57.0,4.33,3.0,0.0,12.0,-0.07717167198088684,-0.030924814911036578,0.0001616627455044043,0.9550302946871452,0.3634405188798767,0.5021159825793488,-0.05766803045542643,0,0,0,0,-0.0006000000000000449,0.0006000000000000449,0.57,0.05,0.31,-0.23138329747293335,0.870000000000001,-0.0007792954093253987,0.0
2025-06-06,2414.02,2531.36,2381.49,2476.1,578843.4974,101508.69,105333.0,101095.8,104288.44,15839.07385,104941768941,4640672276,23919790719.0,0.9992,16.77,121.161,45.0,4.33,3.0,0.0,12.0,0.025395476560089048,0.027016209665029333,-0.04572013966005657,0.955455554792822,0.37412981990045413,0.5315171112904203,-0.09978152657319474,0,0,0,0,-0.0008000000000000229,0.0008000000000000229,0.45,0.05,0.25,-0.7185086281610882,-1.7100000000000009,0.0016636341265541172,0.0
2025-06-07,2476.1,2544.36,2457.0,2524.63,264787.6743,104288.43,105900.0,103871.09,105552.15,8344.93206,107269566249,4720242298,24517070639.0,0.9994,,,52.0,4.33,3.0,0.0,12.0,0.01940977560768664,0.012044621848145592,0.021939362250805228,0.6769936112310752,0.3082582747961101,0.5336444408120709,-0.07981306063059254,0,0,0,0,-0.0006000000000000449,0.0006000000000000449,0.52,0.05,0.28500000000000003,-0.4343521852596643,,,0.0
2025-06-08,2524.64,2548.63,2490.58,2509.83,266474.7139,105552.15,106488.14,104964.14,105734.0,8048.06305,108934139071,4868423096,24916618294.0,0.9995,,,62.0,4.33,4.0,0.0,14.0,-0.005879495570297428,0.0017213626629398297,0.01539849384615504,0.6467841482992692,0.3080084037785123,0.41574760444749953,-0.06553391115703013,0,0,0,0,-0.0004999999999999449,0.0004999999999999449,0.62,0.06,0.33999999999999997,0.01217936787114386,,,0.0
2025-06-09,2509.84,2693.99,2477.73,2680.13,568726.3025,105734.01,110530.17,105318.37,110263.02,19975.37451,108818428423,4854321954,24839514919.0,0.9996,17.16,120.9103,62.0,4.33,4.0,0.0,14.0,0.0656502790426938,0.0419420963494116,-0.0010627719362647755,0.5967887686565528,0.33509240774631316,0.4042437577337967,-0.06652650794621089,0,0,0,0,-0.00039999999999995595,0.00039999999999995595,0.62,0.06,0.33999999999999997,0.01217936787114386,,,0.0
2025-06-10,2680.13,2827.0,2655.61,2816.4,1138405.4775,110263.02,110400.0,108331.03,110274.39,17071.82839,113078076876,5135805525,25482160661.0,0.9997,16.95,121.0485,71.0,4.33,4.0,0.0,14.0,0.04959417285383804,0.00010311175786527098,0.038397826957768735,0.6108663799690324,0.3338119233760622,0.3802166645476325,-0.02998610781392042,0,0,0,0,-0.00029999999999996696,0.00029999999999996696,0.71,0.06,0.385,0.3775233658872603,-0.21000000000000085,0.0011423433661321622,0.0
2025-06-11,2816.41,2879.22,2743.75,2771.61,850210.9324,110274.39,110392.01,108064.0,108645.12,13115.91638,116339078984,5310820754,26443234139.0,0.9996,17.26,120.587,72.0,4.33,4.0,0.0,14.0,-0.016031094874014874,-0.01488492352072924,0.028430495937477568,0.6135393676908216,0.33503242105054337,0.3906093458221329,-0.0020123622869529364,0,0,0,0,-0.00039999999999995595,0.00039999999999995595,0.72,0.06,0.39,0.4181171434446066,0.3100000000000023,-0.0038198076122318275,0.0
2025-06-12,2771.6,2784.83,2616.24,2642.65,699593.3757,108645.13,108813.55,105671.72,105671.73,17778.67218,115549306963,5377296688,26277679531.0,0.9995,18.02,120.1723,71.0,4.33,4.0,0.0,14.0,-0.04764617720998437,-0.027749388787279217,-0.006811682883497582,0.5879468812413658,0.34800268248445254,0.3865056253206301,-0.008787237251177528,0,0,0,0,-0.0004999999999999449,0.0004999999999999449,0.71,0.06,0.385,0.3775233658872603,0.759999999999998,-0.003444937828979231,0.0
2025-06-13,2642.66,2645.45,2436.98,2579.19,1202176.2972,105671.74,106179.53,102664.31,106066.59,26180.81734,109894448185,4949020921,25247853720.0,0.9994,20.82,120.3245,61.0,4.33,4.0,0.0,14.0,-0.024306805427401885,0.0037297023772628075,-0.05017699581489639,0.5867966153132823,0.34743310765978286,0.4028374283225845,-0.05729612354065254,0,0,0,0,-0.0006000000000000449,0.0006000000000000449,0.61,0.06,0.33499999999999996,-0.028414409686202416,2.8000000000000007,0.0012657134757641483,0.0
2025-06-14,2579.19,2579.43,2488.72,2530.76,331438.9278,106066.59,106252.0,104300.0,105414.64,8798.93969,109918469360,4990256494,25094925538.0,0.9994,,,63.0,4.33,4.0,0.0,14.0,-0.018955743264715684,-0.0061655785271072,0.0002185601771169201,0.5846688744478675,0.3482199525422359,0.39452340431328164,-0.057090063497005135,0,0,0,0,-0.0006000000000000449,0.0006000000000000449,0.63,0.06,0.345,0.05277314542849014,,,0.0
2025-06-15,2530.77,2559.51,2492.0,2547.61,299701.6624,105414.63,106128.57,104494.53,105594.01,7164.20047,108919057126,4944593685,24865223587.0,0.9997,,,60.0,4.33,3.0,0.0,12.0,0.0066360118836382735,0.0017001202861056666,-0.009133892146236415,0.5849317551190183,0.34802074606935596,0.39051106920217915,-0.06566328810237056,0,0,0,0,-0.00029999999999996696,0.00029999999999996696,0.6,0.05,0.325,-0.10960196480089451,,,0.0
2025-06-16,2547.62,2680.34,2514.85,2544.17,680429.988,105594.02,108952.38,104980.37,106794.53,14922.6654,109254788685,4957656089,24902018303.0,0.9994,19.11,120.1565,61.0,4.33,3.0,0.0,12.0,-0.0013511976257330142,0.011305061807508105,0.003077654177610799,0.5780511708384026,0.3496493190566426,0.39070042982454234,-0.06278329327691548,0,0,0,0,-0.0006000000000000449,0.0006000000000000449,0.61,0.05,0.33,-0.06900818724354824,,,0.0
2025-06-17,2544.17,2618.6,2453.8,2509.95,715930.4081,106794.53,107771.34,103371.02,104551.17,17866.33025,111510586401,5018447724,26187332818.0,0.9997,21.6,120.5048,68.0,4.33,3.0,0.0,12.0,-0.013541634518074394,-0.02123009135616664,0.02043686632153286,0.5794050414515715,0.3400141903053373,0.39561746501544887,-0.04343245903093576,0,0,0,0,-0.00029999999999996696,0.00029999999999996696,0.68,0.05,0.36500000000000005,0.21514825565787568,2.490000000000002,0.0028945264002117766,0.0
2025-06-18,2509.95,2548.42,2465.78,2525.0,504532.1818,104551.17,105550.27,103500.0,104886.78,13968.64167,109807076709,4924546265,25558798942.0,0.9997,20.14,120.7305,52.0,4.33,3.0,0.0,12.0,0.005978230100768063,0.0032048660451346727,-0.015394553793402696,0.578214636309398,0.33910072019496657,0.39863207651543686,-0.058045619356660624,0,0,0,0,-0.00029999999999996696,0.00029999999999996696,0.52,0.05,0.28500000000000003,-0.4343521852596643,-1.4600000000000009,0.0018712026461755258,0.0
2025-06-19,2525.0,2546.91,2485.03,2521.12,252646.059,104886.79,105226.17,103929.27,104658.59,7678.60737,110208508872,4881524071,25585868093.0,0.9998,22.17,,57.0,4.33,3.0,0.0,12.0,-0.0015378154957248734,-0.0021779540173212956,0.0036491288324001204,0.5782137877966061,0.3362579454393746,0.3971468484071347,-0.054602027233075855,0,0,0,0,-0.00019999999999997797,0.00019999999999997797,0.57,0.05,0.31,-0.23138329747293335,2.030000000000001,,0.0
2025-06-20,2521.13,2569.0,2367.36,2406.49,632027.8235,104658.59,106524.65,102345.0,103297.99,16419.06283,110217444017,4895935494,25523865851.0,0.9999,20.62,121.0408,54.0,4.33,3.0,0.0,12.0,-0.04653399289162982,-0.013085610610985732,8.107162416926232e-05,0.5989621736603907,0.32484957598846154,0.3963240214191823,-0.05452537917698801,0,0,0,0,-9.999999999998899e-05,9.999999999998899e-05,0.54,0.05,0.29500000000000004,-0.35316463014497174,-1.5500000000000007,,0.0
2025-06-21,2406.49,2448.8,2216.0,2295.73,496783.864,103297.98,103982.64,100837.9,102120.01,11154.21332,106791581760,4765859063,24557387218.0,0.9996,,,49.0,4.33,3.0,0.0,12.0,-0.04711837861639429,-0.011469227749354669,-0.03157607740923894,0.5956628450794718,0.3177660973032573,0.4049202998001622,-0.08391333901689636,0,0,0,0,-0.00039999999999995595,0.00039999999999995595,0.49,0.05,0.27,-0.5561335179317031,,,0.0
2025-06-22,2295.72,2314.48,2111.89,2227.7,840155.8295,102120.02,103399.62,98200.0,100963.87,28746.41072,103547196125,4568947541,23766792946.0,0.9997,,,42.0,4.33,3.0,0.0,12.0,-0.0300812126348831,-0.011385960226360707,-0.030851590971331815,0.5771686308473252,0.29033305264102727,0.40895565176418003,-0.11174454400820538,0,0,0,0,-0.00029999999999996696,0.00029999999999996696,0.42,0.05,0.235,-0.840289960833127,,,0.0
2025-06-23,2227.7,2438.68,2188.0,2411.66,744583.8003,100963.87,106074.2,99613.33,105333.93,27666.50609,101037282732,4457211554,22794325471.0,0.9993,19.83,121.1694,47.0,4.33,3.0,0.0,12.0,0.07934564398281163,0.0423728593887924,-0.02453792528845967,0.6465371778072885,0.3286673570571006,0.3950225797616731,-0.13327525028351378,0,0,0,0,-0.0007000000000000339,0.0007000000000000339,0.47,0.05,0.26,-0.6373210730463956,,,0.0
2025-06-24,2411.66,2482.04,2376.11,2448.45,516760.6621,105333.94,106290.0,104622.02,106083.0,14651.69335,107042984852,4763254459,24428814003.0,0.9996,17.48,120.3645,65.0,4.33,3.0,0.0,12.0,0.015139864214513837,0.007086217120930923,0.05774089669202938,0.6483132120694248,0.32696937552328914,0.44888702108447043,-0.0817567362649239,0,0,0,0,-0.00039999999999995595,0.00039999999999995595,0.65,0.05,0.35000000000000003,0.09336692298583686,-2.349999999999998,-0.006664927611021061,0.0
2025-06-25,2448.46,2468.69,2389.69,2418.49,414894.7387,106083.0,108135.3,105808.03,107340.58,16701.15551,108699456643,4795799765,24763903720.0,0.9995,16.76,120.3336,66.0,4.33,3.0,0.0,12.0,-0.012311792807958116,0.011784963544526447,0.015356314050449916,0.6490000135733103,0.3295668821123597,0.4508742012606285,-0.06754707959516683,0,0,0,0,-0.0004999999999999449,0.0004999999999999449,0.66,0.05,0.35500000000000004,0.13396070054318315,-0.7199999999999989,-0.0002567531706295505,0.0
2025-06-26,2418.5,2520.92,2394.32,2415.96,463704.0261,107340.59,108272.45,106562.5,106947.06,10573.27279,108532375000,4795872287,24965731440.0,0.9995,16.59,119.6451,74.0,4.33,3.0,0.0,12.0,-0.0010466548339375498,-0.003672824455672302,-0.0015382798615053192,0.633509175665008,0.3294504621150393,0.44987836622588667,-0.06898035047593182,0,0,0,0,-0.0004999999999999449,0.0004999999999999449,0.74,0.05,0.395,0.4587109210019529,-0.1700000000000017,-0.005738024991941925,0.0
2025-06-27,2415.96,2463.54,2382.53,2423.17,381474.766,106947.06,107735.34,106356.76,107047.59,12232.44042,107241366205,4715576782,24438012058.0,0.9996,16.32,119.659,65.0,4.33,3.0,0.0,12.0,0.002979876686593695,0.0009395562683027059,-0.011966462586094094,0.6326803963039971,0.3274728298528599,0.4464161173034736,-0.08005496812668708,0,0,0,0,-0.00039999999999995595,0.00039999999999995595,0.65,0.05,0.35000000000000003,0.09336692298583686,-0.2699999999999996,0.00011617017857732615,0.0
2025-06-28,2423.17,2447.8,2405.81,2435.62,155814.9859,107047.58,107577.75,106811.51,107296.79,3282.17352,107685701190,4731759393,24714201572.0,0.9996,,,65.0,4.33,3.0,0.0,12.0,0.005124743916839685,0.0023252311283283957,0.004134757184589258,0.6308083753805754,0.31922467959912804,0.44703270738897843,-0.07624334415728641,0,0,0,0,-0.00039999999999995595,0.00039999999999995595,0.65,0.05,0.35000000000000003,0.09336692298583686,,,0.0
2025-06-29,2435.62,2525.0,2412.0,2500.09,284291.8057,107296.79,108528.5,107172.52,108356.93,6831.7364,109287171426,4777667974,24893654071.0,0.9997,,,68.0,4.33,3.0,0.0,11.0,0.026125386978616508,0.00983195226177919,0.014762207824931066,0.6245322408347131,0.3155429835545192,0.4447562849681497,-0.06250550549076919,0,0,0,0,-0.00029999999999996696,0.00029999999999996696,0.68,0.04666666666666667,0.36333333333333334,0.2016169964720933,,,0.0
2025-06-30,2500.09,2524.3,2431.0,2485.47,440455.714,108356.93,108789.99,106733.33,107146.5,9754.12491,110885697577,4875771320,25439482815.0,0.9997,16.73,119.4088,66.0,4.33,3.0,0.0,11.0,-0.005864954752458621,-0.011233628430860393,0.01452090120324054,0.6248167127773507,0.3181151867117367,0.4376811065695404,-0.04879292197033045,0,0,0,0,-0.00029999999999996696,0.00029999999999996696,0.66,0.04666666666666667,0.35333333333333333,0.12042944135740075,,,0.0
2025-07-01,2485.47,2500.8,2386.52,2405.01,351951.0868,107146.51,107540.0,105250.85,105681.14,10505.62437,110473026797,4820581309,24999167419.0,0.9997,16.83,119.3436,64.0,4.33,3.0,0.0,11.0,-0.032907714920473924,-0.01377060945880646,-0.0037285294197792395,0.6345598016287012,0.3202653496853231,0.43786539963267784,-0.05233292194696806,0,0,0,0,-0.00029999999999996696,0.00029999999999996696,0.64,0.04666666666666667,0.3433333333333333,0.0392418862427082,0.09999999999999787,-0.0005461725337277818,0.0
2025-07-02,2405.01,2619.28,2373.0,2570.41,634967.0337,105681.13,109730.0,105100.19,108849.6,17691.89592,108286488243,4724234623,24449917753.0,0.9996,16.64,119.3037,63.0,4.33,3.0,0.0,11.0,0.06651135770377255,0.029540665453745153,-0.01999100585128708,0.6713078195757368,0.3364155467750146,0.4427313814606238,-0.07108963263551553,0,0,0,0,-0.00039999999999995595,0.00039999999999995595,0.63,0.04666666666666667,0.3383333333333333,-0.0013518913146380812,-0.18999999999999773,-0.0003343846787436587,0.0
2025-07-03,2570.41,2635.5,2556.12,2591.25,504943.6592,108849.59,110529.18,108530.4,109584.78,13047.08225,112076883905,4951293950,25646239195.0,0.9996,16.38,119.2382,73.0,4.33,3.0,0.0,11.0,0.00807496551084155,0.006731383365643195,0.03440471530002842,0.6717089108232718,0.3364033286328144,0.4591382585716636,-0.038574608056049835,0,0,0,0,-0.00039999999999995595,0.00039999999999995595,0.73,0.04666666666666667,0.3883333333333333,0.40458588425882425,-0.26000000000000156,-0.0005491697822995558,0.0
2025-07-04,2591.26,2603.17,2474.24,2508.04,452593.02,109584.77,109767.59,107245.0,107984.24,11793.86615,113617997289,4990964424,26111360218.0,0.9998,17.48,,73.0,4.33,3.0,0.0,11.0,-0.03263881316104407,-0.014713205707567904,0.013656821354291734,0.6808690670856756,0.34000954512023884,0.460865839421354,-0.02535452655826145,0,0,0,0,-0.00019999999999997797,0.00019999999999997797,0.73,0.04666666666666667,0.3883333333333333,0.40458588425882425,1.1000000000000014,,0.0
2025-07-05,2508.04,2529.81,2487.95,2516.41,157198.0958,107984.25,108420.56,107756.31,108198.12,3736.9757,111372718119,4890474985,25532719158.0,0.9997,,,67.0,4.33,3.0,0.0,11.0,0.0033317110300457526,0.001978700480306492,-0.01995952326690761,0.6234407452197603,0.3198613085898407,0.46670465161636415,-0.04461512991221082,0,0,0,0,-0.00029999999999996696,0.00029999999999996696,0.67,0.04666666666666667,0.35833333333333334,0.16102321891474702,,,0.0
2025-07-06,2516.42,2605.0,2503.5,2570.35,277593.6319,108198.12,109700.0,107800.01,109203.84,6447.607,111933426939,4911480987,25846054599.0,0.9999,,,66.0,4.33,3.0,0.0,17.0,0.021208793768126077,0.009252236497324772,0.005021894925911837,0.6215795724842682,0.3082550700234801,0.4360680950410753,-0.039805220158725244,0,0,0,0,-9.999999999998899e-05,9.999999999998899e-05,0.66,0.06666666666666667,0.36333333333333334,0.2016169964720933,,,0.0
2025-07-07,2570.35,2590.57,2512.0,2542.29,315707.5272,109203.85,109700.0,107513.2,108262.94,9405.37601,113372911905,4973625978,26237645497.0,0.9998,17.79,119.6201,73.0,4.33,3.0,0.0,17.0,-0.010976826745835281,-0.008653329682976453,0.012778198431585406,0.6194360969906963,0.3078276379237241,0.43198713752270496,-0.027456934326590042,0,0,0,0,-0.00019999999999997797,0.00019999999999997797,0.73,0.06666666666666667,0.3983333333333333,0.4857734393735168,,,0.0
2025-07-08,2542.3,2628.21,2523.59,2615.25,370915.7321,108262.94,109216.56,107429.57,108922.98,9216.0208,112315575397,4897494509,25980408881.0,0.9998,16.81,119.8371,65.0,4.33,3.0,0.0,17.0,0.028294445582588534,0.0060781291164992805,-0.009369944000617038,0.6266197858811157,0.3083583594447063,0.4308436244155231,-0.036527048798029205,0,0,0,0,-0.00019999999999997797,0.00019999999999997797,0.65,0.06666666666666667,0.35833333333333334,0.16102321891474702,-0.9800000000000004,0.0018124329475346878,0.0
2025-07-09,2615.25,2795.74,2589.78,2768.74,686119.3772,108922.99,111999.79,108324.53,111233.99,17282.2865,114242923270,4961456357,26491627553.0,0.9997,15.94,119.7311,66.0,4.33,3.0,0.0,17.0,0.05703264782490422,0.02099497361671242,0.0170145404433188,0.6161267062350396,0.2807668616559799,0.4343441824206423,-0.019993744876214,0,0,0,0,-0.00029999999999996696,0.00029999999999996696,0.66,0.06666666666666667,0.36333333333333334,0.2016169964720933,-0.8699999999999992,-0.0008849255194748464,0.0
2025-07-10,2768.74,3000.0,2755.5,2951.29,951896.07,111234.0,116868.0,110500.0,116010.0,24883.450665,118152599938,5137650702,27723164747.0,0.9998,15.78,119.8343,71.0,4.33,3.0,0.0,17.0,0.06385001983809137,0.042040393709379065,0.03364992167879247,0.6320543718065924,0.31627253759277063,0.4295739453271434,0.0,0,0,0,0,-0.00019999999999997797,0.00019999999999997797,0.71,0.06666666666666667,0.3883333333333333,0.40458588425882425,-0.16000000000000014,0.0008615601951172636,0.0
2025-07-11,2951.29,3040.15,2913.75,2958.22,906839.1689,116010.01,118869.98,115222.22,117527.66,25873.521148,122939826378,5250903546,28723030325.0,0.9996,16.4,119.9214,71.0,4.33,3.0,0.0,17.0,0.002345373195644777,0.012997315848983379,0.03971801043727125,0.6288595395143787,0.3128154083822709,0.4401661126587857,0.0,0,0,0,0,-0.00039999999999995595,0.00039999999999995595,0.71,0.06666666666666667,0.3883333333333333,0.40458588425882425,0.6199999999999992,0.0007265729559858468,0.0
2025-07-12,2958.21,2979.78,2903.85,2943.28,348884.8877,117527.66,118200.0,116900.05,117420.0,8446.60437,123413173770,5244616168,28752272546.0,0.9997,,,79.0,4.33,3.0,0.0,17.0,-0.005063130362084512,-0.0009164595002588142,0.0038428431902709863,0.6034279978631433,0.29342947515712026,0.4390980486124101,0.0,0,0,0,0,-0.00029999999999996696,0.00029999999999996696,0.79,0.06666666666666667,0.42833333333333334,0.7293361047175945,,,0.0
2025-07-13,2943.29,3020.31,2936.49,2972.03,357333.5016,117420.0,119488.0,117224.79,119086.64,9550.792947,123149273376,5199884713,28771281889.0,0.9996,,,74.0,4.33,3.0,0.0,30.0,0.009720615278929012,0.014094044790011754,-0.0021406381858060206,0.5952448458577491,0.29574325415819785,0.39693098937506627,-0.002138348653862676,0,0,0,0,-0.00039999999999995595,0.00039999999999995595,0.74,0.11,0.425,0.7022735863460301,,,0.0
2025-07-14,2972.03,3083.0,2962.81,3013.62,815552.6496,119086.65,123218.0,118905.18,119841.18,27269.348877,124528572349,5269051797,29274808068.0,0.9998,17.2,120.2209,74.0,4.33,3.0,0.0,30.0,0.013896792937287883,0.006316070756330813,0.011137962121068453,0.5897997847580025,0.29361494006728195,0.39751929326879315,0.0,0,0,0,0,-0.00019999999999997797,0.00019999999999997797,0.74,0.11,0.425,0.7022735863460301,,,0.0
2025-07-15,3013.61,3144.14,2932.46,3137.89,863583.7377,119841.17,119940.83,115736.92,117758.09,32018.46083,124968941911,5227072481,29652031272.0,0.9999,17.38,120.5105,73.0,4.33,3.0,0.0,30.0,0.04040858556728951,-0.01753493076270058,0.0035300553643093685,0.6020249272910809,0.30324616626728074,0.39463275188867986,0.0,0,0,0,0,-9.999999999998899e-05,9.999999999998899e-05,0.73,0.11,0.42,0.6616798087886838,0.17999999999999972,0.0024060022058122786,0.0
2025-07-16,3137.9,3425.0,3101.0,3371.35,1135950.5831,117758.08,120063.84,117017.29,118630.43,17039.90851,126623603239,5339037550,30277202548.0,0.9995,17.16,120.4175,70.0,4.33,3.0,0.0,30.0,0.07176265809814222,0.0073805949622627876,0.013153690101135934,0.6420288709110966,0.3023042273773933,0.3957128839347191,0.0,0,0,0,0,-0.0004999999999999449,0.0004999999999999449,0.7,0.11,0.40499999999999997,0.539898476116645,-0.21999999999999886,-0.0007720149141572935,0.0
2025-07-17,3371.35,3523.44,3310.77,3476.87,974065.8264,118630.44,120998.71,117453.57,119177.56,15728.57651,130223581182,5494151124,30296252231.0,0.9992,16.52,120.6384,74.0,4.33,3.0,0.0,30.0,0.030819206153466738,0.004601451493544703,0.028033896625272694,0.6407368600623767,0.2888311357198367,0.40032320374053276,0.0,0,0,0,0,-0.0008000000000000229,0.0008000000000000229,0.74,0.11,0.425,0.7022735863460301,-0.6400000000000006,0.0018327704224161455,0.0
2025-07-18,3476.88,3673.84,3458.68,3546.92,1163823.3977,119177.56,120820.71,116812.76,117924.84,19924.66266,132348340718,5666302016,30872662372.0,0.9993,16.41,120.356,73.0,4.33,3.0,0.0,30.0,0.019947157492513926,-0.01056700950065718,0.016184563074346205,0.6412491060758888,0.2934843358199319,0.39502360803286246,0.0,0,0,0,0,-0.0007000000000000339,0.0007000000000000339,0.73,0.11,0.42,0.6616798087886838,-0.10999999999999943,-0.002343623995068483,0.0
2025-07-19,3546.92,3608.3,3506.79,3592.01,381791.9213,117924.84,118499.9,117277.34,117840.0,6635.80306,133839818489,5712891314,31695417714.0,0.9994,,,74.0,4.33,3.0,0.0,30.0,0.01263231313452492,-0.0007197002204572691,0.011206308980043676,0.6395734671128179,0.29314777264891584,0.3952830948504906,0.0,0,0,0,0,-0.0006000000000000449,0.0006000000000000449,0.74,0.11,0.425,0.7022735863460301,,,0.0
2025-07-20,3592.0,3824.56,3579.13,3756.69,852356.5533,117840.01,118856.8,116467.02,117265.12,12962.92889,134822780713,5734356286,32164985067.0,0.9994,,,72.0,4.33,3.0,0.0,32.0,0.04482631614396699,-0.004890417918115617,0.007317480088537025,0.6135560201418798,0.28850921387156414,0.3946150233212137,0.0,0,0,0,0,-0.0006000000000000449,0.0006000000000000449,0.72,0.11666666666666665,0.41833333333333333,0.6481485496029019,,,0.0
2025-07-21,3756.69,3860.0,3701.01,3762.33,812074.0534,117265.11,119676.73,116515.0,117380.36,17107.33128,138584459767,5865951628,33448022753.0,0.9996,16.65,119.9961,71.0,4.33,3.0,0.0,32.0,0.0015001957855612833,0.0009822478512299445,0.027518776989177342,0.5739126048772247,0.2832031991909986,0.37582764023310544,0.0,0,0,0,0,-0.00039999999999995595,0.00039999999999995595,0.71,0.11666666666666665,0.41333333333333333,0.6075547720455556,,,0.0
2025-07-22,3762.32,3798.65,3616.54,3746.21,870127.3864,117380.36,120247.8,116128.0,119954.42,20959.12973,138541806549,5871128823,33359268380.0,0.9996,16.5,119.681,72.0,4.33,3.0,0.0,32.0,-0.004293784082249591,0.021692235206271098,-0.0003078251578518153,0.5543022341999141,0.2831436116602453,0.3495676509779958,-0.0003077777845489474,0,0,0,0,-0.00039999999999995595,0.00039999999999995595,0.72,0.11666666666666665,0.41833333333333333,0.6481485496029019,-0.14999999999999858,-0.002629372447677126,0.0
2025-07-23,3746.21,3764.2,3527.0,3628.29,800259.4025,119954.43,120090.0,117301.0,118755.99,14558.75083,140011226415,5788489289,33264342032.0,0.9995,15.37,119.5697,74.0,4.33,3.0,0.0,32.0,-0.03198319934152158,-0.01004095354590667,0.010550475654443909,0.5331422854020385,0.25547696904203643,0.32700436275648553,0.0,0,0,0,0,-0.0004999999999999449,0.0004999999999999449,0.74,0.11666666666666665,0.42833333333333334,0.7293361047175945,-1.1300000000000008,-0.0009304048684407974,0.0
2025-07-24,3628.29,3771.0,3502.85,3706.94,749459.495,118756.0,119450.0,117103.1,118340.99,15806.89043,136580524127,5632389065,32838906204.0,0.9995,15.39,119.5664,71.0,4.33,3.0,0.0,32.0,0.021445275536585953,-0.0035006808084234644,-0.02480824703820336,0.5338225097136067,0.25653285600574777,0.30406121532400465,-0.024503051475538353,0,0,0,0,-0.0004999999999999449,0.0004999999999999449,0.71,0.11666666666666665,0.41333333333333333,0.6075547720455556,0.02000000000000135,-2.7599346148149153e-05,0.0
2025-07-25,3706.95,3747.0,3573.76,3724.96,764606.7261,118340.98,118451.57,114723.16,117614.31,38406.34873,136074965615,5561198441,32802454678.0,0.9998,14.93,119.9857,70.0,4.33,3.0,0.0,32.0,0.004849375076047342,-0.006159491204291899,-0.0037084094060307643,0.5265537203711714,0.25700180270545525,0.3056206175072309,-0.028113894155406754,0,0,0,0,-0.00019999999999997797,0.00019999999999997797,0.7,0.11666666666666665,0.4083333333333333,0.5669609944882094,-0.46000000000000085,0.0035007034228244937,0.0
2025-07-26,3724.97,3793.0,3697.66,3741.1,407259.7024,117614.31,118297.35,117138.38,117919.99,6991.67206,138001613876,5675134409,33367171266.0,0.9997,,,72.0,4.33,3.0,0.0,32.0,0.00432357231054932,0.002595631902628258,0.014059428213743456,0.5249018851986199,0.2558665554406845,0.3046641408538862,-0.014353224312480572,0,0,0,0,-0.00029999999999996696,0.00029999999999996696,0.72,0.11666666666666665,0.41833333333333333,0.6481485496029019,,,0.0
2025-07-27,3741.11,3879.82,3731.0,3872.1,457352.4605,117919.99,119766.65,117825.5,119415.55,9328.30919,138804208202,5763079760,33580094835.0,0.9996,,,73.0,4.33,4.0,0.0,30.0,0.03441730969773146,0.012603083346820849,0.005798986228877486,0.5276075372643872,0.25776499000360653,0.29618905323339273,-0.008620867368323308,0,0,0,0,-0.00039999999999995595,0.00039999999999995595,0.73,0.11333333333333334,0.42166666666666663,0.6752110679744657,,,0.0
2025-07-28,3872.11,3941.0,3754.0,3799.0,620994.7463,119415.56,119800.0,117427.5,118062.32,13961.74754,142528355964,5896370922,35020961273.0,0.9998,15.03,120.6149,75.0,4.33,4.0,0.0,30.0,-0.019059121321626165,-0.011396806340220294,0.02647660306270659,0.5402565158305335,0.2630388041605249,0.30214256947714724,0.0,0,0,0,0,-0.00019999999999997797,0.00019999999999997797,0.75,0.11333333333333334,0.43166666666666664,0.7563986230891583,,,0.0
2025-07-29,3799.0,3886.44,3716.04,3793.79,584210.4393,118062.32,119273.36,116950.75,117950.76,15137.93445,139490177054,5767238822,34062046643.0,1.0001,15.98,120.9674,73.0,4.33,4.0,0.0,30.0,-0.0013723547780699651,-0.0009453714032179849,-0.02154678573540062,0.5415253964830465,0.2622973449237897,0.31996552667314115,-0.021316312038057797,0,0,0,0,9.999999999998899e-05,9.999999999998899e-05,0.73,0.11333333333333334,0.42166666666666663,0.6752110679744657,0.9500000000000011,0.00291826222504647,0.0
2025-07-30,3793.79,3834.03,3677.65,3810.0,525424.9003,117950.75,118792.0,115796.23,117840.3,15586.73631,139117715689,5693406303,34049405095.0,1.0,15.48,121.4042,74.0,4.33,4.0,0.0,30.0,0.004263669711191031,-0.0009369312651676298,-0.002673733204196927,0.5380132721654429,0.2577696434701173,0.3212640106020107,-0.02392955599559055,0,0,0,0,0.0,0.0,0.74,0.11333333333333334,0.42666666666666664,0.715804845531812,-0.5,0.003604386593926406,0.0
2025-07-31,3810.0,3878.67,3684.33,3698.39,516088.4503,117840.29,118922.45,115500.0,115764.08,17010.0073,138909052388,5704623203,34288229867.0,1.0001,16.72,121.721,72.0,4.33,4.0,0.0,30.0,-0.029731599322331093,-0.01777599093867902,-0.0015010305778927883,0.5346135225404033,0.2614355191589609,0.32037154847777977,-0.025393568539541483,0,0,0,0,9.999999999998899e-05,9.999999999998899e-05,0.72,0.11333333333333334,0.41666666666666663,0.6346172904171195,1.2399999999999984,0.0026060661691812686,0.0
2025-08-01,3698.39,3724.02,3431.75,3488.2,783869.1517,115764.07,116052.0,112722.58,113297.93,24487.10206,135923895190,5556824368,33904601662.0,1.0003,20.38,121.2122,65.0,4.33,4.0,0.0,30.0,-0.05851174596384749,-0.02153342924967691,-0.02172428470292835,0.5584003088799496,0.2569283152864337,0.3223039296465063,-0.04633787241374035,0,0,0,0,0.00029999999999996696,0.00029999999999996696,0.65,0.11333333333333334,0.3816666666666667,0.35046084751569645,3.66,-0.004188811936419986,0.0
2025-08-02,3488.21,3537.69,3368.29,3393.94,494195.7094,113297.92,114063.49,112003.0,112546.35,11507.33428,130878175555,5362623619,32358866694.0,1.0001,,,55.0,4.33,4.0,0.0,30.0,-0.027394355452404134,-0.006655760991846373,-0.037828201986712474,0.5735804781674134,0.2576318089225297,0.34435537978649156,-0.08173938673608652,0,0,0,0,9.999999999998899e-05,9.999999999998899e-05,0.55,0.11333333333333334,0.33166666666666667,-0.0554769280577663,,,0.0
2025-08-03,3393.94,3521.79,3354.28,3496.74,296347.6758,112546.35,114799.97,111920.0,114208.8,7397.76046,128560050740,5221143276,31923378582.0,0.9998,,,53.0,4.33,5.0,1.0,47.0,0.02983961747477572,0.014663215250676506,-0.017870816818191314,0.5576817039373365,0.25560966807163243,0.3520487856567044,-0.09800369287588032,0,0,0,0,-0.00019999999999997797,0.00019999999999997797,0.53,0.17666666666666667,0.35333333333333333,0.12042944135740075,,,0.0
2025-08-04,3496.75,3736.73,3490.73,3720.99,463349.9861,114208.81,115720.0,114107.6,115055.03,9667.67916,132084635392,5397475719,32814012910.0,0.9999,17.52,120.9859,64.0,4.33,5.0,1.0,47.0,0.0621586560364612,0.007382183600908784,0.027046778223499265,0.5845020539211339,0.2563329547629709,0.3497586903368873,-0.07327468629918027,0,0,0,0,-9.999999999998899e-05,9.999999999998899e-05,0.64,0.17666666666666667,0.4083333333333333,0.5669609944882094,,,0.0
2025-08-05,3720.99,3722.24,3546.0,3612.0,489070.9589,115055.03,115127.81,112650.0,114129.75,12042.79078,136570848045,5571152112,34389087292.0,0.9999,17.85,120.9082,60.0,4.33,5.0,1.0,47.0,-0.02972812635652487,-0.008074576568790104,0.033400618938320976,0.6022740133387343,0.257326938713658,0.36284382889338906,-0.04179875561396888,0,0,0,0,-9.999999999998899e-05,9.999999999998899e-05,0.6,0.17666666666666667,0.3883333333333333,0.40458588425882425,0.33000000000000185,-0.000642429911869239,0.0
2025-08-06,3612.01,3698.6,3564.19,3683.31,365309.9205,114129.75,115716.0,113355.13,114992.27,9761.15318,135336357724,5471440104,34415615564.0,0.9997,16.77,120.5082,54.0,4.33,5.0,1.0,47.0,0.019550168879219083,0.00752894963418136,-0.009080294872324259,0.597429887534946,0.25549797553889986,0.36617835948600785,-0.0504601220673349,0,0,0,0,-0.00029999999999996696,0.00029999999999996696,0.54,0.17666666666666667,0.35833333333333334,0.16102321891474702,-1.0800000000000018,-0.0033137795612704925,0.0
2025-08-07,3683.31,3927.77,3647.63,3910.31,631678.9872,114992.27,117621.0,114259.0,117472.01,13468.56263,137474099609,5585504922,34939817881.0,0.9996,16.57,120.5043,62.0,4.33,5.0,1.0,47.0,0.05980485030798321,0.021335183728332856,0.015672314485230213,0.6177728749155565,0.26395778385405666,0.3634405222423427,-0.0354614092109265,0,0,0,0,-0.00039999999999995595,0.00039999999999995595,0.62,0.17666666666666667,0.3983333333333333,0.4857734393735168,-0.1999999999999993,-3.236346662796226e-05,0.0
2025-08-08,3910.3,4071.0,3880.0,4009.5,723300.0109,117472.02,117630.0,115878.71,116674.74,10045.31278,143697457090,6127659076,36984734718.0,0.9997,15.15,120.3329,74.0,4.33,5.0,1.0,47.0,0.025049890523005283,-0.00681002901994848,0.04427456408115784,0.5991390097152943,0.2571926166688107,0.3849445787166689,0.0,0,0,0,0,-0.00029999999999996696,0.00029999999999996696,0.74,0.17666666666666667,0.4583333333333333,0.9728987700616717,-1.42,-0.0014233683910767972,0.0
2025-08-09,4009.51,4326.2,4006.63,4260.62,691932.1048,116674.74,117944.05,116299.13,116462.25,9514.13144,144803424468,5836861039,37274228310.0,0.9996,,,67.0,4.33,5.0,1.0,47.0,0.06074814433253135,-0.0018228772606176664,0.007667032348261347,0.5958714791638358,0.21188548502707483,0.37334745360575977,0.0,0,0,0,0,-0.00039999999999995595,0.00039999999999995595,0.67,0.17666666666666667,0.42333333333333334,0.6887423271602482,,,0.0
2025-08-10,4260.63,4332.6,4153.07,4250.57,494843.8105,116462.25,119311.11,116460.63,119294.01,14322.77073,149412935767,6043997473,38523241627.0,0.9998,,,69.0,4.33,6.0,1.0,100.0,-0.0023615980070610175,0.024023932127064194,0.03133672442342911,0.5970800976030085,0.2234868675678229,0.3650942506795415,0.0,0,0,0,0,-0.00019999999999997797,0.00019999999999997797,0.69,0.35666666666666663,0.5233333333333333,1.5006178783071729,,,0.0
2025-08-11,4250.58,4366.46,4166.77,4223.22,722664.04,119294.27,122335.16,118050.11,118686.0,26494.33429,149109861277,6097321605,38662050362.0,0.9998,16.25,120.6892,70.0,4.33,6.0,1.0,100.0,-0.006455221328954463,-0.005109768025592827,-0.0020304954739147406,0.5976027374689071,0.2242978854566722,0.3662054855360165,-0.0020284354125309836,0,0,0,0,-0.00019999999999997797,0.00019999999999997797,0.7,0.35666666666666663,0.5283333333333333,1.541211655864519,,,0.0
2025-08-12,4223.22,4639.7,4219.04,4590.52,885288.0652,118686.0,120324.43,118207.47,120134.08,16720.10893,147948591441,5941993414,38516836717.0,1.0,14.73,120.2736,68.0,4.33,6.0,1.0,100.0,0.08339543715453994,0.01212710210107966,-0.007818499968395537,0.6472061601658825,0.22288220599933867,0.3683826319393919,-0.009800652925283204,0,0,0,0,0.0,0.0,0.68,0.35666666666666663,0.5183333333333333,1.4600241007498265,-1.5199999999999996,-0.003449498529261227,0.0
2025-08-13,4590.52,4783.85,4564.33,4749.3,925931.4988,120134.09,123667.79,118920.92,123306.43,23210.07102,154875056847,6200696940,40176575054.0,0.9996,14.49,120.13,73.0,4.33,6.0,1.0,100.0,0.03400393134970226,0.02606410567702287,0.04575384870611621,0.6507639361333831,0.23961623670066964,0.3932695157395378,0.0,0,0,0,0,-0.00039999999999995595,0.00039999999999995595,0.73,0.35666666666666663,0.5433333333333333,1.662992988536558,-0.2400000000000002,-0.0011946577928027998,0.0
2025-08-14,4749.31,4788.0,4451.33,4546.84,1265449.0453,123306.44,124474.0,117180.0,118295.09,27980.947586,158103199171,6359003479,40197752993.0,0.9992,14.83,120.6446,75.0,4.33,6.0,1.0,100.0,-0.04356475257801217,-0.04149029256629387,0.020629272121301986,0.6752187424139107,0.2748539211984907,0.39573816920594296,0.0,0,0,0,0,-0.0008000000000000229,0.0008000000000000229,0.75,0.35666666666666663,0.5533333333333333,1.7441805436512505,0.33999999999999986,0.004274543772907992,0.0
2025-08-15,4546.84,4672.67,4368.0,4439.47,880409.2591,118295.09,119216.82,116803.99,117342.05,13623.33874,153380696406,6260555189,38916799315.0,0.9992,15.09,120.3377,60.0,4.33,6.0,1.0,100.0,-0.023897486238018403,-0.008089091530436165,-0.03032493639858193,0.6513225149309688,0.2750296040942593,0.41688390916882606,-0.029869748302134437,0,0,0,0,-0.0008000000000000229,0.0008000000000000229,0.6,0.35666666666666663,0.4783333333333333,1.1352738802910562,0.2599999999999998,-0.002547076411174671,0.0
2025-08-16,4439.47,4490.42,4372.54,4421.99,358676.5884,117342.04,117898.99,117143.98,117380.66,6393.68117,150596704749,6095797517,37745467840.0,0.9993,,,56.0,4.33,6.0,1.0,100.0,-0.003945178937148229,0.00032898393468814104,-0.018317608413135178,0.6480613015992711,0.2744619240415143,0.41794536132363774,-0.047478447377153864,0,0,0,0,-0.0007000000000000339,0.0007000000000000339,0.56,0.35666666666666663,0.45833333333333337,0.9728987700616721,,,0.0
2025-08-17,4422.0,4576.0,4393.98,4472.33,442461.3829,117380.66,118575.0,117172.21,117405.01,5898.64192,150737517120,6167272921,37598048682.0,0.9993,,,64.0,4.33,6.0,1.0,83.0,0.011319704604323999,0.00020742322210116917,0.0009345926949561561,0.6467594240119472,0.2720535541855987,0.41611878427184346,-0.046587811566251004,0,0,0,0,-0.0007000000000000339,0.0007000000000000339,0.64,0.3,0.47,1.067617584362146,,,0.0
2025-08-18,4472.34,4481.88,4225.86,4312.99,823188.1269,117405.01,117543.75,114640.14,116227.05,17745.93954,151089441253,6218235343,37610688199.0,0.9995,14.99,120.5622,60.0,4.33,6.0,1.0,83.0,-0.03627812652559123,-0.010083975477294543,0.0023319606331953686,0.6643528103732537,0.2742534645169653,0.4154256078889136,-0.0443618975123591,0,0,0,0,-0.0004999999999999449,0.0004999999999999449,0.6,0.3,0.44999999999999996,0.905242474132761,,,0.0
2025-08-19,4312.99,4355.0,4067.34,4075.59,831222.7951,116227.05,116725.69,112732.58,112872.94,18065.47424,148379162012,6075104287,37046226972.0,1.0,15.57,120.7224,56.0,4.33,6.0,1.0,83.0,-0.05661587760273519,-0.02928284432910472,-0.018101084472927378,0.6838638212005921,0.2918470953663293,0.4223066177873188,-0.061504366831203416,0,0,0,0,0.0,0.0,0.56,0.3,0.43000000000000005,0.7428673639033768,0.5800000000000001,0.001327892650753753,0.0
2025-08-20,4075.58,4378.0,4060.0,4336.16,728324.8933,112872.95,114615.38,112380.0,114271.24,15636.34194,143025171171,5780167893,35608903636.0,0.9998,15.69,120.7757,44.0,4.33,6.0,1.0,83.0,0.06197364233702371,0.012312159298069381,-0.03675026622024854,0.7143619882520821,0.29560036746095203,0.43502191810640456,-0.09536826629100671,0,0,0,0,-0.00019999999999997797,0.00019999999999997797,0.44,0.3,0.37,0.25574203321522154,0.11999999999999922,0.00044141134746353966,0.0
2025-08-21,4336.16,4340.26,4204.2,4225.3,433836.3992,114271.23,114821.76,112015.67,112500.0,10839.69235,148305321924,5954319391,36986949141.0,1.0002,16.6,121.0843,50.0,4.33,6.0,1.0,83.0,-0.025898899620050653,-0.01562169894735077,0.0362524977589862,0.7217345425782925,0.2882776025994757,0.45194674668713136,-0.061971404110570144,0,0,0,0,0.00019999999999997797,0.00019999999999997797,0.5,0.3,0.4,0.49930469855929915,0.9100000000000019,0.0025518909077210075,0.0
2025-08-22,4225.3,4887.59,4207.39,4832.07,1277976.63526,112500.0,117429.05,111684.79,116935.99,23128.09037,147042782018,5817615404,36767429617.0,1.0002,14.22,120.2774,50.0,4.33,6.0,1.0,83.0,0.13418468307705242,0.03867346942564925,-0.008549556131061628,0.8404067464371492,0.3198223260282932,0.45245244184378747,-0.06995694717750374,0,0,0,0,0.00019999999999997797,0.00019999999999997797,0.5,0.3,0.4,0.49930469855929915,-2.380000000000001,-0.006686255574970087,0.0
2025-08-23,4832.07,4832.07,4659.7,4778.4,512442.0888,116936.0,117030.0,114560.0,115438.05,11329.36197,158433208309,6286243858,39953053193.0,1.0003,,,60.0,4.33,6.0,1.0,83.0,-0.011169184846589514,-0.012892668639070098,0.07460952724999974,0.8422943366162869,0.3225917737203701,0.5087188429807041,0.0,0,0,0,0,0.00029999999999996696,0.00029999999999996696,0.6,0.3,0.44999999999999996,0.905242474132761,,,0.0
2025-08-24,4778.4,4956.78,4711.0,4780.15,780668.77842,115438.06,115666.68,110680.0,113493.59,21175.98462,159620345292,6333785172,41117713318.0,1.0,,,53.0,4.33,5.0,1.0,61.0,0.00036616432817805254,-0.016987662875338143,0.007465047835581526,0.8426815132154726,0.3270248177079165,0.50781817140857,0.0,0,0,0,0,0.0,0.0,0.53,0.22333333333333333,0.3766666666666667,0.30986706995835017,,,0.0
2025-08-25,4780.15,4797.97,4334.13,4376.18,1043917.1659,113493.59,113667.28,109274.1,110111.98,25182.79379,156718477233,6227472079,39859550214.0,0.9998,14.79,120.4214,47.0,4.33,5.0,1.0,61.0,-0.08829572903520404,-0.03024851157390859,-0.018347096550696412,0.9076260451076419,0.3419664068571987,0.5133489216006075,-0.018179813191679887,0,0,0,0,-0.00019999999999997797,0.00019999999999997797,0.47,0.22333333333333333,0.3466666666666667,0.06630440461427253,,,0.0
2025-08-26,4376.17,4633.46,4311.04,4600.63,834750.2767,110111.98,112371.0,108666.66,111763.22,18452.43877,149871237030,5895039721,38652484278.0,0.9997,14.62,120.5274,48.0,4.33,5.0,1.0,61.0,0.050017052910167316,0.014884678291290745,-0.04467455146446546,0.9155372962354738,0.3433064967679029,0.540870858495326,-0.06107685235341121,0,0,0,0,-0.00029999999999996696,0.00029999999999996696,0.48,0.22333333333333333,0.3516666666666667,0.10689818217161881,-0.16999999999999993,0.0008798550300999998,0.0
2025-08-27,4600.63,4663.93,4481.53,4506.71,606669.3611,111763.22,112625.0,110345.42,111262.01,13392.60875,154327570966,5930781380,39799438663.0,0.9998,14.85,120.7274,51.0,4.33,5.0,1.0,61.0,-0.02062585335400408,-0.004494655997296272,0.029300921924736458,0.9160877152509589,0.3418221657080648,0.5425300854571257,-0.03315851946265191,0,0,0,0,-0.00019999999999997797,0.00019999999999997797,0.51,0.22333333333333333,0.3666666666666667,0.22867951484365764,0.23000000000000043,0.0016579984797483304,0.0
2025-08-28,4506.71,4633.97,4430.0,4511.21,485243.4027,111262.01,113485.9,110862.42,112566.9,11104.27744,153895869021,5881518590,39559156368.0,0.9999,14.43,120.2595,48.0,4.33,5.0,1.0,61.0,0.0009980129283716935,0.011659841291183425,-0.002801229051957265,0.9158948678010528,0.3451131220658341,0.5359065941025049,-0.03586307409953275,0,0,0,0,-9.999999999998899e-05,9.999999999998899e-05,0.48,0.22333333333333333,0.3516666666666667,0.10689818217161881,-0.41999999999999993,-0.0038832035099476076,0.0
2025-08-29,4511.2,4516.75,4265.0,4360.18,679063.8777,112566.9,112638.64,107463.9,108377.4,22580.31045,155135647080,5887864908,40022964461.0,0.9999,15.36,120.2082,50.0,4.33,5.0,1.0,61.0,-0.03405206930103277,-0.037928131382763526,0.008023678141203413,0.9263807577255948,0.3676596713414114,0.5357107476056706,-0.02809603126591387,0,0,0,0,-9.999999999998899e-05,9.999999999998899e-05,0.5,0.22333333333333333,0.3616666666666667,0.18808573728631137,0.9299999999999997,-0.0004266685361754673,0.0
2025-08-30,4360.18,4415.61,4257.2,4373.7,340319.1826,108377.4,108926.15,107350.1,108816.33,10708.39159,151094830192,5793644613,39432128999.0,0.9998,,,39.0,4.33,5.0,1.0,61.0,0.0030959918843136355,0.004041834886721533,-0.026392222444085407,0.9181550220692818,0.36432809503078695,0.5456562470930402,-0.05341120572320482,0,0,0,0,-0.00019999999999997797,0.00019999999999997797,0.39,0.22333333333333333,0.30666666666666664,-0.25844581584449766,,,0.0
2025-08-31,4373.7,4498.47,4372.63,4391.83,356586.1861,108816.33,109480.02,108076.93,108246.35,9489.51596,151368295836,5911671031,39295703779.0,0.9999,,,48.0,4.33,5.0,0.0,40.0,0.004136663921829146,-0.005251767001620112,0.0018082582303898347,0.8886342557041265,0.35774343057941255,0.5384693014632991,-0.05169798023493929,0,0,0,0,-9.999999999998899e-05,9.999999999998899e-05,0.48,0.15,0.315,-0.19078951991558707,,,0.0
2025-09-01,4391.83,4491.84,4210.61,4314.5,513830.0395,108246.36,109912.4,107255.0,109237.42,16053.60219,150968323797,5886493250,39157986866.0,0.9999,16.12,,46.0,4.22,5.0,0.0,40.0,-0.017764553752352776,0.009114030534832748,-0.0026458738132623338,0.8844756657738297,0.3591204308055748,0.5180061992649915,-0.054203751277272984,0,0,0,0,-9.999999999998899e-05,9.999999999998899e-05,0.46,0.15,0.305,-0.2719770750302796,,,-0.11000000000000032
2025-09-02,4314.5,4416.78,4257.85,4326.5,524605.0512,109237.43,111771.52,108393.39,111240.01,18510.28756,148881708943,5745812273,38893192806.0,0.9998,17.17,120.6837,49.0,4.22,5.0,0.0,40.0,0.0027774580984313694,0.018166440657325495,-0.013917947701233882,0.8810957833841607,0.3612445006801298,0.5160122852016072,-0.06727611276216308,0,0,0,0,-0.00019999999999997797,0.00019999999999997797,0.49,0.15,0.32,-0.1501957423582408,1.0500000000000007,,0.0
2025-09-03,4326.49,4490.64,4283.23,4450.46,487091.6861,111240.01,112575.27,110528.71,111705.71,11773.72084,150046027273,5759230887,38587720289.0,0.9996,16.35,120.5052,55.0,4.22,5.0,0.0,40.0,0.02824856055761766,0.004177704576073605,0.0077900045857716115,0.8621601346430736,0.36049441930771775,0.5099421552979991,-0.059981814984081824,0,0,0,0,-0.00039999999999995595,0.00039999999999995595,0.55,0.15,0.35000000000000003,0.09336692298583686,-0.8200000000000003,-0.0014801678898953333,0.0
2025-09-04,4450.46,4482.05,4265.33,4297.55,471795.7096,111705.72,112180.0,109329.12,110730.87,12203.13536,153511520268,5866182656,40221949843.0,0.9999,15.3,120.7629,51.0,4.22,5.0,0.0,40.0,-0.034962368743768533,-0.008765161209067217,0.022833519302405403,0.8650760672746826,0.36067336454519155,0.5036323273189489,-0.038270967355852274,0,0,0,0,-9.999999999998899e-05,9.999999999998899e-05,0.51,0.15,0.33,-0.06900818724354824,-1.0500000000000007,0.0021362135980612096,0.0
2025-09-05,4297.56,4490.0,4256.03,4307.45,624169.8754,110730.87,113384.62,110206.96,110659.99,21587.40888,150477991947,5728954347,39107011800.0,0.9998,15.18,120.1282,48.0,4.22,5.0,0.0,40.0,0.0023009888130162623,-0.0006403155254173387,-0.019958774231402254,0.8637147076519924,0.35936297528379135,0.5085658396363064,-0.057275614385343676,0,0,0,0,-0.00019999999999997797,0.00019999999999997797,0.48,0.15,0.315,-0.19078951991558707,-0.120000000000001,-0.005269613271214249,0.0
2025-09-06,4307.46,4329.3,4236.0,4273.14,191166.0686,110660.0,111307.7,109977.0,110187.97,5000.29897,151002486127,5732690184,39445018744.0,0.9997,,,48.0,4.22,5.0,0.0,40.0,-0.00799716170022149,-0.00427462149747006,0.003479460511048987,0.8418840375641624,0.35006032417665167,0.5066781901126307,-0.05398972887344028,0,0,0,0,-0.00029999999999996696,0.00029999999999996696,0.48,0.15,0.315,-0.19078951991558707,,,0.0
2025-09-07,4273.15,4336.02,4270.81,4306.19,169620.8372,110187.98,111600.0,110180.0,111137.34,5681.29944,150094405230,5750412663,39155481974.0,1.0,,,44.0,4.22,5.0,0.0,33.0,0.007704602454888019,0.008579008182539868,-0.0060318367694563455,0.8383216859396734,0.3515850900748955,0.4851896407405273,-0.05967873358858991,0,0,0,0,0.0,0.0,0.44,0.12666666666666665,0.2833333333333333,-0.44788344444544664,,,0.0
2025-09-08,4306.19,4384.06,4279.0,4306.37,372882.4355,111137.35,112924.37,110621.78,112065.23,11582.40211,151657779946,5832182382,40154049885.0,0.9998,15.11,120.0971,51.0,4.22,5.0,0.0,33.0,4.1799418529761376e-05,0.008314378685943164,0.010362070476372269,0.8114345847657717,0.3532857183226173,0.48571493814819455,-0.04988440121109721,0,0,0,0,-0.00019999999999997797,0.00019999999999997797,0.51,0.12666666666666665,0.31833333333333336,-0.16372700154402273,,,0.0
2025-09-09,4306.36,4381.87,4276.76,4310.09,405485.7821,112065.23,113293.29,110766.66,111546.39,15379.28248,152518169454,5854001699,39913161702.0,0.9999,15.04,120.1569,48.0,4.22,5.0,0.0,33.0,0.0008634637034529795,-0.004640554288638579,0.005657198107522225,0.8113766127910419,0.34139030841972345,0.47400649736073225,-0.04449417663523845,0,0,0,0,-9.999999999998899e-05,9.999999999998899e-05,0.48,0.12666666666666665,0.30333333333333334,-0.2855083342160616,-0.07000000000000028,0.0004978064984134728,0.0
2025-09-10,4310.08,4453.57,4285.1,4349.32,506633.9098,111546.38,114313.13,110917.45,113960.0,17517.41823,152521942623,5819271908,39666140284.0,0.9996,15.35,120.1223,49.0,4.22,5.0,0.0,33.0,0.009060725473809083,0.02140695144426305,2.4738838275997885e-05,0.8115163501749783,0.3509779594439932,0.47391247123145963,-0.044470538238810364,0,0,0,0,-0.00039999999999995595,0.00039999999999995595,0.49,0.12666666666666665,0.30833333333333335,-0.24491455665871528,0.3100000000000005,-0.00028799829730700636,0.0
2025-09-11,4349.33,4481.09,4338.82,4458.82,441259.6649,113960.0,115488.09,113430.0,115482.69,13676.73119,154520643725,5987987783,40316978282.0,0.9996,14.71,119.9534,54.0,4.22,5.0,0.0,33.0,0.024864645993088238,0.013273138970620393,0.013019232005653523,0.760797839103163,0.3515543070391714,0.47474125314291554,-0.03194894458893011,0,0,0,0,-0.00039999999999995595,0.00039999999999995595,0.54,0.12666666666666665,0.33333333333333337,-0.04194566887198391,-0.6399999999999988,-0.001407056423168121,0.0
2025-09-12,4458.83,4748.4,4450.71,4712.16,510777.5402,115482.69,116665.63,114740.99,116029.42,15324.10719,157109757082,6012125794,40891210951.0,0.9992,14.76,120.0611,57.0,4.22,5.0,0.0,33.0,0.05526224459511558,0.004723131039401508,0.01661694703822975,0.7765482484560533,0.3382643132392277,0.4507913748635398,-0.01572849755090605,0,0,0,0,-0.0008000000000000229,0.0008000000000000229,0.57,0.12666666666666665,0.3483333333333333,0.07983566380005402,0.049999999999998934,0.0008974458395517753,0.0
2025-09-13,4712.16,4769.36,4605.0,4666.53,394393.6869,116029.41,116298.78,115127.27,115918.29,8269.40394,162430333864,6209096312,42530197429.0,0.9994,,,52.0,4.22,5.0,0.0,33.0,-0.009730646826155577,-0.0009582332889029288,0.03330454436909824,0.7616261030223471,0.3068344383593201,0.4599971200830673,0.0,0,0,0,0,-0.0006000000000000449,0.0006000000000000449,0.52,0.12666666666666665,0.32333333333333336,-0.12313322398667646,,,0.0
2025-09-14,4666.54,4692.36,4576.89,4604.49,278244.3205,115918.29,116165.19,115135.0,115268.01,6707.60197,161760080682,6149498409,42417516821.0,0.9994,,,55.0,4.22,6.0,0.0,30.0,-0.013383840415569823,-0.005625607702316823,-0.004134941114300347,0.7581987891979614,0.3062050688815515,0.44649424763065004,-0.004126404016143875,0,0,0,0,-0.0006000000000000449,0.0006000000000000449,0.55,0.12,0.335,-0.028414409686201965,,,0.0
2025-09-15,4604.48,4670.28,4466.0,4523.74,412291.9687,115268.01,116757.99,114384.0,115349.71,13212.51149,159881899473,5974961484,42067090150.0,0.9997,15.69,119.5644,53.0,4.22,6.0,0.0,30.0,-0.017692829050488672,0.0007085318805328954,-0.01167883965873996,0.7608884010314552,0.3062223365935455,0.44332371058370096,-0.015689399451298047,0,0,0,0,-0.00029999999999996696,0.00029999999999996696,0.53,0.12,0.325,-0.10960196480089451,,,0.0
2025-09-16,4523.74,4538.25,4424.0,4501.29,293307.1099,115349.71,116964.27,114737.11,116788.96,10926.9094,158294348188,5915709772,41693929917.0,0.9995,16.36,119.1348,52.0,4.22,6.0,0.0,30.0,-0.004975062976067039,0.01240007484979025,-0.009979151310862237,0.76016418397034,0.30955298294872646,0.4452821791408668,-0.02546313596488071,0,0,0,0,-0.0004999999999999449,0.0004999999999999449,0.52,0.12,0.32,-0.1501957423582408,0.6699999999999999,-0.0035995132270443104,0.0
2025-09-17,4501.3,4616.77,4412.0,4590.53,476981.4561,116788.96,117286.73,114720.81,116447.59,16754.2454,158243929069,5917045715,40967612086.0,0.9995,15.72,119.1582,53.0,4.22,6.0,0.0,30.0,0.019631463454173458,-0.00292724484014056,-0.0003185657031011119,0.7513463055932643,0.3076705282049276,0.4453256051629805,-0.02577354054141883,0,0,0,0,-0.0004999999999999449,0.0004999999999999449,0.53,0.12,0.325,-0.10960196480089451,-0.6399999999999988,0.00019639687338868152,0.0
2025-09-18,4590.54,4644.47,4553.7,4587.66,290660.377,116447.6,117900.0,116092.76,117073.53,11657.23365,160833425407,6036661160,41824076491.0,0.9995,15.7,119.6616,52.0,4.22,6.0,0.0,30.0,-0.0006253956593931097,0.005360898398273296,0.01623150721422547,0.7210671061773642,0.28926070472733817,0.44235696145016346,-0.009831343807598541,0,0,0,0,-0.0004999999999999449,0.0004999999999999449,0.52,0.12,0.32,-0.1501957423582408,-0.02000000000000135,0.004215737100136715,0.0
2025-09-19,4587.66,4620.72,4435.7,4468.59,331611.1482,117073.53,117459.99,115100.0,115632.38,8992.09065,161654363378,6018952183,42724866652.0,0.9994,15.45,119.7858,53.0,4.22,6.0,0.0,30.0,-0.026297167533291962,-0.01238617811420754,0.005091291967388872,0.6969924947692439,0.29016560994958246,0.4188592249820849,-0.004777251068447019,0,0,0,0,-0.0006000000000000449,0.0006000000000000449,0.53,0.12,0.325,-0.10960196480089451,-0.25,0.0010373886802562682,0.0
2025-09-20,4468.59,4508.71,4454.45,4480.42,130781.913,115632.39,116121.81,115408.47,115685.63,4674.92752,158983144695,5875034694,41886653661.0,0.9994,,,48.0,4.22,6.0,0.0,30.0,0.0026438694092462277,0.0004604051447670285,-0.016662308163495197,0.6902043091658865,0.28435708117770525,0.40823724566934483,-0.021222570236703875,0,0,0,0,-0.0006000000000000449,0.0006000000000000449,0.48,0.12,0.3,-0.3125708525876259,,,0.0
2025-09-21,4480.41,4498.16,4443.0,4444.97,149349.8262,115685.63,115819.06,115188.0,115232.29,4511.52219,160533955011,5894427324,43075562697.0,0.9993,,,49.0,4.22,6.0,1.0,32.0,-0.007943672245900365,-0.003926421842189095,0.009707289502413218,0.499070744990175,0.24993066124176339,0.40708572587418645,-0.011675028967112781,0,0,0,0,-0.0007000000000000339,0.0007000000000000339,0.49,0.13,0.31,-0.23138329747293335,,,0.0
2025-09-22,4444.98,4455.76,4077.0,4199.08,708243.2348,115232.29,115379.25,111800.0,112650.99,20781.71356,158618013251,5753923345,42456536020.0,0.9991,16.1,119.8152,45.0,4.22,6.0,1.0,32.0,-0.056907666110895525,-0.02265554900340918,-0.0120065985302946,0.5330847434254778,0.2582115395378582,0.31733785397139186,-0.023470496688087754,0,0,0,0,-0.0009000000000000119,0.0009000000000000119,0.45,0.13,0.29000000000000004,-0.393758407702318,,,0.0
2025-09-23,4199.09,4229.03,4114.39,4164.26,315227.9057,112650.99,113290.5,111458.73,111998.8,12301.3203,152909885381,5627415358,40569088405.0,0.9997,16.64,119.6202,43.0,4.22,6.0,1.0,32.0,-0.008326864910836613,-0.005806298169945148,-0.036650115930479815,0.5329877479772096,0.25227410562586194,0.3407855209002446,-0.05861250332078551,0,0,0,0,-0.00029999999999996696,0.00029999999999996696,0.43,0.13,0.28,-0.47494596281701057,0.5399999999999991,-0.0016288321869931278,0.0
2025-09-24,4164.25,4206.9,4073.74,4152.81,353665.5671,111998.8,113940.0,111042.66,113307.0,12369.25967,150855974339,5520171665,39937619686.0,0.9994,16.18,120.1707,44.0,4.22,6.0,1.0,32.0,-0.0027533752231514953,0.011612792050812145,-0.013523194113063394,0.4391788079168841,0.23141744602286166,0.3381772601312302,-0.07125737692992125,0,0,0,0,-0.0006000000000000449,0.0006000000000000449,0.44,0.13,0.28500000000000003,-0.4343521852596643,-0.46000000000000085,0.004591508411153966,0.0
2025-09-25,4152.81,4161.04,3815.0,3874.36,930327.6951,113307.01,113510.23,108631.51,108994.49,21231.14957,151072830577,5511004952,40074866179.0,0.9994,16.74,120.5419,44.0,4.22,6.0,1.0,32.0,-0.06940472566749337,-0.03880361851008345,0.0014364729151942152,0.4591142456371303,0.26418945212869394,0.2997551554550748,-0.06992230463867317,0,0,0,0,-0.0006000000000000449,0.0006000000000000449,0.44,0.13,0.28500000000000003,-0.4343521852596643,0.5599999999999987,0.0030841783458169666,0.0
2025-09-26,3874.35,4068.3,3867.65,4032.24,575711.0859,108994.49,110300.0,108620.07,109643.46,14243.01591,145873548876,5336609117,39747808782.0,0.9992,15.29,120.4349,28.0,4.22,6.0,1.0,32.0,0.03994156493275973,0.0059364982695478945,-0.0350218994023109,0.4823931676159067,0.2648759606790984,0.30525386693594975,-0.10193160719513572,0,0,0,0,-0.0008000000000000229,0.0008000000000000229,0.28,0.13,0.20500000000000002,-1.0838526261772043,-1.4499999999999993,-0.0008880523521933554,0.0
2025-09-27,4032.24,4039.01,3972.98,4018.38,172693.2638,109643.46,109743.91,109064.4,109635.85,5501.78643,149146803924,5441207288,40694247400.0,0.9993,,,33.0,4.22,6.0,1.0,32.0,-0.0034432164711230614,-6.94091932618392e-05,0.02219093929420722,0.4820964781897049,0.26123988238596596,0.31654139367492834,-0.0817798598574701,0,0,0,0,-0.0007000000000000339,0.0007000000000000339,0.33,0.13,0.23,-0.8808837383904731,,,0.0
2025-09-28,4018.39,4144.88,3966.0,4142.16,240331.8589,109635.85,112350.0,109189.99,112163.95,7542.3316,150391362846,5455170812,41606870807.0,0.9995,,,37.0,4.22,6.0,0.0,30.0,0.03033855457312372,0.022797220643522374,0.00830989985197379,0.48365111287362117,0.2376529608337127,0.31664615630958154,-0.07411775086345641,0,0,0,0,-0.0004999999999999449,0.0004999999999999449,0.37,0.12,0.245,-0.7591024057184345,,,0.0
2025-09-29,4142.16,4235.86,4082.25,4215.07,380728.6784,112163.96,114400.0,111560.65,114311.96,15541.12005,154309745680,5604627738,43035683152.0,0.9992,16.12,120.115,50.0,4.22,6.0,0.0,30.0,0.017448807761483453,0.01896956203457031,0.025720935989752863,0.4880175252132802,0.24551730680844588,0.31629610136433944,-0.04999428364654611,0,0,0,0,-0.0008000000000000229,0.0008000000000000229,0.5,0.12,0.31,-0.23138329747293335,,,0.0
2025-09-30,4215.07,4245.0,4092.1,4145.15,391126.6172,114311.97,114792.0,112656.27,114048.93,15044.15633,156216160070,5658795022,43633394429.0,0.9996,16.28,120.1368,50.0,4.22,6.0,0.0,30.0,-0.016727222559593583,-0.0023036354107678868,0.012278771637829432,0.4905486514499723,0.24468933910478813,0.31885529674798674,-0.03825747104111118,0,0,0,0,-0.00039999999999995595,0.00039999999999995595,0.5,0.12,0.31,-0.23138329747293335,0.16000000000000014,0.00018147626831374822,0.0
2025-10-01,4145.15,4355.46,4123.08,4348.03,507026.3822,114048.94,118649.1,113966.67,118594.99,20036.39516,155530221481,5562887810,43324730121.0,0.9993,16.29,120.1502,49.0,4.09,6.0,0.0,30.0,0.04778389284816072,0.03908667600199795,-0.004400626512806435,0.5165084104046992,0.2763440774658008,0.31916994156643874,-0.042480442038476264,0,0,0,0,-0.0007000000000000339,0.0007000000000000339,0.49,0.12,0.305,-0.2719770750302796,0.00999999999999801,0.00011153329155454004,-0.1299999999999999
2025-10-02,4348.03,4516.74,4332.73,4484.35,526411.1571,118594.99,121022.07,118279.31,120529.35,19670.83503,161525028322,5811873933,44554240150.0,0.9993,16.63,120.4296,64.0,4.09,6.0,0.0,30.0,0.030870688512346534,0.01617904889913795,0.03782004168965928,0.5274133996524129,0.27503153085039617,0.3391440959421437,-0.005573500469179581,0,0,0,0,-0.0007000000000000339,0.0007000000000000339,0.64,0.12,0.38,0.33692958832991404,0.33999999999999986,0.002322723068308756,0.0
2025-10-03,4484.35,4591.59,4428.0,4512.87,485684.0267,120529.35,123894.99,119248.3,122232.0,23936.328,164843726692,5893083355,45008167932.0,0.9992,16.65,120.0881,63.0,4.09,6.0,0.0,30.0,0.0063397572859535895,0.014027586512955888,0.02033780936453607,0.5187336400288973,0.2778411968120857,0.3442915924139756,0.0,0,0,0,0,-0.0008000000000000229,0.0008000000000000229,0.63,0.12,0.375,0.2963358107725678,0.019999999999999574,-0.002839709755137246,0.0
2025-10-04,4512.88,4517.93,4440.0,4487.15,199732.7088,122232.21,122800.0,121510.0,122391.0,8208.16678,166315211673,5956718208,45021409048.0,0.9994,,,71.0,4.09,6.0,0.0,30.0,-0.005715558413766914,0.001299959712627995,0.008886939140416302,0.5033986221099813,0.2746761471592385,0.33762069033627595,0.0,0,0,0,0,-0.0006000000000000449,0.0006000000000000449,0.71,0.12,0.415,0.6210860312313375,,,0.0
2025-10-05,4487.16,4618.17,4467.05,4514.32,506587.9614,122390.99,125708.42,122136.0,123482.31,22043.097553,165952649236,5932649979,44695834562.0,0.9996,,,74.0,4.09,5.0,3.0,34.0,0.006036810101716383,0.008877068978927581,-0.002182351190420934,0.5036477220228462,0.2749474805744378,0.3281866125750587,-0.002179971593415344,0,0,0,0,-0.00039999999999995595,0.00039999999999995595,0.74,0.14,0.44,0.8240549190180689,,,0.0
2025-10-06,4514.32,4735.93,4488.25,4684.01,456200.6528,123482.32,126199.63,123084.0,124658.54,19494.628793,166925549329,6305176404,44580526637.0,0.9995,16.37,120.2722,71.0,4.09,5.0,3.0,34.0,0.03690001421518396,0.009480412513902298,0.00584539851164064,0.5170887323022209,0.27413977797629224,0.3283100025645171,0.0,0,0,0,0,-0.0004999999999999449,0.0004999999999999449,0.71,0.14,0.425,0.7022735863460301,,,0.0
2025-10-07,4684.02,4755.0,4430.43,4447.7,640685.9319,124658.54,125126.0,120574.94,121332.95,21633.99385,171271336470,6964620302,45808938227.0,0.9994,17.24,120.4884,70.0,4.09,5.0,3.0,34.0,-0.051767472030075326,-0.027039899832890336,0.025701161295213732,0.5508724269592101,0.29425207058168007,0.3354869970396302,0.0,0,0,0,0,-0.0006000000000000449,0.0006000000000000449,0.7,0.14,0.42,0.6616798087886838,0.8699999999999974,0.0017959754055544136,0.0
2025-10-08,4447.7,4558.0,4410.08,4525.72,399904.3287,121332.96,124197.25,121066.14,123306.0,17012.618,167395004418,6720676428,44862878937.0,0.9995,16.3,120.7766,60.0,4.09,5.0,3.0,34.0,0.017389571885848193,0.01613065116385741,-0.022892746483169874,0.5537775100394228,0.29730091618827936,0.3478722902159969,-0.022632695767391183,0,0,0,0,-0.0004999999999999449,0.0004999999999999449,0.6,0.14,0.37,0.25574203321522154,-0.9399999999999977,0.0023890753907898684,0.0
2025-10-09,4525.72,4531.52,4265.06,4368.09,515978.1829,123306.01,123762.94,119651.47,121662.4,21559.36007,169172913055,6802841461,45350423973.0,0.9993,16.43,121.0902,70.0,4.09,5.0,3.0,34.0,-0.03545083789043667,-0.013419074980521103,0.010565030605487654,0.5687166028010233,0.3017531627628687,0.3487126500938732,-0.012252040874145694,0,0,0,0,-0.0007000000000000339,0.0007000000000000339,0.7,0.14,0.42,0.6616798087886838,0.129999999999999,0.0025931643014552213,0.0
2025-10-10,4368.09,4393.63,3435.0,3829.72,1493971.0244,121662.41,122550.0,102000.0,112774.5,64171.93927,164952195470,6662422023,43309684041.0,0.9983,21.66,121.1163,64.0,4.09,5.0,3.0,34.0,-0.13153414915544512,-0.07585974612842505,-0.025265638531086827,0.7303739300724283,0.4010396872647103,0.3627200857201272,-0.036895496527563236,0,0,0,0,-0.0017000000000000348,0.0017000000000000348,0.64,0.14,0.39,0.4181171434446066,5.23,0.0002155185769253186,0.0
2025-10-11,3829.72,3878.3,3643.33,3746.79,789885.6582,112774.49,113322.39,109561.59,110644.4,35448.51652,147869068949,5889579453,38520572434.0,0.9989,,,27.0,4.09,5.0,3.0,34.0,-0.021892220065384466,-0.019068794493195606,-0.10932849454830594,0.725112494221754,0.40307493142735,0.5306928566979395,-0.1366385526226051,0,0,0,0,-0.0010999999999999899,0.0010999999999999899,0.27,0.14,0.20500000000000002,-1.0838526261772043,,,0.0
2025-10-12,3746.8,4197.7,3694.74,4152.29,811308.152,110644.4,115770.0,109565.06,114958.8,32255.30272,145846463694,5934884865,39068766565.0,0.999,,,24.0,4.09,5.0,5.0,33.0,0.10276051587678621,0.0382523481182313,-0.013772763114452113,0.7913566828149264,0.42583769844120867,0.5282400840293204,-0.148447914870177,0,0,0,0,-0.0010000000000000009,0.0010000000000000009,0.24,0.14333333333333334,0.19166666666666665,-1.1921026996634612,,,0.0
2025-10-13,4152.29,4292.0,4042.29,4240.85,622813.9247,114958.81,115963.81,113616.5,115166.0,22557.24033,155924437344,6382454324,41429749707.0,0.9991,19.03,,38.0,4.09,5.0,5.0,33.0,0.02110373156831671,0.001800762507920933,0.06681706406623623,0.7959477349734214,0.4258934950171685,0.5682332972284276,-0.08960576499435545,0,0,0,0,-0.0009000000000000119,0.0009000000000000119,0.38,0.14333333333333334,0.26166666666666666,-0.6237898138606137,,,0.0
2025-10-14,4240.86,4263.38,3888.74,4125.02,962996.7658,115166.0,115409.96,109866.0,113028.14,31870.32974,159095871400,6484672888,42112956215.0,0.9994,20.81,121.1822,38.0,4.09,5.0,5.0,33.0,-0.02769285259047492,-0.01873775155179968,0.020135471388295273,0.7998101117733292,0.4304210045970325,0.573028914261691,-0.07108874912138415,0,0,0,0,-0.0006000000000000449,0.0006000000000000449,0.38,0.14333333333333334,0.26166666666666666,-0.6237898138606137,1.7799999999999976,,0.0
2025-10-15,4125.01,4217.6,3926.74,3985.61,626081.6966,113028.13,113612.35,110164.0,110763.28,22986.48811,156123244331,6376916073,41216157643.0,0.9994,20.64,120.8642,34.0,4.09,5.0,5.0,33.0,-0.0343804937045906,-0.020241502815851853,-0.01886126218519159,0.8055910031665721,0.43575639474155503,0.5753270516821024,-0.08844499290547284,0,0,0,0,-0.0006000000000000449,0.0006000000000000449,0.34,0.14333333333333334,0.2416666666666667,-0.7861649240899984,-0.16999999999999815,-0.002627596881945074,0.0
2025-10-16,3985.61,4086.49,3826.04,3894.51,643804.6163,110763.28,111982.45,107427.0,108194.28,29857.17252,151095025659,6248886060,38967510616.0,0.9997,25.31,120.6698,28.0,4.09,5.0,5.0,33.0,-0.023122505456865863,-0.023466811492917763,-0.032736775221639404,0.8082870102869878,0.439452731048107,0.5852904170286561,-0.11780319595120399,0,0,0,0,-0.00029999999999996696,0.00029999999999996696,0.28,0.14333333333333334,0.21166666666666667,-1.029727589434076,4.669999999999998,-0.001609711609769043,0.0
2025-10-17,3894.5,3950.45,3674.5,3831.57,830127.0885,108194.27,109240.0,103528.23,106431.68,37920.66838,148228266968,5723757041,38228097335.0,0.9995,20.78,120.7028,22.0,4.09,5.0,5.0,33.0,-0.016293228229644297,-0.016425222998888867,-0.019155517932072014,0.8043086128854033,0.44211341502276075,0.588470322948385,-0.13454130724341162,0,0,0,0,-0.0004999999999999449,0.0004999999999999449,0.22,0.14333333333333334,0.18166666666666667,-1.2732902547781535,-4.529999999999998,0.00027343617465784917,0.0
2025-10-18,3831.58,3927.73,3819.07,3889.21,250710.6121,106431.68,107499.0,106322.2,107185.01,11123.18766,145692333322,5613816961,37361503708.0,0.9995,,,23.0,4.09,5.0,5.0,33.0,0.014931411304294739,0.007053129818340636,-0.01725633774992942,0.807447192535453,0.4425552830619459,0.5868743919484368,-0.1493478341163084,0,0,0,0,-0.0004999999999999449,0.0004999999999999449,0.23,0.14333333333333334,0.18666666666666668,-1.232696477220807,,,0.0
2025-10-19,3889.2,4030.94,3827.04,3982.58,408538.2545,107185.0,109450.07,106103.36,108642.78,15480.66423,148633254575,5682130207,39247041195.0,0.9995,,,29.0,4.09,5.0,1.0,28.0,0.02372379831186929,0.013508845814879343,0.019984800880748957,0.8100822877066616,0.44481137603057935,0.5918316184112263,-0.1321767107186981,0,0,0,0,-0.0004999999999999449,0.0004999999999999449,0.29,0.11333333333333334,0.20166666666666666,-1.1109151445487686,,,0.0
2025-10-20,3982.58,4085.3,3908.73,3979.22,511382.3301,108642.77,111705.56,107402.52,110532.09,19193.4416,149085056311,5776824280,37945806161.0,0.9997,18.23,120.6209,29.0,4.09,5.0,1.0,28.0,-0.0008440302945235186,0.017240633452995615,0.0030350977169101376,0.8098223361091942,0.44983927503775156,0.5900097147715504,-0.1295387810726062,0,0,0,0,-0.00029999999999996696,0.00029999999999996696,0.29,0.11333333333333334,0.20166666666666666,-1.1109151445487686,,,0.0
2025-10-21,3979.22,4110.0,3840.24,3873.05,590594.1382,110532.09,114000.0,107473.72,108297.67,37228.01659,151160265426,5827307063,39577773160.0,0.9995,17.87,120.8895,34.0,4.09,5.0,1.0,28.0,-0.027043509852020572,-0.02042224657419341,0.013823643608531439,0.8137374742548836,0.4546050174836301,0.5912237306435932,-0.11742228126726079,0,0,0,0,-0.0004999999999999449,0.0004999999999999449,0.34,0.11333333333333334,0.22666666666666668,-0.9079462567620372,-0.35999999999999943,0.002224335769766672,0.0
2025-10-22,3873.04,3889.27,3710.0,3805.53,593130.0905,108297.66,109163.88,106666.69,107567.44,28610.78451,147749459782,5672936266,37473452817.0,0.9997,18.6,120.8958,25.0,4.09,5.0,1.0,28.0,-0.017587038317258403,-0.006765639759505252,-0.022822634425517706,0.7932193579217078,0.4488911515845483,0.5947199297670992,-0.1373369133025952,0,0,0,0,-0.00029999999999996696,0.00029999999999996696,0.25,0.11333333333333334,0.18166666666666667,-1.2732902547781535,0.7300000000000004,5.211234927357952e-05,0.0
2025-10-23,3805.53,3934.86,3796.54,3856.8,477231.0181,107567.45,111293.61,107500.0,110078.18,17573.09294,145004958100,5594220153,35957126384.0,0.9995,17.3,120.9531,27.0,4.09,5.0,1.0,28.0,0.013382552088275646,0.02307284091421478,-0.018750064352639557,0.7950932446467599,0.4566709255748981,0.5849291905317572,-0.15336120398990893,0,0,0,0,-0.0004999999999999449,0.0004999999999999449,0.27,0.11333333333333334,0.19166666666666668,-1.192102699663461,-1.3000000000000007,0.00047384959015447426,0.0
2025-10-24,3856.8,4026.39,3845.86,3934.88,425926.9383,110078.19,112104.98,109700.01,111004.89,15005.16913,147056924862,5888824333,36394796729.0,0.9998,16.37,120.9345,30.0,4.09,5.0,1.0,28.0,0.02004256174236033,0.008383413777914583,0.014051820149245772,0.7989886553084481,0.4557239625076528,0.585862424778147,-0.1413804090460952,0,0,0,0,-0.00019999999999997797,0.00019999999999997797,0.3,0.11333333333333334,0.20666666666666667,-1.0703213669914222,-0.9299999999999997,-0.0001537904385066912,0.0
2025-10-25,3934.88,3969.22,3912.4,3953.82,138526.3338,111004.9,111943.19,110672.86,111646.27,6407.96864,149293124337,5778609681,37284429170.0,0.9998,,,37.0,4.09,5.0,1.0,28.0,0.004801814340076848,0.005761315360732372,0.015091895040585362,0.760980466762445,0.4348392032212115,0.5884636985399112,-0.1283239366608768,0,0,0,0,-0.00019999999999997797,0.00019999999999997797,0.37,0.11333333333333334,0.24166666666666667,-0.7861649240899986,,,0.0
2025-10-26,3953.81,4178.78,3919.03,4158.46,344698.0918,111646.27,115466.8,111260.45,114559.4,13454.47737,149639242357,5438375607,37523928292.0,0.9997,,,40.0,4.09,5.0,0.0,24.0,0.05046261323567923,0.025757896011683146,0.002315695543428475,0.7686591811000579,0.4432014214185724,0.5750704289183337,-0.1263030613227514,0,0,0,0,-0.00029999999999996696,0.00029999999999996696,0.4,0.09666666666666666,0.24833333333333335,-0.7320398873468702,,,0.0
2025-10-27,4158.46,4253.72,4095.0,4120.15,487131.2291,114559.41,116400.0,113830.01,114107.65,21450.23241,154914099942,5628189381,39197566089.0,0.9999,15.79,120.7988,51.0,4.09,5.0,0.0,24.0,-0.009255242961713369,-0.003951164697453273,0.034643423012110736,0.7693516683444025,0.4435768988995995,0.5824794067049454,-0.09550481046701673,0,0,0,0,-9.999999999998899e-05,9.999999999998899e-05,0.51,0.09666666666666666,0.30333333333333334,-0.2855083342160616,,,0.0
2025-10-28,4120.16,4175.55,3931.33,3979.2,472965.8377,114107.65,116086.0,112211.0,112898.45,15523.42257,154167958854,5581845744,39383947886.0,0.9998,16.42,120.6361,50.0,4.09,5.0,0.0,24.0,-0.034808776398675446,-0.010653558973310539,-0.004828119369534681,0.7714622244889379,0.43852070457015774,0.5822820153368826,-0.09986129593258496,0,0,0,0,-0.00019999999999997797,0.00019999999999997797,0.5,0.09666666666666666,0.29833333333333334,-0.32610211177340787,0.6300000000000026,-0.0013477755256485026,0.0
2025-10-29,3979.19,4036.66,3840.37,3902.99,486452.3127,112898.44,113643.73,109200.0,110021.29,21079.71376,151101846146,5471919795,38353115361.0,0.9997,16.92,120.5312,51.0,4.09,5.0,0.0,24.0,-0.019337868003501114,-0.025814849578232026,-0.02008856275983246,0.7708579410208634,0.4422247039573621,0.5795496645357331,-0.11776337325150085,0,0,0,0,-0.00029999999999996696,0.00029999999999996696,0.51,0.09666666666666666,0.30333333333333334,-0.2855083342160616,0.5,-0.0008699355726550113,0.0
2025-10-30,3903.0,3948.74,3680.0,3805.09,531455.9923,110021.3,111592.0,106304.34,108322.88,25988.82838,149979683988,5418173828,37510228569.0,1.0,16.91,121.2832,34.0,4.09,5.0,0.0,24.0,-0.025403281941540668,-0.015557495821203146,-0.007454242401666808,0.7734539323881758,0.4450202782965474,0.5780729804653724,-0.12431532865237763,0,0,0,0,0.0,0.0,0.34,0.09666666666666666,0.21833333333333335,-0.9756025526909475,-0.010000000000001563,0.0062196661920156035,0.0
2025-10-31,3804.95,3906.09,3796.36,3847.99,478636.2995,108322.87,111190.0,108275.28,109608.01,21518.20439,146939204002,5304777207,36868516955.0,1.0003,17.44,121.3859,29.0,4.09,5.0,0.0,24.0,0.011211289925523064,0.011794059086766558,-0.020480921829429444,0.753582720740623,0.423169975530806,0.5818470245646801,-0.14206774448952836,0,0,0,0,0.00029999999999996696,0.00029999999999996696,0.29,0.09666666666666666,0.19333333333333333,-1.178571440477679,0.5300000000000011,0.0008464201345076944,0.0
2025-11-01,3848.0,3909.39,3831.0,3873.77,152998.1626,109608.01,110564.49,109394.81,110098.1,7378.50431,147289209315,5368341776,36946534266.0,1.0002,,,33.0,3.88,5.0,0.0,24.0,0.006677259014800738,0.004461330755654716,0.002379141253892951,0.744128853233141,0.41856461765482705,0.5642674458882525,-0.14002417245807341,0,0,0,0,0.00019999999999997797,0.00019999999999997797,0.33,0.09666666666666666,0.21333333333333335,-1.016196330248294,,,-0.20999999999999996
2025-11-02,3873.78,3918.23,3839.12,3906.58,216083.1542,110098.1,111250.01,109471.34,110540.68,12107.00087,147337752204,5437952877,36919741561.0,1.0,,,37.0,3.88,5.0,1.0,27.0,0.00843411787205513,0.004011811464844439,0.00032952102678565924,0.7445619943386067,0.41487281010888505,0.5581005520598576,-0.13974074564538838,0,0,0,0,0.0,0.0,0.37,0.11,0.24,-0.7996961832757807,,,0.0
2025-11-03,3906.58,3914.29,3558.82,3603.83,877187.3852,110540.69,110750.0,105306.56,106583.04,28681.18779,147554540027,5386701858,37144359724.0,1.0,17.17,121.4512,42.0,3.88,5.0,1.0,27.0,-0.08066514211210017,-0.03645919836858115,0.0014702850346687774,0.7902078148877587,0.43016880995007123,0.5565857076331656,-0.13847498905430827,0,0,0,0,0.0,0.0,0.42,0.11,0.265,-0.5967272954890493,,,0.0
2025-11-04,3603.84,3654.54,3057.0,3287.05,1568004.2379,106583.05,107299.0,98944.36,101497.22,50534.87376,139166804359,5063732632,34775446141.0,0.9999,19.0,121.8271,21.0,3.88,5.0,1.0,27.0,-0.09200666281684843,-0.048892990692747336,-0.05852462530103872,0.8416932198198429,0.4539131081072972,0.5880876013910358,-0.18744836569091322,0,0,0,0,-9.999999999998899e-05,9.999999999998899e-05,0.21,0.11,0.16,-1.4491966241933205,1.8299999999999983,0.003090290413492879,0.0
2025-11-05,3287.05,3480.46,3166.66,3424.29,809591.5132,101497.23,104534.74,98966.8,103885.16,33778.77571,129059826803,4672484251,31530534320.0,1.0,18.01,121.8482,23.0,3.88,5.0,1.0,27.0,0.04090364494926036,0.02325464931597804,-0.07539717450972831,0.8446461540205109,0.4624918526770422,0.6341903083238641,-0.24645986034209405,0,0,0,0,0.0,0.0,0.23,0.11,0.17,-1.368009069078628,-0.9899999999999984,0.00017318127896204767,0.0
2025-11-06,3424.29,3456.46,3245.45,3315.14,566363.7003,103885.16,104200.0,100300.95,101346.04,25814.62139,130198914620,4849600431,31334552808.0,1.0003,19.5,121.6948,27.0,3.88,5.0,1.0,27.0,-0.0323942959310574,-0.02474525864647728,0.008787322969231239,0.8353683909547877,0.46125035490538596,0.6253672204777762,-0.23980908128894218,0,0,0,0,0.00029999999999996696,0.00029999999999996696,0.27,0.11,0.19,-1.205633958849243,1.4899999999999984,-0.0012597366402347537,0.0
2025-11-07,3315.14,3473.0,3194.2,3436.05,683417.3854,101346.04,104096.36,99260.86,103339.08,32059.50942,127523828654,4731786043,30497722130.0,1.0004,19.08,121.388,24.0,3.88,5.0,1.0,27.0,0.03582270079696168,0.0194748205542768,-0.020760154947422352,0.8453335032258392,0.4634122624911584,0.6248209236755973,-0.25542807522648625,0,0,0,0,0.00039999999999995595,0.00039999999999995595,0.24,0.11,0.175,-1.3274152915212818,-0.4200000000000017,-0.0025242441086401495,0.0
2025-11-08,3436.04,3488.0,3355.58,3401.51,291532.2881,103339.09,103406.22,101454.0,102312.94,12390.77985,130169740726,4908508701,31205770189.0,1.0002,,,20.0,3.88,5.0,1.0,27.0,-0.010103105142434262,-0.009979464496075391,0.020536058125296717,0.8400265425824652,0.4628637395587174,0.6297131983467744,-0.23997941857129948,0,0,0,0,0.00019999999999997797,0.00019999999999997797,0.2,0.11,0.155,-1.4897904017506667,,,0.0
2025-11-09,3401.51,3623.25,3358.66,3583.46,464098.052,102312.95,105495.62,101400.0,104722.96,16338.97096,129071004119,5296017944,30688834017.0,1.0001,,,22.0,3.88,5.0,1.0,26.0,0.05210936343989393,0.02328223138207566,-0.008476624202137965,0.7392255776279383,0.39864909955775996,0.6268830955368971,-0.2463945994745702,0,0,0,0,9.999999999998899e-05,9.999999999998899e-05,0.22,0.10666666666666666,0.16333333333333333,-1.4221341058217565,,,0.0
2025-11-10,3583.46,3658.98,3507.3,3567.85,595273.0298,104722.95,106670.11,104265.02,106011.13,22682.25673,133269475998,5068993554,31804089520.0,1.0002,17.6,121.2984,29.0,3.88,5.0,1.0,26.0,-0.00436564064271813,0.012225701545984949,0.03201054123772314,0.7358741010444949,0.3971900081205312,0.5254990253409014,-0.22188102957120576,0,0,0,0,0.00019999999999997797,0.00019999999999997797,0.29,0.10666666666666666,0.1983333333333333,-1.1379776629203329,,,0.0
2025-11-11,3567.85,3648.27,3405.24,3417.76,660283.2747,106011.13,107500.0,102476.09,103058.99,24196.50718,133462031720,5025707297,32559272609.0,1.0002,17.28,,26.0,3.88,5.0,1.0,26.0,-0.042977807748070314,-0.028242545864333283,0.0014438170960578355,0.6457217537577522,0.38097341434261095,0.5244217135615484,-0.22075675667202319,0,0,0,0,0.00019999999999997797,0.00019999999999997797,0.26,0.10666666666666666,0.18333333333333335,-1.2597589955923714,-0.3200000000000003,,0.0
2025-11-12,3417.76,3588.19,3371.65,3414.92,553101.9368,103059.0,105333.33,100813.59,101654.37,20457.63906,129604062163,4846038321,31806039683.0,1.0001,17.51,121.0458,24.0,3.88,5.0,1.0,26.0,-0.0008312990403620452,-0.013723012931130311,-0.029332903520044494,0.6384159283959818,0.38202843530619185,0.46756655605016073,-0.24328223954916395,0,0,0,0,9.999999999998899e-05,9.999999999998899e-05,0.24,0.10666666666666666,0.17333333333333334,-1.340946550707064,0.23000000000000043,,0.0
2025-11-13,3414.91,3565.84,3154.22,3231.54,951989.1347,101654.37,104085.01,98000.4,99692.02,36198.50771,129155512532,4825993220,32089973943.0,1.0005,20.0,120.7725,15.0,3.88,5.0,1.0,26.0,-0.055195262890100356,-0.019492896160439244,-0.0034669254717228644,0.6564683749723979,0.3824000151701642,0.4580082606918827,-0.24590118116686172,0,0,0,0,0.0004999999999999449,0.0004999999999999449,0.15,0.10666666666666666,0.12833333333333333,-1.70629054872318,2.4899999999999984,-0.0022603757975660204,0.0
2025-11-14,3231.55,3256.71,3070.0,3112.4,890446.1491,99692.03,99866.02,94012.45,94594.0,47288.14481,126291246747,4630016539,32478500175.0,1.0007,19.83,120.9666,16.0,3.88,5.0,1.0,26.0,-0.037564671036127026,-0.052491584544810524,-0.02242648010023245,0.6581622789986284,0.41463087880914273,0.4593421634610095,-0.2626247371572227,0,0,0,0,0.0006999999999999229,0.0006999999999999229,0.16,0.10666666666666666,0.13333333333333333,-1.665696771165834,-0.1700000000000017,0.0016058638566295682,0.0
2025-11-15,3112.4,3230.0,3110.68,3167.88,338463.4782,94594.0,96846.68,94558.49,95596.24,15110.89391,123799060450,4497331650,31853471603.0,1.0004,,,10.0,3.88,5.0,1.0,26.0,0.017668461686243114,0.01053943964071668,-0.01993095074048824,0.6619241424816159,0.4127992929841486,0.4524557057591094,-0.2771758368821702,0,0,0,0,0.00039999999999995595,0.00039999999999995595,0.1,0.10666666666666666,0.10333333333333333,-1.9092594365099114,,,0.0
2025-11-16,3167.87,3249.0,3004.0,3095.29,570633.5809,95596.23,96635.11,93005.55,94261.44,23889.4051,123939198851,4412029777,31655252105.0,1.0005,,,10.0,3.88,5.0,1.0,31.0,-0.023180993184499878,-0.014061290467363924,0.0011313425414608087,0.6635904201843401,0.4119944166682646,0.45092459008911695,-0.27635761239762807,0,0,0,0,0.0004999999999999449,0.0004999999999999449,0.1,0.12333333333333334,0.11166666666666666,-1.841603140581001,,,0.0
2025-11-17,3095.29,3223.38,2959.46,3031.44,762500.4289,94261.45,96043.0,91220.0,92215.14,39218.59806,121098783324,4341046867,30017094832.0,1.0009,22.38,121.1146,14.0,3.88,5.0,1.0,31.0,-0.020843847110688898,-0.02194787294779212,-0.023184509868070875,0.660357334664031,0.4145701216606804,0.4532609251679251,-0.29294191415846316,0,0,0,0,0.0008999999999999009,0.0008999999999999009,0.14,0.12333333333333334,0.13166666666666668,-1.6792280303516158,,,0.0
2025-11-18,3031.44,3169.95,2946.56,3123.66,766640.1058,92215.14,93836.01,89253.78,92960.83,39835.14769,118708202192,4247909763,29773053595.0,1.0002,24.69,121.2127,11.0,3.88,5.0,1.0,31.0,0.029967637075662683,0.008053896310369823,-0.019938204224565634,0.6645150677341485,0.4119307186496202,0.44560048783932377,-0.30689977296467813,0,0,0,0,0.00019999999999997797,0.00019999999999997797,0.11,0.12333333333333334,0.11666666666666667,-1.8010093630236546,2.3100000000000023,0.0008096488126511655,0.0
2025-11-19,3123.65,3125.54,2873.64,3025.48,737926.7146,92960.83,92980.22,88608.0,91554.96,32286.6376,121648672809,4340225983,31080809539.0,1.0008,23.66,121.4978,15.0,3.88,5.0,1.0,31.0,-0.0319356346465724,-0.015238773937443459,0.024468759842675544,0.6690775179071361,0.4051883883370654,0.45807194316596905,-0.2897312806903445,0,0,0,0,0.0007999999999999119,0.0007999999999999119,0.15,0.12333333333333334,0.13666666666666666,-1.6386342527942697,-1.0300000000000011,0.00234930199663749,0.0
2025-11-20,3025.48,3063.61,2790.01,2834.22,912524.3718,91554.96,93160.0,86100.0,86637.23,39733.19073,119322470007,4271763512,30464394494.0,1.0009,26.42,121.6889,11.0,3.88,5.0,1.0,31.0,-0.06530298953202794,-0.055209816891895,-0.019307499128431473,0.6947824278156126,0.4373632234413965,0.45387468835898864,-0.303313254475009,0,0,0,0,0.0008999999999999009,0.0008999999999999009,0.11,0.12333333333333334,0.11666666666666667,-1.8010093630236546,2.7600000000000016,0.0015716323247547198,0.0
2025-11-21,2834.21,2886.73,2623.57,2765.85,1180475.4085,86637.22,87498.94,80600.0,85129.43,72256.12679,115324996751,4083049194,29852359099.0,1.0005,23.43,121.8653,14.0,3.88,5.0,1.0,31.0,-0.02441876521160861,-0.017556826574241523,-0.03407545885657176,0.6960781951144838,0.43877172553803034,0.4601895955191435,-0.3266532560093591,0,0,0,0,0.0004999999999999449,0.0004999999999999449,0.14,0.12333333333333334,0.13166666666666668,-1.6792280303516158,-2.990000000000002,0.0014485484614505232,0.0
2025-11-22,2765.86,2799.01,2704.33,2770.12,264691.3089,85129.42,85620.0,83500.0,84739.74,14193.93263,111648250810,3882796159,29267289503.0,1.0003,,,11.0,3.88,5.0,1.0,31.0,0.0015426387233994602,-0.004588127246522274,-0.03240088983426268,0.6921500410225927,0.4246580002402518,0.46652622293054014,-0.3481206306254498,0,0,0,0,0.00029999999999996696,0.00029999999999996696,0.11,0.12333333333333334,0.11666666666666667,-1.8010093630236546,,,0.0
2025-11-23,2770.12,2858.16,2768.29,2802.16,409808.5734,84739.75,88127.64,84667.57,86830.0,19734.46418,110192644898,3863892693,27864420351.0,1.0001,,,13.0,3.88,5.0,1.0,29.0,0.01149990779395844,0.024367507087485724,-0.01312316015801981,0.6879516027270228,0.4362621637760141,0.4594110254956027,-0.35661946027202623,0,0,0,0,9.999999999998899e-05,9.999999999998899e-05,0.13,0.11666666666666665,0.12333333333333332,-1.7468843262805265,,,0.0
2025-11-24,2802.16,2987.0,2763.0,2953.38,715279.7551,86830.0,89228.0,85272.0,88300.01,24663.12795,111915532004,3902820993,29263760626.0,1.0001,20.52,121.9171,19.0,3.88,5.0,1.0,29.0,0.05255972882393761,0.016788036787637094,0.015514256944633254,0.7213905357719478,0.44235250385871844,0.4596992393845514,-0.34656005896466396,0,0,0,0,9.999999999998899e-05,9.999999999998899e-05,0.19,0.11666666666666665,0.15333333333333332,-1.503321660936449,,,0.0
2025-11-25,2953.38,2980.82,2857.32,2959.36,427686.4528,88300.01,88519.99,86116.0,87369.96,19567.0411,115675016265,4016338396,30318272167.0,1.0002,18.56,121.6335,20.0,3.88,5.0,1.0,29.0,0.0020227515632153313,-0.010588704373343843,0.03304026717884067,0.6896111164008286,0.42547324564383554,0.48169364188817226,-0.3246096010626874,0,0,0,0,0.00019999999999997797,0.00019999999999997797,0.2,0.11666666666666665,0.15833333333333333,-1.4627278833791026,-1.9600000000000009,-0.0023288805544289,0.0
2025-11-26,2959.36,3045.0,2888.69,3026.56,364535.326,87369.97,90656.08,86306.77,90484.02,21675.82239,115799204368,4061674575,30594332132.0,1.0,17.19,121.2437,15.0,3.88,5.0,1.0,29.0,0.022453632291662327,0.035021744042270514,0.0010730189701117806,0.6996140220474275,0.452207038388221,0.4573982773281493,-0.3238845054012674,0,0,0,0,0.0,0.0,0.15,0.11666666666666665,0.13333333333333333,-1.665696771165834,-1.3699999999999974,-0.0032098553069721874,0.0
2025-11-27,3026.56,3071.37,2985.78,3015.23,274980.3955,90484.01,91950.0,90089.91,91333.95,16833.50932,118196193513,4144154556,31007649613.0,0.9999,17.21,,22.0,3.88,5.0,1.0,29.0,-0.0037505485232770127,0.009349308992866888,0.020488206299087645,0.6942771016875474,0.4559477547579638,0.4691652112975234,-0.30988923220259146,0,0,0,0,-9.999999999998899e-05,9.999999999998899e-05,0.22,0.11666666666666665,0.16833333333333333,-1.38154032826441,0.019999999999999574,,0.0
2025-11-28,3015.23,3099.0,2994.36,3031.15,346616.0275,91333.94,93092.0,90180.63,90890.7,18830.86012,117844668046,4169921538,31076975131.0,0.9997,16.35,121.0527,25.0,3.88,5.0,1.0,29.0,0.005265972958720706,-0.00486488380362324,-0.002978515876952164,0.6950798550098254,0.4509330981622882,0.46780358555310636,-0.3119416799398786,0,0,0,0,-0.00029999999999996696,0.00029999999999996696,0.25,0.11666666666666665,0.18333333333333332,-1.2597589955923716,-0.8599999999999994,,0.0
2025-11-29,3031.14,3052.64,2961.91,2989.16,217904.1303,90890.71,91165.65,90155.47,90802.44,7429.88291,117748385588,4161658708,31153286733.0,0.9997,,,28.0,3.88,5.0,1.0,29.0,-0.013949673991055718,-0.0009715282254700339,-0.0008173624975374082,0.692703029152064,0.4500608619752894,0.4685243964791125,-0.3125038432299214,0,0,0,0,-0.00029999999999996696,0.00029999999999996696,0.28,0.11666666666666665,0.19833333333333333,-1.1379776629203326,,,0.0
2025-11-30,2989.17,3053.02,2975.3,2991.26,182722.4253,90802.44,92000.01,90336.9,90360.0,9687.74175,116465514878,4119517542,30586080480.0,0.9997,,,28.0,3.88,5.0,1.0,30.0,0.0007022918411458271,-0.004884465893088772,-0.010954802741873831,0.6899907156961554,0.44555419679337194,0.46652107714714636,-0.31999412582151376,0,0,0,0,-0.00029999999999996696,0.00029999999999996696,0.28,0.12,0.2,-1.1244464037345505,,,0.0
2025-12-01,2991.25,2999.47,2716.04,2799.07,849002.9909,90360.01,90417.0,83822.76,86286.01,34509.01227,115425791857,4061282946,30506708507.0,0.9998,17.24,120.9862,24.0,3.72,5.0,1.0,30.0,-0.06640748416649328,-0.04613421557385573,-0.008967390826294329,0.7164808891805672,0.46452547062392735,0.46509777823274573,-0.32606474477287645,0,0,0,0,-0.00019999999999997797,0.00019999999999997797,0.24,0.12,0.18,-1.2868215139639356,,,-0.1599999999999997
2025-12-02,2799.07,3033.76,2782.19,2996.07,523707.3586,86286.01,92307.65,86184.39,91277.88,28210.22732,111172549583,3889272368,29278289879.0,0.9996,16.59,121.1467,23.0,3.72,5.0,1.0,30.0,0.06801421071564936,0.0562410040171468,-0.03754433365458865,0.7651325580148874,0.514711482534218,0.47508649509015366,-0.35089810195722354,0,0,0,0,-0.00039999999999995595,0.00039999999999995595,0.23,0.12,0.175,-1.3274152915212818,-0.6499999999999986,0.001325718425764964,0.0
2025-12-03,2996.07,3214.99,2985.58,3188.36,553669.8146,91277.88,94150.0,90990.23,93429.95,25712.52585,116163993986,4111420671,29972880070.0,0.9996,16.08,120.7336,28.0,3.72,5.0,1.0,30.0,0.06220524814757158,0.023303477601614594,0.043919438899206784,0.7586046939959857,0.5129674466180982,0.5091496915248611,-0.3217546124167288,0,0,0,0,-0.00039999999999995595,0.00039999999999995595,0.28,0.12,0.2,-1.1244464037345505,-0.5100000000000016,-0.0034157424283548,0.0
2025-12-04,3188.39,3240.35,3066.37,3133.26,486698.3987,93429.95,94080.0,90889.0,92078.06,19803.94059,120671813356,4322847796,31352064715.0,0.9997,15.78,120.6766,26.0,3.72,5.0,1.0,30.0,-0.01743268193693491,-0.014575262088996607,0.038071640395953,0.691442268882208,0.48889709091952704,0.49983961586288916,-0.29543485884378,0,0,0,0,-0.00029999999999996696,0.00029999999999996696,0.26,0.12,0.19,-1.205633958849243,-0.29999999999999893,-0.00047222529171708815,0.0
2025-12-05,3133.26,3193.33,2983.08,3021.78,530382.8986,92078.06,92692.36,88056.0,89330.04,19792.97218,119115273621,4232333165,31018232584.0,0.9996,15.41,120.6863,28.0,3.72,5.0,1.0,30.0,-0.03622793434865705,-0.030298870064162046,-0.012982864240754677,0.6840732120210447,0.4880457848245364,0.43156171405386984,-0.3045230096522058,0,0,0,0,-0.00039999999999995595,0.00039999999999995595,0.28,0.12,0.2,-1.1244464037345505,-0.3699999999999992,8.037689309537018e-05,0.0
2025-12-06,3021.77,3069.0,3012.58,3038.06,159721.2488,89330.04,90289.97,88908.01,89236.79,8409.50016,116915081615,4062736528,31266255198.0,0.9997,,,23.0,3.72,5.0,1.0,30.0,0.005373092083985153,-0.001044426991022257,-0.018643837012516526,0.6771085707230972,0.4829717981426997,0.4329979517108332,-0.31736924563860736,0,0,0,0,-0.00029999999999996696,0.00029999999999996696,0.23,0.12,0.175,-1.3274152915212818,,,0.0
2025-12-07,3038.06,3150.0,2907.52,3059.85,391129.675,89236.8,91760.0,87719.28,90395.31,13021.11185,116872332132,4161525705,31308087543.0,0.9998,,,20.0,3.72,4.0,0.0,22.0,0.007146741340972185,0.012898987020788722,-0.0003657124461176369,0.6637185600846154,0.47943935737893,0.42863916477895597,-0.3176188465577167,0,0,0,0,-0.00019999999999997797,0.00019999999999997797,0.2,0.08666666666666666,0.14333333333333334,-1.5845092160511414,,,0.0
2025-12-08,3059.86,3180.51,3040.87,3124.16,452820.2207,90395.32,92287.15,89612.0,90634.34,15793.63887,117294680952,4179395246,31431707906.0,0.9997,16.66,120.776,20.0,3.72,4.0,0.0,22.0,0.02079955190022366,0.002640784411958209,0.0036072482832904427,0.6687965050229568,0.47963183956442196,0.42098474326515223,-0.315152883316553,0,0,0,0,-0.00029999999999996696,0.00029999999999996696,0.2,0.08666666666666666,0.14333333333333334,-1.5845092160511414,,,0.0
2025-12-09,3124.16,3397.85,3090.8,3318.04,603859.9458,90634.35,94588.99,89500.0,92678.8,21240.43014,117968555519,4204300764,31418011400.0,0.9998,16.93,120.6832,22.0,3.72,4.0,0.0,22.0,0.06020880009551028,0.02230658176977993,0.005728701347843387,0.6777087305022684,0.4789439020402438,0.42177434191667124,-0.3112183395634129,0,0,0,0,-0.00019999999999997797,0.00019999999999997797,0.22,0.08666666666666666,0.15333333333333332,-1.503321660936449,0.2699999999999996,-0.0007686599191013766,0.0
2025-12-10,3318.04,3447.44,3288.1,3324.14,539585.4535,92678.81,94476.0,91563.15,92015.37,18998.68083,121492885231,4346206176,32613818839.0,0.9997,15.77,120.6752,26.0,3.72,4.0,0.0,22.0,0.0018367468857913162,-0.007184123390461821,0.029437592995105403,0.6778466358703439,0.47540268689673215,0.4191738546575513,-0.2906408758462583,0,0,0,0,-0.00029999999999996696,0.00029999999999996696,0.26,0.08666666666666666,0.17333333333333334,-1.340946550707064,-1.1600000000000001,-6.629145704419755e-05,0.0
2025-12-11,3324.14,3327.37,3145.28,3237.39,504114.2391,92015.38,93555.0,89260.63,92513.38,19972.58758,120708103593,4263737245,32166763815.0,0.9996,14.85,119.98,29.0,3.72,4.0,0.0,22.0,-0.026443544422017597,0.005397654393828906,-0.006480439145097587,0.6677545323642343,0.4688890550626931,0.41900781968619033,-0.29522297145066473,0,0,0,0,-0.00039999999999995595,0.00039999999999995595,0.29,0.08666666666666666,0.18833333333333332,-1.2191652180350252,-0.9199999999999999,-0.005777576664342197,0.0
2025-12-12,3237.38,3265.5,3045.31,3084.86,435686.4435,92513.38,92754.0,89480.0,90268.42,16679.19169,120306417293,4314137819,31982908130.0,0.9998,15.74,120.1442,29.0,3.72,4.0,0.0,22.0,-0.0482611741620481,-0.024565606595954068,-0.0033332985120337983,0.6870960166174098,0.4733399088941303,0.4083939217180541,-0.2975682926718275,0,0,0,0,-0.00019999999999997797,0.00019999999999997797,0.29,0.08666666666666666,0.18833333333333332,-1.2191652180350252,0.8900000000000006,0.0013676258002591373,0.0
2025-12-13,3084.86,3135.68,3078.6,3114.64,136465.7567,90268.43,90634.55,89766.39,90240.01,5895.70788,118396283617,4183788543,31023967353.0,0.9997,,,23.0,3.72,4.0,0.0,22.0,0.00960730028486934,-0.0003147775451217187,-0.016004632052003576,0.6623320924266454,0.47013484368291003,0.4111072338938325,-0.30872096839310664,0,0,0,0,-0.00029999999999996696,0.00029999999999996696,0.23,0.08666666666666666,0.15833333333333333,-1.4627278833791026,,,0.0
2025-12-14,3114.64,3129.54,3024.44,3063.5,279058.3545,90240.0,90472.4,87577.36,88172.17,9416.94004,119241325292,4181229152,31302863936.0,0.9998,,,21.0,3.72,4.0,0.0,21.0,-0.01655552255370258,-0.023181518223391553,0.007112049652538747,0.6517955083158266,0.4418146416442881,0.4063315680456757,-0.30378703319754624,0,0,0,0,-0.00019999999999997797,0.00019999999999997797,0.21,0.08333333333333334,0.14666666666666667,-1.557446697679577,,,0.0
2025-12-15,3063.49,3177.5,2894.57,2964.85,520509.9555,88172.16,90052.64,85146.64,86432.08,19778.6919,118872326392,4171278043,31937586429.0,0.9999,16.5,119.9561,16.0,3.72,4.0,0.0,21.0,-0.03273161223283604,-0.019932477149059748,-0.0030993535462891532,0.6577668466470935,0.4434135375514408,0.4011469269660824,-0.3059415028689184,0,0,0,0,-9.999999999998899e-05,9.999999999998899e-05,0.16,0.08333333333333334,0.12166666666666667,-1.7604155854663084,,,0.0
2025-12-16,2964.85,2981.87,2876.0,2962.3,378293.1159,86432.08,88175.98,85266.0,87863.42,18456.05017,115732776754,3981330290,31021385322.0,1.0001,16.48,119.8902,11.0,3.72,4.0,0.0,21.0,-0.0008604473169493417,0.016424660160555687,-0.02676614474030165,0.6534024333723891,0.44688959357291885,0.4106613224654039,-0.32427235555394973,0,0,0,0,9.999999999998899e-05,9.999999999998899e-05,0.11,0.08333333333333334,0.09666666666666668,-1.9633844732530394,-0.019999999999999574,-0.000549518601357089,0.0
2025-12-17,2962.3,3030.92,2791.02,2833.49,497630.4162,87863.43,90365.85,85314.0,86243.22,19834.11729,116700390185,3997555801,31590754314.0,1.0002,17.62,120.155,16.0,3.72,4.0,0.0,21.0,-0.04445682621664209,-0.018612119227458226,0.008325997821200262,0.6672615128777589,0.44519600801585574,0.4051476562979404,-0.3186227620437742,0,0,0,0,0.00019999999999997797,0.00019999999999997797,0.16,0.08333333333333334,0.12166666666666667,-1.7604155854663084,1.1400000000000006,0.0022062520509516705,0.0
2025-12-18,2833.5,2997.4,2775.19,2828.57,595253.7997,86243.23,89477.61,84450.01,85516.41,25405.41763,113832765585,3878059653,30699057565.0,1.0003,16.87,120.0528,17.0,3.72,4.0,0.0,21.0,-0.0017378838226009337,-0.00846315677488792,-0.024879479984462192,0.6570803191981366,0.4441195788713379,0.40837272738669655,-0.33536592910899005,0,0,0,0,0.00029999999999996696,0.00029999999999996696,0.17,0.08333333333333334,0.12666666666666668,-1.719821807908962,-0.75,-0.0008509299545373512,0.0
2025-12-19,2828.56,3020.0,2808.63,2979.5,531702.5439,85516.41,89399.97,85110.24,88136.94,21256.65004,113282430600,3862288819,30818344171.0,1.0005,14.91,120.1652,16.0,3.72,4.0,0.0,21.0,0.051984217610352844,0.030183453965176642,-0.004846316507016359,0.6759907572236014,0.4561816225091539,0.3976633716519081,-0.33857916371288066,0,0,0,0,0.0004999999999999449,0.0004999999999999449,0.16,0.08333333333333334,0.12166666666666667,-1.7604155854663084,-1.9600000000000009,0.0009358167015200508,0.0
2025-12-20,2979.49,2994.41,2964.17,2977.93,91783.7734,88136.95,88573.07,87795.76,88360.9,5123.13194,116400664978,4014190213,31733991943.0,1.0003,,,20.0,3.72,4.0,0.0,21.0,-0.0005270729278721063,0.0025378227881089903,0.027154161867417485,0.6343227678478673,0.4126292971026425,0.4057053714090113,-0.320372764193448,0,0,0,0,0.00029999999999996696,0.00029999999999996696,0.2,0.08333333333333334,0.14166666666666666,-1.5980404752369235,,,0.0
2025-12-21,2977.93,3013.4,2944.0,3002.02,162244.8067,88360.91,89081.77,87600.04,88658.86,7132.87258,116868030948,4019767150,31916642033.0,1.0002,,,20.0,3.72,3.0,0.0,16.0,0.008056967137236328,0.003366407020219751,0.004007109428174946,0.627604376778034,0.40742661717519235,0.3877736150181127,-0.3176439598317102,0,0,0,0,0.00019999999999997797,0.00019999999999997797,0.2,0.06333333333333332,0.13166666666666665,-1.679228030351616,,,0.0
2025-12-22,3002.03,3077.39,2963.43,3009.49,298443.5633,88658.87,90588.23,87900.0,88620.79,14673.2197,117677081895,4015756829,32238040970.0,1.0004,14.08,119.9912,25.0,3.72,3.0,0.0,16.0,0.002485233774808831,-0.00042949092673883664,0.006898921457768651,0.6275905202396673,0.40692113681106257,0.36968627442722435,-0.31292016328948075,0,0,0,0,0.00039999999999995595,0.00039999999999995595,0.25,0.06333333333333332,0.15666666666666668,-1.4762591425648846,,,0.0
2025-12-23,3009.48,3035.79,2900.93,2965.02,386465.747,88620.79,88940.0,86601.9,87486.0,13910.32904,117253542463,4098250306,31910363997.0,1.0003,14.0,119.7057,24.0,3.72,3.0,0.0,16.0,-0.014886851399567445,-0.012887699635666881,-0.003605659262339108,0.629712315725,0.40127234295158204,0.36634139417642125,-0.3153930781433576,0,0,0,0,0.00029999999999996696,0.00029999999999996696,0.24,0.06333333333333332,0.15166666666666667,-1.516852920122231,-0.08000000000000007,-0.0023821762818967847,0.0
2025-12-24,2965.03,2978.15,2888.7,2947.47,197035.5598,87486.0,88049.89,86420.0,87669.45,9140.8432,114967572180,4052036666,31589463991.0,1.0005,13.47,119.4372,24.0,3.72,3.0,0.0,16.0,-0.005936602528958959,0.002094711492890748,-0.019688512218397326,0.6029500310842711,0.39690006793832,0.37063479312410197,-0.3287401467779298,0,0,0,0,0.0004999999999999449,0.0004999999999999449,0.24,0.06333333333333332,0.15166666666666667,-1.516852920122231,-0.5299999999999994,-0.002245520254398637,0.0
2025-12-25,2947.48,2971.46,2891.2,2903.95,188721.2981,87669.44,88592.74,86934.72,87225.27,7096.58235,115221977018,4015829646,31508806972.0,1.0004,,,23.0,3.72,3.0,0.0,16.0,-0.014875296077072641,-0.005079409544226788,0.002210395237040742,0.6050901174137666,0.3955548194660385,0.3521207839864616,-0.32725475615014915,0,0,0,0,0.00039999999999995595,0.00039999999999995595,0.23,0.06333333333333332,0.14666666666666667,-1.557446697679577,,,0.0
2025-12-26,2903.9,2994.38,2894.26,2927.99,314830.9989,87225.27,89567.75,86655.08,87369.56,18344.61505,114497929440,3993730418,31203478612.0,1.0006,13.6,119.4723,20.0,3.72,3.0,0.0,16.0,0.008244301609216041,0.00165285573288968,-0.006303763455346621,0.6002782037719943,0.37489621981069676,0.35274293629662584,-0.3314822444907147,0,0,0,0,0.0005999999999999339,0.0005999999999999339,0.2,0.06333333333333332,0.13166666666666665,-1.679228030351616,,,0.0
2025-12-27,2928.0,2960.89,2917.13,2949.05,95040.3956,87369.56,87984.0,87253.05,87877.01,4469.55156,114547253260,3967511883,31305359510.0,1.0004,,,23.0,3.72,3.0,0.0,16.0,0.007166903796686185,0.00579128502519536,0.0004306907500171407,0.6008799116244734,0.373843908596201,0.34465586932007714,-0.33119425806510144,0,0,0,0,0.00039999999999995595,0.00039999999999995595,0.23,0.06333333333333332,0.14666666666666667,-1.557446697679577,,,0.0
2025-12-28,2949.05,2961.23,2924.54,2950.91,128834.139,87877.0,88088.75,87435.0,87952.71,4446.29285,115166020770,3985254700,31548485643.0,1.0004,,,24.0,3.72,3.0,0.0,16.0,0.0006305127701269662,0.0008610604018155715,0.005387316071845708,0.6005142089604701,0.37368749659935246,0.34529995999848057,-0.32758146725752585,0,0,0,0,0.00039999999999995595,0.00039999999999995595,0.24,0.06333333333333332,0.15166666666666667,-1.516852920122231,,,0.0
2025-12-29,2950.91,3057.78,2910.25,2937.9,485959.1824,87952.71,90406.08,86806.5,87237.13,19894.98575,115610503769,4008555842,31615989555.0,1.0008,14.2,119.5899,24.0,3.72,3.0,0.0,16.0,-0.004418556946778186,-0.00816924063180667,0.0038520690049139807,0.5988240947530277,0.3744999900713347,0.3456752113179206,-0.32498626943773273,0,0,0,0,0.0007999999999999119,0.0007999999999999119,0.24,0.06333333333333332,0.15166666666666667,-1.516852920122231,,,0.0
2025-12-30,2937.91,3009.8,2919.44,2973.69,286583.2879,87237.13,89400.0,86845.66,88485.49,13105.91001,113731838615,3975388284,30811742299.0,1.0008,14.33,119.4939,23.0,3.72,3.0,0.0,16.0,0.012108565473992942,0.014208540730604829,-0.01638343060762466,0.6004501736584482,0.37812653784176536,0.34822899394194984,-0.33595521025830644,0,0,0,0,0.0007999999999999119,0.0007999999999999119,0.23,0.06333333333333332,0.14666666666666667,-1.557446697679577,0.13000000000000078,-0.0008030657464815803,0.0
2025-12-31,2973.69,3028.08,2958.91,2971.64,233729.5887,88485.5,89200.0,87250.0,87648.22,11558.62047,113578285139,4008799394,30513541788.0,1.0012,14.95,119.7456,21.0,3.72,3.0,0.0,16.0,-0.0006896169199165761,-0.009507280651887915,-0.0013510484867215948,0.5509580091160533,0.3426524535087166,0.3469895563301255,-0.3368517611883384,0,0,0,0,0.0012000000000000899,0.0012000000000000899,0.21,0.06333333333333332,0.13666666666666666,-1.6386342527942697,0.6199999999999992,0.00210416835737671,0.0
