date,eth_open,eth_high,eth_low,eth_close,eth_volume,btc_open,btc_high,btc_low,btc_close,btc_volume,tvl_total_usd,tvl_uniswap_usd,tvl_aave_usd,usdc,vixcls,dtwexbgs,fear_greed,fedfunds,gtrends_defi,gtrends_crypto_crash,gtrends_ethereum
2020-01-01,129.16,133.05,128.68,130.77,144770.52197,7195.24,7255.0,7175.15,7200.85,16792.388165,607332562,27036432,,1.0035,,,37.0,1.55,,,
2020-01-02,130.72,130.78,126.38,127.19,213757.05806,7200.77,7212.5,6924.74,6965.71,31951.483932,606865359,27659587,,1.0027,12.47,114.9745,39.0,1.55,,,
2020-01-03,127.19,135.14,125.88,134.35,413055.18895,6965.49,7405.0,6871.04,7344.96,68428.500451,601231879,26674978,,1.0011,14.02,114.9867,38.0,1.55,,,
2020-01-04,134.37,135.85,132.5,134.2,184276.17102,7345.0,7404.0,7272.21,7354.11,29987.974977,609464833,27773802,,1.0008,,,38.0,1.55,,,
2020-01-05,134.2,138.19,134.19,135.37,254120.45343,7354.19,7495.0,7318.0,7358.75,38331.085604,611312656,27773534,,1.001,,,39.0,1.55,11.0,0.0,15.0
2020-01-06,135.37,144.41,134.86,144.15,408020.27375,7357.64,7795.34,7346.76,7758.0,54635.695316,614940284,28416743,,0.9999,13.85,114.9557,41.0,1.55,11.0,0.0,15.0
2020-01-07,144.14,145.31,138.76,142.8,447762.17281,7758.9,8207.68,7723.71,8145.28,91171.684661,628391024,30151751,,0.9991,13.79,115.1477,40.0,1.55,11.0,0.0,15.0
2020-01-08,142.8,147.77,137.03,140.72,570465.57764,8145.92,8455.0,7870.0,8055.98,112622.64264,615663241,30536219,,1.001,13.45,115.1328,51.0,1.55,11.0,0.0,15.0
2020-01-09,140.76,141.5,135.3,137.74,366076.06569,8054.72,8055.96,7750.0,7817.76,64239.51983,638475972,30761805,,1.0007,12.54,115.2331,44.0,1.55,11.0,0.0,15.0
2020-01-10,137.73,145.17,135.32,144.84,409403.59507,7817.74,8199.0,7672.0,8197.02,82406.777448,595229939,30345012,,1.0008,12.56,115.0677,41.0,1.55,11.0,0.0,15.0
2020-01-11,144.83,148.05,142.09,142.38,368350.57939,8198.86,8286.34,8003.16,8020.01,54810.032667,593684061,31332907,,1.0005,,,50.0,1.55,11.0,0.0,15.0
2020-01-12,142.4,146.6,141.76,146.54,229541.86137,8020.01,8197.0,7960.0,8184.98,38131.494336,616715757,31412020,,1.0003,,,45.0,1.55,11.0,0.0,18.0
2020-01-13,146.56,147.0,142.27,143.58,207996.61865,8184.97,8196.0,8055.89,8110.34,31159.755683,599230318,31778124,,1.0008,12.32,115.0342,49.0,1.55,11.0,0.0,18.0
2020-01-14,143.58,171.7,143.51,165.64,1108476.31186,8110.34,8880.0,8105.54,8810.01,120399.126742,618571876,32082128,,0.9997,12.39,115.0239,56.0,1.55,11.0,0.0,18.0
2020-01-15,165.6,171.98,159.2,166.4,721687.80381,8814.64,8916.48,8564.0,8821.41,84816.297606,655173775,36852856,,1.0013,12.42,114.9528,54.0,1.55,11.0,0.0,18.0
2020-01-16,166.4,167.4,157.8,164.21,456170.86719,8820.01,8859.81,8586.0,8720.01,51991.074284,716155639,36900284,,1.0014,12.32,115.0006,55.0,1.55,11.0,0.0,18.0
2020-01-17,164.24,174.81,162.14,169.85,767180.67853,8720.15,9041.65,8672.44,8913.28,70897.737377,695449832,37914222,,1.0017,12.1,115.0656,54.0,1.55,11.0,0.0,18.0
2020-01-18,169.92,179.5,164.92,174.14,688783.17982,8913.27,8988.88,8806.38,8915.96,38294.746545,734902436,46700881,,1.0009,,,51.0,1.55,11.0,0.0,18.0
2020-01-19,174.1,178.05,161.66,166.79,624681.28604,8915.09,9198.98,8466.0,8701.7,70676.889259,722303915,47558253,,1.0007,,,53.0,1.55,12.0,0.0,15.0
2020-01-20,166.79,169.33,161.24,166.87,358092.8841,8701.72,8746.99,8521.28,8642.35,38896.639746,716064048,47065175,,1.0018,,,48.0,1.55,12.0,0.0,15.0
2020-01-21,166.86,170.32,164.8,169.49,308007.6353,8642.35,8789.0,8488.0,8736.03,36494.687659,689575460,47072327,,1.0017,12.85,115.1876,49.0,1.55,12.0,0.0,15.0
2020-01-22,169.48,171.47,166.03,168.07,272240.90286,8736.04,8818.0,8590.0,8682.36,29080.557138,723306346,48384175,,1.0029,12.91,115.2273,52.0,1.55,12.0,0.0,15.0
2020-01-23,168.07,168.2,159.21,162.81,373414.34985,8682.77,8691.81,8306.39,8404.52,48165.944597,720330464,48091706,,1.0026,12.98,115.5545,49.0,1.55,12.0,0.0,15.0
2020-01-24,162.85,164.45,155.55,162.54,430013.19902,8404.52,8528.02,8238.0,8439.0,41687.529529,707422571,47387144,,1.002,14.56,115.5556,40.0,1.55,12.0,0.0,15.0
2020-01-25,162.51,162.79,157.61,160.35,219921.65197,8438.99,8451.26,8254.9,8340.58,25521.157932,698871473,47650227,,1.0022,,,41.0,1.55,12.0,0.0,15.0
2020-01-26,160.36,168.08,159.41,167.86,251582.55758,8340.01,8618.13,8293.66,8615.0,31130.485164,695253169,47380252,,1.0024,,,42.0,1.55,11.0,0.0,16.0
2020-01-27,167.91,172.56,165.22,170.08,365894.81917,8614.39,9000.0,8535.0,8907.57,53973.542996,702454027,49066945,,1.0017,18.23,115.8004,50.0,1.55,11.0,0.0,16.0
2020-01-28,170.04,176.2,170.03,175.64,473433.89609,8907.57,9400.0,8862.4,9374.21,74584.853765,728541959,50325216,,0.9997,16.28,115.7239,54.0,1.55,11.0,0.0,16.0
2020-01-29,175.58,178.45,173.33,173.72,317382.90161,9375.34,9449.24,9216.0,9301.53,53864.065122,759776417,52114660,,1.0016,16.39,115.7003,57.0,1.55,11.0,0.0,16.0
2020-01-30,173.68,187.0,170.93,184.69,477721.6609,9301.57,9578.0,9204.44,9513.21,60626.744259,774672284,52893014,,1.0013,15.49,115.8077,57.0,1.55,11.0,0.0,16.0
2020-01-31,184.71,185.82,175.22,179.99,385596.53365,9511.52,9530.22,9210.01,9352.89,45552.022352,776206439,55310600,,1.0016,18.84,115.7345,55.0,1.55,11.0,0.0,16.0
2020-02-01,179.94,184.28,179.23,183.6,259370.12902,9351.71,9464.53,9281.0,9384.61,28578.067354,787764254,54561631,,1.0012,,,57.0,1.58,11.0,0.0,16.0
2020-02-02,183.63,193.43,179.1,188.44,552621.13619,9384.41,9477.03,9120.0,9331.51,45690.91254,798788470,56140675,,1.0014,,,57.0,1.58,12.0,0.0,22.0
2020-02-03,188.48,195.19,186.62,189.69,417175.95781,9331.59,9618.79,9234.0,9292.24,50892.133451,820986502,57903001,,1.0014,17.97,116.1172,59.0,1.58,12.0,0.0,22.0
2020-02-04,189.74,191.6,184.69,188.91,366389.69686,9291.35,9350.0,9093.01,9197.02,53308.175266,809492709,59474870,,1.0034,16.05,115.9291,56.0,1.58,12.0,0.0,22.0
2020-02-05,188.91,207.61,188.19,203.78,550942.11417,9197.02,9744.45,9177.22,9612.04,64870.415615,802182891,59226761,,1.0003,15.15,116.009,53.0,1.58,12.0,0.0,22.0
2020-02-06,203.78,216.33,201.02,213.19,608240.2233,9612.03,9862.57,9526.35,9772.0,64949.706588,835607155,62806196,,1.0022,14.96,116.1518,61.0,1.58,12.0,0.0,22.0
2020-02-07,213.16,225.0,213.14,223.33,629361.15466,9772.0,9885.0,9730.0,9813.73,43966.114632,871591970,65271144,,1.0011,15.47,116.5086,56.0,1.58,12.0,0.0,22.0
2020-02-08,223.36,227.75,213.22,223.05,548551.87465,9813.87,9940.0,9667.11,9895.05,43600.843666,900880582,67631881,,0.9994,,,56.0,1.58,12.0,0.0,22.0
2020-02-09,223.01,230.65,222.86,228.49,350336.24399,9895.04,10166.0,9880.75,10151.75,43408.475616,907158176,67744707,,0.9993,,,56.0,1.58,12.0,0.0,33.0
2020-02-10,228.53,229.4,216.37,222.89,510415.49949,10151.72,10188.0,9756.0,9851.83,59573.084619,908285885,70231462,,1.0004,15.04,116.5711,57.0,1.58,12.0,0.0,33.0
2020-02-11,222.89,239.15,218.17,236.69,595576.90276,9851.74,10323.59,9700.0,10223.08,62422.395224,861087514,68760133,,0.9956,15.18,116.3585,52.0,1.58,12.0,0.0,33.0
2020-02-12,236.69,275.34,236.69,265.74,1038073.74782,10223.08,10450.0,10223.08,10326.46,61008.06393,899925302,72777142,,0.9977,13.74,116.2794,61.0,1.58,12.0,0.0,33.0
2020-02-13,265.74,277.69,256.08,268.32,1089679.1537,10325.33,10500.0,10080.0,10229.63,79344.358759,979931389,79809308,,1.0002,14.15,116.3999,65.0,1.58,12.0,0.0,33.0
2020-02-14,268.34,287.15,260.28,285.15,734944.32266,10227.78,10381.56,10111.37,10344.36,47038.480173,1004962044,83025810,,0.998,13.68,116.4223,63.0,1.58,12.0,0.0,33.0
2020-02-15,285.11,288.41,261.86,264.88,860813.14274,10344.36,10375.0,9801.0,9904.72,57657.202947,1036964909,82206596,,1.0001,,,64.0,1.58,12.0,0.0,33.0
2020-02-16,264.91,274.0,237.41,258.85,1110118.46395,9904.46,10050.0,9638.12,9917.27,60023.999537,1055097547,77866388,,0.9993,,,59.0,1.58,11.0,0.0,27.0
2020-02-17,258.89,268.77,242.0,267.85,1110371.39094,9910.7,9964.16,9452.67,9706.0,70261.011901,1008178689,77445524,,0.9995,,,49.0,1.58,11.0,0.0,27.0
2020-02-18,267.9,285.88,258.0,282.61,1115523.43992,9706.0,10250.0,9576.01,10164.71,70604.124019,955224286,77939044,,0.9977,14.83,116.6039,53.0,1.58,11.0,0.0,27.0
2020-02-19,282.64,285.0,251.56,258.45,705973.72988,10164.78,10250.0,9350.0,9593.79,55162.586895,1005089656,82833716,,0.9998,14.38,116.7829,50.0,1.58,11.0,0.0,27.0
2020-02-20,258.44,264.33,245.34,256.96,972969.71691,9594.65,9699.0,9400.0,9596.42,60152.342914,977171420,63304419,,0.9993,15.56,117.2454,44.0,1.58,11.0,0.0,27.0
2020-02-21,256.97,268.24,253.61,265.27,525827.8734,9597.21,9755.51,9550.21,9677.05,42181.554524,885698851,61630939,,0.9984,17.08,117.0473,44.0,1.58,11.0,0.0,27.0
2020-02-22,265.32,266.81,256.0,261.57,313062.52133,9677.05,9709.17,9560.02,9650.86,24636.757623,913902886,63548385,,0.9984,,,43.0,1.58,11.0,0.0,27.0
2020-02-23,261.55,275.68,261.02,274.48,444740.82883,9650.85,9990.0,9645.0,9936.4,37702.089843,917192468,63084159,,0.997,,,46.0,1.58,12.0,0.0,21.0
2020-02-24,274.5,277.2,257.09,265.52,696591.72983,9936.4,9990.0,9473.56,9656.13,55796.59612,944593591,64842806,,1.0002,25.03,117.4018,46.0,1.58,12.0,0.0,21.0
2020-02-25,265.47,266.22,244.44,246.67,774791.01027,9655.52,9675.0,9250.0,9315.84,54379.344552,950000082,63266196,,1.0009,27.85,117.2425,44.0,1.58,12.0,0.0,21.0
2020-02-26,246.67,250.32,215.66,223.93,1395879.41507,9316.48,9377.44,8633.63,8785.25,92130.345482,919292557,60402798,,1.0008,27.56,117.405,41.0,1.58,12.0,0.0,21.0
2020-02-27,223.98,238.3,210.0,227.79,1273793.11658,8786.0,8971.77,8531.0,8823.21,72483.578762,837837072,54592991,,1.0008,39.16,117.3678,39.0,1.58,12.0,0.0,21.0
2020-02-28,227.73,234.67,214.01,226.76,1054994.92397,8823.25,8900.0,8445.0,8692.91,71155.208977,829575442,56812432,,0.9986,40.11,117.6568,40.0,1.58,12.0,0.0,21.0
2020-02-29,226.76,233.0,217.0,217.21,546866.6851,8690.8,8790.0,8523.55,8523.61,36748.183035,805408701,57653882,,0.9999,,,38.0,1.58,12.0,0.0,21.0
2020-03-01,217.29,227.89,212.36,217.81,715016.01941,8523.61,8750.0,8411.0,8531.88,43892.201779,827142708,56407262,,1.0009,,,39.0,0.65,13.0,0.0,18.0
2020-03-02,217.81,234.4,216.07,231.97,810051.4833,8530.3,8965.75,8498.0,8915.24,60401.31773,820194967,55643596,,0.9994,33.42,116.8144,38.0,0.65,13.0,0.0,18.0
2020-03-03,232.1,232.46,219.57,223.91,741498.54825,8911.18,8919.65,8651.0,8760.07,55154.997282,812416576,55503924,,1.0,36.82,116.4958,38.0,0.65,13.0,0.0,18.0
2020-03-04,223.84,228.85,220.23,224.26,443780.33772,8760.07,8848.29,8660.0,8750.87,38696.482578,836022679,57715014,,0.9994,31.99,116.7802,40.0,0.65,13.0,0.0,18.0
2020-03-05,224.26,234.09,224.23,228.38,601479.87587,8750.99,9159.42,8746.54,9054.68,58201.866355,818677774,57947473,,0.9985,39.62,116.7901,41.0,0.65,13.0,0.0,18.0
2020-03-06,228.38,245.16,227.33,244.88,628147.3257,9054.64,9170.0,8985.5,9131.88,43782.948044,836095078,59134109,,0.9977,41.94,116.7106,39.0,0.65,13.0,0.0,18.0
2020-03-07,244.93,251.93,236.0,237.23,633748.89662,9130.89,9188.0,8835.0,8886.66,45422.204525,849525548,62675231,,0.9989,,,38.0,0.65,13.0,0.0,18.0
2020-03-08,237.23,237.23,195.5,199.43,1278973.53741,8885.25,8886.76,8000.0,8033.31,77537.315166,864526839,61291597,,1.0,,,33.0,0.65,13.0,0.0,25.0
2020-03-09,199.43,208.62,190.0,202.81,1661331.83553,8034.76,8179.31,7632.01,7929.87,116968.863268,814793875,54568117,,1.0002,54.46,117.1871,17.0,0.65,13.0,0.0,25.0
2020-03-10,202.79,206.2,195.54,200.7,1020260.107,7929.87,8149.0,7728.01,7894.56,86783.443875,745730680,53184453,,1.0001,47.3,117.9027,16.0,0.65,13.0,0.0,25.0
2020-03-11,200.74,203.18,181.73,194.61,1079824.90167,7894.57,7980.0,7590.0,7934.52,79942.411172,747162968,53860439,,0.9994,53.9,118.2505,17.0,0.65,13.0,0.0,25.0
2020-03-12,194.61,195.55,101.2,107.82,3814533.14046,7934.58,7966.17,4410.0,4800.0,261505.608653,753596940,50884181,,1.0005,75.47,120.4883,14.0,0.65,13.0,0.0,25.0
2020-03-13,107.67,139.68,86.0,134.06,4663239.92861,4800.01,5955.0,3782.13,5578.6,402201.673764,526215500,26965638,,0.9921,57.83,120.4388,10.0,0.65,13.0,0.0,25.0
2020-03-14,134.06,134.68,120.0,122.54,1237674.88642,5576.05,5640.52,5055.13,5172.06,136910.135974,500864738,32554354,,1.0017,,,8.0,0.65,13.0,0.0,25.0
2020-03-15,122.54,133.5,120.16,123.78,1312950.90137,5172.48,5940.0,5093.1,5361.3,139916.146534,500878204,28687922,,1.0026,,,12.0,0.65,17.0,0.0,25.0
2020-03-16,123.82,124.33,101.1,111.02,2442064.14448,5360.33,5365.42,4442.12,5028.97,227276.92276,480452769,29349312,,0.9984,82.69,120.9352,9.0,0.65,17.0,0.0,25.0
2020-03-17,111.02,120.8,109.38,115.67,1295108.4848,5028.86,5525.0,4921.45,5312.64,150089.926318,407503260,27052909,,0.9967,75.91,122.4816,8.0,0.65,17.0,0.0,25.0
2020-03-18,115.67,118.5,109.86,118.11,1201850.31275,5312.64,5436.17,5009.37,5393.04,137127.634894,448877996,29168346,,0.9964,76.45,124.1623,11.0,0.65,17.0,0.0,25.0
2020-03-19,118.11,143.13,115.46,136.3,1801071.18816,5393.26,6400.0,5252.53,6162.37,199020.873439,443056136,29626742,,0.9973,72.0,125.0587,12.0,0.65,17.0,0.0,25.0
2020-03-20,136.3,152.55,116.74,133.48,2504057.63799,6162.05,6900.0,5670.0,6208.36,219298.329514,475636695,34353978,,0.9998,66.04,124.9362,9.0,0.65,17.0,0.0,25.0
2020-03-21,133.49,137.49,125.69,132.66,1231842.11121,6204.57,6456.98,5860.02,6186.98,128913.668363,533013767,33692860,,0.999,,,9.0,0.65,17.0,0.0,25.0
2020-03-22,132.63,137.13,121.1,122.32,1055699.86532,6187.04,6407.87,5734.01,5816.19,119115.990527,493294754,34403643,,0.9993,,,11.0,0.65,18.0,0.0,18.0
2020-03-23,122.31,137.5,119.5,135.92,1436796.12449,5816.05,6600.0,5688.0,6467.31,164674.215785,485592455,32497562,,0.9959,61.59,126.1262,10.0,0.65,18.0,0.0,18.0
2020-03-24,135.89,143.36,132.2,138.42,1244377.16334,6465.25,6833.0,6371.33,6744.72,151138.009878,475090969,35618265,,0.9969,61.67,125.5001,12.0,0.65,18.0,0.0,18.0
2020-03-25,138.42,142.33,132.54,136.1,1034248.74369,6744.69,6957.96,6450.0,6677.43,132155.734989,516417986,36314345,,0.9977,63.95,124.7916,13.0,0.65,18.0,0.0,18.0
2020-03-26,136.11,139.74,133.26,138.4,751060.63102,6677.42,6780.0,6510.0,6737.36,83026.555211,516810487,35861619,,0.9964,61.0,122.4308,14.0,0.65,18.0,0.0,18.0
2020-03-27,138.4,141.27,129.68,131.33,706948.54559,6737.27,6842.59,6261.0,6359.11,82914.968354,523279907,37064974,,0.999,65.54,122.4007,12.0,0.65,18.0,0.0,18.0
2020-03-28,131.33,132.97,124.88,130.98,896032.10594,6359.11,6360.0,6024.0,6236.65,93159.693429,526332929,35458547,,0.9979,,,8.0,0.65,18.0,0.0,18.0
2020-03-29,130.94,131.84,123.81,124.5,543997.0,6236.65,6266.0,5866.56,5881.42,63311.627714,513006482,35554628,,1.0004,,,12.0,0.65,20.0,0.0,17.0
2020-03-30,124.47,135.42,124.06,132.06,764831.92747,5880.5,6599.0,5857.76,6394.38,118889.549992,511092559,34272198,,0.9983,57.08,123.2883,10.0,0.65,20.0,0.0,17.0
2020-03-31,132.09,135.0,130.38,132.72,547669.27789,6394.45,6523.23,6321.4,6410.44,72337.595259,523812722,36307381,,0.9978,53.54,122.5301,12.0,0.65,20.0,0.0,17.0
2020-04-01,132.72,136.99,128.62,135.69,680922.24747,6412.14,6679.94,6150.11,6642.92,97500.7524,533584510,36688265,,0.9969,57.06,123.7933,12.0,0.05,20.0,0.0,17.0
2020-04-02,135.65,149.76,135.01,141.28,1138977.66114,6643.36,7198.0,6551.0,6794.09,149299.906871,538682854,37072141,,0.9994,50.91,123.5916,14.0,0.05,20.0,0.0,17.0
2020-04-03,141.27,146.72,137.26,141.31,797546.11446,6793.86,7048.0,6602.1,6734.1,104080.276939,553807713,38427066,,0.9991,46.8,124.4152,14.0,0.05,20.0,0.0,17.0
2020-04-04,141.3,146.28,138.88,144.1,573508.14086,6732.97,6990.41,6650.01,6856.99,72990.861139,581673159,38581595,,0.9977,,,12.0,0.05,20.0,0.0,17.0
2020-04-05,144.1,145.58,140.68,142.68,414987.45246,6857.41,6895.54,6677.52,6772.78,49685.356983,571488008,39263781,,0.9988,,,12.0,0.05,18.0,0.0,21.0
2020-04-06,142.69,172.0,142.6,171.32,1636338.7311,6772.78,7355.14,6765.0,7329.9,118052.000832,574590832,39090721,,0.9984,45.24,124.16,12.0,0.05,18.0,0.0,21.0
2020-04-07,171.32,176.22,162.22,164.63,1717962.82538,7329.9,7459.69,7077.0,7197.32,103585.168918,597306568,45710578,,0.9999,46.7,123.0956,20.0,0.05,18.0,0.0,21.0
2020-04-08,164.62,174.48,163.59,173.11,1023575.92076,7197.32,7420.0,7150.0,7361.28,76059.145838,646148431,45505273,,0.9987,43.35,123.2216,21.0,0.05,18.0,0.0,21.0
2020-04-09,173.15,173.38,165.19,169.52,719837.24423,7360.26,7371.92,7108.08,7283.54,61094.872417,633428002,47272695,,0.9989,41.67,122.476,22.0,0.05,18.0,0.0,21.0
2020-04-10,169.56,170.1,152.11,157.81,1314841.362,7283.54,7295.75,6739.98,6858.92,104674.623375,636221212,47174199,,0.9985,,122.1592,15.0,0.05,18.0,0.0,21.0
2020-04-11,157.81,161.37,153.91,158.33,621599.61289,6858.92,6944.3,6760.0,6876.83,45470.293206,589048238,44580522,,0.9985,,,15.0,0.05,18.0,0.0,21.0
2020-04-12,158.33,164.78,155.0,158.59,809100.24594,6876.84,7177.0,6780.0,6903.79,73868.666501,593923537,44877136,,0.9988,,,10.0,0.05,16.0,0.0,20.0
2020-04-13,158.56,158.97,150.0,156.29,1042091.03622,6903.79,6903.79,6575.0,6837.91,96415.476573,590235680,45374800,,0.9976,41.17,122.5203,11.0,0.05,16.0,0.0,20.0
2020-04-14,156.28,161.85,155.23,158.45,698030.65089,6838.04,6978.0,6754.28,6868.7,69068.623285,584963495,45429233,,0.9991,37.76,122.1121,15.0,0.05,16.0,0.0,20.0
2020-04-15,158.46,161.29,152.0,152.73,729119.66505,6868.57,6933.0,6605.0,6621.24,61571.384994,592156479,46521777,,0.9997,40.84,123.0752,18.0,0.05,16.0,0.0,20.0
2020-04-16,152.74,174.79,148.33,172.29,1647207.59991,6621.25,7190.0,6468.27,7101.94,125009.857539,678972975,45109980,,0.9984,40.11,123.4615,13.0,0.05,16.0,0.0,20.0
2020-04-17,172.31,174.96,168.31,170.69,723537.75591,7101.99,7148.12,6972.98,7027.55,54126.509763,624065475,49351302,,0.9991,38.15,122.871,15.0,0.05,16.0,0.0,20.0
2020-04-18,170.61,189.54,170.48,187.4,1127296.36979,7026.78,7293.08,7014.4,7248.6,49488.542819,631895664,48967407,,0.9984,,,18.0,0.05,16.0,0.0,20.0
2020-04-19,187.4,188.35,175.75,180.03,995759.5775,7248.6,7266.15,7055.6,7120.74,45664.86393,648643981,53897584,,0.9986,,,16.0,0.05,15.0,0.0,24.0
2020-04-20,180.02,186.46,166.7,170.2,1547821.52737,7121.4,7220.0,6751.0,6826.83,90149.49137,679939763,51331426,,0.9986,43.83,123.1033,15.0,0.05,15.0,0.0,24.0
2020-04-21,170.21,174.7,168.0,170.74,906381.65398,6828.98,6940.0,6762.0,6841.37,60109.710808,664153050,54553972,,0.9983,45.41,123.9116,17.0,0.05,15.0,0.0,24.0
2020-04-22,170.73,184.0,169.78,182.7,988698.39076,6841.36,7156.38,6818.0,7125.14,61486.377334,645568144,53117584,,0.999,41.98,123.9256,19.0,0.05,15.0,0.0,24.0
2020-04-23,182.7,193.63,178.16,185.51,1457867.08713,7125.12,7738.0,7020.0,7482.39,102773.569561,669577796,56497092,,0.999,41.38,123.7542,19.0,0.05,15.0,0.0,24.0
2020-04-24,185.57,189.8,184.72,187.59,780904.21257,7483.96,7615.96,7388.0,7505.0,60182.119939,681330696,55260334,,0.9991,35.93,124.1615,20.0,0.05,15.0,0.0,24.0
2020-04-25,187.6,198.36,185.76,194.21,866478.04928,7505.0,7705.0,7431.07,7538.67,43874.427726,693764696,54561294,,0.9991,,,24.0,0.05,15.0,0.0,24.0
2020-04-26,194.21,200.0,192.3,197.38,758525.81533,7539.03,7700.0,7480.0,7693.1,50522.616209,704976326,58047861,,0.9986,,,21.0,0.05,16.0,0.0,30.0
2020-04-27,197.39,199.05,189.29,196.34,896627.37271,7693.1,7792.02,7606.0,7774.62,65441.339576,709913375,58241696,,0.998,33.29,123.8843,28.0,0.05,16.0,0.0,30.0
2020-04-28,196.33,198.5,192.36,196.24,636829.89397,7773.51,7780.0,7659.12,7738.98,46302.752638,717581426,58078948,,0.998,33.57,123.3693,26.0,0.05,16.0,0.0,30.0
2020-04-29,196.24,218.77,196.22,215.36,1620422.72431,7738.58,8952.89,7710.05,8778.57,183546.887514,728259733,58975383,,0.9991,31.23,122.7782,26.0,0.05,16.0,0.0,30.0
2020-04-30,215.4,227.3,202.0,206.08,1749691.00151,8778.58,9460.0,8401.0,8620.0,206277.214124,774582432,65704213,,0.9994,34.15,122.327,44.0,0.05,16.0,0.0,30.0
2020-05-01,206.07,217.14,205.91,212.02,794913.95828,8620.0,9059.18,8613.56,8826.96,91468.815059,762944373,61822082,,0.9993,37.19,123.1492,40.0,0.05,16.0,0.0,30.0
2020-05-02,212.01,215.37,210.36,213.9,443494.67248,8825.67,9010.0,8753.0,8972.05,59002.08755,776982392,63898765,,0.9988,,,40.0,0.05,16.0,0.0,30.0
2020-05-03,213.89,219.3,203.92,209.86,748383.91311,8972.58,9200.0,8712.0,8894.16,90126.065643,782068269,65499822,,0.999,,,45.0,0.05,14.0,0.0,27.0
2020-05-04,209.86,210.65,194.88,206.48,1114249.32658,8894.15,8950.0,8522.0,8871.96,84418.512331,797193334,63633749,,0.9984,35.97,123.2117,44.0,0.05,14.0,0.0,27.0
2020-05-05,206.47,211.68,201.0,205.29,640644.66268,8871.92,9118.58,8760.0,9021.83,76480.765342,759931457,64279874,,0.9992,33.61,122.803,40.0,0.05,14.0,0.0,27.0
2020-05-06,205.3,210.77,197.71,198.97,862700.67849,9021.36,9395.0,8906.21,9142.92,105925.30242,762064433,61700744,,0.999,34.12,123.609,42.0,0.05,14.0,0.0,27.0
2020-05-07,198.92,215.1,196.43,212.0,1305778.73764,9143.4,10067.0,9021.0,9986.4,147154.611378,805186528,60980522,,0.9983,31.44,123.1249,49.0,0.05,14.0,0.0,27.0
2020-05-08,212.01,216.61,206.9,211.31,917908.1944,9986.3,10035.96,9705.0,9800.01,100683.7964,787553138,63476311,,0.9994,27.98,122.5379,55.0,0.05,14.0,0.0,27.0
2020-05-09,211.32,214.6,208.4,210.07,587871.98073,9800.02,9914.25,9520.0,9539.4,81950.679567,804776036,64394491,,1.0,,,56.0,0.05,14.0,0.0,27.0
2020-05-10,210.09,210.18,179.59,187.54,1473226.05475,9539.1,9574.83,8117.0,8722.77,183865.182028,809797005,65500458,,0.9995,,,48.0,0.05,13.0,0.0,27.0
2020-05-11,187.62,193.5,176.0,185.73,1093299.81927,8722.77,9168.0,8200.0,8561.52,168807.251832,760285697,61637360,,0.9991,27.57,123.2333,40.0,0.05,13.0,0.0,27.0
2020-05-12,185.8,192.24,185.48,189.76,669755.79567,8562.04,8978.26,8528.78,8810.79,86522.780066,736846654,61048397,,0.9993,33.04,123.0592,39.0,0.05,13.0,0.0,27.0
2020-05-13,189.77,201.0,188.35,199.58,806143.00704,8810.99,9398.0,8792.99,9309.37,92466.274018,730608535,61154761,,0.9986,35.28,123.5408,41.0,0.05,13.0,0.0,27.0
2020-05-14,199.61,206.02,195.67,203.29,1114700.24937,9309.35,9939.0,9256.76,9791.98,129565.37747,742888896,64069344,,0.9996,32.61,123.6429,40.0,0.05,13.0,0.0,27.0
2020-05-15,203.29,204.08,191.66,194.86,904749.6357,9791.97,9845.62,9150.0,9316.42,115890.761516,761434154,64544754,,1.0009,31.89,123.5991,44.0,0.05,13.0,0.0,27.0
2020-05-16,194.87,203.5,193.21,200.45,669900.03754,9315.96,9588.0,9220.0,9381.27,59587.627862,749335669,63278344,,1.0002,,,41.0,0.05,13.0,0.0,27.0
2020-05-17,200.44,209.85,199.68,207.0,708711.89315,9380.81,9888.0,9322.1,9680.04,68647.764323,754654878,62872808,,1.0004,,,40.0,0.05,12.0,0.0,26.0
2020-05-18,207.02,217.07,207.0,214.91,1064139.2485,9681.11,9950.0,9464.23,9733.93,82006.603583,771047477,63879400,,1.0005,29.3,122.7968,50.0,0.05,12.0,0.0,26.0
2020-05-19,214.92,215.95,209.45,214.58,643702.98849,9733.93,9897.21,9474.0,9775.53,78539.760454,788501728,63631678,,0.9997,30.53,122.5655,50.0,0.05,12.0,0.0,26.0
2020-05-20,214.6,215.75,204.27,209.98,679532.61037,9775.13,9842.0,9326.0,9511.43,74923.73809,850810275,62799720,54026260.0,1.0004,27.99,122.1007,52.0,0.05,12.0,0.0,26.0
2020-05-21,209.99,211.64,191.71,198.74,1003923.4342,9511.43,9578.47,8815.0,9068.65,108928.780969,864288456,63636096,57638725.0,1.0009,29.53,122.0914,49.0,0.05,12.0,0.0,26.0
2020-05-22,198.72,209.19,196.24,207.36,787672.36081,9067.51,9271.0,8933.52,9170.0,58943.131024,932874609,59881350,56713126.0,1.0,28.16,122.3211,42.0,0.05,12.0,0.0,26.0
2020-05-23,207.36,211.2,204.55,206.6,478559.92006,9170.0,9307.85,9070.0,9179.15,43526.296966,941337473,63237290,55708506.0,0.9999,,,40.0,0.05,12.0,0.0,26.0
2020-05-24,206.6,210.55,199.5,199.9,673535.05784,9179.01,9298.0,8700.0,8720.34,70379.86645,965064677,63672661,55555950.0,1.0005,,,43.0,0.05,13.0,0.0,24.0
2020-05-25,199.9,205.67,198.01,204.15,469931.62492,8718.14,8979.66,8642.72,8900.35,62833.910949,1030796010,62592882,56144278.0,1.0002,,,41.0,0.05,13.0,0.0,24.0
2020-05-26,204.22,205.0,196.9,200.89,477176.7353,8900.35,9017.67,8700.0,8841.18,58299.770138,1011937027,63163534,54726168.0,1.0003,28.01,121.3864,39.0,0.05,13.0,0.0,24.0
2020-05-27,200.92,208.44,200.76,208.29,494816.72727,8841.0,9225.0,8811.73,9204.07,68910.355514,1013602098,63230744,54997126.0,1.0001,27.62,121.5677,39.0,0.05,13.0,0.0,24.0
2020-05-28,208.29,220.5,204.67,220.21,643945.97769,9204.07,9625.47,9110.0,9575.89,74110.787662,1022576737,64767046,56126544.0,0.9998,28.59,121.0138,41.0,0.05,13.0,0.0,24.0
2020-05-29,220.24,224.79,217.57,220.67,603058.0759,9575.87,9605.26,9330.0,9427.07,57374.362961,1010332469,66533539,56232696.0,1.0003,27.51,120.9458,48.0,0.05,13.0,0.0,24.0
2020-05-30,220.63,247.0,218.8,243.66,1019550.75146,9426.6,9740.0,9331.23,9697.72,55665.27254,1039978610,67230279,57608742.0,0.9998,,,48.0,0.05,13.0,0.0,24.0
2020-05-31,243.71,245.39,229.58,231.57,821608.68884,9697.72,9700.0,9381.41,9448.27,48333.786403,1104016559,76220670,63417218.0,1.0007,,,51.0,0.05,11.0,0.0,29.0
2020-06-01,231.56,250.68,230.66,248.23,823816.69936,9448.27,10380.0,9421.67,10200.77,76649.12696,1118893117,73372953,65027863.0,0.9992,28.23,120.2686,50.0,0.08,11.0,0.0,29.0
2020-06-02,248.23,253.8,225.0,237.71,955520.91863,10202.71,10228.99,9266.0,9518.04,108970.773151,1110406433,77901321,65990758.0,1.0,26.84,119.6854,56.0,0.08,11.0,0.0,29.0
2020-06-03,237.71,245.0,232.71,244.52,502928.13371,9518.02,9690.0,9365.21,9666.24,46252.644939,1143938485,73783077,68571374.0,1.0001,25.66,119.2556,48.0,0.08,11.0,0.0,29.0
2020-06-04,244.54,246.6,236.0,243.21,669369.3392,9666.32,9881.63,9450.0,9789.06,57456.100969,1135156109,76085932,68492633.0,1.0001,25.81,119.3014,54.0,0.08,11.0,0.0,29.0
2020-06-05,243.22,247.87,239.14,240.03,502547.41103,9788.14,9854.75,9581.0,9621.16,47788.05005,1147887531,76757229,67636747.0,1.0007,24.52,118.8138,53.0,0.08,11.0,0.0,29.0
2020-06-06,240.04,244.7,237.83,241.94,389423.07798,9621.17,9735.0,9531.05,9666.3,32752.950893,1160547395,76163017,69313598.0,1.0001,,,54.0,0.08,11.0,0.0,29.0
2020-06-07,241.94,245.37,234.6,244.56,571102.55515,9666.85,9802.0,9372.46,9746.99,57952.848385,1166356805,76232553,69493185.0,0.9995,,,54.0,0.08,11.0,0.0,24.0
2020-06-08,244.57,247.7,240.59,246.4,383116.54719,9746.99,9800.0,9633.0,9782.01,40664.664125,1154848957,76629570,72028582.0,0.9995,25.81,118.6621,53.0,0.08,11.0,0.0,24.0
2020-06-09,246.37,249.82,238.0,243.8,420327.17133,9782.0,9877.0,9570.0,9772.43,46024.001289,1172194648,74983199,71060252.0,0.9995,27.57,118.5893,52.0,0.08,11.0,0.0,24.0
2020-06-10,243.79,250.28,242.0,247.78,431285.61715,9772.44,9992.72,9704.18,9885.0,47130.762982,1167232725,77807436,78967293.0,0.9994,27.57,118.5231,54.0,0.08,11.0,0.0,24.0
2020-06-11,247.78,250.09,226.2,230.51,816456.89161,9885.22,9964.0,9113.0,9280.4,94418.98473,1125236418,78184275,82944086.0,1.0012,40.79,119.2347,52.0,0.08,11.0,0.0,24.0
2020-06-12,230.46,239.38,228.19,237.55,446515.34124,9278.88,9557.12,9232.51,9465.13,50119.066932,1186850100,75186566,87919788.0,1.0002,36.09,119.6645,38.0,0.08,11.0,0.0,24.0
2020-06-13,237.55,238.73,234.66,238.11,253797.7809,9464.96,9494.73,9351.0,9473.34,27759.784851,1165808622,77090658,88170357.0,0.9998,,,38.0,0.08,11.0,0.0,24.0
2020-06-14,238.13,238.59,229.83,231.77,304943.21188,9473.34,9480.99,9245.0,9342.1,30055.506608,1154936959,76875285,86345505.0,1.0009,,,40.0,0.08,12.0,0.0,23.0
2020-06-15,231.74,233.55,218.27,230.86,875026.92057,9342.1,9495.0,8910.45,9426.02,86107.924707,1123005696,74374116,82814173.0,0.9997,34.4,119.9539,37.0,0.08,12.0,0.0,23.0
2020-06-16,230.86,236.0,228.7,235.3,499194.66758,9426.05,9589.0,9373.09,9525.59,52052.446927,1119406845,78277657,81113527.0,1.0004,33.67,119.567,39.0,0.08,12.0,0.0,23.0
2020-06-17,235.31,237.3,227.65,233.82,478187.2917,9526.97,9565.0,9236.61,9465.14,48046.411152,1233446354,78644731,84007164.0,1.001,33.47,119.9105,38.0,0.08,12.0,0.0,23.0
2020-06-18,233.82,234.65,227.93,231.27,334347.79917,9465.13,9489.0,9280.0,9386.32,37381.953765,1317857912,78899747,83988761.0,1.0012,32.94,120.2173,40.0,0.08,12.0,0.0,23.0
2020-06-19,231.26,231.95,226.74,229.0,397284.59808,9386.32,9438.3,9215.79,9310.23,45330.983673,1416985396,80429471,88451404.0,1.0017,35.12,120.2186,39.0,0.08,12.0,0.0,23.0
2020-06-20,229.0,230.85,225.62,228.89,303704.98826,9310.23,9395.0,9170.95,9358.95,30329.065384,1500793618,79594347,96273753.0,1.0004,,,38.0,0.08,12.0,0.0,23.0
2020-06-21,228.88,231.49,227.11,228.04,256305.23734,9358.95,9422.0,9281.54,9294.69,24316.926234,1619259330,80571327,109248955.0,1.0015,,,37.0,0.08,12.0,0.0,25.0
2020-06-22,228.03,246.89,227.51,243.13,749030.11114,9294.69,9780.0,9277.09,9685.69,57895.468343,1693850491,75863416,121787661.0,1.0,31.77,119.7532,38.0,0.08,12.0,0.0,25.0
2020-06-23,243.11,244.87,240.75,243.14,442296.31477,9685.69,9720.0,9577.03,9624.89,41031.02938,1701064886,80150638,128547140.0,1.0005,31.37,119.3285,41.0,0.08,12.0,0.0,25.0
2020-06-24,243.15,249.24,231.07,234.58,921634.0534,9624.33,9670.0,9208.0,9296.49,61571.561464,1766805368,80232249,119278799.0,1.0012,33.84,119.9744,50.0,0.08,12.0,0.0,25.0
2020-06-25,234.57,235.39,227.56,232.5,613748.59348,9298.33,9340.0,9009.69,9249.49,55831.619156,1832782635,74925959,128276655.0,1.0008,32.22,120.2997,43.0,0.08,12.0,0.0,25.0
2020-06-26,232.49,233.61,227.75,229.64,628340.07007,9249.49,9298.0,9045.45,9162.21,50292.298277,1846255707,71909376,117297072.0,1.001,34.73,120.533,40.0,0.08,12.0,0.0,25.0
2020-06-27,229.66,231.42,216.0,220.94,645950.61438,9162.21,9196.24,8833.0,9012.0,46290.930113,1873007337,70440028,112475360.0,1.001,,,43.0,0.08,12.0,0.0,25.0
2020-06-28,220.94,227.96,218.32,224.93,444766.56881,9012.0,9191.0,8948.06,9116.35,30688.176421,1892069877,69521077,113665677.0,1.0006,,,40.0,0.08,13.0,0.0,23.0
2020-06-29,224.89,229.96,221.26,227.93,597915.52242,9116.16,9238.0,9024.67,9192.56,42120.293261,1871755195,70664898,115591767.0,1.0004,31.78,120.6658,41.0,0.08,13.0,0.0,23.0
2020-06-30,227.98,228.7,222.91,225.6,415036.02977,9192.93,9205.0,9064.89,9138.55,31463.162801,1886377777,72105427,114006809.0,1.0001,30.43,120.4649,44.0,0.08,13.0,0.0,23.0
2020-07-01,225.59,232.71,224.16,230.99,517351.58865,9138.08,9292.0,9080.1,9232.0,38488.528699,1855626154,71549157,114489984.0,0.9995,28.62,120.0808,42.0,0.09,13.0,0.0,23.0
2020-07-02,230.99,232.01,222.87,226.46,592485.91115,9231.99,9261.96,8940.0,9086.54,45725.168076,1925311909,74526473,114853869.0,0.9999,27.68,119.8555,42.0,0.09,13.0,0.0,23.0
2020-07-03,226.46,228.13,223.97,224.87,314578.5004,9086.54,9125.0,9037.47,9058.26,28943.420177,1983685859,72080495,123895757.0,0.9999,,,41.0,0.09,13.0,0.0,23.0
2020-07-04,224.86,230.71,224.43,229.17,307726.46593,9057.79,9190.0,9040.04,9135.46,26441.968484,2039878540,71770872,123439548.0,0.9997,,,40.0,0.09,13.0,0.0,23.0
2020-07-05,229.24,229.85,223.05,227.56,355747.12006,9135.0,9145.24,8893.03,9069.41,34073.653627,2061643094,72525879,126205313.0,0.9997,,,38.0,0.09,13.0,0.0,25.0
2020-07-06,227.54,242.0,226.93,241.6,864817.507,9069.41,9375.0,9055.92,9344.2,54463.132277,2083716129,72903691,123501772.0,0.9996,27.94,119.2852,40.0,0.09,13.0,0.0,25.0
2020-07-07,241.6,243.77,234.4,239.39,600424.97209,9342.47,9379.42,9203.0,9257.39,34587.336678,2198067688,76425233,138495482.0,1.0001,29.43,119.5717,43.0,0.09,13.0,0.0,25.0
2020-07-08,239.39,248.88,237.78,246.95,958185.83708,9257.4,9470.0,9231.0,9436.06,56140.517781,2199946230,74359506,153656372.0,0.9998,28.08,119.5525,44.0,0.09,13.0,0.0,25.0
2020-07-09,246.94,247.9,237.88,241.98,647641.58291,9436.06,9440.79,9160.0,9232.43,48044.450645,2338511330,79205204,160199722.0,1.0,29.26,119.5129,44.0,0.09,13.0,0.0,25.0
2020-07-10,241.97,242.16,235.72,241.26,455025.12385,9232.42,9317.48,9125.0,9288.34,38295.494006,2335577251,83592956,159673156.0,1.0,27.29,119.3509,41.0,0.09,13.0,0.0,25.0
2020-07-11,241.27,241.67,237.54,239.19,294476.00626,9288.34,9299.28,9178.25,9234.03,22561.366,2345072800,82885319,153118910.0,1.0,,,44.0,0.09,13.0,0.0,25.0
2020-07-12,239.19,244.0,236.52,242.79,469315.1172,9234.02,9345.0,9157.5,9302.75,30872.702286,2383208057,86115983,169445826.0,1.0001,,,41.0,0.09,13.0,0.0,24.0
2020-07-13,242.76,245.33,237.33,239.5,604093.04245,9303.31,9343.82,9200.89,9242.62,42740.069115,2398826107,88232457,191566427.0,1.0007,32.19,119.1891,43.0,0.09,13.0,0.0,24.0
2020-07-14,239.5,242.09,237.0,240.44,426320.89188,9242.61,9279.54,9113.0,9255.85,45772.552509,2420443899,86627802,198199322.0,1.0,29.52,119.3901,43.0,0.09,13.0,0.0,24.0
2020-07-15,240.45,241.45,236.83,238.61,368350.66518,9255.85,9276.49,9160.57,9197.6,39053.579665,2372840192,89049405,196437939.0,1.001,27.76,119.0331,44.0,0.09,13.0,0.0,24.0
2020-07-16,238.59,239.39,230.02,233.57,587161.73894,9197.6,9226.15,9047.25,9133.72,43375.571191,2413353321,92478285,210924741.0,1.0005,28.0,118.9275,43.0,0.09,13.0,0.0,24.0
2020-07-17,233.58,234.84,231.65,232.67,325600.21444,9133.72,9186.83,9089.81,9154.32,28054.358741,2414374942,96702770,213301347.0,1.0003,25.68,119.124,41.0,0.09,13.0,0.0,24.0
2020-07-18,232.66,236.8,232.32,235.67,341356.6182,9154.31,9219.3,9121.1,9170.28,22554.541457,2528172572,101045153,244329338.0,0.9999,,,44.0,0.09,13.0,0.0,24.0
2020-07-19,235.67,239.92,233.28,239.11,348803.52073,9170.3,9232.27,9101.35,9208.99,26052.019417,2538505370,103983282,240844088.0,0.9995,,,41.0,0.09,14.0,0.0,34.0
2020-07-20,239.12,239.72,234.05,236.01,396657.91938,9208.99,9221.52,9131.0,9160.78,35458.764082,2753494519,110030663,349853150.0,0.9997,24.46,119.0483,44.0,0.09,14.0,0.0,34.0
2020-07-21,236.0,246.66,235.57,245.59,637462.08074,9160.78,9437.73,9152.8,9390.0,60413.582486,2953971382,110049099,453478436.0,0.9994,24.84,118.4042,44.0,0.09,14.0,0.0,34.0
2020-07-22,245.53,269.61,241.51,263.74,718417.68296,9390.0,9544.0,9261.0,9518.16,48815.004107,3054564955,115474628,500363276.0,0.9981,24.32,118.1337,50.0,0.09,14.0,0.0,34.0
2020-07-23,263.75,279.98,259.7,275.3,1068774.57879,9518.16,9664.0,9440.33,9603.27,51856.2335,3210605288,119854968,521108992.0,0.9991,26.08,118.0613,55.0,0.09,14.0,0.0,34.0
2020-07-24,275.31,287.34,266.0,279.15,926033.06692,9603.27,9637.0,9463.44,9537.8,43931.136205,3426440852,124086162,591254138.0,0.9987,25.84,118.1329,53.0,0.09,14.0,0.0,34.0
2020-07-25,279.15,308.94,279.09,305.26,1058927.30554,9538.1,9732.9,9513.0,9700.42,40679.545416,3479650403,132604793,552271561.0,0.9989,,,55.0,0.09,14.0,0.0,34.0
2020-07-26,305.31,318.75,299.0,311.0,1270368.753,9700.42,10111.0,9650.0,9931.54,65279.269319,3511363205,147687056,621524195.0,0.999,,,55.0,0.09,15.0,0.0,63.0
2020-07-27,311.02,333.31,310.78,321.93,1636122.34727,9931.54,11394.86,9917.21,11029.96,150188.933144,3425316368,152540638,471939976.0,0.9984,24.74,117.3869,58.0,0.09,15.0,0.0,63.0
2020-07-28,321.95,326.8,305.86,316.77,1093231.55578,11029.96,11242.23,10565.0,10906.27,97267.734187,3395916701,162258558,384847356.0,0.9979,25.44,117.3189,76.0,0.09,15.0,0.0,63.0
2020-07-29,316.77,325.0,312.38,317.71,792802.32148,10906.27,11342.82,10812.0,11100.53,76838.094233,3406330580,160962953,373754228.0,0.9992,24.1,117.2126,71.0,0.09,15.0,0.0,63.0
2020-07-30,317.76,342.0,314.05,334.87,1008827.56698,11100.52,11170.0,10831.0,11099.61,60794.826456,3523826771,156623812,407368505.0,0.9988,24.76,117.4008,76.0,0.09,15.0,0.0,63.0
2020-07-31,334.82,349.45,328.4,346.33,948088.44982,11099.79,11444.0,10960.0,11335.46,70063.660974,3632924677,158594918,462325379.0,0.9984,24.46,117.2082,75.0,0.09,15.0,0.0,63.0
2020-08-01,346.32,392.67,343.07,387.0,1440843.34203,11335.46,11861.0,11220.0,11801.17,85087.485126,3761502667,168043320,494082479.0,0.9987,,,75.0,0.1,15.0,0.0,63.0
2020-08-02,387.01,415.85,325.0,372.42,2324909.09616,11801.17,12123.46,10518.5,11071.35,97553.077604,3990659182,187806910,490568392.0,1.0,,,80.0,0.1,14.0,0.0,66.0
2020-08-03,372.45,398.0,366.5,385.94,1191565.09389,11071.36,11473.0,10936.0,11219.81,56931.841475,3887099640,177228107,521072176.0,0.999,24.28,117.8074,75.0,0.1,14.0,0.0,66.0
2020-08-04,385.91,402.98,380.77,389.61,1180792.42379,11219.68,11414.98,11000.0,11191.97,58629.113709,4030468458,190972151,476133042.0,0.9995,23.76,117.7833,72.0,0.1,14.0,0.0,66.0
2020-08-05,389.59,407.0,384.11,400.72,1124119.0672,11191.99,11780.93,11093.0,11744.91,74970.256852,4074452908,197497717,479335393.0,0.9989,22.99,116.8736,75.0,0.1,14.0,0.0,66.0
2020-08-06,400.72,403.66,390.51,394.77,821379.08397,11744.91,11900.0,11562.5,11762.46,63529.08502,4279607614,205479696,483245556.0,0.9992,22.65,117.0422,79.0,0.1,14.0,0.0,66.0
2020-08-07,394.77,398.26,362.85,379.34,1041207.35946,11762.47,11909.94,11322.0,11594.23,65755.926022,4217507871,210303478,491674122.0,0.9989,22.21,117.6239,77.0,0.1,14.0,0.0,66.0
2020-08-08,379.34,397.05,375.79,397.03,623029.78053,11594.36,11808.27,11512.0,11761.41,41858.16104,4280508106,218033731,531341998.0,0.9994,,,77.0,0.1,14.0,0.0,66.0
2020-08-09,397.05,400.0,383.36,390.14,594900.58133,11761.02,11797.11,11521.97,11681.68,41493.067342,4378644330,233220872,554227431.0,0.9994,,,79.0,0.1,17.0,0.0,50.0
2020-08-10,390.14,399.18,385.13,395.44,826969.90633,11681.69,12067.35,11450.0,11892.92,84952.337887,4477954700,240078482,594163572.0,0.9991,22.13,117.5821,78.0,0.1,17.0,0.0,50.0
2020-08-11,395.43,398.21,367.0,379.0,992412.6023,11892.9,11935.0,11125.0,11392.08,90748.284634,4531244051,246323459,541829895.0,1.0004,24.03,117.3781,84.0,0.1,17.0,0.0,50.0
2020-08-12,378.99,389.23,365.85,387.18,751848.7983,11392.09,11617.52,11150.0,11564.33,64909.613644,4463565026,251875466,528978533.0,0.9997,22.28,117.2559,75.0,0.1,17.0,0.0,50.0
2020-08-13,387.18,431.49,376.59,424.54,1511330.7732,11564.34,11792.96,11270.36,11780.0,70132.491502,4505273736,308216195,515902188.0,0.9987,22.13,117.1193,75.0,0.1,17.0,0.0,50.0
2020-08-14,424.54,444.71,417.05,438.11,1109670.94324,11779.77,11850.0,11634.03,11760.54,59818.852697,4723600020,292148633,533968202.0,0.9988,22.05,116.9395,78.0,0.1,17.0,0.0,50.0
2020-08-15,438.12,442.94,427.02,432.32,681698.5971,11760.55,11980.0,11680.0,11852.4,56237.90505,5570047314,283654007,942538769.0,0.9994,,,79.0,0.1,17.0,0.0,50.0
2020-08-16,432.3,436.99,412.47,433.62,716666.25258,11852.4,11931.72,11686.0,11911.0,41368.236906,5914500817,288564678,1017388129.0,0.9997,,,82.0,0.1,17.0,0.0,44.0
2020-08-17,433.61,446.0,420.37,430.89,868870.64996,11910.99,12468.0,11769.78,12281.13,84734.21154,5990505598,290184216,1068762948.0,0.9987,21.35,116.749,83.0,0.1,17.0,0.0,44.0
2020-08-18,430.89,433.81,415.0,421.95,743254.57018,12281.15,12387.77,11817.93,11945.01,75923.835527,6232852545,289557550,1156489821.0,0.9993,21.51,116.5593,82.0,0.1,17.0,0.0,44.0
2020-08-19,421.92,426.75,393.25,407.46,978339.69221,11945.1,12020.08,11561.0,11754.59,73940.169606,6205057307,312003916,1125343188.0,0.9997,22.54,116.567,80.0,0.1,17.0,0.0,44.0
2020-08-20,407.46,418.98,402.07,415.94,663555.73445,11754.38,11888.0,11668.0,11853.55,46085.254351,6249386807,323641836,1225342304.0,0.9994,22.72,116.8126,75.0,0.1,17.0,0.0,44.0
2020-08-21,415.94,418.68,385.1,387.97,860998.7256,11853.54,11878.0,11485.81,11531.34,64448.306142,6498882106,315101191,1275748623.0,1.0002,22.54,117.0572,81.0,0.1,17.0,0.0,44.0
2020-08-22,387.93,397.04,379.92,395.24,643235.76543,11531.23,11686.0,11376.81,11662.96,43678.701646,6392078041,286779827,1316913415.0,0.9995,,,78.0,0.1,17.0,0.0,44.0
2020-08-23,395.23,396.95,383.15,390.71,445317.81989,11663.51,11718.07,11514.13,11648.13,37900.00469,6335537512,301847223,1329275300.0,0.9996,,,76.0,0.1,16.0,0.0,32.0
2020-08-24,390.72,410.42,387.44,407.68,717403.81877,11648.12,11824.9,11585.09,11748.2,46212.391867,6401867358,303158184,1326291415.0,0.9998,22.37,116.912,78.0,0.1,16.0,0.0,32.0
2020-08-25,407.68,409.06,370.0,382.93,970445.38395,11748.19,11767.85,11117.64,11318.42,69590.923272,6489561469,317812451,1333412430.0,0.9996,22.03,116.8206,75.0,0.1,16.0,0.0,32.0
2020-08-26,382.91,392.91,377.37,385.81,738690.7794,11318.42,11539.32,11244.0,11461.43,53998.231231,6769424974,304761863,1425205832.0,0.9994,23.27,116.6243,76.0,0.1,16.0,0.0,32.0
2020-08-27,385.81,397.1,371.48,383.27,877763.73658,11461.42,11592.2,11125.0,11330.38,63246.036383,6952883744,323104307,1483946183.0,1.0,24.47,116.649,75.0,0.1,16.0,0.0,32.0
2020-08-28,383.31,398.0,379.75,395.11,732601.46905,11330.38,11542.65,11276.89,11526.91,45953.908365,7084338137,322762931,1461689013.0,0.9995,22.96,115.9374,74.0,0.1,16.0,0.0,32.0
2020-08-29,395.1,405.69,391.88,398.65,659802.63344,11526.9,11580.02,11417.04,11465.84,32973.7992,7528111384,535868447,1539444017.0,0.9996,,,79.0,0.1,16.0,0.0,32.0
2020-08-30,398.65,429.89,398.3,428.94,894979.71788,11465.84,11719.0,11458.0,11711.16,43177.879054,7844581324,650495414,1623540871.0,0.9999,,,75.0,0.1,20.0,0.0,50.0
2020-08-31,428.94,439.0,418.04,433.79,1040748.68881,11711.17,11800.77,11570.0,11649.51,55353.617744,8207584728,952260979,1700088445.0,0.9997,26.41,115.7586,75.0,0.1,20.0,0.0,50.0
2020-09-01,433.8,488.84,429.03,475.4,1751354.57719,11649.51,12050.85,11515.0,11921.97,78148.193668,8433963988,1387110161,1538557410.0,0.9996,26.12,115.5687,75.0,0.09,20.0,0.0,50.0
2020-09-02,475.4,481.39,420.0,439.5,1880642.46853,11921.97,11954.57,11160.1,11388.54,87221.845602,9410680700,1970084492,1563134880.0,0.9992,26.57,116.0304,83.0,0.09,20.0,0.0,50.0
2020-09-03,439.5,450.7,372.0,381.4,2408569.34151,11388.54,11462.6,9960.8,10140.85,121950.106015,9265430916,1931960851,1469010708.0,0.9985,33.6,116.0685,79.0,0.09,20.0,0.0,50.0
2020-09-04,381.35,400.21,357.0,385.26,1806488.22474,10138.29,10627.05,9875.5,10446.25,92733.599113,8896526476,1779465349,1493953067.0,0.9993,30.75,116.0347,40.0,0.09,20.0,0.0,50.0
2020-09-05,385.3,395.0,308.42,335.01,2777166.51389,10446.25,10565.68,9825.0,10166.69,90001.605568,8830318893,1975709861,1445457141.0,0.9999,,,41.0,0.09,20.0,0.0,50.0
2020-09-06,335.04,360.0,316.1,352.8,2017811.14721,10166.69,10347.14,9994.86,10256.2,56368.788815,7572257943,1255949131,1342809076.0,0.9999,,,41.0,0.09,18.0,0.0,35.0
2020-09-07,352.85,358.51,323.0,353.59,1740618.42462,10255.89,10410.75,9875.0,10373.44,62620.230676,7791526356,1635535218,1368384375.0,1.0,,,41.0,0.09,18.0,0.0,35.0
2020-09-08,353.59,356.58,325.38,337.39,1400246.82962,10373.45,10438.0,9850.0,10126.65,73491.878418,7742612698,1734261681,1321124751.0,1.0002,31.46,116.4618,41.0,0.09,18.0,0.0,35.0
2020-09-09,337.41,359.0,330.51,350.85,879760.56255,10126.66,10343.0,9981.01,10219.2,49347.113776,7630678702,1583259625,1307499572.0,0.9998,28.81,116.1291,38.0,0.09,18.0,0.0,35.0
2020-09-10,350.85,377.25,349.91,367.93,1134287.61137,10219.29,10483.35,10070.83,10336.87,58253.75375,7792862111,529810001,1396997371.0,0.9997,29.71,115.8806,38.0,0.09,18.0,0.0,35.0
2020-09-11,367.93,375.27,355.49,373.63,844017.59966,10336.86,10397.6,10200.0,10387.89,43830.254467,8446563736,1082366294,1525024147.0,0.9994,26.87,116.0866,41.0,0.09,18.0,0.0,35.0
2020-09-12,373.62,388.57,364.73,387.78,766542.31635,10387.89,10477.97,10269.25,10440.92,35379.153096,8400517893,766390394,1441543587.0,0.9999,,,41.0,0.09,18.0,0.0,35.0
2020-09-13,387.78,390.43,350.0,366.42,989195.69047,10440.67,10580.11,10200.0,10332.83,43837.609865,8599335006,714045171,1512806357.0,0.9999,,,38.0,0.09,17.0,0.0,30.0
2020-09-14,366.43,384.64,355.73,377.12,1042059.62265,10332.84,10750.0,10212.34,10671.77,67059.291361,8394906793,1065454097,1520735659.0,0.9998,25.85,115.6428,39.0,0.09,17.0,0.0,30.0
2020-09-15,377.12,382.47,362.34,364.06,883856.33005,10671.77,10930.04,10606.48,10785.31,61822.452786,8527804553,1130309683,1466981966.0,1.0,25.59,115.5908,47.0,0.09,17.0,0.0,30.0
2020-09-16,364.05,373.45,355.0,365.11,841709.98939,10785.23,11093.0,10661.22,10954.01,64991.51244,8404566843,961943393,1490913670.0,1.0,26.04,115.3537,43.0,0.09,17.0,0.0,30.0
2020-09-17,365.04,394.14,363.3,389.36,1256300.411,10954.01,11045.46,10745.83,10939.99,55601.614529,8199967636,926966084,1409177184.0,0.9999,26.46,115.4392,48.0,0.09,17.0,0.0,30.0
2020-09-18,389.35,392.58,375.33,384.39,804194.47219,10940.0,11038.03,10812.84,10933.39,47266.728275,8733120313,1402525305,1352452105.0,0.9999,25.83,115.2395,49.0,0.09,17.0,0.0,30.0
2020-09-19,384.4,388.72,377.0,385.25,570908.33553,10933.4,11179.79,10887.37,11080.65,38440.036858,9199912198,1919900821,1326091707.0,0.9999,,,48.0,0.09,17.0,0.0,30.0
2020-09-20,385.25,385.45,365.0,371.04,693164.40144,11080.64,11080.64,10723.0,10920.28,39157.922565,9876592771,2146161095,1333588818.0,1.0001,,,52.0,0.09,15.0,0.0,27.0
2020-09-21,371.04,376.8,331.0,340.36,1283946.03098,10920.28,10988.86,10296.35,10417.22,70683.431179,10055555512,2172313316,1333287783.0,1.0001,27.78,116.378,48.0,0.09,15.0,0.0,27.0
2020-09-22,340.31,346.91,335.34,344.21,842731.12878,10417.22,10572.71,10353.0,10529.61,43991.235476,9393173228,1981776009,1190604347.0,0.9999,26.86,116.5438,39.0,0.09,15.0,0.0,27.0
2020-09-23,344.18,344.65,313.29,320.72,940904.49756,10529.61,10537.15,10136.82,10241.46,51876.568079,9429095749,2002835342,1198194161.0,1.0004,28.58,117.2526,43.0,0.09,15.0,0.0,27.0
2020-09-24,320.72,353.1,316.67,348.97,1071705.09721,10241.46,10795.24,10190.93,10736.32,57676.619427,9467651325,1914243904,1371209230.0,0.9998,28.51,117.5473,39.0,0.09,15.0,0.0,27.0
2020-09-25,348.97,358.0,337.58,351.92,860643.77924,10736.33,10760.53,10556.24,10686.67,48101.117008,9788239508,2098300493,1344369327.0,0.9995,26.38,117.8679,46.0,0.09,15.0,0.0,27.0
2020-09-26,351.93,356.4,345.88,353.92,530879.20755,10686.57,10820.94,10644.68,10728.6,28420.836659,10033391998,2140467014,1387435451.0,0.9998,,,45.0,0.09,15.0,0.0,27.0
2020-09-27,353.95,362.14,347.24,357.49,569568.55041,10728.59,10799.0,10594.82,10774.25,30549.483253,10305337261,2197893417,1517961867.0,0.9999,,,47.0,0.09,14.0,0.0,22.0
2020-09-28,357.58,368.2,351.7,353.96,757758.4304,10774.26,10950.0,10626.0,10696.12,50095.251734,10216001553,2238377688,1471598695.0,1.0003,26.19,117.6178,43.0,0.09,14.0,0.0,22.0
2020-09-29,353.91,360.63,350.45,359.79,585143.16892,10696.11,10867.54,10635.87,10840.48,41874.898399,10332651976,2284597985,1594587460.0,1.0,26.27,117.526,45.0,0.09,14.0,0.0,22.0
2020-09-30,359.78,361.5,351.56,359.83,498943.23226,10840.58,10849.34,10665.13,10776.59,39596.027322,10326440119,2332735343,1549365515.0,0.9999,26.37,116.946,49.0,0.09,14.0,0.0,22.0
2020-10-01,359.83,370.45,345.51,352.85,758349.31959,10776.59,10920.0,10437.0,10619.13,60866.332893,10145825104,2416607249,1470388342.0,1.0003,26.7,116.7227,45.0,0.09,14.0,0.0,22.0
2020-10-02,352.83,354.55,334.24,345.6,733571.84211,10619.13,10664.64,10374.0,10570.4,50130.393705,10200415800,2429254525,1501053598.0,0.9998,27.63,116.7321,41.0,0.09,14.0,0.0,22.0
2020-10-03,345.6,351.0,343.7,345.95,303595.71901,10570.4,10603.56,10496.46,10542.06,22298.221341,9748346052,2408563503,1346567980.0,0.9997,,,40.0,0.09,14.0,0.0,22.0
2020-10-04,345.94,354.45,343.81,352.37,343932.91712,10542.07,10696.87,10517.87,10666.63,23212.001595,9914090237,2451269957,1350031031.0,0.9998,,,42.0,0.09,13.0,0.0,21.0
2020-10-05,352.34,356.1,348.54,353.62,376740.30692,10666.62,10798.0,10615.64,10792.21,34025.761653,9892893536,2483169555,1319338289.0,0.9999,27.96,116.1767,42.0,0.09,13.0,0.0,21.0
2020-10-06,353.63,355.1,336.8,340.75,640063.26951,10792.2,10800.0,10525.0,10599.66,48674.740471,9747639083,2507653565,1182702014.0,1.0001,29.48,116.2681,47.0,0.09,13.0,0.0,21.0
2020-10-07,340.8,342.85,332.18,341.58,541928.86376,10599.65,10681.87,10546.17,10666.39,32811.990279,9318267012,2422493939,1173893268.0,0.9999,28.06,116.3447,43.0,0.09,13.0,0.0,21.0
2020-10-08,341.58,353.32,334.21,350.95,631794.8756,10666.4,10950.0,10530.41,10925.57,51959.691572,9061131098,2443182818,1082928572.0,0.9997,26.36,116.1657,46.0,0.09,13.0,0.0,21.0
2020-10-09,350.94,368.33,347.32,365.02,650478.19338,10925.44,11104.64,10829.0,11050.64,48240.073237,9305726080,2578923853,1069286057.0,0.9995,25.0,115.2757,48.0,0.09,13.0,0.0,21.0
2020-10-10,365.01,378.4,364.71,370.52,591005.32129,11050.64,11491.0,11050.51,11293.22,43648.036943,9722276407,2691869975,1101950442.0,0.9994,,,53.0,0.09,13.0,0.0,21.0
2020-10-11,370.51,377.6,368.87,374.16,373318.23779,11293.22,11445.0,11221.0,11369.02,29043.851339,9871684405,2803223500,1061227409.0,0.9997,,,55.0,0.09,12.0,0.0,21.0
2020-10-12,374.17,394.8,365.58,386.51,844422.65444,11369.02,11720.01,11172.0,11528.25,52825.28371,9970519312,2895295545,1044283850.0,0.9994,25.07,,52.0,0.09,12.0,0.0,21.0
2020-10-13,386.51,387.75,374.51,381.04,645141.91394,11528.24,11557.0,11300.0,11420.56,42205.283709,9990606706,2924140779,1039337579.0,0.9995,26.07,115.9107,56.0,0.09,12.0,0.0,21.0
2020-10-14,381.05,387.41,373.13,378.69,569557.82936,11420.57,11547.98,11280.0,11417.89,41415.106015,10051250216,2881561172,1063776606.0,0.9994,26.4,115.6872,53.0,0.09,12.0,0.0,21.0
2020-10-15,378.69,381.79,369.85,377.64,634038.09453,11417.89,11617.34,11250.83,11505.12,48760.717679,10050360121,3000008992,1033137246.0,0.9994,26.97,116.0964,56.0,0.09,12.0,0.0,21.0
2020-10-16,377.63,379.83,361.18,365.5,654029.36404,11505.13,11541.15,11200.0,11319.32,48797.749502,9930149526,3036420892,1013360492.0,0.9994,27.41,115.7679,52.0,0.09,12.0,0.0,21.0
2020-10-17,365.5,370.46,363.36,368.32,285578.24537,11319.24,11402.42,11255.0,11360.2,22368.915241,9743878518,2936524394,1003536970.0,0.9997,,,56.0,0.09,12.0,0.0,21.0
2020-10-18,368.31,378.64,367.1,378.11,323468.47095,11360.31,11505.0,11346.22,11503.14,23284.041191,9704822598,2935360806,979587065.0,0.9995,,,55.0,0.09,13.0,0.0,27.0
2020-10-19,378.12,384.32,372.5,379.3,577252.90265,11503.14,11823.99,11407.96,11751.47,47414.534692,9815637246,2993604412,989796758.0,0.9995,29.18,115.4031,55.0,0.09,13.0,0.0,27.0
2020-10-20,379.3,380.73,365.27,368.52,617309.81677,11751.46,12038.38,11677.59,11909.99,62134.750663,9843264813,3011179267,968794272.0,0.9991,29.35,115.2485,56.0,0.09,13.0,0.0,27.0
2020-10-21,368.53,401.49,367.74,390.38,1221663.63784,11910.0,13217.68,11886.95,12780.96,114584.456767,9591888440,2928791695,899280626.0,0.9982,28.65,114.9108,61.0,0.09,13.0,0.0,27.0
2020-10-22,390.31,420.73,390.21,413.98,1095897.20667,12780.75,13185.0,12678.08,12968.52,70038.824144,9725785479,2974468578,932239515.0,0.9988,28.11,115.1158,73.0,0.09,13.0,0.0,27.0
2020-10-23,413.94,419.33,401.3,409.11,727832.3224,12968.84,13027.69,12720.08,12923.07,50386.999841,9921668666,2961467703,1022962269.0,0.9991,27.55,115.0126,74.0,0.09,13.0,0.0,27.0
2020-10-24,409.19,416.66,407.0,412.14,419236.87106,12923.06,13166.73,12870.0,13111.73,35952.20907,10008209832,2853540026,1128877665.0,0.999,,,73.0,0.09,13.0,0.0,27.0
2020-10-25,412.14,417.4,402.5,405.86,415586.9761,13111.73,13350.0,12888.0,13028.83,38481.579504,10125177972,2941537194,1138364481.0,0.999,,,76.0,0.09,12.0,0.0,26.0
2020-10-26,405.85,411.11,382.3,392.52,895142.67266,13029.64,13238.81,12765.0,13052.19,60951.672986,10127307927,2983072078,1119064416.0,0.9988,32.46,115.2797,75.0,0.09,12.0,0.0,26.0
2020-10-27,392.52,410.25,389.9,403.45,754261.74114,13052.15,13789.29,13019.87,13636.17,80811.01945,9844749016,3002397407,1004721877.0,0.9996,33.35,115.0131,61.0,0.09,12.0,0.0,26.0
2020-10-28,403.41,409.2,380.52,388.23,855275.46882,13636.16,13859.48,12888.0,13266.4,94440.561226,9992836699,3057525170,986776251.0,0.9996,40.28,115.8023,70.0,0.09,12.0,0.0,26.0
2020-10-29,388.22,393.72,380.52,387.13,573096.01416,13266.4,13642.91,12920.77,13455.7,74872.602132,9907881598,2975000969,1002413791.0,0.9994,37.59,116.3069,67.0,0.09,12.0,0.0,26.0
2020-10-30,387.12,391.97,373.29,382.49,771750.74746,13455.69,13669.98,13115.0,13560.1,70657.778881,9860104700,2941984807,959599065.0,0.9994,38.02,116.1354,74.0,0.09,12.0,0.0,26.0
2020-10-31,382.59,394.88,379.9,386.46,467453.8105,13560.1,14100.0,13411.5,13791.0,67339.238515,9698573476,2924666497,963701873.0,0.999,,,73.0,0.09,12.0,0.0,26.0
2020-11-01,386.44,398.29,384.61,396.67,438952.95565,13791.0,13895.0,13603.0,13761.5,36285.648526,9878538103,2993884067,987058133.0,0.9994,,,72.0,0.09,11.0,0.0,30.0
2020-11-02,396.68,404.5,377.92,383.02,779968.57957,13761.49,13830.0,13195.05,13549.37,64566.421908,9873320919,3019263836,977491481.0,0.9991,37.13,116.2361,71.0,0.09,11.0,0.0,30.0
2020-11-03,383.01,390.0,370.23,387.88,752954.37114,13549.63,14066.11,13284.99,14023.53,74115.630787,9629428640,2897434559,978924578.0,0.9994,35.55,115.4802,71.0,0.09,11.0,0.0,30.0
2020-11-04,387.88,408.39,376.47,402.49,1157064.35076,14023.53,14259.0,13525.0,14144.01,93016.988262,9574772240,2872741684,963913158.0,0.9989,29.57,115.1677,74.0,0.09,11.0,0.0,30.0
2020-11-05,402.5,420.4,396.14,416.69,1475139.77342,14144.01,15750.0,14093.56,15590.02,143741.522673,9664822064,2950119010,944673839.0,0.9985,27.58,114.4556,72.0,0.09,11.0,0.0,30.0
2020-11-06,416.73,458.27,414.76,455.91,1682440.96026,15590.02,15960.0,15166.0,15579.92,122618.197695,9874047452,2981777547,912300161.0,0.9987,24.86,113.9919,90.0,0.09,11.0,0.0,30.0
2020-11-07,455.91,468.28,424.14,435.21,1653416.5961,15579.93,15753.52,14344.22,14818.3,101431.206553,10524335299,3104541139,1035343052.0,0.9988,,,88.0,0.09,11.0,0.0,30.0
2020-11-08,435.2,460.1,431.99,454.3,840908.46841,14818.3,15650.0,14703.88,15475.1,65547.178574,10509939726,3023507629,1122926208.0,0.9994,,,82.0,0.09,12.0,0.0,36.0
2020-11-09,454.29,459.1,433.09,444.32,1099213.24641,15475.1,15840.0,14805.54,15328.41,108976.334134,10726816021,3115639596,1105354864.0,0.9993,25.75,114.0895,90.0,0.09,12.0,0.0,36.0
2020-11-10,444.32,455.0,438.7,450.34,866872.41108,15328.41,15460.0,15072.46,15297.21,61681.919606,11204104231,3220471338,1175271700.0,0.999,24.8,114.0757,90.0,0.09,12.0,0.0,36.0
2020-11-11,450.34,476.25,449.28,463.09,1205782.84262,15297.21,15965.0,15272.68,15684.24,78469.746458,11383476536,3251555265,1190225583.0,0.999,23.45,,86.0,0.09,12.0,0.0,36.0
2020-11-12,463.09,470.0,451.2,462.39,990776.62912,15684.25,16340.7,15440.64,16291.86,102196.356592,11825134588,3329435760,1208109860.0,0.999,25.35,114.2843,87.0,0.09,12.0,0.0,36.0
2020-11-13,462.48,478.01,457.12,476.43,976665.09752,16291.85,16480.0,15952.35,16320.7,75691.881014,11695694954,3295214748,1192418454.0,0.9989,23.1,114.2397,89.0,0.09,12.0,0.0,36.0
2020-11-14,476.42,477.47,452.0,460.89,735252.7854,16320.04,16326.99,15670.0,16070.45,59116.347179,11983528065,3377719290,1219847058.0,0.9991,,,90.0,0.09,12.0,0.0,36.0
2020-11-15,460.9,462.89,440.19,448.08,665217.56671,16069.56,16180.0,15774.72,15957.0,43596.841513,11798768430,3324409778,1189636578.0,0.9992,,,86.0,0.09,13.0,0.0,47.0
2020-11-16,448.07,466.0,445.45,460.55,812060.44638,15957.0,16880.0,15864.0,16713.57,81300.675924,11842644138,3216900192,1218192930.0,0.9995,22.45,113.8312,90.0,0.09,13.0,0.0,47.0
2020-11-17,460.51,484.88,459.8,482.15,1151573.37456,16713.08,17858.82,16538.0,17659.38,115221.403102,11919456044,3055162533,1232411139.0,0.9991,22.71,113.682,86.0,0.09,13.0,0.0,47.0
2020-11-18,482.11,495.31,456.6,478.41,1477696.29116,17659.38,18476.93,17214.45,17776.12,149019.788134,11685442898,1779059837,1316328015.0,0.9992,23.84,113.46,91.0,0.09,13.0,0.0,47.0
2020-11-19,478.43,480.75,464.86,471.25,817418.52685,17777.75,18179.8,17335.65,17802.82,93009.561008,11617600135,1652419037,1343681805.0,0.999,23.11,113.694,94.0,0.09,13.0,0.0,47.0
2020-11-20,471.26,514.4,470.65,510.12,1516361.90736,17802.81,18815.22,17740.04,18655.67,88423.018489,11597087230,1620591410,1353978471.0,0.9993,23.7,113.489,86.0,0.09,13.0,0.0,47.0
2020-11-21,510.12,553.32,502.82,552.35,1548851.29067,18655.66,18965.9,18308.58,18703.8,75577.458394,12324282573,1690726910,1442246916.0,0.9991,,,91.0,0.09,13.0,0.0,47.0
2020-11-22,552.42,580.88,511.28,560.03,1850317.93581,18703.8,18750.0,17610.86,18414.43,81645.737778,12422288261,1706707970,1413758150.0,0.9988,,,94.0,0.09,13.0,0.0,78.0
2020-11-23,560.03,610.85,550.12,608.58,2076008.84846,18413.88,18766.0,18000.0,18368.0,82961.506093,12406188548,1737341573,1337781148.0,0.999,22.66,113.7548,90.0,0.09,13.0,0.0,78.0
2020-11-24,608.58,623.0,585.0,604.97,1606450.49193,18368.01,19418.97,18018.0,19160.01,113581.509241,12574263026,1805181194,1455224589.0,0.9991,21.64,113.4316,88.0,0.09,13.0,0.0,78.0
2020-11-25,604.98,606.0,553.83,569.5,1219440.02727,19160.0,19484.21,18500.27,18719.11,93266.576887,12607513972,1719569322,1471123397.0,0.9998,21.25,113.1823,94.0,0.09,13.0,0.0,78.0
2020-11-26,569.38,577.14,481.0,519.83,2683460.74171,18718.83,18915.03,16188.0,17149.47,181005.246693,12396051960,1638751876,1517818958.0,0.9991,,,93.0,0.09,13.0,0.0,78.0
2020-11-27,519.83,530.62,493.72,518.68,1088064.28114,17149.47,17457.62,16438.08,17139.52,85297.024787,11281146563,1538338051,1295546354.0,0.9995,20.84,,86.0,0.09,13.0,0.0,78.0
2020-11-28,518.59,547.94,506.59,537.52,900508.61431,17139.53,17880.49,16865.56,17719.85,64910.69997,11187830681,1597358966,1287346649.0,0.9992,,,87.0,0.09,13.0,0.0,78.0
2020-11-29,537.5,576.9,530.32,576.3,855276.46664,17719.84,18360.05,17517.0,18184.99,55329.016303,11520014524,1633991930,1332612928.0,0.9991,,,89.0,0.09,13.0,0.0,58.0
2020-11-30,576.32,616.85,570.07,616.66,1501989.45408,18185.0,19863.16,18184.99,19695.87,115463.466888,12119019421,1697269263,1409363991.0,0.9995,20.57,113.2256,88.0,0.09,13.0,0.0,58.0
2020-12-01,616.65,635.7,560.0,585.26,2163875.81376,19695.87,19888.0,18001.12,18764.96,127698.762652,12803388297,1731793193,1513693024.0,0.9993,20.77,112.8063,95.0,0.09,13.0,0.0,58.0
2020-12-02,585.26,604.93,575.0,596.89,1069538.65619,18764.96,19342.0,18330.0,19204.09,75911.013478,12731126252,1656405681,1540031262.0,0.9994,21.17,112.6115,92.0,0.09,13.0,0.0,58.0
2020-12-03,596.88,623.44,585.82,615.85,935687.91723,19204.08,19598.0,18867.2,19421.9,66689.391279,12907585008,1688412850,1541543528.0,0.9991,21.28,112.0236,92.0,0.09,13.0,0.0,58.0
2020-12-04,615.84,620.0,565.82,567.24,1052452.78666,19422.34,19527.0,18565.31,18650.52,71283.6682,13197406236,1746939217,1554414996.0,0.9997,20.79,111.7778,92.0,0.09,13.0,0.0,58.0
2020-12-05,567.24,597.11,560.88,596.8,701567.95564,18650.51,19177.0,18500.0,19147.66,42922.748573,12571141754,1612152725,1518248673.0,0.9995,,,93.0,0.09,13.0,0.0,58.0
2020-12-06,596.82,607.5,583.0,601.54,602496.96339,19147.66,19420.0,18857.0,19359.4,37043.091861,12936639955,1723068048,1483194585.0,0.9994,,,95.0,0.09,14.0,0.0,41.0
2020-12-07,601.59,603.15,584.22,591.28,498329.37589,19358.67,19420.91,18902.88,19166.9,41372.296293,13005534015,1727020020,1460106955.0,0.9997,21.3,111.8385,94.0,0.09,14.0,0.0,41.0
2020-12-08,591.27,595.0,549.22,554.94,804443.00717,19166.9,19294.84,18200.0,18324.11,61626.947614,13080981635,1718659489,1483199523.0,1.0004,20.68,111.8639,95.0,0.09,14.0,0.0,41.0
2020-12-09,554.92,578.08,530.43,573.09,997192.16738,18324.11,18639.57,17650.0,18541.28,79585.553801,12687681825,1623541124,1450566230.0,0.9996,22.27,112.0305,86.0,0.09,14.0,0.0,41.0
2020-12-10,573.2,575.7,548.11,558.99,608414.51466,18541.29,18557.32,17911.12,18254.63,52890.675094,12667710662,1686972352,1405459918.0,1.0,22.52,111.9788,94.0,0.09,14.0,0.0,41.0
2020-12-11,558.99,560.8,535.5,544.43,768921.78317,18254.81,18292.73,17572.33,18036.53,72610.724259,12452972579,1619751311,1371100428.0,1.0,23.31,112.1417,89.0,0.09,14.0,0.0,41.0
2020-12-12,544.46,574.0,543.1,568.04,573913.95311,18036.53,18948.66,18020.7,18808.69,49519.978432,12167050737,1603542343,1322305412.0,0.9996,,,90.0,0.09,14.0,0.0,41.0
2020-12-13,568.09,595.0,563.22,590.7,657794.46158,18808.69,19411.0,18711.12,19174.99,56560.821744,12637314013,1665301890,1382534918.0,1.0004,,,91.0,0.09,14.0,0.0,55.0
2020-12-14,590.81,591.48,575.6,586.29,493012.02706,19174.99,19349.0,19000.0,19273.14,47257.201294,12984079772,1714215274,1442118802.0,1.0002,24.72,112.1708,95.0,0.09,14.0,0.0,55.0
2020-12-15,586.29,597.2,578.58,588.64,569270.52011,19273.69,19570.0,19050.0,19426.43,61834.366011,12977736155,1718395756,1419845524.0,0.9996,22.89,111.8601,91.0,0.09,14.0,0.0,55.0
2020-12-16,588.78,640.0,580.71,637.18,1185588.05078,19426.43,21560.0,19278.6,21335.52,114306.33557,13268720516,1737615937,1461520592.0,0.9992,22.5,111.7157,92.0,0.09,14.0,0.0,55.0
2020-12-17,637.18,676.25,625.76,642.7,2006130.01975,21335.52,23800.0,21230.0,22797.16,184882.476748,13515110299,1802581287,1456800377.0,0.9996,21.93,111.2226,92.0,0.09,14.0,0.0,55.0
2020-12-18,642.71,664.61,629.4,653.85,1000012.98018,22797.15,23285.18,22350.0,23107.39,79646.134315,13967084205,1805734171,1597265004.0,0.9988,21.57,111.6071,95.0,0.09,14.0,0.0,55.0
2020-12-19,653.76,669.95,645.42,658.03,858803.88459,23107.39,24171.47,22750.0,23821.61,86045.064677,13950038871,1835925414,1554315444.0,0.999,,,93.0,0.09,14.0,0.0,55.0
2020-12-20,658.05,661.39,621.01,638.18,823958.22843,23821.6,24295.0,23060.0,23455.52,76690.145685,14373816374,1843977431,1608744660.0,0.9993,,,92.0,0.09,13.0,0.0,59.0
2020-12-21,638.1,648.0,595.9,607.58,843251.16565,23455.54,24102.77,21815.0,22719.71,88030.297243,14131709453,1818254814,1563588447.0,0.9996,25.16,111.9415,92.0,0.09,13.0,0.0,59.0
2020-12-22,607.68,637.73,588.0,636.45,918851.25654,22719.88,23837.1,22353.4,23810.79,87033.12616,13661922869,1842379731,1460869888.0,0.9998,24.23,112.1947,88.0,0.09,13.0,0.0,59.0
2020-12-23,636.41,638.44,551.28,585.56,1208807.36518,23810.79,24100.0,22600.0,23232.76,119047.259733,13966871763,1916916984,1504612156.0,1.0002,23.31,111.9807,93.0,0.09,13.0,0.0,59.0
2020-12-24,585.48,615.02,565.43,612.31,886335.86333,23232.39,23794.43,22703.42,23729.2,69013.834252,13859906051,1873788162,1494043682.0,1.0004,21.53,,86.0,0.09,13.0,0.0,59.0
2020-12-25,612.31,634.24,604.28,626.82,798009.62915,23728.99,24789.86,23433.6,24712.47,79519.943569,13776883205,1993017745,1424455658.0,1.0003,,,94.0,0.09,13.0,0.0,59.0
2020-12-26,626.78,652.91,615.26,637.44,958585.50647,24712.47,26867.03,24500.0,26493.39,97806.513386,14391031898,2014070117,1538391852.0,1.0005,,,93.0,0.09,13.0,0.0,59.0
2020-12-27,637.44,717.13,625.0,685.11,1859968.15029,26493.4,28422.0,25700.0,26281.66,148455.586214,14597029518,2003911467,1492484959.0,1.0011,,,91.0,0.09,14.0,0.0,100.0
2020-12-28,685.1,748.09,681.04,730.41,1627154.39266,26281.54,27500.0,26101.0,27079.41,79721.742496,14623311922,2040778796,1496243263.0,1.0016,21.7,111.9752,92.0,0.09,14.0,0.0,100.0
2020-12-29,730.4,740.78,689.2,732.0,1106876.35855,27079.42,27410.0,25880.0,27385.0,69411.592606,15480590017,2099798099,1639873469.0,1.0008,23.08,111.5172,91.0,0.09,14.0,0.0,100.0
2020-12-30,732.0,758.74,716.62,752.17,1008574.09906,27385.0,28996.0,27320.0,28875.54,95356.057826,15523330775,2153883009,1621802656.0,0.9997,22.77,111.3084,91.0,0.09,14.0,0.0,100.0
2020-12-31,752.17,755.74,722.0,736.42,863375.57981,28875.55,29300.0,27850.0,28923.63,75508.505152,15067393849,2166260763,1677660114.0,0.9986,22.75,111.3169,95.0,0.09,14.0,0.0,100.0
2021-01-01,736.42,749.0,714.29,728.91,675114.09329,28923.63,29600.0,28624.57,29331.69,54182.925011,15313433312,2245933891,1736188234.0,0.9974,,,94.0,0.09,14.0,0.0,100.0
2021-01-02,728.91,787.69,714.91,774.56,1352618.57668,29331.7,33300.0,28946.53,32178.33,129993.873362,15398582859,2240929592,1780883178.0,0.9989,,,94.0,0.09,14.0,0.0,100.0
2021-01-03,774.44,1011.07,768.71,978.28,2813603.88615,32176.45,34778.11,31962.99,33000.05,120957.56675,15844734388,2321646569,1785602557.0,0.9992,,,93.0,0.09,4.0,0.0,59.0
2021-01-04,978.33,1162.97,890.0,1041.43,4245010.94004,33000.05,33600.0,28130.0,31988.71,140899.88569,17433372218,2644755178,1953151436.0,0.9994,26.97,111.2075,94.0,0.09,4.0,0.0,59.0
2021-01-05,1041.45,1134.6,974.45,1099.56,2706995.67525,31989.75,34360.0,29900.0,33949.53,116049.997038,18259396575,2774545936,2078222606.0,0.9969,25.34,110.9574,93.0,0.09,4.0,0.0,59.0
2021-01-06,1100.16,1213.0,1057.26,1208.42,2390136.59334,33949.53,36939.21,33288.0,36769.36,127139.20131,20041807756,3021652636,2210745069.0,0.9975,25.07,110.8502,95.0,0.09,4.0,0.0,59.0
2021-01-07,1208.75,1289.0,1131.0,1224.87,1972922.82059,36769.36,40365.0,36300.0,39432.28,132825.700437,21428145786,3236527904,2361847231.0,0.9985,22.37,111.3042,91.0,0.09,4.0,0.0,59.0
2021-01-08,1224.86,1273.75,1065.0,1216.93,2131172.92341,39432.48,41950.0,36500.0,40582.81,139789.957499,21887379778,3323304209,2509907817.0,0.9991,21.56,111.2847,93.0,0.09,4.0,0.0,59.0
2021-01-09,1216.72,1304.37,1171.36,1276.0,1448871.11514,40586.96,41380.0,38720.0,40088.22,75785.979675,22333804802,3338866619,2530823716.0,0.9966,,,93.0,0.09,4.0,0.0,59.0
2021-01-10,1276.0,1348.33,1170.0,1254.25,1951179.35003,40088.22,41350.0,35111.11,38150.02,118209.544503,22292318709,3439474619,2483747733.0,0.9997,,,94.0,0.09,4.0,0.0,47.0
2021-01-11,1254.24,1260.0,915.0,1087.01,4099450.90046,38150.02,38264.74,30420.0,35404.47,251156.138287,22452026103,3325402717,2546736080.0,0.9997,24.08,111.8257,90.0,0.09,4.0,0.0,47.0
2021-01-12,1087.0,1150.02,1006.33,1050.16,2302645.34052,35410.37,36628.0,32531.0,34051.24,133948.151996,20017148509,2992739886,2211238181.0,1.0006,23.33,111.5501,84.0,0.09,4.0,0.0,47.0
2021-01-13,1050.36,1137.65,987.48,1129.89,1564202.39081,34049.15,37850.0,32380.0,37371.38,124477.914938,20269578977,2970174791,2277301089.0,0.9998,22.21,111.3622,78.0,0.09,4.0,0.0,47.0
2021-01-14,1129.79,1247.55,1086.7,1231.62,1555737.38556,37371.38,40100.0,36701.23,39144.5,102950.389421,21240301655,3174061839,2326260686.0,1.0014,23.25,111.1567,83.0,0.09,4.0,0.0,47.0
2021-01-15,1231.89,1256.98,1069.42,1168.53,1944038.83738,39145.21,39747.76,34408.0,36742.22,118300.920916,22241894243,3334662844,2398205020.0,0.9999,24.34,111.5106,88.0,0.09,4.0,0.0,47.0
2021-01-16,1168.48,1298.0,1151.77,1227.83,1575384.43797,36737.43,37950.0,35357.8,35994.98,86348.431508,21681150973,3287613918,2496778088.0,1.0001,,,84.0,0.09,4.0,0.0,47.0
2021-01-17,1227.83,1269.02,1165.0,1232.45,1317285.00579,35994.98,36852.5,33850.0,35828.61,80157.727384,22482481040,3353959728,2737164323.0,1.0004,,,79.0,0.09,4.0,0.0,39.0
2021-01-18,1232.5,1260.75,1182.58,1258.45,998050.11073,35824.99,37469.83,34800.0,36631.27,70698.11875,22599389603,3369644102,2682725946.0,0.9996,,,79.0,0.09,4.0,0.0,39.0
2021-01-19,1258.52,1438.3,1251.49,1365.36,2278852.55758,36622.46,37850.0,35844.06,35891.49,79611.307769,23080189297,3445716283,2771243991.0,0.9997,23.24,111.4527,80.0,0.09,4.0,0.0,39.0
2021-01-20,1365.36,1407.93,1235.42,1376.99,2219137.62144,35901.94,36415.31,33400.0,35468.23,89368.422918,24543840811,3559031396,2875159479.0,0.9995,21.58,,78.0,0.09,4.0,0.0,39.0
2021-01-21,1376.72,1390.0,1086.0,1110.96,2310208.57298,35468.23,35600.0,30071.0,30850.13,135004.076658,23628340497,3595544496,2577243841.0,1.0006,21.32,111.1973,75.0,0.09,4.0,0.0,39.0
2021-01-22,1111.98,1273.79,1042.31,1232.62,2020593.21673,30851.99,33826.53,28850.0,32945.17,142971.684049,21542376968,3042711165,2494799833.0,0.9992,21.91,111.5516,40.0,0.09,4.0,0.0,39.0
2021-01-23,1232.61,1272.44,1195.9,1233.6,1009545.08258,32950.0,33456.0,31390.16,32078.0,64595.287675,22796893252,3354932672,2515307956.0,0.9993,,,74.0,0.09,4.0,0.0,39.0
2021-01-24,1233.46,1398.83,1220.0,1392.51,1510879.53817,32078.0,33071.0,30900.0,32259.9,57978.037966,23528586294,3303205558,2660922186.0,0.999,,,70.0,0.09,4.0,0.0,38.0
2021-01-25,1392.19,1475.0,1293.69,1317.88,1885441.31289,32259.45,34875.0,31910.0,32254.2,88499.226921,25473033726,3681178101,2852577757.0,1.0,23.19,111.8676,74.0,0.09,4.0,0.0,38.0
2021-01-26,1317.6,1378.49,1244.56,1365.97,1682923.65799,32254.19,32921.88,30837.37,32467.77,84972.20691,25813721185,3507643414,2947020835.0,0.9991,23.02,111.6572,71.0,0.09,4.0,0.0,38.0
2021-01-27,1366.54,1373.9,1207.0,1239.03,2009772.08358,32464.01,32557.29,29241.72,30366.15,95911.961711,25495542717,3580959672,2697907493.0,0.9982,37.21,112.0782,78.0,0.09,4.0,0.0,38.0
2021-01-28,1238.93,1360.0,1217.23,1329.69,1365269.71962,30362.19,33783.98,29842.1,33364.86,92621.145617,24525183771,3403694807,2630323512.0,0.9976,30.21,112.0059,55.0,0.09,4.0,0.0,38.0
2021-01-29,1329.44,1436.9,1285.35,1379.5,2253963.18682,33368.18,38531.9,31915.4,34252.2,231827.005626,26027737408,3575835608,2851928496.0,0.9995,33.09,111.9511,77.0,0.09,4.0,0.0,38.0
2021-01-30,1379.56,1406.0,1326.41,1378.05,1040042.2363,34246.28,34933.0,32825.0,34262.88,84889.68134,27074523123,3605557452,3022498117.0,0.9988,,,76.0,0.09,4.0,0.0,38.0
2021-01-31,1378.04,1380.74,1281.12,1312.55,958704.85571,34262.89,34342.69,32171.67,33092.98,68742.280384,27008023692,3626303421,2862768388.0,0.9991,,,78.0,0.09,6.0,0.0,47.0
2021-02-01,1312.45,1377.99,1269.99,1374.17,1096397.91862,33092.97,34717.27,32296.16,33526.37,82718.276882,26951162223,3508437831,2965760613.0,0.9998,30.24,112.4189,77.0,0.08,6.0,0.0,47.0
2021-02-02,1374.09,1547.9,1360.28,1511.87,1944227.99878,33517.09,35984.33,33418.0,35466.24,78056.65988,27522631977,3667020763,2845347094.0,0.9991,25.56,112.2862,76.0,0.08,6.0,0.0,47.0
2021-02-03,1511.93,1669.35,1508.39,1664.49,1535869.88801,35472.71,37662.63,35362.38,37618.87,80784.333663,29008397743,3852012069,2853025084.0,0.9989,22.91,112.2567,78.0,0.08,6.0,0.0,47.0
2021-02-04,1664.67,1695.2,1554.44,1595.67,1646502.32962,37620.26,38708.27,36161.95,36936.66,92080.735898,32577056914,4157573372,3203041618.0,0.999,21.77,112.7469,80.0,0.08,6.0,0.0,47.0
2021-02-05,1595.53,1760.49,1591.0,1719.19,1194123.29946,36936.65,38310.12,36570.0,38290.24,66681.334275,33504713611,4048364996,3528477088.0,0.9992,20.87,112.2379,81.0,0.08,6.0,0.0,47.0
2021-02-06,1718.95,1743.67,1642.94,1676.35,1149808.33101,38289.32,40955.51,38215.94,39186.94,98757.311183,35801001743,4244257024,3909942513.0,0.9985,,,84.0,0.08,6.0,0.0,47.0
2021-02-07,1676.35,1693.0,1490.46,1611.62,1281734.86814,39181.01,39700.0,37351.0,38795.69,84363.679763,35568578562,4114457582,3712317468.0,0.9982,,,86.0,0.08,5.0,0.0,53.0
2021-02-08,1611.46,1775.57,1563.89,1750.15,1339777.09536,38795.69,46794.45,37988.89,46374.87,138597.536914,34840530434,4083651132,3649874801.0,0.999,21.24,112.0428,83.0,0.08,5.0,0.0,53.0
2021-02-09,1749.68,1821.88,1708.49,1769.13,1185071.89593,46374.86,48142.19,44961.09,46420.42,115499.861712,37499351350,4408821941,3976404167.0,0.9988,21.63,111.7675,95.0,0.08,5.0,0.0,53.0
2021-02-10,1769.14,1837.86,1680.0,1740.78,1219932.25474,46420.42,47310.0,43727.0,44807.58,97154.1822,39006702601,4465993665,4007760739.0,0.9994,21.99,111.5834,92.0,0.08,5.0,0.0,53.0
2021-02-11,1740.76,1819.0,1703.44,1785.62,735079.82699,44807.58,48678.9,43994.02,47969.51,89561.081454,40254318624,4453060211,4298149263.0,0.9993,21.25,111.5272,93.0,0.08,5.0,0.0,53.0
2021-02-12,1785.83,1864.88,1739.88,1840.26,909600.20653,47968.66,48985.8,46125.0,47287.6,85870.035697,41503282708,4644020058,4021527707.0,0.9978,19.97,111.4889,92.0,0.08,5.0,0.0,53.0
2021-02-13,1840.24,1871.72,1765.0,1814.96,767589.07285,47298.15,48150.0,46202.53,47153.69,63768.097399,42312108470,4734414020,4027442154.0,0.9987,,,92.0,0.08,5.0,0.0,53.0
2021-02-14,1815.25,1850.0,1784.11,1800.42,675261.77873,47156.78,49707.43,47014.17,48577.79,73735.475533,41606018760,4712409288,3988657206.0,0.9991,,,95.0,0.08,5.0,0.0,51.0
2021-02-15,1800.03,1835.72,1655.67,1779.25,1053474.57879,48580.47,49010.92,45570.79,47911.1,79398.156784,42014417010,4688774749,4156647754.0,0.9999,,,93.0,0.08,5.0,0.0,51.0
2021-02-16,1779.33,1827.28,1724.0,1781.99,817493.47513,47911.1,50689.18,47003.62,49133.45,88813.266298,41604563156,4644464892,4125263876.0,1.0,21.46,111.7879,95.0,0.08,5.0,0.0,51.0
2021-02-17,1781.99,1855.0,1733.01,1849.88,795711.63311,49133.45,52618.74,48947.0,52119.71,85743.637818,42153759983,4742433974,4121145946.0,0.9997,21.5,112.0204,95.0,0.08,5.0,0.0,51.0
2021-02-18,1849.7,1950.5,1849.69,1939.61,937227.10191,52117.67,52530.0,50901.9,51552.6,60758.046954,43078368514,4946385168,4089477108.0,0.9999,22.49,112.1603,91.0,0.08,5.0,0.0,51.0
2021-02-19,1938.91,1972.82,1891.0,1955.0,793404.4115,51552.61,56368.0,50710.2,55906.0,79659.77802,44814972077,5081962541,4242094053.0,0.9997,22.05,111.7058,93.0,0.08,5.0,0.0,51.0
2021-02-20,1955.46,2042.34,1803.14,1913.0,1261315.81279,55906.0,57700.46,53863.93,55841.19,80948.205314,46364380778,5143640494,4243124983.0,0.9991,,,91.0,0.08,5.0,0.0,51.0
2021-02-21,1912.9,1976.31,1883.01,1933.53,756568.19743,55841.19,58352.8,55477.59,57408.57,58166.708511,48029076986,5079222749,4618348979.0,0.9992,,,91.0,0.08,5.0,0.0,52.0
2021-02-22,1933.54,1936.29,1551.0,1777.58,1807244.98099,57412.35,57508.47,47622.0,54087.67,134019.434944,48462571484,5196395522,4436318832.0,0.9999,23.45,111.918,94.0,0.08,5.0,0.0,52.0
2021-02-23,1777.42,1782.39,1355.0,1577.89,2547837.82068,54087.67,54183.59,44892.56,48891.0,169375.025051,45422277502,4751736108,4137272401.0,1.0004,23.11,111.8981,94.0,0.08,5.0,0.0,52.0
2021-02-24,1577.79,1712.7,1500.2,1623.39,1384388.81727,48891.0,51374.99,46988.69,49676.2,91881.209252,39480689491,4281552943,3464990124.0,0.9995,21.34,111.7212,76.0,0.08,5.0,0.0,52.0
2021-02-25,1623.16,1671.59,1459.16,1481.75,1032670.79409,49676.21,52041.73,46674.34,47073.73,83310.673121,43083285679,4555536926,3877856689.0,1.0001,28.89,111.9253,79.0,0.08,5.0,0.0,52.0
2021-02-26,1482.08,1562.25,1400.0,1444.59,1355973.29378,47073.73,48424.11,44106.78,46276.87,109423.200663,42216843741,4242186069,3751233345.0,0.9997,27.95,112.8306,55.0,0.08,5.0,0.0,52.0
2021-02-27,1444.56,1529.0,1425.0,1458.13,927423.0475,46276.88,48394.0,45000.0,46106.43,66060.834292,40213504586,4178056260,3433845280.0,0.9993,,,56.0,0.08,5.0,0.0,52.0
2021-02-28,1458.27,1468.75,1293.18,1419.18,1410207.56284,46103.67,46638.46,43000.0,45135.66,83055.369042,40651666193,4227322047,3484998493.0,0.9983,,,55.0,0.08,4.0,0.0,35.0
2021-03-01,1418.67,1572.0,1409.91,1569.86,1094695.17839,45134.11,49790.0,44950.53,49587.03,85086.111648,39518770517,4209979518,3362881551.0,0.999,23.35,112.5263,38.0,0.07,4.0,0.0,35.0
2021-03-02,1570.0,1602.9,1455.52,1486.78,1061142.38743,49595.76,50200.0,47047.6,48440.65,64221.06214,42892959651,4543002024,3695726055.0,0.9992,24.1,112.5342,78.0,0.07,4.0,0.0,35.0
2021-03-03,1486.79,1656.94,1475.47,1567.69,1054846.31471,48436.61,52640.0,48100.71,50349.37,81035.913705,43374155467,4394474482,3880580377.0,0.9995,26.67,112.7617,78.0,0.07,4.0,0.0,35.0
2021-03-04,1567.68,1624.87,1506.36,1539.23,946365.67088,50349.37,51773.88,47500.0,48374.09,82649.716829,45485895394,4527004209,4117530960.0,1.0003,28.57,112.7037,84.0,0.07,4.0,0.0,35.0
2021-03-05,1539.22,1548.96,1441.66,1528.31,910786.28976,48374.09,49448.93,46300.0,48751.71,78192.496372,44856957876,4468860990,3948744125.0,0.9999,24.66,113.7487,77.0,0.07,4.0,0.0,35.0
2021-03-06,1528.08,1671.58,1513.03,1650.35,1013300.93928,48746.81,49200.0,47070.0,48882.2,44399.234242,44012539293,4460641399,3703489980.0,0.9997,,,77.0,0.07,4.0,0.0,35.0
2021-03-07,1650.68,1734.16,1630.35,1726.16,848470.78136,48882.2,51450.03,48882.2,50971.75,55235.028032,45381915293,4711764317,3766394628.0,0.9997,,,76.0,0.07,5.0,0.0,39.0
2021-03-08,1726.46,1843.59,1664.96,1833.18,1149711.39987,50959.11,52402.78,49274.67,52375.17,66987.359664,44164948434,4879046823,3961957086.0,0.9995,25.47,114.2678,81.0,0.07,5.0,0.0,39.0
2021-03-09,1833.22,1870.77,1798.2,1870.51,857229.47855,52375.18,54895.0,51789.41,54884.5,71656.737076,45319729091,5091609488,3951698963.0,0.9997,24.03,113.928,81.0,0.07,5.0,0.0,39.0
2021-03-10,1870.5,1877.69,1757.0,1795.12,937230.62831,54874.67,57387.69,53005.0,55851.59,84749.238943,47589547807,5254019809,4076533795.0,0.9999,22.56,113.5881,68.0,0.07,5.0,0.0,39.0
2021-03-11,1795.28,1846.7,1725.0,1825.78,909011.4961,55851.59,58150.0,54272.82,57773.16,81914.812859,47573848752,5059123047,4106565364.0,0.9998,21.91,112.9214,73.0,0.07,5.0,0.0,39.0
2021-03-12,1825.78,1841.88,1719.72,1766.1,869564.6361,57773.15,58081.51,54962.84,57221.72,73405.406047,48130998230,5184072933,4100260485.0,1.0,20.69,113.0269,70.0,0.07,5.0,0.0,39.0
2021-03-13,1766.13,1944.3,1727.75,1922.35,926283.22642,57221.72,61844.0,56078.23,61188.39,83245.091346,49468737783,5170629211,4153708514.0,1.0005,,,74.0,0.07,5.0,0.0,39.0
2021-03-14,1922.35,1933.1,1836.0,1848.1,637963.63627,61188.38,61724.79,58966.78,58968.31,52601.05275,52387171847,5566381002,4321860298.0,1.0,,,78.0,0.07,4.0,0.0,33.0
2021-03-15,1848.1,1891.76,1730.0,1793.48,1025326.79658,58976.08,60633.43,54600.0,55605.2,102771.427298,51922615006,5487335931,4327637232.0,1.0001,20.03,113.1928,76.0,0.07,4.0,0.0,33.0
2021-03-16,1793.99,1819.5,1711.68,1805.12,764993.40147,55605.2,56938.29,53271.34,56900.75,77986.694355,50130476311,5396777407,4103078944.0,0.9997,19.79,112.9839,71.0,0.07,4.0,0.0,33.0
2021-03-17,1805.01,1838.88,1741.18,1823.58,658349.44843,56900.74,58974.73,54123.69,58912.97,70421.620841,50685405067,5469780624,4138737456.0,0.9997,19.23,113.1589,71.0,0.07,4.0,0.0,33.0
2021-03-18,1823.58,1850.0,1759.04,1776.08,603721.61056,58912.97,60129.97,57023.0,57648.16,66580.406675,51572008874,5531254896,4056500888.0,1.0002,21.58,112.7744,72.0,0.07,4.0,0.0,33.0
2021-03-19,1775.92,1840.61,1733.47,1809.1,500258.42875,57641.0,59468.0,56270.74,58030.01,52392.652961,52173429881,5417908111,4241512002.0,0.9999,20.95,112.9756,71.0,0.07,4.0,0.0,33.0
2021-03-20,1809.01,1868.83,1800.86,1806.1,451556.10639,58030.01,59880.0,57820.17,58102.28,44476.941776,53130228111,5607337113,4313276376.0,1.0,,,75.0,0.07,4.0,0.0,33.0
2021-03-21,1806.57,1817.16,1747.0,1782.98,465953.98749,58100.02,58589.1,55450.11,57351.56,48564.470274,54768937279,5618180548,4430637567.0,0.9998,,,73.0,0.07,5.0,0.0,28.0
2021-03-22,1783.23,1807.51,1655.15,1680.97,582727.49081,57351.56,58430.73,53650.0,54083.25,62581.626169,52863128002,5513317020,4182188477.0,0.9996,18.88,113.0023,70.0,0.07,5.0,0.0,28.0
2021-03-23,1681.17,1721.17,1650.0,1668.08,577213.99589,54083.25,55830.9,53000.0,54340.89,59789.365427,52459191511,5322141133,4226739493.0,0.9998,20.3,113.2916,66.0,0.07,5.0,0.0,28.0
2021-03-24,1668.2,1740.86,1536.92,1581.84,753834.52393,54342.8,57200.0,51700.0,52303.65,83537.465021,50722291332,5195939109,4006650412.0,1.0002,21.2,113.6565,65.0,0.07,5.0,0.0,28.0
2021-03-25,1581.88,1622.0,1549.4,1585.74,701697.00258,52303.66,53287.0,50427.56,51293.78,87400.534538,50372760975,5024696316,4196862639.0,0.9997,19.81,114.0016,60.0,0.07,5.0,0.0,28.0
2021-03-26,1585.83,1699.93,1585.79,1698.84,515470.92907,51293.78,55073.46,51214.6,55025.59,63813.774692,48754045074,5044725999,3879491976.0,0.9994,18.86,113.7406,54.0,0.07,5.0,0.0,28.0
2021-03-27,1698.84,1732.67,1666.41,1712.63,443845.49957,55025.59,56700.36,53950.0,55817.14,50105.475055,51376111226,5409542293,4111389531.0,0.9997,,,65.0,0.07,5.0,0.0,28.0
2021-03-28,1712.52,1725.66,1661.4,1687.01,348895.51314,55817.14,56559.75,54691.84,55777.63,39050.387511,51947770237,5471378505,4133706056.0,1.0003,,,74.0,0.07,5.0,0.0,36.0
2021-03-29,1687.16,1841.0,1677.85,1816.74,647724.46387,55777.65,58405.82,54800.01,57635.47,67857.937398,52956656619,5473366510,4317927902.0,1.0002,20.74,113.9314,72.0,0.07,5.0,0.0,36.0
2021-03-30,1816.76,1859.13,1786.3,1840.46,568842.00526,57635.46,59368.0,57071.35,58746.57,55122.443122,55647174361,5726154488,4518439410.0,0.9997,19.61,114.203,72.0,0.07,5.0,0.0,36.0
2021-03-31,1840.41,1947.29,1768.15,1919.37,746995.8591,58746.57,59800.0,56769.0,58740.55,60975.542666,58362200833,5782512613,4663603983.0,0.9998,19.4,113.8234,76.0,0.07,5.0,0.0,36.0
2021-04-01,1919.37,1984.77,1885.02,1968.05,741585.07266,58739.46,59490.0,57935.45,58720.44,47415.61722,58579168386,5911629952,4547898957.0,1.0002,17.33,113.7389,74.0,0.07,5.0,0.0,36.0
2021-04-02,1968.05,2146.0,1948.48,2133.69,846197.93215,58720.45,60200.0,58428.57,58950.01,47382.418781,61289001350,5998214088,4774333098.0,0.9999,,113.7315,74.0,0.07,5.0,0.0,36.0
2021-04-03,2133.69,2138.12,1996.3,2008.52,770176.32192,58950.01,59791.72,56880.0,57051.94,47409.852113,64069532850,6324059445,4935565241.0,0.9996,,,73.0,0.07,5.0,0.0,36.0
2021-04-04,2008.59,2091.83,1975.24,2075.69,514345.76554,57051.95,58492.85,56388.0,58202.01,41314.081973,69170871898,8465006032,4967929671.0,0.9998,,,74.0,0.07,5.0,0.0,36.0
2021-04-05,2075.7,2130.64,2002.15,2107.38,684923.61494,58202.01,59272.0,56777.77,59129.99,54258.01579,70915080545,8810612755,4821454410.0,1.0,17.91,113.394,71.0,0.07,5.0,0.0,36.0
2021-04-06,2107.43,2151.0,2044.65,2112.21,673386.05575,59129.99,59495.24,57413.02,57991.15,54201.000727,73940251921,8786633375,4827825988.0,0.9999,18.12,113.1464,75.0,0.07,5.0,0.0,36.0
2021-04-07,2112.22,2129.01,1930.01,1963.47,892984.90422,57990.03,58655.0,55473.0,55953.45,71228.405659,74786078122,8778170128,4949548272.0,1.0004,17.16,113.2436,72.0,0.07,5.0,0.0,36.0
2021-04-08,1963.46,2084.61,1947.35,2080.46,501355.998,55953.44,58153.31,55700.0,58077.52,44283.147019,70225724767,7820590919,4519705831.0,1.0002,16.95,113.0917,73.0,0.07,5.0,0.0,36.0
2021-04-09,2080.39,2100.0,2047.57,2066.87,426387.4379,58077.52,58894.9,57654.0,58142.54,40831.884911,72818943393,8277414039,4538960271.0,1.0004,16.69,113.2028,70.0,0.07,5.0,0.0,36.0
2021-04-10,2067.19,2200.0,2058.0,2133.49,655458.20894,58142.55,61500.0,57900.01,59769.13,69906.424117,75191633847,8236547699,4717451176.0,1.0002,,,70.0,0.07,5.0,0.0,36.0
2021-04-11,2133.49,2165.02,2113.4,2151.36,392265.50773,59769.13,60699.0,59232.52,60002.43,41156.715391,76889427596,8475445429,4727356856.0,1.0007,,,76.0,0.07,5.0,0.0,47.0
2021-04-12,2151.42,2203.46,2102.0,2137.69,579093.35694,59998.8,61300.0,59350.59,59860.0,56375.037117,76927775094,8466698443,4628524484.0,1.0005,16.91,113.1815,74.0,0.07,5.0,0.0,47.0
2021-04-13,2137.86,2318.0,2135.53,2299.19,782608.6209,59860.01,63777.77,59805.15,63575.0,82848.688746,78224904805,8450959796,4689734670.0,0.9999,16.65,113.0391,74.0,0.07,5.0,0.0,47.0
2021-04-14,2299.19,2447.29,2281.33,2432.6,972931.60866,63575.01,64854.0,61301.0,62959.53,82616.343993,81668698111,8821134790,4816806914.0,1.0,16.99,112.7849,75.0,0.07,5.0,0.0,47.0
2021-04-15,2432.59,2543.47,2400.0,2514.04,681950.96645,62959.53,63800.0,62020.0,63159.98,51649.70034,86338006323,9045898504,5218705508.0,0.999,16.57,112.6181,79.0,0.07,5.0,0.0,47.0
2021-04-16,2514.04,2548.29,2300.0,2422.67,999163.75205,63158.74,63520.61,60000.0,61334.8,91764.139884,88314461325,9284336166,5492370754.0,0.9987,16.25,112.4814,78.0,0.07,5.0,0.0,47.0
2021-04-17,2422.38,2495.0,2310.0,2317.6,624232.25568,61334.81,62506.05,59580.91,60006.66,58912.256128,88275648007,9037120181,5513296735.0,0.9991,,,76.0,0.07,5.0,0.0,47.0
2021-04-18,2317.65,2340.0,1946.8,2235.64,1475383.69204,60006.67,60499.0,50931.3,56150.01,124882.131824,88638226523,8783673639,5575860370.0,0.998,,,79.0,0.07,5.0,1.0,46.0
2021-04-19,2235.65,2300.0,2080.0,2161.12,820592.26555,56150.01,57526.81,54221.58,55633.14,78229.042267,81090538941,8422400277,4790445904.0,0.9993,17.29,112.1835,74.0,0.07,5.0,1.0,46.0
2021-04-20,2161.12,2346.62,2055.0,2330.03,992240.809,55633.14,57076.24,53329.96,56425.0,72744.482151,82658653055,8254033415,5206519768.0,0.999,18.68,112.2354,73.0,0.07,5.0,1.0,46.0
2021-04-21,2330.26,2469.54,2235.16,2357.06,1177885.8617,56425.0,56757.91,53536.02,53787.63,66984.756909,83754790914,8868584519,5075665928.0,0.9996,17.5,112.1771,73.0,0.07,5.0,1.0,46.0
2021-04-22,2357.06,2644.47,2303.44,2397.94,2220753.09746,53787.62,55521.48,50500.0,51690.96,104656.631337,84465782504,8964460212,5214888445.0,0.9999,18.71,112.2297,65.0,0.07,5.0,1.0,46.0
2021-04-23,2397.94,2442.89,2107.0,2367.39,2532242.44185,51690.95,52131.85,47500.0,51125.14,132230.780719,86748958832,9000759944,5697613415.0,0.9991,17.33,112.0889,55.0,0.07,5.0,1.0,46.0
2021-04-24,2367.39,2368.74,2154.8,2213.35,997688.94623,51110.56,51166.22,48657.14,50047.84,55361.512573,84914973510,8980529828,4995596427.0,0.9987,,,37.0,0.07,5.0,1.0,46.0
2021-04-25,2214.08,2356.64,2168.0,2320.49,857517.38218,50047.84,50567.91,46930.0,49066.77,58255.645004,83666275538,8544298973,4808804404.0,0.999,,,31.0,0.07,5.0,0.0,49.0
2021-04-26,2320.44,2542.8,2303.64,2532.6,1076469.01367,49066.76,54356.62,48753.44,54001.39,86310.802124,87155108774,8908671744,5065727093.0,0.9992,17.64,111.8109,27.0,0.07,5.0,0.0,49.0
2021-04-27,2532.06,2680.0,2480.29,2666.13,771728.46451,54001.38,55460.0,53222.0,55011.97,54064.034675,95143356236,9534621475,6273546596.0,0.9988,17.56,111.9097,50.0,0.07,5.0,0.0,49.0
2021-04-28,2666.13,2760.0,2559.44,2748.24,999383.1852,55011.97,56428.0,53813.16,54846.22,55130.459015,98495217299,9754404638,7111641489.0,0.9991,17.28,111.7909,59.0,0.07,5.0,0.0,49.0
2021-04-29,2748.23,2798.0,2668.0,2757.04,863890.01069,54846.23,55195.84,52330.94,53555.0,52486.019455,100648786518,10013094620,7834726418.0,0.9994,17.61,111.7464,52.0,0.07,5.0,0.0,49.0
2021-04-30,2757.04,2798.3,2723.09,2772.42,695339.20482,53555.0,57963.0,53013.01,57694.27,68578.910045,99481878823,8370824971,8182559676.0,0.9989,18.61,112.0839,51.0,0.07,5.0,0.0,49.0
2021-05-01,2772.42,2954.28,2743.41,2944.77,690260.07741,57697.25,58458.07,56956.14,57800.37,42600.351836,101674327463,8451882680,8572635709.0,0.999,,,68.0,0.06,5.0,0.0,49.0
2021-05-02,2944.83,2985.0,2852.26,2949.56,571982.5445,57797.35,57911.02,56035.25,56578.21,36812.878863,105540350199,8664590699,8972705037.0,0.9993,,,66.0,0.06,6.0,0.0,97.0
2021-05-03,2949.33,3454.0,2949.32,3431.04,1329088.0628,56578.21,58981.44,56435.0,57169.39,57649.931286,106615732924,8596789090,9293411462.0,0.9992,18.31,112.005,61.0,0.06,6.0,0.0,97.0
2021-05-04,3431.04,3527.0,3160.0,3239.01,1826039.38558,57169.39,57200.0,53046.69,53200.01,85324.625903,111899890937,9392185139,10360893252.0,0.9995,19.48,112.2896,68.0,0.06,6.0,0.0,97.0
2021-05-05,3239.01,3549.34,3200.23,3524.26,1174816.73588,53205.05,58069.82,52900.0,57436.11,77263.923439,112846963228,9024403275,10829812017.0,0.9988,19.15,112.1514,48.0,0.06,6.0,0.0,97.0
2021-05-06,3524.33,3605.4,3376.47,3489.73,920592.57706,57436.11,58360.0,55200.0,56393.68,70181.671908,114897580194,9481490721,9968541694.0,0.9991,18.39,111.8401,65.0,0.06,6.0,0.0,97.0
2021-05-07,3489.74,3587.0,3353.23,3479.53,760544.64781,56393.68,58650.0,55241.63,57314.75,74542.747829,117537095473,9289122040,11062167689.0,0.999,16.69,111.0249,64.0,0.06,6.0,0.0,97.0
2021-05-08,3479.79,3958.33,3449.27,3910.26,1130467.54852,57315.49,59500.0,56900.0,58862.05,69709.906028,117166617525,9273075961,10760024964.0,0.9987,,,67.0,0.06,6.0,0.0,97.0
2021-05-09,3910.26,3983.65,3726.08,3923.95,1000401.0082,58866.53,59300.0,56235.66,58240.84,69806.11991,120721665673,9911717785,10548445686.0,0.9988,,,73.0,0.06,6.0,1.0,100.0
2021-05-10,3923.95,4208.0,3650.0,3945.88,1505897.92612,58240.83,59500.0,53400.0,55816.14,89586.34925,121976533671,9892409872,10970606164.0,0.9989,19.66,110.7905,72.0,0.06,6.0,1.0,100.0
2021-05-11,3946.63,4180.22,3771.64,4173.45,1095927.10403,55816.14,56862.43,54370.0,56670.02,64329.54055,122217312504,9767588045,11507609054.0,0.9988,21.84,110.8921,61.0,0.06,6.0,1.0,100.0
2021-05-12,4173.46,4372.72,3701.58,3823.21,1601842.74017,56670.02,58000.01,48600.0,49631.32,99842.789836,121789969806,10240438297,11047318171.0,1.0001,27.59,111.5636,68.0,0.06,6.0,1.0,100.0
2021-05-13,3810.15,4034.77,3500.0,3717.91,2068708.17427,49537.15,51367.19,46000.0,49670.97,147332.002121,120731973048,9341277013,12011259965.0,0.9999,23.13,111.5955,31.0,0.06,6.0,1.0,100.0
2021-05-14,3717.92,4173.28,3691.35,4075.01,1153390.42631,49671.92,51483.0,48799.75,49841.45,80082.204306,114937062071,9253060845,11180238830.0,0.999,18.81,111.1353,26.0,0.06,6.0,1.0,100.0
2021-05-15,4075.02,4134.05,3632.0,3646.68,1039174.88082,49844.16,50700.0,46555.0,46762.99,89437.449359,118876523477,10106659034,11929810861.0,0.9997,,,27.0,0.06,6.0,1.0,100.0
2021-05-16,3646.24,3879.0,3343.06,3582.1,1324065.65875,46762.99,49795.89,43825.39,46431.5,114269.812775,115433783103,9206625672,11892144818.0,0.9997,,,20.0,0.06,6.0,4.0,90.0
2021-05-17,3581.81,3587.06,3102.0,3282.51,1904012.43998,46426.83,46686.0,42001.0,43538.04,166657.172736,113335391820,9106013471,12119071809.0,1.0,19.72,111.079,27.0,0.06,6.0,4.0,90.0
2021-05-18,3282.25,3565.71,3240.0,3375.07,1287110.84143,43538.02,45799.29,42250.02,42849.78,116979.860784,109378382089,8463957804,11664502490.0,0.9993,21.34,110.8317,21.0,0.06,6.0,4.0,90.0
2021-05-19,3375.08,3441.73,1888.0,2438.92,4309836.31939,42849.78,43584.9,30000.0,36690.09,354347.243161,101189767353,8659522796,12248713354.0,0.9983,22.18,110.8807,23.0,0.06,6.0,4.0,90.0
2021-05-20,2438.92,2990.05,2155.0,2768.62,2942777.9301,36671.23,42451.67,34850.0,40526.64,203017.596923,86758376166,6567601781,10479514443.0,0.9978,20.67,110.8605,11.0,0.06,6.0,4.0,90.0
2021-05-21,2767.87,2938.54,2101.0,2430.98,2727031.93514,40525.39,42200.0,33488.0,37252.01,202100.888258,85631023604,7338676358,10695923787.0,0.9987,20.15,111.0576,19.0,0.06,6.0,4.0,90.0
2021-05-22,2430.98,2485.0,2145.0,2294.87,1684318.01157,37263.35,38829.0,35200.62,37449.73,126542.243689,82163616231,6585963939,10663735608.0,0.9992,,,12.0,0.06,6.0,4.0,90.0
2021-05-23,2295.45,2381.57,1728.74,2096.39,2914548.73125,37458.51,38270.64,31111.01,34655.25,217136.046593,74693893860,6232803046,9527699520.0,0.9987,,,14.0,0.06,6.0,1.0,73.0
2021-05-24,2096.63,2675.0,2079.94,2648.43,2186632.92245,34681.44,39920.0,34031.0,38796.29,161630.893971,71689811883,5744753504,7911926911.0,0.9989,18.4,110.9118,10.0,0.06,6.0,1.0,73.0
2021-05-25,2647.92,2750.0,2378.54,2705.11,2115349.50445,38810.99,39791.77,36419.62,38324.72,111996.228404,79359087634,6945975866,9273891116.0,0.9988,18.84,110.842,22.0,0.06,6.0,1.0,73.0
2021-05-26,2705.1,2910.0,2643.0,2884.94,1583799.59251,38324.72,40841.0,37800.44,39241.91,104780.773396,81778270407,7262825557,9321677306.0,0.9988,17.36,110.8677,22.0,0.06,6.0,1.0,73.0
2021-05-27,2884.82,2889.74,2633.68,2742.23,1099029.91206,39241.92,40411.14,37134.27,38529.98,86547.158794,87119308982,7625779715,10861302454.0,0.9991,16.74,110.8688,27.0,0.06,6.0,1.0,73.0
2021-05-28,2742.23,2762.45,2327.38,2412.1,1554584.61362,38529.99,38877.83,34684.0,35663.49,135377.62972,84952523307,7331574880,11382448935.0,0.9995,16.76,110.7576,21.0,0.06,6.0,1.0,73.0
2021-05-29,2412.34,2574.27,2204.1,2278.74,1379427.18851,35661.79,37338.58,33632.76,34605.15,112663.092689,79410419152,6888136308,10092659100.0,0.9995,,,18.0,0.06,6.0,1.0,73.0
2021-05-30,2278.74,2476.42,2180.53,2385.98,1151113.19883,34605.15,36488.0,33379.0,35641.27,73535.386967,78164308133,6612691795,10617279038.0,0.9994,,,10.0,0.06,5.0,0.0,50.0
2021-05-31,2385.82,2720.0,2271.44,2706.15,1307958.04068,35641.26,37499.0,34153.84,37253.81,94160.735289,82558933133,6855373579,11197109826.0,0.9999,,,18.0,0.06,5.0,0.0,50.0
2021-06-01,2706.15,2740.0,2523.74,2634.57,1179577.10806,37253.82,37894.81,35666.0,36693.09,81234.66377,85906685024,7455151691,11782508382.0,1.0,17.9,110.5046,20.0,0.08,5.0,0.0,50.0
2021-06-02,2634.31,2802.99,2550.0,2706.22,970070.53563,36694.85,38225.0,35920.0,37568.68,67587.372495,87433886963,7255029769,12055393575.0,1.0,17.48,110.5799,23.0,0.08,5.0,0.0,50.0
2021-06-03,2706.21,2891.95,2662.4,2857.25,1024290.89423,37568.68,39476.0,37170.0,39246.79,75889.106011,91609856128,7390168869,12383789728.0,0.9998,18.04,111.1782,24.0,0.08,5.0,0.0,50.0
2021-06-04,2857.25,2860.0,2552.0,2689.51,1188314.11191,39246.78,39289.07,35555.15,36829.0,91317.799245,92866343602,7651384796,12559954549.0,0.9994,16.42,110.7521,27.0,0.08,5.0,0.0,50.0
2021-06-05,2689.54,2816.87,2552.23,2627.73,961824.12413,36829.15,37925.0,34800.0,35513.2,70459.62149,89909035226,7288447665,11679451747.0,0.9998,,,24.0,0.08,5.0,0.0,50.0
2021-06-06,2627.63,2745.0,2614.0,2711.92,673792.69369,35516.07,36480.0,35222.0,35796.31,47650.206637,90556561498,7160372740,11903745800.0,0.9999,,,17.0,0.08,5.0,0.0,41.0
2021-06-07,2711.92,2847.55,2570.0,2592.05,1152128.07856,35796.31,36900.0,33300.0,33552.79,77574.952573,91144185616,7306233928,12063475663.0,0.9999,16.42,110.5155,15.0,0.08,5.0,0.0,41.0
2021-06-08,2592.05,2620.99,2304.91,2507.23,1693747.42759,33556.96,34068.01,31000.0,33380.81,123251.189037,90562450330,6871423010,12272185727.0,0.9993,17.07,110.649,13.0,0.08,5.0,0.0,41.0
2021-06-09,2507.43,2626.63,2405.28,2610.18,1276718.24011,33380.8,37534.79,32396.82,37388.05,136607.597517,88809316389,6792623209,11376439467.0,0.9993,17.89,110.5707,14.0,0.08,5.0,0.0,41.0
2021-06-10,2610.2,2624.46,2425.11,2471.09,741237.49926,37388.05,38491.0,35782.0,36675.72,109527.284943,90412771053,6995526154,11804812547.0,0.9996,16.1,110.5456,21.0,0.08,5.0,0.0,41.0
2021-06-11,2471.01,2497.99,2321.37,2354.01,587364.27358,36677.83,37680.4,35936.77,37331.98,78466.0053,88600196907,6711609495,11882146142.0,1.0002,15.65,111.0933,21.0,0.08,5.0,0.0,41.0
2021-06-12,2354.09,2454.53,2256.22,2370.74,767439.4984,37331.98,37463.63,34600.36,35546.11,87717.54999,86513450743,6421932246,11429810802.0,1.0,,,28.0,0.08,5.0,0.0,41.0
2021-06-13,2370.64,2548.41,2308.41,2509.33,715948.75986,35546.12,39380.0,34757.0,39020.57,86921.025555,87197939876,6422644755,11073633661.0,0.9999,,,23.0,0.08,5.0,0.0,34.0
2021-06-14,2509.33,2609.17,2461.0,2580.77,684183.55622,39020.56,41064.05,38730.0,40516.29,108522.391949,91543023912,6727907017,11148891506.0,0.9999,16.39,110.9659,28.0,0.08,5.0,0.0,34.0
2021-06-15,2580.58,2640.0,2507.7,2543.54,599826.64933,40516.28,41330.0,39506.4,40144.04,80679.622838,94235774124,6843663064,11618640208.0,0.9999,17.02,111.3507,38.0,0.08,5.0,0.0,34.0
2021-06-16,2543.55,2556.19,2351.18,2367.89,624741.78358,40143.8,40527.14,38116.01,38349.01,87771.976937,92358243973,6792195238,11893001322.0,1.0003,18.15,111.1165,33.0,0.08,5.0,0.0,34.0
2021-06-17,2368.02,2460.5,2306.0,2373.28,560667.58566,38349.0,39559.88,37365.0,38092.97,79541.307119,89129142095,6442774014,11024184548.0,1.0,17.75,112.5772,26.0,0.08,5.0,0.0,34.0
2021-06-18,2373.28,2378.0,2139.0,2234.09,778905.20197,38092.97,38202.84,35129.29,35819.84,95228.042935,87258342871,6542785677,10786882359.0,0.9997,20.7,113.0408,25.0,0.08,5.0,0.0,34.0
2021-06-19,2234.09,2278.82,2161.67,2164.67,496872.24997,35820.48,36457.0,34803.52,35483.72,68712.449461,85512707644,6237281031,10519600876.0,0.9999,,,23.0,0.08,5.0,0.0,34.0
2021-06-20,2165.34,2280.01,2040.68,2243.47,743883.64741,35483.72,36137.72,33336.0,35600.16,89878.17085,84723658152,6128757249,10236522374.0,1.0001,,,21.0,0.08,4.0,1.0,40.0
2021-06-21,2243.49,2260.16,1865.54,1885.49,1629819.66576,35600.17,35750.0,31251.23,31608.93,168778.873159,79862217128,6262811060,9738547849.0,1.0,17.89,112.8391,23.0,0.08,4.0,1.0,40.0
2021-06-22,1885.27,1998.0,1700.48,1879.28,1695338.08052,31614.12,33298.78,28805.0,32509.56,204208.179762,73628903144,5347106523,9353724504.0,0.9998,16.66,112.9174,10.0,0.08,4.0,1.0,40.0
2021-06-23,1879.29,2045.0,1821.95,1968.14,918612.30494,32509.56,34881.0,31683.0,33678.07,126966.100563,73468556453,5406384532,8945701258.0,0.9998,16.32,112.3819,14.0,0.08,4.0,1.0,40.0
2021-06-24,1967.95,2036.61,1884.79,1989.52,701231.67478,33675.07,35298.0,32286.57,34663.09,86625.80426,76100782998,5641248253,9252195825.0,1.0002,15.97,112.326,22.0,0.08,4.0,1.0,40.0
2021-06-25,1989.53,2019.99,1791.22,1808.82,858808.54767,34663.08,35500.0,31275.0,31584.45,116061.130356,76278598816,5810176937,9237283150.0,1.0,15.62,111.9655,27.0,0.08,4.0,1.0,40.0
2021-06-26,1808.97,1852.8,1717.32,1829.64,832315.14904,31576.09,32730.0,30151.0,32283.65,107820.375287,73959276191,5424493767,8947453258.0,1.0002,,,20.0,0.08,4.0,1.0,40.0
2021-06-27,1829.84,1984.5,1804.26,1982.28,696055.79307,32283.65,34749.0,31973.45,34700.34,96613.244211,74740236648,5420240080,8774633674.0,1.0,,,22.0,0.08,4.0,0.0,32.0
2021-06-28,1982.27,2145.0,1960.52,2084.41,1044244.68308,34702.49,35297.71,33862.72,34494.89,82222.267819,76772506831,5718165945,8921660125.0,0.9999,15.76,112.0248,25.0,0.08,4.0,0.0,32.0
2021-06-29,2084.42,2245.0,2073.57,2165.33,831257.23277,34494.89,36600.0,34225.43,35911.73,90788.79622,79159964924,5853340264,9192688744.0,0.9999,16.02,112.2613,25.0,0.08,4.0,0.0,32.0
2021-06-30,2165.46,2287.78,2087.99,2275.68,910583.6032,35911.72,36100.0,34017.55,35045.0,77152.197634,81396476485,6011769446,9738799903.0,0.9999,15.83,112.5533,28.0,0.08,4.0,0.0,32.0
2021-07-01,2275.68,2275.93,2073.12,2106.41,787865.25137,35045.0,35057.57,32711.0,33504.69,71708.266112,81142476083,6201591159,9482380791.0,0.9999,15.48,112.74,28.0,0.1,4.0,0.0,32.0
2021-07-02,2106.41,2160.0,2018.5,2154.13,672282.37476,33502.33,33977.04,32699.0,33786.55,56172.181378,80914925275,5929363552,9371205654.0,0.9999,15.07,112.5425,21.0,0.1,4.0,0.0,32.0
2021-07-03,2153.95,2240.0,2112.01,2226.99,569264.801,33786.54,34945.61,33316.73,34669.13,43044.578641,81050266108,6008501219,9090125199.0,1.0,,,24.0,0.1,4.0,0.0,32.0
2021-07-04,2226.99,2389.93,2189.58,2322.69,590656.25069,34669.12,35967.85,34357.15,35286.51,43703.475789,83782560850,6067744257,9595220629.0,1.0001,,,27.0,0.1,6.0,0.0,29.0
2021-07-05,2322.69,2324.64,2157.32,2196.53,781806.31605,35288.13,35293.78,33125.55,33690.14,64123.874245,85055252203,6166622344,9833983817.0,0.9999,,,29.0,0.1,6.0,0.0,29.0
2021-07-06,2196.85,2350.0,2193.0,2322.5,785330.17152,33690.15,35118.88,33532.0,34220.01,58210.596349,84783738168,6011355224,9408265217.0,1.0002,16.44,112.9516,20.0,0.1,6.0,0.0,29.0
2021-07-07,2322.51,2409.0,2291.9,2316.57,666501.35572,34220.02,35059.09,33777.77,33862.12,53807.521675,88104902189,6193949558,9770863175.0,0.9997,16.2,113.1048,28.0,0.1,6.0,0.0,29.0
2021-07-08,2316.25,2325.6,2084.79,2116.33,880265.04124,33862.11,33929.64,32077.0,32875.71,70136.48032,88223127772,6128233381,9932058114.0,1.0001,19.0,113.0776,20.0,0.1,6.0,0.0,29.0
2021-07-09,2116.32,2189.4,2046.51,2146.99,738611.36304,32875.71,34100.0,32261.07,33815.81,47153.939899,86192127047,5793591621,9290572497.0,1.0001,16.18,112.8375,20.0,0.1,6.0,0.0,29.0
2021-07-10,2146.99,2194.82,2074.16,2110.69,499071.85904,33815.81,34262.0,33004.78,33502.87,34761.175468,85783839524,5880861470,9159512383.0,1.0001,,,20.0,0.1,6.0,0.0,29.0
2021-07-11,2110.68,2174.0,2081.02,2140.45,342294.40302,33502.87,34666.0,33306.47,34258.99,31572.647448,86787690765,5804909508,9409581191.0,1.0,,,20.0,0.1,9.0,0.0,26.0
2021-07-12,2140.54,2167.83,2006.68,2031.58,540630.10742,34259.0,34678.43,32658.34,33086.63,48181.403762,86480983209,5845550241,9494893410.0,1.0,16.17,112.7611,25.0,0.1,9.0,0.0,26.0
2021-07-13,2031.57,2047.35,1918.0,1940.15,647388.24969,33086.94,33340.0,32202.25,32729.77,41126.361008,84475114362,5615751418,9298982719.0,1.0002,17.12,113.0063,20.0,0.1,9.0,0.0,26.0
2021-07-14,1940.44,2019.18,1865.0,1994.58,690505.60937,32729.12,33114.03,31550.0,32820.02,46777.823484,83189050435,5415290111,8875647759.0,0.9999,16.33,112.8801,21.0,0.1,9.0,0.0,26.0
2021-07-15,1994.41,2042.88,1881.0,1919.51,645271.32563,32820.03,33185.25,31133.0,31880.0,51639.576353,82137426212,5478409168,9176808769.0,1.0002,17.01,113.0041,20.0,0.1,9.0,0.0,26.0
2021-07-16,1919.54,1965.0,1850.0,1876.26,577068.89724,31874.49,32249.18,31020.0,31383.87,48499.864154,80563559506,5358121052,9087311812.0,0.9999,18.45,113.0428,22.0,0.1,9.0,0.0,26.0
2021-07-17,1876.47,1919.19,1844.45,1899.59,430300.51578,31383.86,31955.92,31164.31,31520.07,34012.242132,79969146521,5281615689,9758720540.0,1.0,,,15.0,0.1,9.0,0.0,26.0
2021-07-18,1899.5,1993.79,1877.1,1891.64,534837.63654,31520.07,32435.0,31108.97,31778.56,35923.716186,81018263441,5304704165,9856989815.0,1.0,,,19.0,0.1,7.0,0.0,29.0
2021-07-19,1891.65,1919.0,1805.0,1818.73,547419.93771,31778.57,31899.0,30407.44,30839.65,47340.468499,79916136101,5297304957,9862609206.0,1.0003,22.5,113.5472,24.0,0.1,7.0,0.0,29.0
2021-07-20,1818.73,1841.34,1706.0,1786.03,786257.272,30839.65,31063.07,29278.0,29790.35,61034.049017,77613109400,5117731463,9584916305.0,1.0,19.73,113.7502,19.0,0.1,7.0,0.0,29.0
2021-07-21,1786.03,2035.23,1747.55,1995.5,1115949.82033,29790.34,32858.0,29482.61,32144.51,82796.265128,77826354919,5040752681,9430573553.0,1.0,17.91,113.3926,10.0,0.1,7.0,0.0,29.0
2021-07-22,1995.5,2046.0,1947.62,2024.56,768854.3659,32144.51,32591.35,31708.0,32287.83,46148.092433,81823298935,5437565524,10162926138.0,1.0001,17.69,113.4695,21.0,0.1,7.0,0.0,29.0
2021-07-23,2024.27,2130.9,1993.22,2124.25,708160.91322,32287.58,33650.0,31924.32,33634.09,50112.863626,82660080849,5523737729,10242335048.0,0.9996,17.2,113.4398,23.0,0.1,7.0,0.0,29.0
2021-07-24,2124.26,2199.5,2105.58,2184.75,633075.18592,33634.1,34500.0,33401.14,34258.14,47977.550138,84737012961,5727065112,10490974966.0,0.9994,,,22.0,0.1,7.0,0.0,29.0
2021-07-25,2184.9,2197.41,2105.93,2189.79,535630.27,34261.51,35398.0,33851.12,35381.02,47852.928313,86313053352,5672852561,10592395082.0,0.9994,,,27.0,0.1,6.0,0.0,33.0
2021-07-26,2189.82,2433.65,2171.57,2228.08,1393738.163,35381.02,40550.0,35205.78,37237.6,152452.512724,87800992796,5706719072,10692719502.0,0.9998,17.58,113.2238,26.0,0.1,6.0,0.0,33.0
2021-07-27,2227.81,2319.26,2150.5,2299.49,906359.23478,37241.33,39542.61,36383.0,39457.87,88397.267015,89650497102,5769063866,10932469572.0,0.9998,19.36,113.2227,32.0,0.1,6.0,0.0,33.0
2021-07-28,2299.47,2345.0,2243.15,2300.9,718202.57727,39456.61,40900.0,38772.0,40019.56,101344.528441,91023769286,5924559244,11162376218.0,0.9998,18.31,113.1807,50.0,0.1,6.0,0.0,33.0
2021-07-29,2300.9,2400.0,2266.12,2382.92,499364.83496,40019.57,40640.0,39200.0,40016.48,53998.439283,91485928762,5943935394,11116172184.0,0.9998,17.7,112.4834,50.0,0.1,6.0,0.0,33.0
2021-07-30,2382.93,2471.7,2315.92,2461.81,762577.28797,40018.49,42316.71,38313.23,42206.37,73602.784805,92904098981,6131641494,11333653598.0,0.9996,18.24,112.6714,53.0,0.1,6.0,0.0,33.0
2021-07-31,2461.77,2553.86,2420.68,2531.05,507601.05026,42206.36,42448.0,41000.15,41461.83,44849.791012,94425471140,6285263050,11667373013.0,0.9994,,,60.0,0.1,6.0,0.0,33.0
2021-08-01,2531.1,2697.61,2511.24,2555.69,853495.94078,41461.84,42599.0,39422.01,39845.44,53953.186326,95492687235,6331734204,11956713357.0,0.9999,,,60.0,0.09,5.0,0.0,44.0
2021-08-02,2555.5,2666.0,2507.0,2606.93,726701.84952,39850.27,40480.01,38690.0,39147.82,50837.351954,95020996862,6266690639,11728856999.0,0.9999,19.46,112.6691,48.0,0.09,5.0,0.0,44.0
2021-08-03,2606.92,2632.44,2442.32,2509.04,792960.84375,39146.86,39780.0,37642.03,38207.05,57117.435853,94527727165,6397641095,11720124383.0,1.0,18.04,112.8228,48.0,0.09,5.0,0.0,44.0
2021-08-04,2508.51,2772.71,2457.68,2724.78,954590.7536,38207.04,39969.66,37508.56,39723.18,52329.35243,94985510333,6197443098,11845211624.0,0.9999,17.97,112.8953,42.0,0.09,5.0,0.0,44.0
2021-08-05,2724.55,2843.98,2529.91,2826.99,1307720.20654,39723.17,41350.0,37332.7,40862.46,84343.755621,98384120258,6490600068,12423959019.0,0.9996,17.28,112.7674,50.0,0.09,5.0,0.0,44.0
2021-08-06,2827.01,2946.75,2720.06,2891.58,825399.48637,40862.46,43392.43,39853.86,42836.87,75753.941347,100614310706,6636305921,12782548303.0,0.9996,16.15,113.3088,52.0,0.09,5.0,0.0,44.0
2021-08-07,2891.54,3171.0,2865.5,3160.31,1205277.10095,42836.87,44700.0,42446.41,44572.54,73396.740808,103199134084,6797639251,12792127968.0,0.9993,,,69.0,0.09,5.0,0.0,44.0
2021-08-08,3160.48,3189.99,2949.03,3011.85,966349.70579,44572.54,45310.0,43261.0,43794.37,69329.092698,105875240899,7184593785,13375539623.0,0.9995,,,74.0,0.09,6.0,0.0,43.0
2021-08-09,3011.84,3186.0,2893.23,3160.52,1129584.61614,43794.36,46454.15,42779.0,46253.4,74587.884845,104890654782,6953674225,12958152995.0,0.9998,16.72,113.4521,65.0,0.09,6.0,0.0,43.0
2021-08-10,3160.51,3233.0,3051.22,3141.66,880675.74443,46248.87,46700.0,44589.46,45584.99,53814.643421,107495093983,7081551222,13463015202.0,0.9997,16.79,113.4973,71.0,0.09,6.0,0.0,43.0
2021-08-11,3141.14,3274.0,3120.27,3160.5,732546.60433,45585.0,46743.47,45341.14,45511.0,52734.901977,107297329139,7077723854,13307164325.0,0.9994,16.06,113.282,70.0,0.09,6.0,0.0,43.0
2021-08-12,3160.4,3239.0,2979.29,3045.96,737628.45808,45510.67,46218.12,43770.0,44399.0,55266.108781,107850245070,7139617383,13400222701.0,0.9997,15.59,113.2691,70.0,0.09,6.0,0.0,43.0
2021-08-13,3046.11,3327.83,3033.8,3322.32,579333.40323,44400.06,47886.0,44217.39,47800.0,48239.370431,108378512843,6951238979,13012294744.0,0.9994,15.45,113.0615,70.0,0.09,6.0,0.0,43.0
2021-08-14,3322.33,3330.98,3200.0,3263.16,486102.53787,47799.99,48144.0,45971.03,47068.51,46114.359022,112587995447,7377769177,13588360313.0,0.9994,,,76.0,0.09,6.0,0.0,43.0
2021-08-15,3263.16,3320.0,3111.13,3307.09,565579.67765,47068.5,47372.27,45500.0,46973.82,42110.711334,112840507267,7471604463,13737015231.0,0.9992,,,71.0,0.09,5.0,0.0,36.0
2021-08-16,3307.35,3335.0,3135.22,3146.53,635667.05422,46973.82,48053.83,45660.0,45901.29,52480.574014,113239113365,7467726663,13720659818.0,0.9998,16.12,113.1698,72.0,0.09,5.0,0.0,36.0
2021-08-17,3147.18,3290.0,2991.89,3011.72,804996.06971,45901.3,47160.0,44376.0,44695.95,57039.341629,110693940384,7210922378,13277856088.0,1.0001,17.91,113.6174,72.0,0.09,5.0,0.0,36.0
2021-08-18,3011.73,3125.81,2950.0,3014.55,625103.25568,44695.95,46000.0,44203.28,44705.29,54099.415985,109364285770,6993208404,12690405574.0,0.9997,21.57,113.6959,73.0,0.09,5.0,0.0,36.0
2021-08-19,3014.18,3188.0,2958.33,3184.12,634769.92174,44699.37,47033.0,43927.7,46760.62,53411.75392,110938365495,7064590208,12718873980.0,1.0,21.67,114.1106,70.0,0.09,5.0,0.0,36.0
2021-08-20,3184.11,3300.0,3177.16,3284.82,558127.4554,46760.62,49382.99,46622.99,49322.47,56850.352228,114585789547,7172865285,13614196782.0,0.9999,18.56,114.5009,70.0,0.09,5.0,0.0,36.0
2021-08-21,3284.81,3309.16,3207.0,3223.43,421156.09084,49322.47,49757.04,48222.0,48821.87,46745.136584,117219797239,7289007489,14305421984.0,0.9992,,,78.0,0.09,5.0,0.0,36.0
2021-08-22,3223.36,3272.0,3126.42,3238.0,406479.07654,48821.88,49500.0,48050.0,49239.22,37007.887795,116658474758,7252016376,14018082127.0,0.9993,,,76.0,0.09,5.0,0.0,33.0
2021-08-23,3238.0,3377.89,3230.02,3321.28,602103.44614,49239.22,50500.0,49029.0,49488.85,52462.541954,118330912156,7337955625,13900980746.0,0.9998,17.15,113.9418,79.0,0.09,5.0,0.0,33.0
2021-08-24,3321.28,3357.85,3147.31,3170.62,540480.07853,49488.85,49860.0,47600.0,47674.01,51014.594748,118141620237,7454674304,14314237717.0,0.9999,17.22,113.6795,79.0,0.09,5.0,0.0,33.0
2021-08-25,3170.63,3248.0,3080.0,3226.87,483697.69444,47674.01,49264.3,47126.28,48973.32,44655.830342,116567140939,7270973581,13517811100.0,0.9999,16.79,113.6322,73.0,0.09,5.0,0.0,33.0
2021-08-26,3226.88,3250.0,3053.3,3093.2,442298.47372,48973.32,49352.84,46250.0,46843.87,49371.277774,116005006606,7378740493,13764029104.0,0.9998,18.84,113.7883,75.0,0.09,5.0,0.0,33.0
2021-08-27,3093.06,3280.0,3060.18,3273.45,451027.80711,46843.86,49149.93,46348.0,49069.9,42068.104965,115727469551,7188004792,13329090113.0,0.9995,16.39,113.3404,71.0,0.09,5.0,0.0,33.0
2021-08-28,3273.89,3287.0,3210.31,3244.48,262360.34921,49069.9,49299.0,48346.88,48895.35,26681.063786,119063702442,7516912711,13841562356.0,0.9995,,,78.0,0.09,5.0,0.0,33.0
2021-08-29,3244.75,3285.0,3152.34,3223.47,335806.7827,48895.35,49632.27,47762.54,48767.83,32652.283473,118594634080,7471240389,13631996990.0,0.9994,,,72.0,0.09,5.0,0.0,41.0
2021-08-30,3223.47,3347.95,3143.0,3229.64,625347.27541,48767.84,48888.61,46853.0,46982.91,40288.35083,117824279116,7494385463,13596008961.0,0.9998,16.19,113.246,73.0,0.09,5.0,0.0,41.0
2021-08-31,3229.14,3476.0,3188.77,3429.2,863071.13092,46982.91,48246.11,46700.0,47100.89,48645.52737,118092088549,7405565359,13817106649.0,0.9997,16.48,113.1076,73.0,0.09,5.0,0.0,41.0
2021-09-01,3429.19,3842.0,3382.22,3826.82,845759.95868,47100.89,49156.0,46512.0,48810.52,49904.65528,122995117383,7673667826,14286048509.0,0.9995,16.11,112.8732,71.0,0.08,5.0,0.0,41.0
2021-09-02,3826.82,3836.8,3717.04,3785.82,525165.7996,48810.51,50450.13,48584.06,49246.64,54410.770538,129519971539,7979090277,15342180726.0,0.9995,16.41,112.7863,74.0,0.08,5.0,0.0,41.0
2021-09-03,3785.82,4027.88,3705.05,3938.11,655903.75739,49246.63,51000.0,48316.84,49999.14,59025.644157,130154447216,7854641462,15395818621.0,0.9996,16.41,112.5476,74.0,0.08,5.0,0.0,41.0
2021-09-04,3938.11,3970.0,3832.5,3885.52,364478.1193,49998.0,50535.69,49370.0,49915.64,34664.65959,132361784912,7947297058,15920688037.0,0.9996,,,72.0,0.08,5.0,0.0,41.0
2021-09-05,3885.61,3980.0,3830.0,3950.29,365759.8597,49917.54,51900.0,49450.0,51756.88,40544.835873,133249814432,7913680283,15889850171.0,0.9993,,,73.0,0.08,5.0,1.0,40.0
2021-09-06,3950.28,3970.0,3864.3,3926.77,397768.5783,51756.88,52780.0,50969.33,52663.9,49249.667081,135149927254,8033714410,16253810259.0,0.9997,,,79.0,0.08,5.0,1.0,40.0
2021-09-07,3926.67,3947.15,3005.0,3434.57,1203536.00209,52666.2,52920.0,42843.05,46863.73,123048.802719,129688536633,7954324563,16314484599.0,0.9995,18.14,112.9795,79.0,0.08,5.0,1.0,40.0
2021-09-08,3434.84,3560.0,3215.16,3499.0,780611.7657,46868.57,47340.99,44412.02,46048.31,65069.3152,122741964531,7012140263,14060387797.0,1.0,17.96,113.2319,47.0,0.08,5.0,1.0,40.0
2021-09-09,3499.01,3567.06,3390.4,3424.93,628553.8831,46048.31,47399.97,45513.08,46395.14,50651.66002,123957495591,7070202461,14177575814.0,0.9998,18.8,113.043,45.0,0.08,5.0,1.0,40.0
2021-09-10,3424.94,3514.11,3150.0,3208.86,633026.2659,46395.14,47033.0,44132.29,44850.91,49048.26618,123749621241,7020398795,14119323935.0,1.0,20.95,112.9425,46.0,0.08,5.0,1.0,40.0
2021-09-11,3208.85,3348.37,3200.0,3267.21,413524.1761,44842.2,45987.93,44722.22,45173.69,30440.4081,121103768696,6698235732,13500145500.0,0.9999,,,31.0,0.08,5.0,1.0,40.0
2021-09-12,3267.1,3474.16,3231.1,3404.21,408858.9595,45173.68,46460.0,44742.06,46025.24,32094.28052,124386763200,6817781064,13673566514.0,1.0,,,32.0,0.08,5.0,0.0,30.0
2021-09-13,3404.3,3430.3,3108.49,3285.35,647855.7199,46025.23,46880.0,43370.0,44940.73,65429.15056,125851882906,7073618049,14056500364.0,0.9998,19.37,113.0341,44.0,0.08,5.0,0.0,30.0
2021-09-14,3285.09,3437.05,3269.95,3434.37,373634.9026,44940.72,47250.0,44594.44,47111.52,44855.85099,124540201292,6857536832,13599445470.0,0.9997,19.46,113.0061,30.0,0.08,5.0,0.0,30.0
2021-09-15,3434.37,3616.16,3357.78,3613.55,428507.5278,47103.28,48500.0,46682.32,48121.41,43204.71174,129514481707,7123162131,14238495908.0,0.9998,18.18,112.9773,49.0,0.08,5.0,0.0,30.0
2021-09-16,3613.55,3676.28,3481.14,3567.98,467985.4919,48121.4,48557.0,47021.1,47737.82,40725.08895,131765440134,7393674076,14766020180.0,0.9997,18.69,113.3036,53.0,0.08,5.0,0.0,30.0
2021-09-17,3567.97,3594.17,3350.07,3399.81,398888.3705,47737.81,48150.0,46699.56,47299.98,34461.92776,130202942998,7348472697,14451448017.0,1.0,20.81,113.5989,48.0,0.08,5.0,0.0,30.0
2021-09-18,3399.89,3541.96,3368.88,3435.64,315162.7627,47299.98,48843.2,47035.56,48292.74,30906.47038,129319423464,7175547749,14061702019.0,0.9999,,,50.0,0.08,5.0,0.0,30.0
2021-09-19,3435.64,3456.53,3277.74,3328.62,312948.0013,48292.75,48372.83,46829.18,47241.75,29847.24349,129540307067,7252574256,14147424170.0,1.0,,,53.0,0.08,5.0,1.0,32.0
2021-09-20,3328.57,3347.82,2913.39,2977.28,917939.57849,47241.75,47347.25,42500.0,43015.62,78003.524443,122152852336,7139915229,13731642034.0,1.0004,25.71,113.9422,50.0,0.08,5.0,1.0,32.0
2021-09-21,2977.32,3105.83,2652.0,2765.9,971519.88941,43016.64,43639.0,39600.0,40734.38,84534.080485,112883192373,6507259442,12216230570.0,1.0002,24.36,113.8179,27.0,0.08,5.0,1.0,32.0
2021-09-22,2766.72,3088.88,2737.54,3076.92,677457.64825,40734.09,44000.55,40565.39,43543.61,58349.05542,115426717205,6170312913,11915575403.0,0.9994,20.87,113.6223,21.0,0.08,5.0,1.0,32.0
2021-09-23,3076.92,3174.5,3033.85,3152.5,459293.8858,43546.37,44978.0,43069.09,44865.26,48699.57655,121654169073,6717620183,12857960610.0,0.9995,18.63,113.513,27.0,0.08,5.0,1.0,32.0
2021-09-24,3152.41,3158.52,2733.0,2928.53,932090.8856,44865.26,45200.0,40675.0,42810.57,84113.426292,121391354572,6883589227,13235375967.0,0.9993,17.75,113.7597,33.0,0.08,5.0,1.0,32.0
2021-09-25,2928.22,2967.52,2801.57,2921.73,491974.0226,42810.58,42966.84,41646.28,42670.64,33594.57189,118938627043,6545866940,12651855734.0,0.9994,,,28.0,0.08,5.0,1.0,32.0
2021-09-26,2921.84,3115.51,2738.17,3059.37,703594.478,42670.63,43950.0,40750.0,43160.9,49879.99765,119221088475,6577330975,12698024998.0,0.9995,,,27.0,0.08,4.0,0.0,28.0
2021-09-27,3059.36,3164.94,2922.71,2925.59,510130.7319,43160.9,44350.0,42098.0,42147.35,39776.84383,120142546959,6762910492,13000079788.0,0.9998,18.76,113.7432,26.0,0.08,4.0,0.0,28.0
2021-09-28,2924.76,2970.82,2789.0,2804.91,511325.4643,42147.35,42787.38,40888.0,41026.54,43372.2624,116845100463,6564255522,12397332242.0,1.0,23.25,114.2469,25.0,0.08,4.0,0.0,28.0
2021-09-29,2805.15,2950.0,2782.0,2850.45,411305.0893,41025.01,42590.0,40753.88,41524.28,33511.53487,115332417039,6360946577,12049659239.0,1.0002,22.56,114.7092,24.0,0.08,4.0,0.0,28.0
2021-09-30,2850.45,3048.42,2837.19,3000.61,506896.7612,41524.29,44141.37,41410.17,43824.1,46381.22781,117920767099,6491019170,12284164242.0,1.0001,23.14,114.6403,20.0,0.08,4.0,0.0,28.0
2021-10-01,3000.62,3330.0,2969.07,3309.91,648714.6151,43820.01,48495.0,43283.03,48141.61,66244.87492,122840240151,6713972166,12729392560.0,0.9995,21.15,114.3798,27.0,0.08,4.0,0.0,28.0
2021-10-02,3309.91,3469.0,3257.0,3387.76,422551.1811,48141.6,48336.59,47430.18,47634.9,30508.98131,127844856776,7161543447,13703092242.0,0.9994,,,54.0,0.08,4.0,0.0,28.0
2021-10-03,3387.77,3488.0,3342.51,3417.73,360586.8905,47634.89,49228.08,47088.0,48200.01,30825.05601,129970018522,7291533965,14165501667.0,0.9995,,,49.0,0.08,5.0,0.0,31.0
2021-10-04,3417.73,3437.19,3270.0,3386.31,485204.642,48200.01,49536.12,46891.0,49224.94,46796.49372,130388962620,7287895380,14317962878.0,0.9996,22.96,114.2739,54.0,0.08,5.0,0.0,31.0
2021-10-05,3386.31,3545.0,3363.78,3515.27,393900.8818,49224.93,51886.3,49022.4,51471.99,52125.66793,131380953221,7223779504,14781056244.0,0.9993,21.3,114.3654,59.0,0.08,5.0,0.0,31.0
2021-10-06,3515.48,3632.11,3342.0,3574.89,618265.5402,51471.99,55750.0,50382.41,55315.0,79877.545181,132998574450,7410456919,15618261085.0,0.9996,21.0,114.7185,68.0,0.08,5.0,0.0,31.0
2021-10-07,3574.88,3653.98,3470.8,3587.47,486102.3591,55315.0,55332.31,53357.0,53785.22,54917.37766,134347417713,7485323260,15910404796.0,0.9997,19.54,114.5044,76.0,0.08,5.0,0.0,31.0
2021-10-08,3587.47,3695.0,3532.0,3563.13,403597.1437,53785.22,56100.0,53617.61,53951.43,46160.25785,136731549626,7520032987,15053168696.0,0.9999,18.77,114.5986,74.0,0.08,5.0,0.0,31.0
2021-10-09,3563.13,3635.0,3538.07,3574.82,361906.7514,53955.67,55489.0,53661.67,54949.72,55177.08013,137426672339,7517033592,14919306596.0,0.9998,,,72.0,0.08,5.0,0.0,31.0
2021-10-10,3574.83,3604.0,3405.0,3414.22,580223.6302,54949.72,56561.31,54080.0,54659.0,89237.836128,138359501178,7512137361,14917646599.0,0.9997,,,71.0,0.08,4.0,0.0,34.0
2021-10-11,3414.22,3623.8,3371.0,3542.12,493521.882,54659.01,57839.04,54415.06,57471.35,52933.165751,135451945126,7280394305,14670869816.0,0.9999,20.0,,71.0,0.08,4.0,0.0,34.0
2021-10-12,3542.12,3547.11,3403.21,3491.46,409377.1918,57471.35,57680.0,53879.0,55996.93,53471.2855,137612989929,7401237434,15020474419.0,1.0,19.85,114.7542,78.0,0.08,4.0,0.0,34.0
2021-10-13,3491.43,3613.0,3412.7,3607.42,393463.1222,55996.91,57777.0,54167.19,57367.0,55808.44492,138674751566,7352299126,14848105631.0,1.0002,18.64,114.4705,70.0,0.08,4.0,0.0,34.0
2021-10-14,3607.41,3824.0,3586.04,3790.82,481894.1473,57370.83,58532.54,56818.05,57347.94,43053.336781,142028106295,7544163813,15320329571.0,0.9999,16.86,114.2053,70.0,0.08,4.0,0.0,34.0
2021-10-15,3790.82,3907.77,3734.1,3868.99,504321.732,57347.94,62933.0,56850.0,61672.42,82512.908022,144894637874,7731522664,15966815093.0,1.0003,16.3,114.0905,71.0,0.08,4.0,0.0,34.0
2021-10-16,3868.38,3971.0,3803.56,3829.96,373727.8549,61672.42,62378.42,60150.0,60875.57,35467.88096,147392085801,7848502204,16811744093.0,1.0,,,78.0,0.08,4.0,0.0,34.0
2021-10-17,3829.96,3919.19,3640.0,3846.85,368898.9831,60875.57,61718.39,58963.0,61528.33,39099.24124,147651984390,7840945378,16796477317.0,1.0002,,,79.0,0.08,5.0,0.0,40.0
2021-10-18,3847.0,3893.14,3676.0,3744.96,401819.9734,61528.32,62695.78,59844.45,62009.84,51798.44844,148036623054,7910928623,16848915691.0,1.0,16.31,113.9899,78.0,0.08,5.0,0.0,40.0
2021-10-19,3744.96,3886.89,3732.0,3877.03,341268.3723,62005.6,64486.0,61322.22,64280.59,53628.107744,145967701193,7763808770,16557167233.0,1.0,15.7,113.647,75.0,0.08,5.0,0.0,40.0
2021-10-20,3876.98,4169.0,3828.05,4161.15,537383.09732,64280.59,67000.0,63481.4,66001.41,51428.934856,149243785217,7976971776,17104998623.0,0.9997,15.49,113.5083,82.0,0.08,5.0,0.0,40.0
2021-10-21,4161.37,4375.0,4013.13,4052.99,798566.55805,66001.4,66639.74,62000.0,62193.15,68538.64537,156622946347,8321242879,18970929597.0,1.0002,15.01,113.6188,84.0,0.08,5.0,0.0,40.0
2021-10-22,4053.0,4167.41,3888.0,3972.2,463222.5428,62193.15,63732.39,60000.0,60688.22,52119.35886,154212608739,8142107718,18695449574.0,1.0004,15.43,113.67,75.0,0.08,5.0,0.0,40.0
2021-10-23,3972.19,4172.0,3937.51,4167.12,326576.9601,60688.23,61747.64,59562.15,61286.75,27626.93678,152569962444,8044946314,18251284840.0,1.0002,,,74.0,0.08,5.0,0.0,40.0
2021-10-24,4167.13,4186.57,3961.5,4082.33,350115.8386,61286.75,61500.0,59510.63,60852.22,31226.57676,156691888018,8302334759,19104588271.0,1.0001,,,73.0,0.08,5.0,0.0,41.0
2021-10-25,4082.33,4236.0,4067.71,4220.37,347438.6534,60852.22,63710.63,60650.0,63078.78,36853.83806,155674598845,8200708500,18938803269.0,1.0003,15.24,113.605,72.0,0.08,5.0,0.0,41.0
2021-10-26,4220.36,4297.0,4090.21,4131.52,414498.1599,63078.78,63293.48,59817.55,60328.81,40217.50083,159621484836,8429075442,19442451181.0,0.9998,15.98,113.674,76.0,0.08,5.0,0.0,41.0
2021-10-27,4131.52,4307.0,3909.0,3922.0,704604.25,60328.81,61496.0,58000.0,58413.44,62124.49016,158214210305,8325756960,19134021953.0,0.9994,16.98,113.6218,73.0,0.08,5.0,0.0,41.0
2021-10-28,3921.99,4295.0,3890.17,4286.02,626378.5055,58413.44,62499.0,57820.0,60575.89,61056.35301,152409267884,8084547416,18471085069.0,0.9995,16.53,113.4389,66.0,0.08,5.0,0.0,41.0
2021-10-29,4286.01,4460.47,4265.97,4418.89,559231.07691,60575.9,62980.0,60174.81,62253.71,43973.90414,159322798801,8595263780,19282587248.0,1.0,16.26,114.1349,70.0,0.08,5.0,0.0,41.0
2021-10-30,4418.89,4434.06,4232.2,4322.68,340223.069,62253.7,62359.25,60673.0,61859.19,31478.12566,156958490039,8892659634,15166238932.0,0.9995,,,73.0,0.08,5.0,0.0,41.0
2021-10-31,4322.68,4399.14,4164.35,4287.21,412856.2893,61859.19,62405.3,59945.36,61299.8,39267.63794,154267236142,8812269785,13506029924.0,0.9994,,,74.0,0.08,5.0,0.0,44.0
2021-11-01,4287.48,4386.58,4146.3,4319.43,417620.7073,61299.81,62437.74,59405.0,60911.11,44687.66672,156675882909,8829297998,13504038460.0,0.9994,16.41,114.2067,74.0,0.08,5.0,0.0,44.0
2021-11-02,4319.43,4599.6,4284.43,4589.89,468184.79301,60911.12,64270.0,60624.68,63219.99,46368.2841,158673348529,8913978524,13738200517.0,0.9992,16.03,114.2847,73.0,0.08,5.0,0.0,44.0
2021-11-03,4589.68,4665.87,4455.0,4603.35,448658.35125,63220.57,63500.0,60382.76,62896.48,43336.09049,164592036806,9262985545,15257664508.0,0.9995,15.1,114.3593,76.0,0.08,5.0,0.0,44.0
2021-11-04,4603.35,4606.65,4420.08,4532.32,368218.25695,62896.49,63086.31,60677.01,61395.01,35930.93314,167046106857,9326285671,15422641626.0,0.9992,15.44,114.3558,73.0,0.08,5.0,0.0,44.0
2021-11-05,4532.31,4570.05,4438.8,4474.24,305651.7244,61395.01,62595.72,60721.0,60937.12,31604.48749,167332808402,9152349063,15501276625.0,0.9992,16.48,114.0732,73.0,0.08,5.0,0.0,44.0
2021-11-06,4474.24,4530.0,4326.17,4518.0,322154.0973,60940.18,61560.49,60050.0,61470.61,25590.57408,166702058317,9131419015,15495705851.0,0.9993,,,71.0,0.08,5.0,0.0,44.0
2021-11-07,4518.0,4637.98,4502.37,4612.59,243596.5952,61470.62,63286.35,61322.78,63273.59,25515.6883,169008429285,9296258956,15633769389.0,0.9993,,,73.0,0.08,6.0,0.0,47.0
2021-11-08,4612.59,4822.97,4612.0,4807.98,391102.31806,63273.58,67789.0,63273.58,67525.83,54442.094554,173780394903,9570460496,16029383792.0,0.9994,17.22,113.8256,75.0,0.08,6.0,0.0,47.0
2021-11-09,4807.98,4838.28,4713.89,4732.33,311267.57998,67525.82,68524.25,66222.4,66947.66,44661.378068,177484430035,9900273257,16662453039.0,1.0001,17.78,113.762,84.0,0.08,6.0,0.0,47.0
2021-11-10,4732.33,4868.0,4461.93,4628.78,553596.99163,66947.67,69000.0,62822.9,64882.43,65171.504046,176133292796,9788226051,16460810178.0,0.9997,18.73,114.1484,75.0,0.08,6.0,0.0,47.0
2021-11-11,4628.68,4779.0,4576.47,4719.0,303688.9765,64882.42,65600.07,64100.0,64774.26,37237.98058,171586173510,9781250323,16162934547.0,0.9994,17.66,,77.0,0.08,6.0,0.0,47.0
2021-11-12,4719.0,4809.71,4507.85,4665.46,461580.0415,64774.25,65450.7,62278.0,64122.23,44490.10816,174423284300,10013176114,16417887433.0,1.0,16.29,114.5144,74.0,0.08,6.0,0.0,47.0
2021-11-13,4665.47,4707.6,4584.08,4644.28,220720.6611,64122.22,65000.0,63360.22,64380.0,22504.97383,173510568888,10073899699,16323819929.0,0.9998,,,72.0,0.08,6.0,0.0,47.0
2021-11-14,4644.27,4696.05,4514.12,4626.5,245309.0674,64380.01,65550.51,63576.27,65519.1,25705.07347,174993505179,10079075163,16448644207.0,0.9997,,,74.0,0.08,6.0,1.0,44.0
2021-11-15,4626.5,4772.01,4540.0,4563.78,375421.6601,65519.11,66401.82,63400.0,63606.74,37829.37124,175766432832,10113750935,16434667264.0,0.9997,16.49,114.5876,72.0,0.08,6.0,1.0,44.0
2021-11-16,4563.77,4563.77,4103.0,4209.76,735857.063,63606.73,63617.31,58574.07,60058.87,77455.15609,172038916517,9969369663,16227707875.0,0.9996,16.37,115.136,71.0,0.08,6.0,1.0,44.0
2021-11-17,4209.59,4299.91,4063.48,4287.8,472852.1842,60058.87,60840.23,58373.0,60344.87,46289.38491,164752567382,9442090086,15418303531.0,0.9996,17.11,115.0263,52.0,0.08,6.0,1.0,44.0
2021-11-18,4288.07,4344.81,3956.44,3996.9,576945.1837,60344.86,60976.0,56474.26,56891.62,62146.99931,166855611027,9656851224,15683434500.0,0.9995,17.59,115.0678,54.0,0.08,6.0,1.0,44.0
2021-11-19,3996.9,4308.97,3973.01,4294.76,420045.0897,56891.62,58320.0,55600.0,58052.24,50715.88726,159160090856,9039930108,14708965518.0,0.9992,17.91,115.2187,34.0,0.08,6.0,1.0,44.0
2021-11-20,4294.75,4435.88,4199.86,4412.17,365584.578,58057.1,59845.0,57353.0,59707.51,33811.5901,168390956961,9647431428,15617645506.0,0.9995,,,43.0,0.08,6.0,1.0,44.0
2021-11-21,4412.17,4451.0,4242.41,4258.31,340206.3203,59707.52,60029.76,58486.65,58622.02,31902.22785,172461579474,9863265060,16242753136.0,0.9993,,,49.0,0.08,6.0,1.0,37.0
2021-11-22,4259.7,4320.0,4022.74,4085.97,518501.3338,58617.7,59444.0,55610.0,56247.18,51724.32047,170516816476,9609457751,16101030172.0,0.9994,19.17,115.6481,50.0,0.08,6.0,1.0,37.0
2021-11-23,4086.28,4385.59,4059.62,4339.44,502811.7902,56243.83,58009.99,55317.0,57541.27,49917.85017,165871559700,9325646365,15495515225.0,1.0,19.38,116.0118,33.0,0.08,6.0,1.0,37.0
2021-11-24,4339.45,4373.94,4167.65,4269.36,448727.0306,57541.26,57735.0,55837.0,57138.29,39612.04964,171369152868,9705019906,16022732679.0,0.9998,18.58,116.2711,42.0,0.08,6.0,1.0,37.0
2021-11-25,4270.1,4550.0,4248.27,4524.85,445868.2434,57138.29,59398.9,57000.0,58960.36,42153.51522,170611628723,9605517384,15657508044.0,0.9995,,,32.0,0.08,6.0,1.0,37.0
2021-11-26,4524.48,4551.0,3913.0,4041.2,720245.1612,58960.37,59150.0,53500.0,53726.53,65927.87066,175006421387,10000223220,16125713721.0,0.9994,28.62,116.5103,47.0,0.08,6.0,1.0,37.0
2021-11-27,4041.2,4183.66,4028.34,4095.29,275326.5202,53723.72,55280.0,53610.0,54721.03,29716.99957,162593591579,9110466531,14315328843.0,0.9995,,,21.0,0.08,6.0,1.0,37.0
2021-11-28,4095.29,4298.51,3964.0,4294.78,346471.3551,54716.47,57445.05,53256.64,57274.88,36163.7137,164143470765,9312325174,14433522237.0,0.9994,,,27.0,0.08,6.0,1.0,40.0
2021-11-29,4294.77,4458.92,4276.89,4444.53,406881.2284,57274.89,58865.97,56666.67,57776.25,40125.28009,170249038676,9545784810,14999862381.0,0.9992,22.96,116.581,33.0,0.08,6.0,1.0,40.0
2021-11-30,4444.54,4753.0,4346.36,4630.26,743024.4662,57776.25,59176.99,55875.55,56950.56,49161.05194,173838558839,9927063306,15409729197.0,0.9992,27.19,116.2071,40.0,0.08,6.0,1.0,40.0
2021-12-01,4630.25,4778.75,4523.99,4582.95,508198.3105,56950.56,59053.55,56458.01,57184.07,44956.63656,177095084802,10059210912,15754109746.0,0.9997,31.12,115.889,34.0,0.08,6.0,1.0,40.0
2021-12-02,4582.95,4634.83,4433.0,4511.21,451861.9545,57184.07,57375.47,55777.77,56480.34,37574.05976,177488670948,9973033926,15685525257.0,0.9993,27.95,116.018,32.0,0.08,6.0,1.0,40.0
2021-12-03,4511.35,4654.88,4032.5,4215.73,677974.8659,56484.26,57600.0,51680.0,53601.05,58927.69027,175478980616,9915264402,15387654435.0,0.9995,30.67,116.2377,31.0,0.08,6.0,1.0,40.0
2021-12-04,4215.01,4238.59,3503.68,4117.25,1111773.1451,53601.05,53859.1,42000.3,49152.47,114203.373748,167270402219,9545773018,14609759785.0,0.9989,,,25.0,0.08,6.0,1.0,40.0
2021-12-05,4117.25,4248.19,4031.39,4196.44,536325.4413,49152.46,49699.05,47727.21,49396.33,45580.82012,160846688780,9293384613,13925985293.0,0.999,,,18.0,0.08,6.0,1.0,38.0
2021-12-06,4196.44,4376.15,3921.0,4347.59,726742.9638,49396.32,50891.11,47100.0,50441.92,58571.21575,160005823474,9287254086,14011839853.0,0.9989,27.18,116.1538,16.0,0.08,6.0,1.0,38.0
2021-12-07,4347.57,4425.0,4255.92,4306.4,420749.751,50441.91,51936.33,50039.74,50588.95,38253.46877,164391810248,9558884199,14520018017.0,0.9991,21.89,115.8555,25.0,0.08,6.0,1.0,38.0
2021-12-08,4306.4,4450.49,4222.95,4436.91,429403.9351,50588.95,51200.0,48600.0,50471.19,38425.92466,165018941385,9523459447,14531413735.0,0.9992,19.9,115.4418,28.0,0.08,6.0,1.0,38.0
2021-12-09,4436.91,4488.0,4076.16,4105.64,462173.711,50471.19,50797.76,47320.0,47545.59,37692.68665,168057413266,9722808748,14861838340.0,0.9996,21.58,115.7784,29.0,0.08,6.0,1.0,38.0
2021-12-10,4105.64,4231.08,3887.37,3897.94,563236.5671,47535.9,50125.0,46852.0,47140.54,44233.57391,160218927500,8989697027,14100384955.0,0.9996,18.69,115.5732,24.0,0.08,6.0,1.0,38.0
2021-12-11,3898.31,4097.08,3828.22,4089.37,427853.4343,47140.54,49485.71,46751.0,49389.99,28889.19358,155322111502,8657437272,13416890257.0,0.9995,,,16.0,0.08,6.0,1.0,38.0
2021-12-12,4089.68,4173.63,3986.25,4130.0,260535.5157,49389.99,50777.0,48638.0,50053.9,26017.93421,158749876755,8943078081,13929196967.0,0.9995,,,27.0,0.08,5.0,0.0,36.0
2021-12-13,4130.0,4142.75,3671.45,3781.93,533467.2307,50053.9,50189.97,45672.75,46702.75,50869.52093,160334714712,9026350561,14293166373.0,1.0,20.31,115.842,28.0,0.08,5.0,0.0,36.0
2021-12-14,3781.92,3882.74,3685.0,3858.99,395145.7462,46702.76,48700.41,46290.0,48343.28,39955.98445,151369774452,8391900242,13210333078.0,0.9994,21.89,116.2397,21.0,0.08,5.0,0.0,36.0
2021-12-15,3858.99,4092.22,3643.73,4019.08,542068.0573,48336.95,49500.0,46547.0,48864.98,51629.181,154146099893,8410111846,13395632360.0,0.9997,19.29,116.4219,28.0,0.08,5.0,0.0,36.0
2021-12-16,4019.54,4113.43,3942.11,3958.11,368780.031,48864.98,49436.43,47511.0,47632.38,31949.86739,158964513586,8678547001,13878939673.0,0.9998,20.57,115.7146,29.0,0.08,5.0,0.0,36.0
2021-12-17,3959.11,3994.1,3700.0,3875.42,463370.9225,47632.38,47995.96,45456.0,46131.2,43104.4887,157807031586,8604577480,13834589554.0,0.9997,21.57,115.791,23.0,0.08,5.0,0.0,36.0
2021-12-18,3875.43,3996.93,3767.01,3959.93,339593.2543,46133.83,47392.37,45500.0,46834.48,25020.05271,156706382104,8447646719,13880477384.0,0.9998,,,24.0,0.08,5.0,0.0,36.0
2021-12-19,3959.93,4032.43,3884.0,3924.14,306006.323,46834.47,48300.01,46406.91,46681.23,29305.70665,161111975260,8615627220,14224094351.0,0.9998,,,29.0,0.08,5.0,0.0,32.0
2021-12-20,3924.14,3983.37,3753.0,3944.73,366916.4771,46681.24,47537.57,45558.85,46914.16,35848.50609,160783396442,8564888471,14103768121.0,0.9999,22.87,116.0092,25.0,0.08,5.0,0.0,32.0
2021-12-21,3944.72,4063.0,3913.21,4014.15,340826.3553,46914.17,49328.96,46630.0,48889.88,37713.92924,160783895082,8640799691,14265067911.0,0.9996,21.01,116.1089,27.0,0.08,5.0,0.0,32.0
2021-12-22,4014.41,4074.87,3933.4,3979.51,303191.8076,48887.59,49576.13,48421.87,48588.16,27004.2022,166114629849,8843789899,14534213211.0,0.9995,18.63,115.7485,45.0,0.08,5.0,0.0,32.0
2021-12-23,3979.51,4150.0,3893.23,4111.41,380207.8166,48588.17,51375.0,47920.42,50838.81,35192.54046,165939822090,8823828760,14558847157.0,0.9996,17.96,115.5337,34.0,0.08,5.0,0.0,32.0
2021-12-24,4111.41,4134.84,4017.17,4046.36,230833.1661,50838.82,51810.0,50384.43,50820.0,31684.84269,171132659844,9030388311,15249182612.0,0.9994,,,41.0,0.08,5.0,0.0,32.0
2021-12-25,4046.35,4137.91,4018.62,4094.83,208126.8805,50819.99,51156.23,50142.32,50399.66,19135.51613,170436413730,8973577467,14932850332.0,0.9993,,,39.0,0.08,5.0,0.0,32.0
2021-12-26,4094.36,4105.0,4000.0,4063.56,189309.255,50399.67,51280.0,49412.0,50775.49,22569.88914,171930980013,9081427190,15138185459.0,0.9993,,,37.0,0.08,6.0,0.0,32.0
2021-12-27,4063.57,4127.46,4031.0,4037.23,222225.3761,50775.48,52088.0,50449.0,50701.44,28792.21566,173492815987,9075724871,15414625855.0,0.9995,17.68,115.4684,40.0,0.08,6.0,0.0,32.0
2021-12-28,4037.22,4037.23,3759.36,3792.75,358064.7163,50701.44,50704.05,47313.01,47543.74,45853.33924,170501819913,9043397492,15281820110.0,0.9998,17.54,115.4192,41.0,0.08,6.0,0.0,32.0
2021-12-29,3792.75,3827.78,3604.2,3630.19,302753.6375,47543.74,48139.08,46096.99,46464.66,39498.87,164805768747,8567760703,14514415138.0,1.0,16.95,115.3678,27.0,0.08,6.0,0.0,32.0
2021-12-30,3630.18,3769.1,3585.0,3709.27,249263.7305,46464.66,47900.0,45900.0,47120.87,30352.29569,161880836890,8307624858,14035724037.0,0.9997,17.33,115.283,22.0,0.08,6.0,0.0,32.0
2021-12-31,3709.27,3815.0,3622.29,3676.23,268014.2942,47120.88,48548.26,45678.0,46216.93,34937.99796,163281962101,8399903436,14186366771.0,0.9999,17.22,,28.0,0.08,6.0,0.0,32.0
2022-01-01,3676.22,3776.45,3673.46,3765.54,154143.8968,46216.93,47954.63,46208.37,47722.65,19604.46325,163275017710,8367172698,14209309257.0,0.9998,,,21.0,0.08,6.0,0.0,32.0
2022-01-02,3765.54,3857.44,3717.3,3828.27,154791.4263,47722.66,47990.0,46654.0,47286.18,18340.4604,166646969088,8575510725,14411210284.0,0.9998,,,29.0,0.08,18.0,2.0,85.0
2022-01-03,3828.11,3853.09,3680.0,3765.89,236245.8586,47286.18,47570.0,45696.0,46446.1,27662.0771,167783409885,8733335306,14571768042.0,1.0002,16.6,115.4101,29.0,0.08,18.0,2.0,85.0
2022-01-04,3765.89,3900.73,3713.11,3785.11,288258.5549,46446.1,47557.54,45500.0,45832.01,35491.4136,167910182361,9003343376,14447179576.0,1.0002,16.91,115.3103,23.0,0.08,18.0,2.0,85.0
2022-01-05,3785.1,3848.0,3415.0,3540.63,397942.0363,45832.01,47070.0,42500.0,43451.13,51784.11857,167927946975,8780290434,14345420886.0,1.0,19.73,115.137,24.0,0.08,18.0,2.0,85.0
2022-01-06,3539.82,3550.43,3300.0,3406.81,496745.7413,43451.14,43816.0,42430.58,43082.31,38880.37305,161502138011,8343232676,13765285183.0,1.0001,19.61,115.4046,15.0,0.08,18.0,2.0,85.0
2022-01-07,3406.81,3416.76,3064.42,3199.24,669631.7262,43082.3,43145.83,40610.0,41566.48,54836.50818,158756998332,8242298787,13519692000.0,1.0002,18.76,115.0451,18.0,0.08,18.0,2.0,85.0
2022-01-08,3198.68,3250.0,3000.0,3080.95,400692.1061,41566.48,42300.0,40501.0,41679.74,32952.73111,154003628670,7736360122,13004969964.0,1.0002,,,10.0,0.08,18.0,2.0,85.0
2022-01-09,3080.98,3211.72,3057.35,3151.97,275874.1643,41679.74,42786.7,41200.02,41864.62,22724.39426,151119940310,7580753658,12746184617.0,1.0001,,,23.0,0.08,15.0,1.0,81.0
2022-01-10,3151.97,3185.0,2928.83,3082.68,529818.3866,41864.62,42248.5,39650.0,41822.49,50729.17019,153070476690,7971662361,12850162875.0,1.0,19.4,115.2216,23.0,0.08,15.0,1.0,81.0
2022-01-11,3082.87,3263.54,3051.8,3239.72,362446.7087,41822.49,43100.0,41268.93,42729.29,37296.43729,150663210822,7623718241,12661035838.0,0.9995,18.41,114.8332,21.0,0.08,15.0,1.0,81.0
2022-01-12,3239.73,3411.43,3206.2,3371.26,370465.8015,42729.29,44322.0,42450.0,43902.66,33943.2928,155419551206,7953314655,13252473018.0,0.9995,17.62,114.355,22.0,0.08,15.0,1.0,81.0
2022-01-13,3371.6,3410.0,3233.43,3240.61,336234.8799,43902.65,44500.0,42311.22,42560.11,34910.87762,159863208344,8057652344,13593318758.0,0.9995,20.31,114.177,21.0,0.08,15.0,1.0,81.0
2022-01-14,3240.61,3342.79,3188.0,3307.42,285326.3505,42558.35,43448.78,41725.95,43059.96,32640.88292,157487572921,7770415906,13128281334.0,0.9996,19.19,114.3825,21.0,0.08,15.0,1.0,81.0
2022-01-15,3307.42,3371.64,3261.0,3326.04,203100.3778,43059.96,43800.0,42555.0,43084.29,21936.05616,158982903433,7943394392,13192443463.0,0.9995,,,23.0,0.08,15.0,1.0,81.0
2022-01-16,3326.51,3393.6,3269.62,3346.88,210782.2277,43084.29,43475.0,42581.79,43071.66,20602.35271,160475231477,8009250217,13224628614.0,0.9997,,,21.0,0.08,13.0,4.0,85.0
2022-01-17,3346.89,3357.57,3141.1,3209.67,284063.6548,43071.66,43176.18,41540.42,42201.62,27562.08613,161210964095,8108964728,13239397889.0,0.9999,,,22.0,0.08,13.0,4.0,85.0
2022-01-18,3209.68,3243.87,3082.0,3159.85,299134.2728,42201.63,42691.0,41250.0,42352.12,29324.08257,157077126312,7848538570,12811002024.0,0.9997,22.79,114.7373,24.0,0.08,13.0,4.0,85.0
2022-01-19,3159.85,3174.87,3000.0,3084.02,332996.5703,42352.12,42559.13,41138.56,41660.01,31685.72159,156178154603,7934683777,13211840073.0,0.9998,23.85,114.6109,24.0,0.08,13.0,4.0,85.0
2022-01-20,3084.02,3273.37,2987.15,3001.48,357596.7062,41660.0,43505.0,40553.31,40680.91,42330.33953,154748605021,7805586291,13078286199.0,0.9999,25.59,114.4642,24.0,0.08,13.0,4.0,85.0
2022-01-21,3001.48,3034.12,2403.0,2568.15,1022021.70024,40680.92,41100.0,35440.45,36445.31,88860.891999,150846780858,7621652194,12687513936.0,1.0,28.85,114.6125,19.0,0.08,13.0,4.0,85.0
2022-01-22,2567.47,2626.0,2300.0,2412.18,1081357.54893,36445.31,36835.22,34008.0,35071.42,90471.338961,135274126007,6651283372,11755569883.0,1.0001,,,13.0,0.08,13.0,4.0,85.0
2022-01-23,2412.18,2556.78,2370.8,2539.01,580497.7613,35071.42,36499.0,34601.01,36244.55,44279.52354,128686220129,6275856915,10837673866.0,0.9999,,,11.0,0.08,13.0,3.0,98.0
2022-01-24,2539.0,2539.75,2159.0,2439.29,1123134.70389,36244.55,37550.0,32917.17,36660.35,91904.753211,132132263712,6478192489,11414222150.0,0.9997,29.9,115.2034,13.0,0.08,13.0,3.0,98.0
2022-01-25,2439.56,2506.55,2348.96,2458.83,510152.954,36660.35,37545.14,35701.0,36958.32,49232.40183,128260136264,6113269482,11068956299.0,0.9994,31.16,115.1654,12.0,0.08,13.0,3.0,98.0
2022-01-26,2459.04,2722.0,2402.03,2462.99,806441.62289,36958.32,38919.98,36234.63,36809.34,69830.16036,132510260348,6285609710,11194808295.0,0.9993,31.96,115.0922,23.0,0.08,13.0,3.0,98.0
2022-01-27,2463.0,2521.0,2316.43,2424.25,599481.7159,36807.24,37234.47,35507.01,37160.1,53020.87934,133603025392,6255039813,11447732090.0,0.9999,30.49,115.978,20.0,0.08,13.0,3.0,98.0
2022-01-28,2424.02,2558.98,2357.88,2544.99,485149.8065,37160.11,38000.0,36155.01,37716.56,42154.26956,126357271341,6198395061,10874441072.0,0.9999,27.66,116.0393,24.0,0.08,13.0,3.0,98.0
2022-01-29,2544.99,2636.66,2520.01,2601.43,376666.8246,37716.57,38720.74,37268.44,38166.84,26129.49682,127419961134,6465893344,11509014459.0,0.9997,,,24.0,0.08,13.0,3.0,98.0
2022-01-30,2601.43,2640.0,2542.5,2601.68,290770.0859,38166.83,38359.26,37351.63,37881.76,21430.66527,128888859703,6586485285,11717289751.0,0.9997,,,29.0,0.08,13.0,1.0,81.0
2022-01-31,2601.67,2706.77,2476.07,2686.94,444584.851,37881.75,38744.0,36632.61,38466.9,36855.2458,127186508489,6554040617,11814159918.0,0.9998,24.83,115.566,20.0,0.08,13.0,1.0,81.0
2022-02-01,2686.94,2813.0,2673.52,2787.23,390034.27362,38466.9,39265.2,38000.0,38694.59,34574.44663,129877779410,6699853232,11812926680.0,0.9995,21.96,115.3685,26.0,0.08,13.0,1.0,81.0
2022-02-02,2787.48,2810.88,2612.72,2680.67,447852.1228,38694.59,38855.92,36586.95,36896.36,35794.6813,132683519351,6895047053,12099552632.0,0.9995,22.09,115.1538,28.0,0.08,13.0,1.0,81.0
2022-02-03,2680.25,2726.64,2576.05,2695.46,405043.3931,36896.37,37387.0,36250.0,37311.61,32081.10999,129004909972,6730963570,11710458861.0,0.9995,24.35,114.9065,20.0,0.08,13.0,1.0,81.0
2022-02-04,2695.21,2995.0,2671.4,2994.99,664002.9328,37311.98,41772.33,37026.73,41574.25,64703.95874,130661231386,6804263275,11701092759.0,0.9995,23.22,115.1362,20.0,0.08,13.0,1.0,81.0
2022-02-05,2994.99,3060.47,2958.01,3012.65,356803.3071,41571.7,41913.69,40843.01,41382.59,32532.34372,138389746902,7192231179,12472784640.0,0.9992,,,33.0,0.08,13.0,1.0,81.0
2022-02-06,3012.64,3074.56,2950.21,3054.99,249394.5966,41382.6,42656.0,41116.56,42380.87,22405.16704,140598158735,7400946162,12812507849.0,0.9995,,,37.0,0.08,12.0,0.0,77.0
2022-02-07,3055.0,3186.0,2991.8,3139.77,455070.2529,42380.87,44500.5,41645.85,43839.99,51060.62006,142542667517,7538743135,13023826453.0,0.9994,22.86,115.0098,45.0,0.08,12.0,0.0,77.0
2022-02-08,3139.77,3232.87,3025.21,3116.69,514773.5837,43839.99,45492.0,42666.0,44042.99,64880.29387,144881846651,7643994668,13504044520.0,0.9993,21.44,115.0892,48.0,0.08,12.0,0.0,77.0
2022-02-09,3116.69,3269.7,3055.0,3243.94,370267.8913,44043.0,44799.0,43117.92,44372.72,34428.16729,144814010176,7615730090,13684605988.0,0.9994,19.96,114.8232,54.0,0.08,12.0,0.0,77.0
2022-02-10,3243.6,3283.66,3056.74,3072.49,578212.8383,44372.71,45821.0,43174.01,43495.44,62357.29091,147227257692,7834690906,14051284601.0,0.9994,23.91,114.5527,50.0,0.08,12.0,0.0,77.0
2022-02-11,3072.36,3138.62,2879.0,2927.54,462025.8751,43495.44,43920.0,41938.51,42373.73,44975.1687,143386451290,7547052311,13737902408.0,0.9993,27.36,114.8413,50.0,0.08,12.0,0.0,77.0
2022-02-12,2927.54,2985.98,2858.3,2918.88,336250.3131,42373.73,43079.49,41688.88,42217.87,26556.85681,139760743832,7212945052,13399383787.0,0.9995,,,44.0,0.08,12.0,0.0,77.0
2022-02-13,2918.58,2954.4,2836.7,2871.13,242751.3547,42217.87,42760.0,41870.0,42053.66,17732.08113,139728534135,7233427263,13382013817.0,0.9994,,,44.0,0.08,12.0,0.0,66.0
2022-02-14,2871.14,2964.97,2829.01,2929.75,381778.238,42053.65,42842.4,41550.56,42535.94,34010.1306,139071724185,7239680077,13289253308.0,0.9996,28.33,115.1946,46.0,0.08,12.0,0.0,66.0
2022-02-15,2929.75,3196.19,2912.06,3183.52,448971.754,42535.94,44751.4,42427.03,44544.86,38095.19576,140066869068,7309673688,13253283946.0,0.9994,25.7,114.93,46.0,0.08,12.0,0.0,66.0
2022-02-16,3183.53,3186.77,3044.03,3122.3,319997.6244,44544.85,44549.97,43307.0,43873.56,28471.8727,145518035146,7700853616,13756890266.0,0.9995,24.29,114.6886,51.0,0.08,12.0,0.0,66.0
2022-02-17,3122.31,3160.0,2851.55,2891.87,488693.2624,43873.56,44164.71,40073.21,40515.7,47245.99494,144646528063,7726605722,13557138694.0,0.9995,28.11,114.6755,52.0,0.08,12.0,0.0,66.0
2022-02-18,2891.88,2943.97,2750.0,2779.48,502977.4069,40515.71,40959.88,39450.0,39974.44,43845.92241,138394847582,7352063884,12729866599.0,0.9995,27.75,114.7982,30.0,0.08,12.0,0.0,66.0
2022-02-19,2779.3,2830.96,2694.45,2763.63,293838.0025,39974.45,40444.32,39639.03,40079.17,18042.0551,136552341627,7181681022,12456804191.0,0.9997,,,25.0,0.08,12.0,0.0,66.0
2022-02-20,2763.63,2764.64,2576.0,2621.99,386384.904,40079.17,40125.44,38000.0,38386.89,33439.29011,135876518344,7029656769,12409706304.0,0.9996,,,27.0,0.08,10.0,1.0,72.0
2022-02-21,2621.99,2759.51,2558.0,2568.02,761838.9858,38386.89,39494.35,36800.0,37008.16,62347.68496,132920047153,6808237338,12018942459.0,0.9994,,,25.0,0.08,10.0,1.0,72.0
2022-02-22,2568.03,2665.74,2500.0,2636.29,692639.4942,37008.16,38429.0,36350.0,38230.33,53785.94589,130085457356,6656982336,11575272934.0,0.9995,28.81,114.7002,20.0,0.08,10.0,1.0,72.0
2022-02-23,2636.28,2753.55,2575.83,2579.71,504470.1412,38230.33,39249.93,37036.79,37250.01,43560.732,131880051963,6740913190,11756057899.0,0.9994,31.02,114.6668,25.0,0.08,10.0,1.0,72.0
2022-02-24,2579.7,2740.0,2300.0,2596.2,1395732.7753,37250.02,39843.0,34322.28,38327.21,120476.29458,131272070842,6659410683,11569686452.0,0.9996,30.32,115.9419,23.0,0.08,10.0,1.0,72.0
2022-02-25,2596.26,2834.97,2571.72,2768.49,679394.1762,38328.68,39683.53,38014.37,39219.17,56574.57125,131356731653,6615667555,11679579824.0,0.9997,27.59,115.2577,27.0,0.08,10.0,1.0,72.0
2022-02-26,2768.05,2878.0,2727.5,2779.47,418485.2529,39219.16,40348.45,38573.18,39116.72,29361.2568,135248328492,6894382171,12007452605.0,0.9995,,,26.0,0.08,10.0,1.0,72.0
2022-02-27,2779.47,2836.33,2557.98,2616.79,650198.7785,39116.73,39855.7,37000.0,37699.07,46229.44719,136359745971,6908531912,11996291768.0,0.9996,,,26.0,0.08,11.0,0.0,63.0
2022-02-28,2616.79,2951.6,2568.62,2920.95,733794.4488,37699.08,44225.84,37450.17,43160.0,73945.63858,132716003017,6705808813,11515781800.0,0.9997,30.15,115.2224,20.0,0.08,11.0,0.0,63.0
2022-03-01,2920.83,3037.94,2854.09,2976.33,673901.6976,43160.0,44949.0,42809.98,44421.2,61743.09873,142158323098,7185693331,12328112782.0,0.9997,33.32,115.7962,51.0,0.2,11.0,0.0,63.0
2022-03-02,2976.33,3043.91,2914.21,2947.3,614623.7461,44421.2,45400.0,43334.09,43892.98,57782.65081,143292397658,7385118041,12539624709.0,0.9997,30.74,115.7623,52.0,0.2,11.0,0.0,63.0
2022-03-03,2947.31,2970.97,2785.0,2833.99,446192.2353,43892.99,44101.12,41832.28,42454.0,50940.61021,143499240118,7386788128,12346921529.0,1.0,30.48,115.9495,39.0,0.2,11.0,0.0,63.0
2022-03-04,2834.0,2836.17,2573.0,2622.1,556178.7588,42454.0,42527.3,38550.0,39148.66,61964.68498,138812518736,7218740675,12088462005.0,0.9998,31.98,116.6503,33.0,0.2,11.0,0.0,63.0
2022-03-05,2622.11,2685.12,2589.38,2665.15,268730.3036,39148.65,39613.24,38407.59,39397.96,30363.13341,133741802414,6836725504,11514411512.0,0.9998,,,22.0,0.2,11.0,0.0,63.0
2022-03-06,2665.16,2676.29,2535.0,2551.29,336487.9099,39397.97,39693.87,38088.57,38420.81,39677.26158,135666951986,6955545552,11657609422.0,0.9999,,,22.0,0.2,10.0,0.0,55.0
2022-03-07,2551.3,2649.0,2445.0,2491.12,620171.6787,38420.8,39547.57,37155.0,37988.0,63994.11559,131583734086,6731536470,11421083433.0,0.9999,36.45,117.3278,23.0,0.2,10.0,0.0,55.0
2022-03-08,2491.12,2624.0,2480.15,2575.97,561659.7421,37988.01,39362.08,37867.65,38730.63,55583.06638,131658440504,6626844547,11494165503.0,0.9999,35.13,117.6176,21.0,0.2,10.0,0.0,55.0
2022-03-09,2575.98,2775.85,2567.7,2726.98,562771.7403,38730.63,42594.06,38656.45,41941.71,67392.58799,134196990081,6716217802,11534877404.0,0.9997,32.45,116.5961,22.0,0.2,10.0,0.0,55.0
2022-03-10,2726.98,2733.25,2550.27,2606.7,559029.9377,41941.7,42039.63,38539.73,39422.0,71962.93154,139288180732,6940795557,12069177475.0,0.9996,30.23,116.7401,28.0,0.2,10.0,0.0,55.0
2022-03-11,2606.69,2676.78,2522.57,2556.86,494583.6568,39422.01,40236.26,38223.6,38729.57,59018.7642,135826419039,6790080728,11655115002.0,0.9999,30.75,117.0192,22.0,0.2,10.0,0.0,55.0
2022-03-12,2556.86,2616.79,2553.39,2568.8,219236.5711,38729.57,39486.71,38660.52,38807.36,24034.36432,134847555211,6721823200,11299912512.0,1.0,,,22.0,0.2,10.0,0.0,55.0
2022-03-13,2568.8,2603.32,2493.0,2515.65,316942.1601,38807.35,39310.0,37578.51,37777.34,32791.82359,134931591263,6751946840,11360415818.0,0.9998,,,21.0,0.2,10.0,0.0,54.0
2022-03-14,2515.66,2609.6,2498.67,2589.41,386630.1912,37777.35,39947.12,37555.0,39671.37,46945.45375,133267736121,6629038568,11126309405.0,0.9998,31.77,117.1506,23.0,0.2,10.0,0.0,54.0
2022-03-15,2589.42,2669.0,2507.0,2617.73,461202.3014,39671.37,39887.61,38098.33,39280.33,46015.54926,135524323643,6736471996,11379506786.0,0.9997,29.83,117.246,21.0,0.2,10.0,0.0,54.0
2022-03-16,2617.74,2788.0,2603.38,2773.81,666224.7217,39280.33,41718.0,38828.48,41114.0,88120.76167,136297824192,6770323471,11540763511.0,0.9995,26.67,116.8073,24.0,0.2,10.0,0.0,54.0
2022-03-17,2773.8,2836.0,2746.42,2811.92,379312.541,41114.01,41478.82,40500.0,40917.9,37189.38087,140710105959,7569397638,12095110845.0,0.9995,25.67,116.0467,27.0,0.2,10.0,0.0,54.0
2022-03-18,2811.91,2984.0,2765.59,2938.92,556535.7966,40917.89,42325.02,40135.04,41757.51,45408.00969,140975950050,7056947418,12283644182.0,0.9994,23.87,116.1378,25.0,0.2,10.0,0.0,54.0
2022-03-19,2938.84,2987.7,2890.86,2950.84,325971.5398,41757.51,42400.0,41499.29,42201.13,29067.18108,145222718371,7234852573,12677416120.0,0.9994,,,28.0,0.2,10.0,0.0,54.0
2022-03-20,2950.85,2964.17,2817.21,2861.38,377608.8214,42201.13,42296.26,40911.0,41262.11,30653.33468,145422804683,7294828154,12938930714.0,0.9995,,,31.0,0.2,11.0,0.0,58.0
2022-03-21,2861.39,2960.57,2829.81,2890.03,450223.9073,41262.11,41544.22,40467.94,41002.25,39426.24877,143450564144,7161819020,12728157529.0,0.9997,23.53,115.9398,30.0,0.2,11.0,0.0,58.0
2022-03-22,2890.03,3052.85,2886.43,2969.64,564868.9839,41002.26,43361.0,40875.51,42364.13,59454.94294,147584313100,7202182909,12769885687.0,0.9995,22.94,116.0824,26.0,0.2,11.0,0.0,58.0
2022-03-23,2969.64,3045.2,2920.65,3036.0,453962.7298,42364.13,43025.96,41751.47,42882.76,40828.87039,149390651886,7366292361,12915896341.0,0.9996,23.57,116.005,31.0,0.2,11.0,0.0,58.0
2022-03-24,3035.99,3129.11,2999.11,3110.76,577171.5239,42882.76,44220.89,42560.46,43991.46,56195.12374,150896859239,7373787636,13009385664.0,0.9995,21.67,115.9599,40.0,0.2,11.0,0.0,58.0
2022-03-25,3110.75,3193.28,3076.0,3102.14,489099.5572,43991.46,45094.14,43579.0,44313.16,54614.43648,152129396447,7337305114,13146720698.0,0.9996,20.81,115.7921,47.0,0.2,11.0,0.0,58.0
2022-03-26,3102.13,3153.2,3084.9,3145.0,207134.847,44313.16,44792.99,44071.97,44511.27,23041.61741,151087156526,7298458874,12901528684.0,0.9995,,,51.0,0.2,11.0,0.0,58.0
2022-03-27,3145.01,3299.37,3126.02,3295.65,335467.4145,44511.27,46999.0,44421.46,46827.76,41874.91071,152954251008,7373192773,13013623383.0,0.9997,,,49.0,0.2,12.0,0.0,64.0
2022-03-28,3295.65,3431.15,3275.01,3332.92,527237.1133,46827.76,48189.84,46663.56,47122.21,58949.2614,156376982822,7601943334,13503614515.0,0.9995,19.63,116.1911,60.0,0.2,12.0,0.0,64.0
2022-03-29,3332.91,3481.87,3329.68,3400.51,465899.8226,47122.21,48096.47,46950.85,47434.8,36772.28457,157893818203,7603250422,13659766889.0,0.9996,18.9,115.5679,56.0,0.2,12.0,0.0,64.0
2022-03-30,3400.51,3446.9,3331.84,3385.79,356082.5231,47434.79,47700.22,46445.42,47067.99,40947.2085,160311744248,7748785179,14049620595.0,0.9997,19.33,115.0818,55.0,0.2,12.0,0.0,64.0
2022-03-31,3385.8,3444.83,3261.35,3281.51,455091.2395,47067.99,47600.0,45200.0,45510.34,48645.12667,161430008554,7805567193,14041005213.0,0.9998,20.56,115.2218,52.0,0.2,12.0,0.0,64.0
2022-04-01,3281.51,3481.29,3210.68,3455.21,532169.2392,45510.35,46720.09,44200.0,46283.49,56271.06474,157537124284,7638674802,13716861802.0,0.9997,19.63,115.4814,50.0,0.33,12.0,0.0,64.0
2022-04-02,3455.2,3532.2,3433.14,3443.77,499893.29,46283.49,47213.0,45620.0,45811.0,37073.53582,161726399187,7898430157,14232444055.0,0.9997,,,52.0,0.33,12.0,0.0,64.0
2022-04-03,3443.77,3580.34,3412.11,3521.91,381581.7683,45810.99,47444.11,45530.92,46407.35,33394.67794,161799122817,7911404362,14145374931.0,0.9997,,,48.0,0.33,12.0,0.0,55.0
2022-04-04,3521.9,3547.0,3405.97,3519.5,449984.1586,46407.36,46890.71,45118.0,46580.51,44641.87514,162902153557,8042333837,14417000497.0,0.9998,18.57,115.4112,52.0,0.33,12.0,0.0,55.0
2022-04-05,3519.5,3555.0,3400.0,3406.99,397782.7437,46580.5,47200.0,45353.81,45497.55,42192.74852,162378897736,8057814480,14348708826.0,0.9999,21.03,115.73,53.0,0.33,12.0,0.0,55.0
2022-04-06,3407.0,3407.5,3162.39,3168.51,736273.1047,45497.54,45507.14,43121.0,43170.47,60849.32936,158563770940,7939436922,14307603044.0,0.9999,22.1,115.9995,48.0,0.33,12.0,0.0,55.0
2022-04-07,3168.52,3268.98,3143.15,3227.19,458179.3272,43170.47,43900.99,42727.35,43444.19,37396.54156,152307882030,7633126537,13480231792.0,0.9999,21.55,116.3512,34.0,0.33,12.0,0.0,55.0
2022-04-08,3227.2,3314.02,3173.52,3192.39,502422.5048,43444.2,43970.62,42107.14,42252.01,42375.04203,154627389479,7783577873,13782792688.0,0.9998,21.16,116.4176,37.0,0.33,12.0,0.0,55.0
2022-04-09,3192.39,3268.4,3181.28,3258.57,212444.2566,42252.02,42800.0,42125.48,42753.97,17891.66047,151927995834,7646106144,13443700443.0,0.9998,,,30.0,0.33,12.0,0.0,55.0
2022-04-10,3258.57,3307.22,3193.0,3203.04,232303.2326,42753.96,43410.3,41868.0,42158.85,22771.09403,153468433976,7773161287,13672892402.0,0.9998,,,34.0,0.33,10.0,0.0,49.0
2022-04-11,3203.04,3213.63,2950.0,2979.74,693394.2912,42158.85,42414.71,39200.0,39530.45,63560.44721,151538338236,7683614069,13570686013.0,0.9999,24.37,116.5401,32.0,0.33,10.0,0.0,49.0
2022-04-12,2979.75,3085.0,2950.0,3027.66,579522.9505,39530.45,40699.0,39254.63,40074.94,57751.01778,144289221672,7211679792,12840643663.0,0.9998,24.26,116.3866,20.0,0.33,10.0,0.0,49.0
2022-04-13,3027.65,3128.97,2996.86,3118.28,419101.494,40074.95,41561.31,39588.54,41147.79,41342.27254,146191016975,7313472923,13130819485.0,0.9999,21.82,116.2796,25.0,0.33,10.0,0.0,49.0
2022-04-14,3118.28,3145.0,2976.3,3021.98,408382.5572,41147.78,41500.0,39551.94,39942.38,36807.01401,148423215321,7437424655,13580285696.0,1.0,22.7,116.7558,28.0,0.33,10.0,0.0,49.0
2022-04-15,3021.98,3060.92,2993.13,3040.56,249626.2981,39942.37,40870.36,39766.4,40551.9,24026.35739,146106202324,7297972373,13210665605.0,0.9998,,116.7017,22.0,0.33,10.0,0.0,49.0
2022-04-16,3040.57,3086.1,3010.03,3059.3,176352.4165,40551.9,40709.35,39991.55,40378.71,15805.44718,147131069653,7323110572,13337175281.0,0.9999,,,28.0,0.33,10.0,0.0,49.0
2022-04-17,3059.3,3083.0,2981.7,2988.06,243772.074,40378.7,40595.67,39546.17,39678.12,19988.49259,147654282027,7389090383,13433615126.0,0.9998,,,28.0,0.33,11.0,0.0,45.0
2022-04-18,2988.07,3069.6,2883.22,3055.56,510251.6536,39678.11,41116.73,38536.51,40801.13,54243.49575,145166969370,7199679391,13218876261.0,0.9999,22.17,116.8441,24.0,0.33,11.0,0.0,45.0
2022-04-19,3055.56,3131.0,3030.34,3101.77,359375.0038,40801.13,41760.0,40571.0,41493.18,35788.85843,148719712465,7328871569,13491165850.0,0.9997,21.37,117.1324,27.0,0.33,11.0,0.0,45.0
2022-04-20,3101.74,3166.5,3036.45,3076.04,415000.0685,41493.19,42199.0,40820.0,41358.19,40877.35041,149693102211,7402222668,13659556993.0,0.9998,20.32,116.7306,27.0,0.33,11.0,0.0,45.0
2022-04-21,3076.03,3180.0,2942.31,2983.58,562699.697,41358.19,42976.0,39751.0,40480.01,59316.27657,149483617612,7373351665,13872667986.0,0.9999,22.68,117.1432,27.0,0.33,11.0,0.0,45.0
2022-04-22,2983.57,3034.32,2930.35,2962.39,452433.082,40480.01,40795.06,39177.0,39709.18,46664.0196,146762416810,7120297341,13407859174.0,0.9999,28.21,118.0186,26.0,0.33,11.0,0.0,45.0
2022-04-23,2962.39,2978.03,2913.89,2933.03,187576.7324,39709.19,39980.0,39285.0,39441.6,20291.42375,146144682521,7079532280,13272254151.0,0.9998,,,24.0,0.33,11.0,0.0,45.0
2022-04-24,2933.04,2967.06,2912.09,2921.0,218957.0222,39441.61,39940.0,38929.62,39450.13,26703.61186,145645454302,7051063380,13104700462.0,0.9998,,,24.0,0.33,10.0,0.0,43.0
2022-04-25,2920.99,3025.65,2797.01,3006.62,619198.3616,39450.12,40616.0,38200.0,40426.08,63037.12784,144673072859,7019441607,13241355728.0,0.9999,27.02,118.6271,23.0,0.33,10.0,0.0,43.0
2022-04-26,3006.63,3039.54,2767.0,2809.67,531184.3504,40426.08,40797.31,37702.26,38112.65,66650.258,147987530790,7166239627,13484359605.0,1.0,33.52,118.9624,27.0,0.33,10.0,0.0,43.0
2022-04-27,2809.68,2919.87,2794.46,2888.96,488951.2416,38112.64,39474.72,37881.31,39235.72,57083.12272,142223364997,6848195829,12775598752.0,1.0,31.6,119.4708,21.0,0.33,10.0,0.0,43.0
2022-04-28,2888.95,2980.0,2853.83,2936.93,537392.9978,39235.72,40372.63,38881.43,39742.07,56086.6715,144375229726,6990092520,13052304970.0,1.0,29.99,120.0675,24.0,0.33,10.0,0.0,43.0
2022-04-29,2936.92,2946.46,2776.63,2817.13,525978.147,39742.06,39925.25,38175.0,38596.11,51453.65715,144032693542,7027490775,12963820418.0,1.0001,33.4,119.4933,23.0,0.33,10.0,0.0,43.0
2022-04-30,2817.13,2841.63,2709.26,2726.66,367757.2469,38596.11,38795.38,37578.2,37630.8,35321.18989,140401372014,6826955441,12621629165.0,0.9998,,,20.0,0.33,10.0,0.0,43.0
2022-05-01,2726.67,2849.9,2716.13,2824.81,442544.8792,37630.8,38675.0,37386.38,38468.35,38812.24104,135815392900,6637379913,12322574965.0,1.0,,,22.0,0.77,10.0,1.0,44.0
2022-05-02,2824.81,2894.22,2778.78,2856.54,521706.8567,38468.35,39167.34,38052.0,38525.16,53200.92628,138176943986,6790724560,12775359189.0,1.0001,32.34,119.8825,28.0,0.77,10.0,1.0,44.0
2022-05-03,2856.54,2861.47,2755.19,2781.7,371331.1796,38525.16,38651.51,37517.8,37728.95,40316.45358,138043869147,6829294645,12913095288.0,1.0001,29.25,119.7043,27.0,0.77,10.0,1.0,44.0
2022-05-04,2781.7,2965.85,2771.74,2940.64,548738.0668,37728.95,40023.77,37670.0,39690.0,62574.61736,137927533627,6740599482,12750503977.0,1.0002,25.42,119.5592,21.0,0.77,10.0,1.0,44.0
2022-05-05,2940.65,2954.65,2683.0,2747.97,734845.3194,39690.0,39845.51,35571.9,36552.97,88722.43355,142611890062,7028778968,13258505368.0,1.0001,31.2,120.0068,27.0,0.77,10.0,1.0,44.0
2022-05-06,2747.96,2758.18,2632.95,2692.85,711449.3234,36552.97,36675.63,35258.0,36013.77,68437.80187,136851664532,6731232598,12651528323.0,1.0002,30.19,119.8577,22.0,0.77,10.0,1.0,44.0
2022-05-07,2692.86,2704.36,2584.75,2635.34,371271.4532,36013.77,36146.3,34785.0,35472.39,34281.70682,135722206187,6702682768,12640991706.0,1.0003,,,23.0,0.77,10.0,1.0,44.0
2022-05-08,2635.35,2642.0,2484.0,2519.71,757615.3415,35472.4,35514.22,33713.95,34038.4,72445.64344,130662121135,6645682181,12449450182.0,1.0003,,,18.0,0.77,10.0,9.0,75.0
2022-05-09,2519.71,2530.78,2225.0,2228.55,1574924.9793,34038.39,34243.15,30033.33,30076.31,191876.926428,125980123140,6446556340,12020365767.0,1.0002,34.75,120.4972,11.0,0.77,10.0,9.0,75.0
2022-05-10,2229.0,2457.34,2200.0,2342.05,1550626.1387,30074.23,32658.99,29730.4,31017.1,165532.00311,109587055221,5763115296,10935576953.0,1.0003,32.99,120.7742,10.0,0.77,10.0,9.0,75.0
2022-05-11,2342.04,2451.37,2005.0,2084.99,2022864.83806,31017.11,32162.59,27785.0,29103.94,207063.739278,107060775270,5895817601,11005436209.0,1.006,32.56,120.3925,12.0,0.77,10.0,9.0,75.0
2022-05-12,2084.99,2195.0,1800.0,1960.22,2305192.90836,29103.94,30243.0,26700.0,29029.75,204507.263138,89981753404,5192032082,9981502469.0,1.003,31.77,121.2796,12.0,0.77,10.0,9.0,75.0
2022-05-13,1960.22,2147.54,1940.23,2009.69,1134042.3387,29029.74,31083.37,28751.67,29287.05,97872.36957,78550311528,5285249116,9108210924.0,1.0018,28.87,120.8442,10.0,0.77,10.0,9.0,75.0
2022-05-14,2009.69,2070.06,1951.21,2056.48,563788.3078,29287.05,30343.27,28630.0,30086.74,51095.87863,79114407678,5497509033,9273765561.0,1.0014,,,9.0,0.77,10.0,9.0,75.0
2022-05-15,2056.47,2167.0,2000.68,2145.29,514398.2587,30086.74,31460.0,29480.0,31328.89,46275.66912,79401649345,5622363903,9532084912.0,1.0012,,,10.0,0.77,9.0,3.0,56.0
2022-05-16,2145.29,2145.29,1979.12,2023.66,822070.8531,31328.89,31328.9,29087.04,29874.01,73082.19658,81346561861,5737913106,9865383006.0,1.0013,27.47,120.6881,14.0,0.77,9.0,3.0,56.0
2022-05-17,2023.66,2122.42,2008.0,2090.72,568249.0448,29874.01,30788.37,29450.38,30444.93,56724.13307,78504926839,5584448109,9257667782.0,1.0011,26.1,119.8871,8.0,0.77,9.0,3.0,56.0
2022-05-18,2090.72,2110.72,1908.0,1915.11,631577.2341,30444.93,30709.99,28654.47,28715.32,59749.15799,80138598610,5741758889,9717132295.0,1.0015,30.96,120.0274,12.0,0.77,9.0,3.0,56.0
2022-05-19,1915.11,2040.39,1903.18,2019.55,741476.9794,28715.33,30545.18,28691.38,30319.23,67877.36415,76419963566,5444001735,9110800323.0,1.0011,29.35,119.4278,13.0,0.77,9.0,3.0,56.0
2022-05-20,2019.55,2064.0,1923.0,1959.08,576981.5371,30319.22,30777.33,28730.0,29201.01,60517.25325,78587868743,5664240994,9472882044.0,1.0013,29.43,119.3677,13.0,0.77,9.0,3.0,56.0
2022-05-21,1959.08,1990.86,1937.36,1975.07,238869.7632,29201.01,29656.18,28947.28,29445.06,20987.13124,76768618282,5740733930,9072154215.0,1.0014,,,13.0,0.77,9.0,3.0,56.0
2022-05-22,1975.06,2056.41,1966.33,2043.19,355735.1927,29445.07,30487.99,29255.11,30293.94,36158.98748,77348687053,5774853180,9090022734.0,1.001,,,14.0,0.77,9.0,1.0,47.0
2022-05-23,2043.19,2088.5,1957.12,1973.32,636085.0224,30293.93,30670.51,28866.35,29109.15,63901.49932,79972749897,5901300692,9686388502.0,1.0011,28.48,118.7169,10.0,0.77,9.0,1.0,47.0
2022-05-24,1973.33,1993.83,1913.02,1979.41,534096.972,29109.14,29845.86,28669.0,29654.58,59442.96036,79085507343,5772396197,9709201214.0,1.0011,29.45,118.6245,12.0,0.77,9.0,1.0,47.0
2022-05-25,1979.4,2022.34,1934.61,1942.63,524786.3091,29654.58,30223.74,29294.21,29542.15,59537.38659,79657929538,5802810755,9811346277.0,1.001,28.37,118.9598,11.0,0.77,9.0,1.0,47.0
2022-05-26,1942.64,1966.01,1735.0,1792.23,1168740.57514,29542.14,29886.64,28019.56,29201.35,94581.65463,79707036670,5745062847,9687022269.0,1.0012,27.5,118.7687,12.0,0.77,9.0,1.0,47.0
2022-05-27,1792.24,1822.26,1703.0,1727.27,1296693.28537,29201.35,29397.66,28282.9,28629.8,90998.5201,76406476786,5524831333,9296691052.0,1.0013,25.72,118.2834,12.0,0.77,9.0,1.0,47.0
2022-05-28,1727.26,1808.98,1722.26,1792.22,558271.1818,28629.81,29266.0,28450.0,29031.33,34479.35127,75036794613,5393060452,9208984294.0,1.0011,,,13.0,0.77,9.0,1.0,47.0
2022-05-29,1792.21,1827.4,1759.96,1813.64,432430.611,29031.33,29587.78,28839.21,29468.1,27567.34764,76157582216,5556433998,9494162923.0,1.001,,,14.0,0.77,8.0,1.0,44.0
2022-05-30,1813.64,2013.0,1803.18,1998.78,814922.8359,29468.1,32222.0,29299.62,31734.22,96785.9476,76421355864,5580383191,9439831431.0,1.0008,26.54,,10.0,0.77,8.0,1.0,44.0
2022-05-31,1998.78,2016.45,1925.0,1941.9,751103.4226,31734.23,32399.0,31200.01,31801.04,62433.11632,80231277103,5844129687,10033633210.0,1.0008,26.19,118.0704,16.0,0.77,8.0,1.0,44.0
2022-06-01,1941.9,1972.58,1763.75,1817.95,1037841.2706,31801.05,31982.97,29301.0,29805.83,103395.63382,79791541037,5816784905,9993645946.0,1.0009,25.69,118.6954,17.0,1.21,8.0,1.0,44.0
2022-06-02,1817.96,1853.05,1782.42,1834.08,788784.4017,29805.84,30689.0,29594.55,30452.62,56961.42928,76922140166,5588841457,9445937620.0,1.0007,24.72,118.0658,13.0,1.21,8.0,1.0,44.0
2022-06-03,1834.09,1843.91,1737.0,1775.12,741282.5346,30452.63,30699.0,29282.36,29700.21,54067.44727,77404074799,5678044374,9598092881.0,1.001,24.79,118.2153,10.0,1.21,8.0,1.0,44.0
2022-06-04,1775.13,1816.0,1748.43,1804.58,388279.4579,29700.21,29988.88,29485.0,29864.04,25617.90113,75714235105,5599352256,9559025247.0,1.0009,,,14.0,1.21,8.0,1.0,44.0
2022-06-05,1804.58,1830.17,1773.05,1806.23,371974.5061,29864.03,30189.0,29531.42,29919.21,23139.9281,75359516576,5204443388,9693578011.0,1.0009,,,10.0,1.21,9.0,1.0,43.0
2022-06-06,1806.22,1920.0,1804.35,1859.84,804250.3567,29919.2,31765.64,29890.23,31373.1,68836.92456,75568120046,5225689143,9727071834.0,1.0009,25.07,118.3081,13.0,1.21,9.0,1.0,43.0
2022-06-07,1859.84,1874.98,1725.13,1813.33,1397598.2288,31373.1,31589.6,29218.96,31125.33,110674.51658,75933292724,5392936308,9897103011.0,1.0007,24.02,118.4414,15.0,1.21,9.0,1.0,43.0
2022-06-08,1813.33,1838.77,1765.28,1791.88,941510.1373,31125.32,31327.22,29843.88,30204.77,68542.61276,75985902322,5398014234,9865908337.0,1.0008,23.96,118.3951,17.0,1.21,9.0,1.0,43.0
2022-06-09,1791.88,1833.0,1777.33,1788.81,535310.9618,30204.77,30700.0,29944.1,30109.93,46291.1865,75561589330,5449013676,9696085238.0,1.0009,26.09,118.9226,11.0,1.21,9.0,1.0,43.0
2022-06-10,1788.8,1804.32,1655.93,1662.91,955035.79239,30109.93,30382.8,28850.0,29091.88,76204.2498,74898137060,5454215607,9587358830.0,1.0011,27.75,119.9981,13.0,1.21,9.0,1.0,43.0
2022-06-11,1662.91,1682.21,1496.74,1532.89,1220325.2542,29091.87,29440.41,28099.99,28424.7,65901.39895,72047790185,5264902835,9231116711.0,1.0012,,,12.0,1.21,9.0,1.0,43.0
2022-06-12,1532.89,1547.0,1423.0,1434.84,1563225.37018,28424.71,28544.96,26560.0,26574.53,92474.598809,69124116346,4953401067,8887355195.0,1.0012,,,14.0,1.21,9.0,5.0,100.0
2022-06-13,1434.84,1455.0,1165.45,1209.82,3626351.66536,26574.53,26895.84,21925.77,22487.41,254611.034966,66218424255,4738752402,8421508634.0,1.0015,34.02,121.1523,11.0,1.21,9.0,5.0,100.0
2022-06-14,1209.35,1268.45,1075.8,1208.9,2716493.80131,22485.27,23362.88,20846.0,22136.41,187201.64671,57513802883,4339574948,6424273633.0,1.0011,32.69,121.6669,8.0,1.21,9.0,5.0,100.0
2022-06-15,1208.9,1250.0,1014.4,1237.52,3114823.13621,22136.42,22800.0,20111.62,22583.72,200774.493467,55668154902,4302855467,6297412819.0,1.0012,29.62,121.6403,7.0,1.21,9.0,5.0,100.0
2022-06-16,1237.53,1257.85,1051.55,1068.5,1447386.8304,22583.72,22995.73,20232.0,20401.31,99673.59429,55362795453,4337898380,6277191879.0,1.0013,32.95,120.6714,7.0,1.21,9.0,5.0,100.0
2022-06-17,1068.5,1118.0,1051.11,1086.94,1220677.9491,20400.6,21365.43,20246.66,20468.81,86694.33663,51623967198,4196723236,5517061655.0,1.0012,31.13,121.2369,9.0,1.21,9.0,5.0,100.0
2022-06-18,1086.93,1097.58,881.56,995.13,2308983.5187,20468.81,20792.06,17622.0,18970.79,196441.655524,52351882109,4304627933,5610608425.0,1.0016,,,6.0,1.21,9.0,5.0,100.0
2022-06-19,995.12,1158.62,936.15,1128.53,2018599.4499,18970.79,20815.95,17960.41,20574.0,128320.87595,49601481176,4078301157,5210148186.0,1.0013,,,6.0,1.21,8.0,1.0,70.0
2022-06-20,1128.53,1170.0,1053.0,1128.24,1721772.9132,20574.0,21090.0,19637.03,20573.89,109028.94154,51475964025,4237395034,5617458680.0,1.0012,31.03,,9.0,1.21,8.0,1.0,70.0
2022-06-21,1128.24,1194.0,1109.23,1125.85,1306095.3757,20573.9,21723.0,20348.4,20723.52,104371.0749,52164381376,4309694679,5658027719.0,1.0012,30.19,120.6427,9.0,1.21,8.0,1.0,70.0
2022-06-22,1125.86,1127.33,1043.65,1050.19,1306959.8593,20723.51,20900.0,19770.51,19987.99,92133.97938,52498029522,4319556667,5761719805.0,1.0011,28.95,120.5197,11.0,1.21,8.0,1.0,70.0
2022-06-23,1050.19,1155.0,1045.3,1144.72,1278257.0899,19988.0,21233.0,19890.07,21110.13,83127.08716,51963701732,4221988693,5964634076.0,1.0009,29.05,120.7622,11.0,1.21,8.0,1.0,70.0
2022-06-24,1144.71,1245.43,1132.0,1225.02,1337137.483,21110.12,21558.41,20736.72,21237.69,77430.36622,53546762359,4433143384,6250982003.0,1.0008,27.23,120.4853,11.0,1.21,8.0,1.0,70.0
2022-06-25,1225.02,1256.77,1180.0,1242.36,861986.6177,21237.68,21614.5,20906.62,21491.19,51431.67794,54752097806,4589774922,6496743571.0,1.0007,,,14.0,1.21,8.0,1.0,70.0
2022-06-26,1242.31,1280.0,1194.6,1197.79,884184.273,21491.18,21888.0,20964.73,21038.07,53278.10464,54928149441,4620570016,6595120107.0,1.0006,,,14.0,1.21,7.0,1.0,52.0
2022-06-27,1197.79,1238.93,1172.49,1192.51,868734.2061,21038.08,21539.85,20510.0,20742.56,64475.0013,54079509554,4555747823,6460709700.0,1.001,26.95,120.1736,12.0,1.21,7.0,1.0,52.0
2022-06-28,1192.51,1237.99,1136.32,1144.05,1104065.2211,20742.57,21212.1,20202.01,20281.29,63801.0832,53616383286,4517152418,6396225663.0,1.0013,28.36,120.62,10.0,1.21,7.0,1.0,52.0
2022-06-29,1144.05,1156.8,1087.42,1100.21,1295517.796,20281.28,20432.31,19854.92,20123.01,77309.04379,52511983431,4441954074,6149999146.0,1.0012,28.16,120.9616,13.0,1.21,7.0,1.0,52.0
2022-06-30,1100.21,1106.62,998.0,1071.01,1420670.3656,20123.0,20179.08,18626.0,19942.21,93846.64806,51800965237,4342804400,5926496657.0,1.0013,28.71,120.9652,11.0,1.21,7.0,1.0,52.0
2022-07-01,1071.02,1117.0,1033.44,1059.73,1562255.1439,19942.21,20918.35,18975.0,19279.8,111844.59494,51332356308,4271944324,5793007829.0,1.0012,26.7,121.5058,11.0,1.68,7.0,1.0,52.0
2022-07-02,1059.73,1078.88,1028.29,1067.01,714812.0804,19279.8,19467.39,18977.01,19252.81,46180.3021,51281117288,4360113555,5872938754.0,1.0013,,,14.0,1.68,7.0,1.0,52.0
2022-07-03,1067.01,1088.34,1040.78,1074.26,644746.3337,19252.82,19647.63,18781.0,19315.83,51087.46631,52337807050,4353178227,6035365492.0,1.0012,,,11.0,1.68,7.0,1.0,49.0
2022-07-04,1074.26,1160.9,1045.37,1151.0,1150108.9861,19315.83,20354.01,19055.31,20236.71,74814.04601,52606618003,4399533586,6119710581.0,1.0011,27.53,,14.0,1.68,7.0,1.0,49.0
2022-07-05,1151.01,1174.9,1076.34,1132.5,1398961.4495,20236.71,20750.0,19304.4,20175.83,96041.13756,54049881671,4486140555,6368111852.0,1.0011,27.54,122.6203,19.0,1.68,7.0,1.0,49.0
2022-07-06,1132.51,1205.0,1111.44,1186.57,1211768.0757,20175.84,20675.22,19761.25,20564.51,82439.5808,54257109353,4449691352,6366034364.0,1.001,26.73,123.0073,18.0,1.68,7.0,1.0,49.0
2022-07-07,1186.57,1254.29,1163.18,1237.49,1001316.079,20564.51,21838.1,20251.68,21624.98,85014.58261,55092894677,4534812889,6508762855.0,1.0006,26.08,122.7257,18.0,1.68,7.0,1.0,49.0
2022-07-08,1237.49,1276.46,1193.15,1214.04,1189518.3631,21624.99,22527.37,21189.26,21594.75,403081.57349,55665365652,4591656414,6702708077.0,1.0007,24.64,122.4662,20.0,1.68,7.0,1.0,49.0
2022-07-09,1214.03,1235.4,1204.67,1217.02,576337.1809,21594.75,21980.0,21322.12,21591.83,178417.84468,55499742372,4560361971,6155644876.0,1.0006,,,24.0,1.68,7.0,1.0,49.0
2022-07-10,1217.02,1219.95,1153.0,1168.36,1018038.6506,21592.15,21607.65,20655.0,20862.47,192188.21556,55622926644,4627907996,6136173241.0,1.0007,,,24.0,1.68,7.0,1.0,44.0
2022-07-11,1168.37,1171.29,1091.71,1096.4,1201652.3048,20861.11,20868.48,19875.23,19963.61,137535.40724,54445973906,4411900485,5986730536.0,1.0008,26.17,123.2974,22.0,1.68,7.0,1.0,44.0
2022-07-12,1096.37,1098.26,1033.46,1038.58,1261349.6321,19963.61,20059.42,19240.0,19328.75,139506.45862,52825325074,4264600584,5775708048.0,1.001,27.29,123.4524,16.0,1.68,7.0,1.0,44.0
2022-07-13,1038.58,1119.18,1006.32,1115.0,2035605.8299,19331.28,20366.61,18910.94,20234.87,209250.24888,51664526283,4193398275,5220311924.0,1.0008,26.82,123.2834,15.0,1.68,7.0,1.0,44.0
2022-07-14,1115.01,1214.65,1072.11,1193.42,1605101.9262,20234.87,20900.0,19616.07,20588.84,174809.21696,52804189038,4261177787,5399036670.0,1.0008,26.4,124.0622,18.0,1.68,7.0,1.0,44.0
2022-07-15,1193.42,1287.82,1181.05,1231.25,1466037.2584,20588.84,21200.0,20382.29,20830.04,143343.3049,53982320935,4408045982,5550426744.0,1.0003,24.23,123.4765,15.0,1.68,7.0,1.0,44.0
2022-07-16,1231.25,1422.91,1191.23,1355.85,1493809.9226,20830.04,21588.94,20478.61,21195.6,121011.67393,54496697858,4464552068,5597967581.0,1.0002,,,21.0,1.68,7.0,1.0,44.0
2022-07-17,1355.84,1387.0,1319.04,1338.65,1246202.8795,21195.6,21684.54,20750.01,20798.16,118229.4525,55827480546,4653099630,5870792000.0,1.0004,,,24.0,1.68,8.0,0.0,62.0
2022-07-18,1338.65,1597.47,1336.07,1581.04,2029918.76521,20799.58,22777.63,20762.45,22432.58,239942.73132,55642462399,4770872306,5803059466.0,1.0003,25.3,122.7727,20.0,1.68,8.0,0.0,62.0
2022-07-19,1581.03,1631.0,1493.11,1542.32,1846048.6816,22432.58,23800.0,21579.54,23396.62,263770.76574,58990912077,5209591346,6216323174.0,0.9999,24.5,122.4819,30.0,1.68,8.0,0.0,62.0
2022-07-20,1542.33,1620.4,1484.23,1521.58,1351177.4247,23398.48,24276.74,22906.19,23223.3,238762.17094,59171118888,5141811389,6204515557.0,1.0,23.88,122.5997,31.0,1.68,8.0,0.0,62.0
2022-07-21,1521.63,1605.98,1463.56,1575.45,1247327.4963,23223.3,23442.77,22341.46,23152.19,184817.68191,58483675036,5055241868,6125649432.0,0.9999,23.11,122.9032,34.0,1.68,8.0,0.0,62.0
2022-07-22,1575.45,1650.05,1516.11,1535.27,1170723.0873,23152.19,23756.49,22500.0,22684.83,171598.43966,59279998593,5082407530,6235573240.0,0.9999,23.03,122.451,33.0,1.68,8.0,0.0,62.0
2022-07-23,1535.27,1596.51,1488.0,1548.67,851284.7339,22684.83,23000.77,21934.57,22451.07,122137.77375,59206297925,5212215116,6302543876.0,1.0,,,31.0,1.68,8.0,0.0,62.0
2022-07-24,1548.66,1664.34,1545.67,1597.7,1009935.8997,22448.58,23014.64,22257.15,22579.68,115189.67277,59259150588,5303490727,6314103508.0,0.9999,,,30.0,1.68,7.0,0.0,55.0
2022-07-25,1597.7,1609.55,1435.58,1440.79,1418390.9809,22577.13,22666.0,21250.0,21310.9,180344.76643,59856649962,5982009935,6289986534.0,0.9999,23.36,122.4594,30.0,1.68,7.0,0.0,55.0
2022-07-26,1440.79,1454.11,1356.17,1449.12,1199643.7408,21310.9,21347.82,20706.5,21254.67,177817.24326,57316176468,5176423974,6029281546.0,0.9999,24.69,122.7581,26.0,1.68,7.0,0.0,55.0
2022-07-27,1449.12,1644.44,1420.83,1635.74,1513426.0413,21254.67,23112.63,21042.53,22952.45,210971.19796,57184040978,5307293270,5978044902.0,0.9996,23.24,122.8169,28.0,1.68,7.0,0.0,55.0
2022-07-28,1635.74,1784.79,1593.27,1724.52,1578145.07555,22954.31,24199.72,22582.13,23842.93,236029.0741,60050611030,5558242591,6380112477.0,0.9997,22.33,122.1161,32.0,1.68,7.0,0.0,55.0
2022-07-29,1724.52,1765.99,1655.02,1721.68,1205266.5703,23845.25,24442.66,23414.03,23773.75,198298.50623,61754112832,5662900241,6615792163.0,0.9996,21.33,121.7678,39.0,1.68,7.0,0.0,55.0
2022-07-30,1721.68,1744.85,1673.01,1697.0,735132.5286,23777.28,24668.0,23502.25,23643.51,151060.13211,61291118709,5697817699,6577852056.0,0.9998,,,42.0,1.68,7.0,0.0,55.0
2022-07-31,1697.0,1754.69,1666.0,1678.12,696326.8079,23644.64,24194.82,23227.31,23293.32,127743.32483,61363863940,5683692717,6559823929.0,0.9996,,,39.0,1.68,7.0,0.0,47.0
2022-08-01,1678.12,1704.68,1606.12,1630.28,801566.5648,23296.36,23509.68,22850.0,23268.01,144210.16219,61055117921,5646072454,6539859919.0,0.9997,22.84,121.4109,33.0,2.33,7.0,0.0,47.0
2022-08-02,1630.28,1678.0,1559.28,1630.91,1081964.5104,23266.9,23459.89,22654.37,22987.79,158073.28225,60484189489,5600912277,6412639921.0,0.9999,23.93,121.9486,31.0,2.33,7.0,0.0,47.0
2022-08-03,1630.91,1685.03,1589.71,1618.16,777724.7413,22985.93,23647.68,22681.22,22818.37,145948.80995,59443733002,5473919999,6324457194.0,0.9998,21.95,122.3888,34.0,2.33,7.0,0.0,47.0
2022-08-04,1618.16,1662.79,1580.39,1607.96,735552.181,22816.91,23223.32,22400.0,22622.98,154854.67016,60140579515,5487385929,6405669659.0,0.9999,21.44,121.8333,30.0,2.33,7.0,0.0,47.0
2022-08-05,1607.97,1742.07,1605.64,1736.81,1005846.4712,22622.41,23472.86,22586.95,23312.42,175251.69749,60929433372,6156072643,6574415237.0,1.0,21.15,122.321,31.0,2.33,7.0,0.0,47.0
2022-08-06,1736.81,1749.93,1685.26,1690.6,523314.6444,23313.56,23354.36,22909.52,22954.21,83911.80307,62024750159,5735423541,6938168693.0,0.9998,,,31.0,2.33,7.0,0.0,47.0
2022-08-07,1690.6,1729.79,1668.0,1700.19,439904.764,22954.21,23402.0,22844.62,23174.39,88890.00877,61467223295,5690530169,6865798544.0,0.9999,,,30.0,2.33,7.0,0.0,56.0
2022-08-08,1700.2,1818.0,1693.87,1777.05,781620.5443,23174.39,24245.0,23154.25,23810.0,170958.44152,62584088837,6356446725,6937451876.0,0.9998,21.29,121.8783,30.0,2.33,7.0,0.0,56.0
2022-08-09,1777.05,1790.83,1667.93,1702.76,818171.1019,23810.98,23933.25,22865.0,23149.95,143182.50858,62837724985,5678024060,7141639796.0,0.9998,21.77,121.8614,42.0,2.33,7.0,0.0,56.0
2022-08-10,1702.76,1885.0,1656.78,1853.57,1317767.5127,23151.32,24226.0,22664.69,23954.05,208916.54953,61095424936,5573504275,6960230702.0,0.9997,19.74,120.7543,31.0,2.33,7.0,0.0,56.0
2022-08-11,1853.58,1942.0,1850.32,1880.19,1105261.9009,23954.05,24918.54,23852.13,23934.39,249759.79557,63869850319,5812194184,7388337451.0,0.9996,20.2,120.7163,41.0,2.33,7.0,0.0,56.0
2022-08-12,1880.19,1964.71,1853.06,1958.28,717628.1015,23933.09,24456.5,23583.0,24403.68,174207.5704,63654156580,5840244736,7396477211.0,0.9996,19.53,121.018,42.0,2.33,7.0,0.0,56.0
2022-08-13,1958.28,2020.0,1946.5,1983.55,695876.0293,24401.7,24888.0,24291.22,24441.38,152852.25435,64171247596,5705216598,7609955256.0,0.9996,,,46.0,2.33,7.0,0.0,56.0
2022-08-14,1983.55,2030.0,1906.0,1935.31,569583.4852,24443.06,25047.56,24144.0,24305.24,151206.14473,64325321116,5635337639,7529515029.0,0.9997,,,47.0,2.33,8.0,0.0,54.0
2022-08-15,1935.32,2012.47,1872.31,1899.06,949162.3305,24305.25,25211.32,23773.22,24094.82,242539.54758,63361428362,5508768687,7458247150.0,0.9998,19.95,121.4315,45.0,2.33,8.0,0.0,54.0
2022-08-16,1899.05,1915.0,1853.0,1876.67,622729.1499,24093.04,24247.49,23671.22,23854.74,179324.94821,62691189706,5488833775,7412880833.0,0.9999,19.69,121.6807,44.0,2.33,8.0,0.0,54.0
2022-08-17,1876.67,1959.43,1818.74,1834.25,951824.8975,23856.15,24446.71,23180.4,23342.66,210668.68766,62853328779,5454319494,7490383453.0,0.9999,19.9,122.0711,41.0,2.33,8.0,0.0,54.0
2022-08-18,1834.24,1882.37,1821.25,1846.39,606254.024,23342.66,23600.0,23111.04,23191.2,144185.97011,61713858233,5387178270,7332809615.0,1.0001,19.56,122.3627,30.0,2.33,8.0,0.0,54.0
2022-08-19,1846.39,1848.0,1602.37,1609.01,1419826.9515,23191.45,23208.67,20783.57,20834.39,283995.87747,60919895311,5368753093,7147776451.0,1.0001,20.6,123.0501,33.0,2.33,8.0,0.0,54.0
2022-08-20,1609.0,1657.08,1523.67,1576.04,914615.9226,20834.39,21382.85,20761.9,21140.07,183041.68363,57861495580,5034983551,6692946885.0,1.0,,,29.0,2.33,8.0,0.0,54.0
2022-08-21,1576.03,1646.52,1562.34,1618.13,780662.6062,21140.07,21800.0,21069.11,21515.61,159200.6841,57506308989,4922479948,6728822042.0,1.0,,,27.0,2.33,7.0,0.0,46.0
2022-08-22,1618.13,1629.72,1529.92,1624.66,941192.8954,21516.7,21548.71,20890.18,21399.83,222222.04526,58368598808,5023078499,6454330826.0,1.0001,23.8,123.605,29.0,2.33,7.0,0.0,46.0
2022-08-23,1624.65,1676.07,1563.76,1665.41,940246.932,21400.75,21684.87,20890.14,21529.12,200967.77164,58380489289,4948138360,6452630953.0,1.0,24.11,123.0547,28.0,2.33,7.0,0.0,46.0
2022-08-24,1665.4,1694.13,1604.92,1656.56,744667.6078,21529.11,21900.0,21145.0,21368.08,174383.22046,58578627375,4946291332,6504348846.0,0.9999,22.82,123.109,25.0,2.33,7.0,0.0,46.0
2022-08-25,1656.56,1722.0,1653.68,1695.11,603090.713,21368.05,21819.88,21310.15,21559.04,169915.78301,58750838118,4963418049,6565765255.0,1.0,21.78,123.0586,25.0,2.33,7.0,0.0,46.0
2022-08-26,1695.11,1706.45,1486.85,1508.18,1149912.8292,21559.04,21886.77,20107.9,20241.05,273811.61955,59135749908,5035874741,6597821126.0,1.0,25.56,123.0656,27.0,2.33,7.0,0.0,46.0
2022-08-27,1508.18,1518.42,1447.52,1491.06,756136.6768,20239.14,20402.93,19800.0,20037.6,162582.46032,56348092712,4799318514,6230746167.0,1.0001,,,28.0,2.33,7.0,0.0,46.0
2022-08-28,1491.06,1511.0,1424.0,1426.76,544846.4486,20037.6,20171.18,19520.0,19555.61,139307.95976,56015286909,4732242943,6204390548.0,1.0001,,,28.0,2.33,7.0,0.0,44.0
2022-08-29,1426.76,1559.99,1422.08,1551.8,826252.0831,19555.61,20433.62,19550.79,20285.73,210509.49545,54980121314,4634566654,5999341295.0,1.0,26.21,123.4686,24.0,2.33,7.0,0.0,44.0
2022-08-30,1551.79,1606.13,1473.61,1524.59,1003075.0172,20287.2,20576.25,19540.0,19811.66,256634.35529,56613014981,4902440280,6099176766.0,0.9999,26.21,123.6848,27.0,2.33,7.0,0.0,44.0
2022-08-31,1524.59,1619.78,1524.59,1554.1,949227.6775,19813.03,20490.0,19797.94,20050.02,276946.60765,56438841386,4855903745,6103020981.0,1.0001,25.87,123.535,23.0,2.33,7.0,0.0,44.0
2022-09-01,1554.11,1599.0,1512.77,1586.16,728710.482,20048.44,20208.37,19565.66,20131.46,245289.97263,56101084905,4741151761,6194013675.0,1.0,25.56,124.4006,20.0,2.56,7.0,0.0,44.0
2022-09-02,1586.17,1650.0,1546.41,1575.35,919009.6598,20132.64,20441.26,19755.29,19951.86,245986.6033,56673048802,4909151631,6259818440.0,0.9999,25.47,123.7743,25.0,2.56,7.0,0.0,44.0
2022-09-03,1575.35,1582.71,1534.28,1557.46,321397.2189,19950.98,20055.93,19652.72,19831.9,146639.03204,56556843748,4893624844,6358800448.0,0.9999,,,21.0,2.56,7.0,0.0,44.0
2022-09-04,1557.45,1583.66,1540.66,1579.28,296591.1166,19832.45,20029.23,19583.1,20000.3,145588.77893,56286230363,4882708008,6339134179.0,0.9999,,,20.0,2.56,7.0,0.0,48.0
2022-09-05,1579.29,1631.99,1556.56,1617.8,503492.937,20000.3,20057.27,19633.83,19796.84,222543.01057,56249576338,4816578534,6386474234.0,1.0001,25.99,,23.0,2.56,7.0,0.0,48.0
2022-09-06,1617.8,1687.4,1555.0,1559.01,1010722.8578,19795.34,20180.0,18649.51,18790.61,356315.05718,56938279998,4785551630,6514890625.0,1.0,26.91,124.767,22.0,2.56,7.0,0.0,48.0
2022-09-07,1559.01,1657.5,1490.66,1630.0,850991.4243,18790.61,19464.06,18510.77,19292.84,287394.7788,54492134109,4633647863,6122152796.0,1.0,24.64,124.8408,24.0,2.56,7.0,0.0,48.0
2022-09-08,1630.0,1663.56,1595.06,1635.37,645124.0085,19292.85,19458.25,19012.0,19319.77,262813.28273,55489967094,4653115293,6353673616.0,0.9999,23.61,124.578,20.0,2.56,7.0,0.0,48.0
2022-09-09,1635.37,1746.13,1630.51,1718.23,837458.2126,19320.54,21597.22,19291.75,21360.11,428919.74652,55508950314,4673757369,6349240554.0,0.9997,22.79,123.7874,22.0,2.56,7.0,0.0,48.0
2022-09-10,1718.24,1789.0,1706.03,1774.12,411046.2466,21361.62,21810.8,21111.13,21648.34,307997.33504,56912694621,4769481903,6585300518.0,0.9997,,,28.0,2.56,7.0,0.0,48.0
2022-09-11,1774.12,1789.0,1720.1,1766.11,409287.7263,21647.21,21860.0,21350.0,21826.87,280702.55149,57631856438,4862536870,6676971655.0,0.9997,,,26.0,2.56,8.0,0.0,94.0
2022-09-12,1766.12,1783.0,1693.0,1716.37,630774.6032,21826.87,22488.0,21538.51,22395.74,395395.61828,56992223557,4754040142,6639290981.0,0.9998,23.87,123.3332,25.0,2.56,8.0,0.0,94.0
2022-09-13,1716.37,1760.51,1560.54,1574.4,1134549.7256,22395.44,22799.0,19860.0,20173.57,431915.03333,56514176209,4656894515,6529664143.0,1.0,27.27,124.4242,34.0,2.56,8.0,0.0,94.0
2022-09-14,1574.4,1647.01,1552.38,1638.39,764562.5393,20173.62,20541.48,19617.62,20226.71,340826.40151,53485365994,4495144842,6203142883.0,0.9998,26.16,124.4509,27.0,2.56,8.0,0.0,94.0
2022-09-15,1638.4,1655.2,1458.0,1472.75,1335499.8047,20227.17,20330.24,19497.0,19701.88,333069.76076,52462967062,4357669654,6115955167.0,1.0001,26.27,124.8843,28.0,2.56,8.0,0.0,94.0
2022-09-16,1472.76,1483.35,1405.52,1433.9,693597.2425,19701.88,19890.0,19320.01,19803.3,283791.07064,51420641233,4272975537,5822454775.0,1.0001,26.3,124.8794,20.0,2.56,8.0,0.0,94.0
2022-09-17,1433.9,1476.13,1409.12,1468.83,421391.3743,19803.3,20189.0,19748.08,20113.62,179350.24338,51692961734,4279882824,5747169645.0,0.9999,,,22.0,2.56,8.0,0.0,94.0
2022-09-18,1468.82,1469.63,1325.55,1334.51,804113.468,20112.61,20117.26,19335.62,19416.18,254217.46904,52310158465,4398279014,5773514709.0,1.0,,,27.0,2.56,7.0,0.0,55.0
2022-09-19,1334.51,1393.35,1280.0,1375.98,974855.198,19417.45,19686.2,18232.56,19537.02,380512.40306,50831413943,4237326395,5521720944.0,0.9999,25.76,125.0104,21.0,2.56,7.0,0.0,55.0
2022-09-20,1375.98,1384.78,1312.71,1322.93,658027.1465,19537.02,19634.62,18711.87,18875.0,324098.3286,51208295226,4333072719,5543648495.0,0.9999,27.16,125.1248,23.0,2.56,7.0,0.0,55.0
2022-09-21,1322.94,1408.9,1220.0,1245.78,1192266.7379,18874.31,19956.0,18125.98,18461.36,385034.10021,51059924610,4246866910,5546298540.0,0.9999,27.99,125.7399,23.0,2.56,7.0,0.0,55.0
2022-09-22,1245.79,1350.08,1237.32,1326.46,904282.2725,18461.36,19550.17,18356.39,19401.63,379321.72111,50000638919,4127811833,5366885181.0,1.0,27.35,126.1667,22.0,2.56,7.0,0.0,55.0
2022-09-23,1326.47,1360.0,1262.15,1327.25,974052.3644,19401.63,19500.0,18531.42,19289.91,385886.91829,51663157557,4368190150,5596574186.0,1.0,29.92,127.2853,20.0,2.56,7.0,0.0,55.0
2022-09-24,1327.24,1349.33,1306.52,1317.13,517557.3497,19288.57,19316.14,18805.34,18920.5,239496.56746,51858034362,4365832395,5595095343.0,0.9999,,,24.0,2.56,7.0,0.0,55.0
2022-09-25,1317.13,1337.0,1269.27,1294.63,515533.8409,18921.99,19180.21,18629.2,18807.38,191191.4492,51668746201,4360666861,5589601922.0,1.0,,,24.0,2.56,7.0,0.0,37.0
2022-09-26,1294.62,1340.42,1277.85,1336.17,799166.4333,18809.13,19318.96,18680.72,19227.82,439239.21943,51477391279,4321624325,5557164892.0,0.9999,32.26,128.4539,21.0,2.56,7.0,0.0,37.0
2022-09-27,1336.17,1400.0,1303.75,1328.02,860584.8944,19226.68,20385.86,18816.32,19079.13,593260.74161,52223618203,4427339829,5528670838.0,,32.6,128.4386,20.0,2.56,7.0,0.0,37.0
2022-09-28,1328.01,1355.7,1253.2,1337.2,919314.9131,19078.1,19790.0,18471.28,19412.82,521385.45547,52180095440,4411079320,5565410087.0,,30.18,128.0884,20.0,2.56,7.0,0.0,37.0
2022-09-29,1337.2,1352.02,1288.52,1335.7,770591.6895,19412.82,19645.52,18843.01,19591.51,406424.93256,52418914217,4435618635,5606851494.0,,31.84,127.5437,22.0,2.56,7.0,0.0,37.0
2022-09-30,1335.69,1373.19,1313.35,1328.72,740753.611,19590.54,20185.0,19155.36,19422.61,444322.9534,52414673147,4447047442,5579484486.0,,31.62,127.5148,21.0,2.56,7.0,0.0,37.0
2022-10-01,1328.71,1333.69,1302.68,1311.79,252081.9056,19422.61,19484.0,19159.42,19310.95,165625.13959,52321075941,4444171749,5537321578.0,,,,20.0,3.08,7.0,0.0,37.0
2022-10-02,1311.79,1317.93,1270.0,1276.72,371740.0407,19312.24,19395.91,18920.35,19056.8,206812.47032,52690081756,4413387114,5507139128.0,,,,24.0,3.08,7.0,0.0,33.0
2022-10-03,1276.72,1329.9,1263.04,1323.09,483775.2435,19057.74,19719.1,18959.68,19629.08,293585.75212,52179497882,4335257509,5447736819.0,,30.1,127.0813,24.0,3.08,7.0,0.0,33.0
2022-10-04,1323.1,1369.55,1318.66,1361.49,476207.6702,19629.08,20475.0,19490.6,20337.82,327012.00127,52961113202,4386971068,5470172735.0,,29.07,126.1819,20.0,3.08,7.0,0.0,33.0
2022-10-05,1361.5,1364.77,1316.29,1352.2,483508.7782,20337.82,20365.6,19730.0,20158.26,312239.75224,53455450520,4452703119,5567514094.0,,28.55,126.8616,25.0,3.08,7.0,0.0,33.0
2022-10-06,1352.2,1383.99,1345.01,1352.06,573975.324,20158.26,20456.6,19853.0,19960.67,320122.1702,53521666874,4437351199,5586055485.0,,30.52,127.2493,26.0,3.08,7.0,0.0,33.0
2022-10-07,1352.07,1361.75,1317.26,1331.1,491999.8776,19960.67,20068.82,19320.0,19530.09,220874.83913,53396720310,4398463218,5575189355.0,,31.36,127.3111,23.0,3.08,7.0,0.0,33.0
2022-10-08,1331.1,1337.35,1303.51,1315.48,203391.6612,19530.09,19627.38,19237.14,19417.96,102480.09842,52804325220,4389777118,5507032311.0,,,,24.0,3.08,7.0,0.0,33.0
2022-10-09,1315.48,1329.0,1307.26,1323.13,186201.9185,19416.52,19558.0,19316.04,19439.02,113900.82681,52573381540,4366401205,5463092888.0,,,,22.0,3.08,7.0,0.0,31.0
2022-10-10,1323.13,1338.0,1288.0,1290.03,393663.0114,19439.96,19525.0,19020.25,19131.87,212509.09849,52663291189,4405357783,5479195003.0,,32.45,,22.0,3.08,7.0,0.0,31.0
2022-10-11,1290.03,1298.0,1267.01,1280.11,429430.3941,19131.87,19268.09,18860.0,19060.0,243473.84286,51969715679,4329011446,5389666603.0,,33.63,127.6641,24.0,3.08,7.0,0.0,31.0
2022-10-12,1280.11,1306.87,1275.25,1294.44,369712.5759,19060.0,19238.31,18965.88,19155.53,213826.26731,51944739726,4342254188,5383495973.0,,33.57,128.1481,20.0,3.08,7.0,0.0,31.0
2022-10-13,1294.44,1301.58,1190.0,1287.08,945618.3163,19155.1,19513.79,18190.0,19375.13,399756.68337,51619850935,4323778960,5273353111.0,,31.94,127.7286,20.0,3.08,7.0,0.0,31.0
2022-10-14,1287.08,1343.12,1283.39,1296.27,669742.8093,19375.58,19951.87,19070.37,19176.93,351634.32601,51133734874,3942493069,5103182727.0,,32.02,128.3325,24.0,3.08,7.0,0.0,31.0
2022-10-15,1296.26,1301.69,1263.64,1274.92,287100.9529,19176.93,19227.68,18975.18,19069.39,113847.64232,51113700141,3956688755,5093848380.0,,,,24.0,3.08,7.0,0.0,31.0
2022-10-16,1274.93,1315.35,1274.67,1305.95,293321.3632,19068.4,19425.84,19063.74,19262.98,131894.61885,50968983136,3964570495,5190911252.0,,,,24.0,3.08,7.0,0.0,26.0
2022-10-17,1305.96,1338.57,1295.64,1331.4,459848.4941,19262.98,19676.96,19152.03,19549.86,222813.87634,51387928441,4024126151,5244057774.0,,31.37,127.6448,20.0,3.08,7.0,0.0,26.0
2022-10-18,1331.39,1341.73,1286.72,1310.71,572728.9189,19548.48,19706.66,19091.0,19327.44,260313.07848,51784550784,4051988590,5196773102.0,,30.5,127.9153,22.0,3.08,7.0,0.0,26.0
2022-10-19,1310.71,1313.5,1280.31,1285.09,368637.5105,19327.44,19360.16,19065.97,19123.97,186137.29538,51343601632,4087986959,5131280309.0,,30.76,128.3968,23.0,3.08,7.0,0.0,26.0
2022-10-20,1285.09,1310.87,1270.36,1282.57,428531.6103,19123.35,19347.82,18900.0,19041.92,223530.13068,50772242117,3884466336,5036158680.0,,29.98,128.0052,23.0,3.08,7.0,0.0,26.0
2022-10-21,1282.57,1306.97,1252.65,1299.75,468076.7986,19041.92,19250.0,18650.0,19164.37,269310.75769,50222243384,3875918979,4968109057.0,,29.69,127.6735,23.0,3.08,7.0,0.0,26.0
2022-10-22,1299.76,1320.2,1294.32,1313.61,221776.7007,19164.37,19257.0,19112.72,19204.35,110403.90837,50267539820,3959855213,4912103894.0,,,,20.0,3.08,7.0,0.0,26.0
2022-10-23,1313.62,1371.55,1299.44,1364.2,432269.46,19204.29,19695.0,19070.11,19570.4,167057.20184,50385333665,3979945406,4907784930.0,,,,23.0,3.08,7.0,0.0,37.0
2022-10-24,1364.19,1370.6,1324.17,1343.61,611830.797,19570.4,19601.15,19157.0,19329.72,256168.14467,51246813874,4040641123,5039477006.0,,29.85,128.0304,22.0,3.08,7.0,0.0,37.0
2022-10-25,1343.61,1525.16,1334.94,1459.74,1127932.9012,19330.6,20415.87,19237.0,20080.07,326370.67061,50668371351,4022504373,4977766917.0,,28.46,127.3771,20.0,3.08,7.0,0.0,37.0
2022-10-26,1459.74,1594.99,1457.44,1566.1,1236044.7023,20079.02,21020.0,20050.41,20771.59,380492.69576,52334959675,4146610629,5246766529.0,,27.28,126.4723,33.0,3.08,7.0,0.0,37.0
2022-10-27,1566.11,1578.58,1503.2,1514.05,869454.4851,20771.61,20872.21,20200.0,20295.11,328643.57791,53583496083,4284026991,5429932632.0,,27.39,126.7028,32.0,3.08,7.0,0.0,37.0
2022-10-28,1514.04,1574.9,1479.82,1554.41,858954.4425,20295.11,20750.0,20000.09,20591.84,287039.94569,52925408272,4192331525,5351214945.0,,25.75,127.2135,30.0,3.08,7.0,0.0,37.0
2022-10-29,1554.4,1663.06,1547.66,1619.55,914161.0846,20591.84,21085.0,20554.01,20809.67,254881.77755,53474582519,4167742050,5416597012.0,,,,34.0,3.08,7.0,0.0,37.0
2022-10-30,1619.55,1640.06,1576.56,1590.44,476036.4243,20809.68,20931.21,20515.0,20627.48,192795.60886,54349642480,4206175172,5602724370.0,,,,34.0,3.08,7.0,0.0,34.0
2022-10-31,1590.45,1635.8,1545.43,1572.69,810334.2414,20627.48,20845.92,20237.95,20490.74,303567.61628,54004799584,4245839301,5539178625.0,,25.88,127.6219,31.0,3.08,7.0,0.0,34.0
2022-11-01,1572.69,1612.92,1563.69,1578.48,527539.2965,20490.74,20700.0,20330.74,20483.62,279932.43771,53461455964,4217459891,5423492513.0,,25.81,127.3987,30.0,3.78,7.0,0.0,34.0
2022-11-02,1578.47,1621.68,1502.32,1518.34,981395.3648,20482.81,20800.0,20048.04,20151.84,373716.27299,53291973760,4246736761,5434018875.0,,25.86,127.3115,30.0,3.78,7.0,0.0,34.0
2022-11-03,1518.33,1559.01,1515.17,1531.01,560202.8813,20151.84,20393.32,20031.24,20207.82,319185.1544,52507628911,4137375861,5319047237.0,,25.3,128.1743,30.0,3.78,7.0,0.0,34.0
2022-11-04,1531.01,1680.0,1528.4,1644.78,935531.4781,20207.12,21302.05,20180.96,21148.52,453694.39165,52871706006,4166617099,5296846653.0,,24.55,127.1468,30.0,3.78,7.0,0.0,34.0
2022-11-05,1644.78,1666.97,1621.42,1626.98,351385.5362,21148.52,21480.65,21080.65,21299.37,245621.98525,54629714168,4371800034,5522424226.0,,,,38.0,3.78,7.0,0.0,34.0
2022-11-06,1626.98,1639.02,1564.39,1568.29,414863.9525,21299.37,21365.27,20886.13,20905.58,230036.97217,54512119345,4380485031,5480042777.0,,,,40.0,3.78,7.0,2.0,49.0
2022-11-07,1568.25,1608.04,1545.03,1568.1,642409.4494,20905.58,21069.77,20384.89,20591.13,386977.60337,53500889461,4403382469,5322672671.0,,24.35,126.3062,33.0,3.78,7.0,2.0,49.0
2022-11-08,1568.09,1579.98,1233.0,1334.77,2339916.5089,20590.67,20700.88,17166.83,18547.23,760705.362783,53292126869,4453856468,5403612614.0,,25.54,125.633,31.0,3.78,7.0,2.0,49.0
2022-11-09,1334.78,1337.16,1073.53,1102.73,2494797.9357,18545.38,18587.76,15588.0,15922.81,731926.929729,48151089405,4032150245,4720190266.0,,26.09,125.9861,29.0,3.78,7.0,2.0,49.0
2022-11-10,1102.73,1350.0,1085.93,1299.28,1975955.6767,15922.68,18199.0,15754.26,17601.15,608448.36432,42728387859,3671736343,4180011297.0,,23.53,124.7044,22.0,3.78,7.0,2.0,49.0
2022-11-11,1299.28,1310.0,1201.26,1289.28,1308087.1498,17602.45,17695.0,16361.6,17070.31,393552.86492,44483075563,3910731848,4714779640.0,,22.52,,25.0,3.78,7.0,2.0,49.0
2022-11-12,1289.35,1292.16,1238.7,1257.25,547772.9172,17069.98,17119.1,16631.39,16812.08,167819.96035,43506324367,3853265925,4668599094.0,,,,21.0,3.78,7.0,2.0,49.0
2022-11-13,1257.25,1274.23,1200.66,1221.49,547410.5304,16813.16,16954.28,16229.0,16329.85,184960.78846,42796683675,3808143112,4619997372.0,,,,22.0,3.78,7.0,2.0,40.0
2022-11-14,1221.5,1291.2,1171.13,1243.28,934742.0059,16331.78,17190.0,15815.21,16619.46,380210.7775,41924913286,3734387421,4620084517.0,,23.73,123.4277,24.0,3.78,7.0,2.0,40.0
2022-11-15,1243.29,1291.0,1234.01,1253.23,632825.568,16617.72,17134.69,16527.72,16900.57,282461.84391,42105642810,3800496893,4422573690.0,,24.54,123.039,22.0,3.78,7.0,2.0,40.0
2022-11-16,1253.22,1268.67,1187.06,1216.17,673339.7215,16900.57,17015.92,16378.61,16662.76,261493.40809,42422294842,3827376123,4360960737.0,,24.11,123.2817,23.0,3.78,7.0,2.0,40.0
2022-11-17,1216.16,1228.22,1181.05,1200.43,530537.3488,16661.61,16751.0,16410.74,16692.56,228038.97873,41761612081,3797740286,4308137383.0,,23.93,123.977,20.0,3.78,7.0,2.0,40.0
2022-11-18,1200.42,1234.0,1199.18,1212.58,360218.5337,16692.56,17011.0,16546.04,16700.45,214224.18184,41871351600,3770860170,4271479321.0,,23.12,123.8524,23.0,3.78,7.0,2.0,40.0
2022-11-19,1212.58,1235.0,1197.67,1217.67,209789.5888,16699.43,16822.41,16553.53,16700.68,104963.15558,41766314342,3778219691,4240443756.0,,,,23.0,3.78,7.0,2.0,40.0
2022-11-20,1217.67,1227.07,1132.65,1142.21,531108.7607,16700.68,16753.33,16180.0,16280.23,154842.13478,41511356743,3787628318,4268561643.0,,,,24.0,3.78,7.0,1.0,34.0
2022-11-21,1142.21,1146.99,1079.76,1107.34,922647.9454,16279.5,16319.0,15476.0,15781.29,324096.997753,40292214329,3683861571,4086536281.0,,22.36,124.7009,21.0,3.78,7.0,1.0,34.0
2022-11-22,1107.34,1146.13,1075.0,1139.6,748884.5791,15781.29,16315.0,15616.63,16226.94,239548.06623,40041920054,3643989199,4070975064.0,,21.29,124.2365,22.0,3.78,7.0,1.0,34.0
2022-11-23,1139.59,1190.0,1127.75,1184.52,636927.1594,16227.96,16706.0,16160.2,16603.11,264927.70408,40035393664,3724151604,3771167332.0,,20.35,123.7574,22.0,3.78,7.0,1.0,34.0
2022-11-24,1184.52,1217.71,1180.6,1203.73,486080.6123,16603.11,16812.63,16458.05,16598.95,206565.92346,40564691062,3517835892,3815788257.0,,20.42,,20.0,3.78,7.0,1.0,34.0
2022-11-25,1203.72,1207.77,1171.2,1199.3,391430.1658,16599.55,16666.0,16342.81,16522.14,182089.49533,40303564669,3533979909,3637351409.0,,20.5,123.3386,20.0,3.78,7.0,1.0,34.0
2022-11-26,1199.29,1235.66,1196.2,1205.6,379840.8116,16521.35,16701.99,16385.0,16458.57,181804.81666,40251521938,3536755228,3680292071.0,,,,22.0,3.78,7.0,1.0,34.0
2022-11-27,1205.61,1223.33,1188.65,1193.88,286386.7986,16457.61,16600.0,16401.0,16428.78,162025.47607,40753350372,3526039411,3686289846.0,,,,26.0,3.78,6.0,1.0,29.0
2022-11-28,1193.88,1199.25,1151.02,1167.77,478795.6093,16428.77,16487.04,15995.27,16212.91,252695.40367,40501136296,3429909401,3704240748.0,,22.21,123.6032,28.0,3.78,6.0,1.0,29.0
2022-11-29,1167.77,1228.37,1158.27,1216.49,512143.5861,16212.18,16548.71,16100.0,16442.53,248106.25009,39844306298,3412849574,3642423296.0,,21.89,123.6615,26.0,3.78,6.0,1.0,29.0
2022-11-30,1216.49,1309.77,1212.5,1294.46,815679.2717,16442.91,17249.0,16428.3,17163.64,303019.80719,40862919579,3565852415,3854147934.0,,20.58,123.5175,29.0,3.78,6.0,1.0,29.0
2022-12-01,1294.46,1299.9,1262.77,1276.41,430018.7391,17165.53,17324.0,16855.01,16977.37,232818.18218,41407826437,3483035376,3858291226.0,,19.84,122.0045,27.0,4.1,6.0,1.0,29.0
2022-12-02,1276.4,1297.18,1265.24,1295.59,371559.585,16978.0,17105.73,16787.85,17092.74,202372.2062,41459749613,3491869896,3894532227.0,,19.06,122.0102,27.0,4.1,6.0,1.0,29.0
2022-12-03,1295.58,1309.0,1236.26,1240.51,347148.2588,17092.13,17188.98,16858.74,16885.2,154542.57306,40947057743,3496032280,3921489067.0,,,,27.0,4.1,6.0,1.0,29.0
2022-12-04,1240.5,1287.19,1240.1,1279.41,324129.5466,16885.2,17202.84,16878.25,17105.7,178619.13387,40926156829,3450540300,3849201418.0,,,,26.0,4.1,7.0,0.0,26.0
2022-12-05,1279.4,1305.11,1246.61,1259.41,391628.5166,17106.65,17424.25,16867.0,16966.35,233703.29225,41533444008,3508901535,3932651833.0,,20.75,122.6384,26.0,4.1,7.0,0.0,26.0
2022-12-06,1259.41,1274.76,1241.56,1271.32,301631.839,16966.35,17107.01,16906.37,17088.96,218730.76883,41006596427,3482131342,3846193170.0,,22.17,123.0191,25.0,4.1,7.0,0.0,26.0
2022-12-07,1271.31,1278.69,1218.01,1231.18,398559.5166,17088.96,17142.21,16678.83,16836.64,220657.41334,41387502800,3505613926,3829992372.0,,22.68,122.7608,29.0,4.1,7.0,0.0,26.0
2022-12-08,1231.18,1292.58,1222.01,1280.18,406653.5447,16836.64,17299.0,16733.49,17224.1,236417.97804,41354172641,3457971711,3765423003.0,,22.29,122.4152,25.0,4.1,7.0,0.0,26.0
2022-12-09,1280.18,1296.64,1250.0,1263.1,406008.0032,17224.1,17360.0,17058.21,17128.56,238422.06465,41501455988,3540169455,3833645593.0,,22.83,122.4201,26.0,4.1,7.0,0.0,26.0
2022-12-10,1263.11,1283.61,1259.6,1266.35,182278.6396,17128.56,17227.72,17092.0,17127.49,140573.97937,41465967119,3530595683,3818990496.0,,,,27.0,4.1,7.0,0.0,26.0
2022-12-11,1266.35,1284.75,1255.85,1263.01,180494.902,17127.49,17270.99,17071.0,17085.05,155286.47871,41755549838,3524713628,3820138958.0,,,,26.0,4.1,6.0,0.0,27.0
2022-12-12,1263.0,1278.9,1240.03,1275.4,363750.5481,17085.05,17241.89,16871.85,17209.83,226227.49694,41303886027,3501672833,3777301585.0,,25.0,122.7714,27.0,4.1,6.0,0.0,27.0
2022-12-13,1275.41,1349.0,1255.1,1320.69,659393.8825,17208.93,18000.0,17080.14,17774.7,284462.9139,41267060836,3521758763,3809384228.0,,22.55,121.8493,27.0,4.1,6.0,0.0,27.0
2022-12-14,1320.69,1352.72,1301.0,1307.44,554465.5717,17775.82,18387.95,17660.94,17803.15,266681.22209,41380748306,3586258923,3915064655.0,,21.14,121.8226,30.0,4.1,6.0,0.0,27.0
2022-12-15,1307.45,1311.14,1259.27,1266.54,390051.2447,17804.01,17854.82,17275.51,17356.34,223701.96882,41291023042,3567331476,3888922085.0,,22.83,122.5519,31.0,4.1,6.0,0.0,27.0
2022-12-16,1266.53,1280.06,1155.32,1166.83,751422.2779,17356.96,17531.73,16527.32,16632.12,253379.04116,40630632081,3494206344,3816344670.0,,22.62,122.6505,29.0,4.1,6.0,0.0,27.0
2022-12-17,1166.82,1190.03,1161.92,1187.16,328881.6281,16631.5,16796.82,16579.85,16776.52,144825.66684,38814399755,3334314708,3636606100.0,,,,28.0,4.1,6.0,0.0,27.0
2022-12-18,1187.16,1199.54,1170.32,1183.06,252260.144,16777.54,16863.26,16663.07,16738.21,112619.31646,39034294612,3324294187,3659585663.0,,,,26.0,4.1,6.0,0.0,26.0
2022-12-19,1183.06,1195.0,1150.51,1167.82,296832.7228,16739.0,16815.99,16256.3,16438.88,179094.28305,39139614624,3337397027,3670116170.0,,22.42,122.5275,29.0,4.1,6.0,0.0,26.0
2022-12-20,1167.82,1230.47,1163.12,1216.94,465184.1943,16438.88,17061.27,16397.2,16895.56,248808.92324,38524845749,3291900751,3615547508.0,,21.48,122.1357,29.0,4.1,6.0,0.0,26.0
2022-12-21,1216.95,1223.39,1203.02,1213.78,245723.8377,16896.15,16925.0,16723.0,16824.67,156810.96362,39102838123,3351111617,3708986086.0,,20.07,122.2828,26.0,4.1,6.0,0.0,26.0
2022-12-22,1213.78,1237.99,1182.54,1217.71,336761.6598,16824.68,16868.52,16559.85,16821.43,176044.27235,39089317786,3398873598,3742126906.0,,21.97,122.2419,28.0,4.1,6.0,0.0,26.0
2022-12-23,1217.72,1231.99,1210.0,1219.99,278604.2882,16821.9,16955.14,16731.13,16778.5,161612.00947,39080318042,3366069978,3756306797.0,,20.87,121.9743,27.0,4.1,6.0,0.0,26.0
2022-12-24,1219.98,1227.99,1214.69,1220.41,123701.5301,16778.52,16869.99,16776.62,16836.12,100224.29096,39021395710,3372592042,3747205982.0,,,,29.0,4.1,6.0,0.0,26.0
2022-12-25,1220.42,1225.0,1193.18,1218.51,231652.0612,16835.73,16857.96,16721.0,16832.11,125441.07202,39069303592,3371231152,3758293332.0,,,,29.0,4.1,6.0,0.0,25.0
2022-12-26,1218.52,1231.09,1211.67,1228.11,162723.0857,16832.11,16944.52,16791.0,16919.39,124564.00656,38690437408,3361685562,3748029247.0,,,,28.0,4.1,6.0,0.0,25.0
2022-12-27,1228.12,1233.73,1200.58,1211.55,262437.6398,16919.39,16972.83,16592.37,16706.36,173749.58616,38882199416,3367994797,3760026621.0,,21.65,121.7539,27.0,4.1,6.0,0.0,25.0
2022-12-28,1211.55,1215.78,1181.06,1190.15,367828.8914,16706.06,16785.19,16465.33,16547.31,193037.56577,38677509778,3336142111,3730569613.0,,22.14,122.0075,28.0,4.1,6.0,0.0,25.0
2022-12-29,1190.15,1206.57,1186.77,1200.49,249130.4869,16547.32,16664.41,16488.91,16633.47,160998.47158,38423136768,3306760141,3694973541.0,,21.44,121.6577,28.0,4.1,6.0,0.0,25.0
2022-12-30,1200.48,1202.15,1181.08,1199.99,266014.2115,16633.47,16677.35,16333.0,16607.48,164916.31174,38415881388,3314978527,3709149479.0,,21.67,121.4256,28.0,4.1,6.0,0.0,25.0
2022-12-31,1199.98,1208.46,1191.66,1196.13,139379.2811,16607.48,16644.09,16470.0,16542.4,114490.42864,38303681946,3306274915,3702232387.0,,,,25.0,4.1,6.0,0.0,25.0
2023-01-01,1196.13,1204.67,1190.57,1200.34,117762.0685,16541.77,16628.0,16499.01,16616.75,96925.41374,37845166405,3265140607,3683458675.0,,,,26.0,4.33,6.0,0.0,26.0
2023-01-02,1200.33,1224.29,1193.0,1214.0,252794.14,16617.17,16799.23,16548.7,16672.87,121888.57191,38125759882,3281285946,3696521422.0,,,,27.0,4.33,6.0,0.0,26.0
2023-01-03,1213.99,1219.89,1204.93,1214.55,205519.4944,16672.78,16778.4,16605.28,16675.18,159541.53733,38327700217,3299441805,3731497539.0,,22.9,122.0905,26.0,4.33,6.0,0.0,26.0
2023-01-04,1214.56,1272.6,1212.71,1256.9,457799.6648,16675.65,16991.87,16652.66,16850.36,220362.18862,38367241351,3328335797,3726974480.0,,22.01,121.5008,29.0,4.33,6.0,0.0,26.0
2023-01-05,1256.91,1259.95,1242.81,1251.24,272805.33,16850.36,16879.82,16753.0,16831.85,163473.56641,39007057125,3372590296,3789373825.0,,22.46,122.1017,29.0,4.33,6.0,0.0,26.0
2023-01-06,1251.25,1276.7,1236.0,1269.14,342344.2023,16831.85,17041.0,16679.0,16950.65,207401.28415,38893082220,3378365248,3792325099.0,,21.13,121.0852,26.0,4.33,6.0,0.0,26.0
2023-01-07,1269.13,1271.09,1261.3,1264.07,129474.2884,16950.31,16981.91,16908.0,16943.57,104526.5688,38974606415,3397074154,3784358812.0,,,,25.0,4.33,6.0,0.0,26.0
2023-01-08,1264.06,1296.0,1257.77,1290.16,213636.7848,16943.83,17176.99,16911.0,17127.83,135155.89695,39075667061,3391357271,3895129734.0,,,,25.0,4.33,16.0,1.0,78.0
2023-01-09,1290.15,1344.91,1285.44,1320.39,581727.6968,17127.83,17398.8,17104.66,17178.26,266211.52723,39806905369,3433553904,3948243341.0,,21.97,120.1508,25.0,4.33,16.0,1.0,78.0
2023-01-10,1320.4,1347.69,1316.8,1335.62,459660.2307,17179.04,17499.0,17146.34,17440.66,221382.42581,40160753245,3436546067,4020607213.0,,20.58,120.2483,26.0,4.33,16.0,1.0,78.0
2023-01-11,1335.63,1398.0,1321.04,1389.39,472465.9556,17440.64,18000.0,17315.6,17943.26,262221.60653,40357651302,3443764524,4060080443.0,,21.09,120.1614,26.0,4.33,16.0,1.0,78.0
2023-01-12,1389.4,1438.0,1361.92,1415.92,877712.4492,17943.26,19117.04,17892.05,18846.62,454568.32178,41437484197,3526912002,4213921124.0,,18.83,119.4218,30.0,4.33,16.0,1.0,78.0
2023-01-13,1415.91,1464.0,1401.03,1451.2,499377.8649,18846.62,20000.0,18714.12,19930.01,368615.87823,41698278051,3537140589,4224859985.0,,18.35,119.1673,31.0,4.33,16.0,1.0,78.0
2023-01-14,1451.21,1599.98,1449.14,1549.9,940691.7774,19930.01,21258.0,19888.05,20954.92,393913.74951,43866273454,3724549865,4549174624.0,,,,46.0,4.33,16.0,1.0,78.0
2023-01-15,1549.91,1566.66,1516.03,1552.52,387832.7138,20952.76,21050.74,20551.01,20871.5,178542.22549,43849013628,3579377582,4479428034.0,,,,52.0,4.33,16.0,1.0,88.0
2023-01-16,1552.52,1604.5,1521.31,1576.94,574622.8953,20872.99,21474.05,20611.48,21185.65,293078.08262,44228451665,3615926368,4545896636.0,,19.49,,45.0,4.33,16.0,1.0,88.0
2023-01-17,1576.94,1609.0,1541.15,1565.57,506771.7219,21185.65,21647.45,20841.31,21134.81,275407.74409,44268140982,3629705205,4557440824.0,,19.36,119.2121,51.0,4.33,16.0,1.0,88.0
2023-01-18,1565.56,1610.0,1501.39,1511.43,752534.8857,21132.29,21650.0,20407.15,20677.47,350916.01949,44412972572,3664226246,4517449526.0,,20.34,119.0755,52.0,4.33,16.0,1.0,88.0
2023-01-19,1511.44,1564.43,1509.15,1551.09,308679.4645,20677.47,21192.0,20659.19,21071.59,251385.84925,43441765765,3587385373,4363424308.0,,20.52,119.6107,45.0,4.33,16.0,1.0,88.0
2023-01-20,1551.09,1669.9,1542.02,1658.52,440570.9974,21071.59,22755.93,20861.28,22667.21,338079.13659,44124145375,3738867430,4431485385.0,,19.85,119.3486,51.0,4.33,16.0,1.0,88.0
2023-01-21,1658.53,1679.26,1616.21,1626.66,494248.6009,22666.0,23371.8,22422.0,22783.55,346445.48432,46134741000,3882788639,4740878533.0,,,,53.0,4.33,16.0,1.0,88.0
2023-01-22,1626.65,1663.89,1604.0,1627.44,431729.6909,22783.35,23078.71,22292.37,22707.88,253577.75286,46000312327,3866644850,4673541687.0,,,,53.0,4.33,16.0,1.0,79.0
2023-01-23,1627.43,1648.09,1585.29,1626.29,407267.1156,22706.02,23180.0,22500.0,22916.45,293588.37938,46097160954,3797422582,4670558272.0,,19.81,119.1434,50.0,4.33,16.0,1.0,79.0
2023-01-24,1626.28,1641.46,1535.0,1555.97,462275.3243,22917.81,23162.2,22462.93,22632.89,293158.78254,46357822761,3797434355,4682742730.0,,19.2,119.0958,52.0,4.33,16.0,1.0,79.0
2023-01-25,1555.97,1641.0,1518.0,1611.94,646474.9166,22631.94,23816.73,22300.0,23060.94,346042.83223,45632465456,3739161303,4530944519.0,,19.08,118.9686,51.0,4.33,16.0,1.0,79.0
2023-01-26,1611.95,1632.84,1577.43,1601.09,532777.8466,23060.42,23282.47,22850.01,23009.65,288924.43581,46822467077,3831163575,4641286427.0,,18.73,119.021,54.0,4.33,16.0,1.0,79.0
2023-01-27,1601.08,1621.0,1552.54,1597.62,512093.3875,23009.65,23500.0,22534.88,23074.16,280833.86315,46530112076,3815241173,4609139515.0,,18.51,118.9223,55.0,4.33,16.0,1.0,79.0
2023-01-28,1597.61,1606.83,1555.99,1572.1,313675.6574,23074.16,23189.0,22878.46,23022.6,148115.71085,47016778494,3835670639,4612827080.0,,,,52.0,4.33,16.0,1.0,79.0
2023-01-29,1572.1,1660.0,1566.33,1644.72,551767.9134,23021.4,23960.54,22967.76,23742.3,295688.79204,46862251566,3817542275,4607322927.0,,,,55.0,4.33,16.0,0.0,73.0
2023-01-30,1644.73,1647.53,1535.0,1566.2,595055.3281,23743.37,23800.51,22500.0,22826.15,302405.90121,47816953452,3905539514,4713085960.0,,19.94,118.8953,61.0,4.33,16.0,0.0,73.0
2023-01-31,1566.21,1605.18,1561.63,1585.33,348856.6751,22827.38,23320.0,22714.77,23125.13,264649.34909,46327259617,3799362674,4531707156.0,,19.4,118.9802,51.0,4.33,16.0,0.0,73.0
2023-02-01,1585.32,1647.77,1555.18,1641.68,474617.1709,23125.13,23812.66,22760.23,23732.66,310790.42271,46793469547,3827653875,4579025046.0,,17.87,118.6259,56.0,4.57,16.0,0.0,73.0
2023-02-02,1641.67,1714.68,1626.85,1643.12,629188.8874,23731.41,24255.0,23363.27,23488.94,364177.20751,48498694407,3970690375,4790903064.0,,18.73,118.3421,60.0,4.57,16.0,0.0,73.0
2023-02-03,1643.12,1676.0,1625.93,1663.52,464815.032,23489.33,23715.7,23204.62,23431.9,332571.02904,48066135639,3935783453,4693794453.0,,18.33,119.5095,60.0,4.57,16.0,0.0,73.0
2023-02-04,1663.52,1695.29,1645.43,1666.38,308227.1295,23431.9,23587.78,23253.96,23326.84,166126.47295,48274214183,3996002671,4740858814.0,,,,58.0,4.57,16.0,0.0,73.0
2023-02-05,1666.39,1673.81,1609.3,1629.02,413579.6748,23327.66,23433.33,22743.0,22932.91,209251.33917,48207792143,4002613586,4711793576.0,,,,58.0,4.57,16.0,1.0,67.0
2023-02-06,1629.01,1658.56,1605.01,1614.29,384119.4197,22932.91,23158.25,22628.13,22762.52,265371.6069,47794393611,3971074604,4638156019.0,,19.43,120.541,56.0,4.57,16.0,1.0,67.0
2023-02-07,1614.28,1678.37,1613.14,1671.03,451922.4,22762.52,23350.25,22745.78,23240.46,308006.72482,47592299618,3959753064,4631803041.0,,18.66,120.3475,54.0,4.57,16.0,1.0,67.0
2023-02-08,1671.03,1697.91,1630.47,1650.43,417966.2539,23242.42,23452.0,22665.85,22963.0,280056.30717,48766151499,4070124078,4764650898.0,,19.63,120.1436,58.0,4.57,16.0,1.0,67.0
2023-02-09,1650.42,1656.17,1524.4,1545.35,658011.6964,22961.85,23011.39,21688.0,21796.35,402894.6955,48291311348,4024207884,4665571690.0,,20.71,119.9781,55.0,4.57,16.0,1.0,67.0
2023-02-10,1545.35,1555.01,1490.0,1513.06,484654.2199,21797.83,21938.16,21451.0,21625.19,338591.94247,46196393488,3914243866,4433974705.0,,20.53,120.1419,48.0,4.57,16.0,1.0,67.0
2023-02-11,1513.05,1543.0,1505.0,1538.51,289691.5708,21625.19,21906.32,21599.78,21862.55,177021.58433,45992665826,3893070317,4342405778.0,,,,49.0,4.57,16.0,1.0,67.0
2023-02-12,1538.5,1548.02,1493.08,1514.83,286758.374,21862.02,22090.0,21630.0,21783.54,204435.65163,46499000707,3922324621,4437062419.0,,,,50.0,4.57,17.0,0.0,69.0
2023-02-13,1514.82,1526.1,1461.93,1505.24,643152.3904,21782.37,21894.99,21351.07,21773.97,295730.76791,46258331045,3894614913,4394827518.0,,20.34,119.9828,48.0,4.57,17.0,0.0,69.0
2023-02-14,1505.25,1569.0,1482.66,1555.71,668964.3768,21774.63,22319.08,21532.77,22199.84,361958.40109,45909550655,3861197735,4476413203.0,,18.91,119.9229,50.0,4.57,17.0,0.0,69.0
2023-02-15,1555.7,1680.0,1542.55,1674.92,581207.8586,22199.84,24380.0,22047.28,24324.05,375669.16111,46696863104,3926125502,4571631171.0,,18.23,120.4557,53.0,4.57,17.0,0.0,69.0
2023-02-16,1674.92,1742.97,1633.72,1637.84,832723.6731,24322.87,25250.0,23505.25,23517.72,450080.68366,49415030898,4123862278,4938542445.0,,20.17,120.4651,62.0,4.57,17.0,0.0,69.0
2023-02-17,1637.83,1722.0,1630.51,1693.87,579934.663,23517.72,25021.11,23339.37,24569.97,496813.21376,48524633714,4069279722,4836862759.0,,20.02,120.5526,61.0,4.57,17.0,0.0,69.0
2023-02-18,1693.81,1713.13,1679.77,1691.62,267305.7813,24568.24,24877.0,24430.0,24631.95,216917.25213,49824027991,4157442469,5032031471.0,,,,60.0,4.57,17.0,0.0,69.0
2023-02-19,1691.62,1726.59,1666.14,1679.75,401023.0477,24632.05,25192.0,24192.57,24271.76,300395.99542,50124865084,4187161222,5027934216.0,,,,60.0,4.57,17.0,0.0,66.0
2023-02-20,1679.74,1719.89,1650.56,1703.27,451314.8335,24272.51,25121.23,23840.83,24842.2,346938.56997,49837966685,4158408303,4971453370.0,,21.23,,58.0,4.57,17.0,0.0,66.0
2023-02-21,1703.27,1716.66,1636.3,1659.76,520354.4688,24843.89,25250.0,24148.34,24452.16,376000.82868,50492200478,4211607226,4985000477.0,,22.87,120.6256,60.0,4.57,17.0,0.0,66.0
2023-02-22,1659.77,1666.95,1595.07,1643.14,528875.4809,24450.67,24476.05,23574.69,24182.21,379425.75365,49462067382,4132572485,4864987674.0,,22.29,120.8389,59.0,4.57,17.0,0.0,66.0
2023-02-23,1643.15,1679.0,1628.75,1650.53,501305.9717,24182.21,24599.59,23608.0,23940.2,398400.45437,49213134574,4120505239,4825855897.0,,21.14,121.0896,56.0,4.57,17.0,0.0,66.0
2023-02-24,1650.52,1664.66,1575.64,1607.8,512515.4982,23940.2,24132.35,22841.19,23185.29,343582.57453,49238405385,4115110650,4812365699.0,,21.67,121.5681,53.0,4.57,17.0,0.0,66.0
2023-02-25,1607.8,1608.98,1557.33,1594.58,290188.0391,23184.04,23219.13,22722.0,23157.07,191311.8101,48282919285,4059655519,4712251852.0,,,,52.0,4.57,17.0,0.0,66.0
2023-02-26,1594.58,1651.26,1587.76,1641.36,308607.9941,23157.07,23689.99,23059.18,23554.85,202323.73623,48016589516,4046730320,4690407553.0,,,,51.0,4.57,16.0,1.0,62.0
2023-02-27,1641.37,1665.22,1608.0,1633.45,431861.4129,23554.85,23897.99,23106.77,23492.09,283706.0859,49028050759,4120892162,4819752538.0,,20.95,121.3941,50.0,4.57,16.0,1.0,62.0
2023-02-28,1633.45,1647.52,1596.66,1605.23,393523.1647,23492.09,23600.0,23020.97,23141.57,264140.99894,49033142641,4107601583,4853381542.0,,20.7,121.3341,53.0,4.57,16.0,1.0,62.0
2023-03-01,1605.24,1669.72,1595.0,1665.22,474456.8235,23141.57,24000.0,23020.03,23628.97,315287.41737,48716337990,4089844111,4741543610.0,,20.58,120.6347,50.0,4.65,16.0,1.0,62.0
2023-03-02,1665.23,1677.86,1619.18,1647.86,423023.8082,23629.76,23796.93,23195.9,23465.32,239315.45219,49595984488,4195191837,4814175851.0,,19.59,121.1302,51.0,4.65,16.0,1.0,62.0
2023-03-03,1647.86,1649.25,1544.39,1569.45,742816.5976,23465.32,23476.95,21971.13,22354.34,319954.19785,49215692145,4154833146,4808899210.0,,18.49,120.7742,50.0,4.65,16.0,1.0,62.0
2023-03-04,1569.45,1577.53,1549.12,1566.73,237640.2606,22354.34,22410.0,22157.08,22346.57,121257.38132,47715099980,3945731424,4617403537.0,,,,50.0,4.65,16.0,1.0,62.0
2023-03-05,1566.74,1588.77,1553.05,1564.58,299240.7415,22346.57,22662.09,22189.22,22430.24,154841.75786,47628464504,3936960647,4749935984.0,,,,47.0,4.65,17.0,1.0,58.0
2023-03-06,1564.57,1583.49,1554.44,1565.84,307709.3011,22430.24,22602.19,22258.0,22410.0,203751.82957,47706583577,3950733977,4765926103.0,,18.61,120.485,48.0,4.65,17.0,1.0,58.0
2023-03-07,1565.84,1584.49,1536.14,1561.96,437947.9032,22409.41,22557.91,21927.0,22197.96,292519.80912,47642232877,3944658457,4729797158.0,,19.59,121.4623,49.0,4.65,17.0,1.0,58.0
2023-03-08,1561.95,1570.89,1523.61,1532.38,460101.7658,22198.56,22287.0,21580.0,21705.44,301460.57272,47435724281,3942757418,4735375080.0,,19.11,121.4511,50.0,4.65,17.0,1.0,58.0
2023-03-09,1532.38,1546.45,1408.0,1437.32,718485.1364,21704.37,21834.99,20042.72,20362.22,443658.28584,46482784108,3848565621,4698596658.0,,22.61,121.4458,44.0,4.65,17.0,1.0,58.0
2023-03-10,1437.32,1439.43,1368.39,1426.44,960262.4509,20362.21,20367.78,19549.09,20150.69,618456.4671,44258288967,3655795341,4528670078.0,,24.8,121.2421,34.0,4.65,17.0,1.0,58.0
2023-03-11,1426.43,1478.07,1408.4,1471.97,1374859.6201,20150.69,20686.51,19765.03,20455.73,427831.82133,43842205596,3541782584,4411297702.0,0.9592,,,33.0,4.65,17.0,1.0,58.0
2023-03-12,1471.93,1594.19,1448.3,1580.33,1002355.0929,20455.73,22150.0,20270.6,21997.11,430944.94288,42201017135,3321665171,4491342935.0,0.9848,,,33.0,4.65,16.0,1.0,76.0
2023-03-13,1580.33,1693.49,1565.0,1673.45,1228063.6053,21998.05,24500.0,21813.88,24113.48,687889.31259,45586517624,3559649697,5212999813.0,0.9949,26.52,120.8897,49.0,4.65,16.0,1.0,76.0
2023-03-14,1673.44,1780.02,1655.24,1699.4,1283321.2355,24112.27,26386.87,23976.42,24670.41,699360.93423,46479989195,3601820575,5237022058.0,0.9961,23.73,121.0141,56.0,4.65,16.0,1.0,76.0
2023-03-15,1699.41,1716.9,1611.0,1649.96,963142.4833,24670.41,25196.97,23896.95,24285.66,581450.72984,46927595167,3630498171,5209658196.0,0.996,26.14,122.1079,50.0,4.65,16.0,1.0,76.0
2023-03-16,1649.95,1691.42,1632.18,1673.73,627985.6119,24285.66,25167.4,24123.0,24998.78,439421.32998,45777985601,3538534825,5092978072.0,0.9975,22.99,121.7221,52.0,4.65,16.0,1.0,76.0
2023-03-17,1673.73,1800.0,1662.65,1789.27,907528.2825,24998.78,27756.84,24890.0,27395.13,624460.68091,45679976427,3578424800,4988802886.0,0.9977,25.51,121.5643,51.0,4.65,16.0,1.0,76.0
2023-03-18,1789.26,1841.0,1747.47,1758.84,711614.731,27395.13,27724.85,26578.0,26907.49,371238.97174,48165216743,3789519532,5403713176.0,0.9971,,,64.0,4.65,16.0,1.0,76.0
2023-03-19,1758.84,1841.36,1757.92,1780.68,541131.8908,26907.49,28390.1,26827.22,27972.87,372066.99054,47980040248,3771020626,5529183722.0,0.9969,,,63.0,4.65,16.0,0.0,81.0
2023-03-20,1780.67,1803.05,1722.0,1732.78,682848.1248,27972.87,28472.0,27124.47,27717.01,477378.23373,48156558963,3757247487,5590790675.0,0.9959,24.15,121.0141,66.0,4.65,16.0,0.0,81.0
2023-03-21,1732.77,1835.0,1717.01,1801.23,742348.4999,27717.01,28438.55,27303.1,28105.47,420929.7422,48136651734,3747586182,5620207447.0,0.9969,21.38,120.8958,68.0,4.65,16.0,0.0,81.0
2023-03-22,1801.23,1819.98,1710.12,1734.33,891287.6009,28107.81,28868.05,26601.8,27250.97,224113.41296,48937984198,3810720144,5732700645.0,0.9972,22.26,120.6217,62.0,4.65,16.0,0.0,81.0
2023-03-23,1734.34,1857.16,1729.35,1813.79,732061.103,27250.97,28750.0,27105.0,28295.41,128649.60818,48105126729,3872687451,5575468811.0,0.9979,22.61,119.7587,57.0,4.65,16.0,0.0,81.0
2023-03-24,1813.78,1818.99,1726.4,1749.57,564770.1417,28295.42,28374.3,27000.0,27454.47,86242.06544,49124277480,3912636724,5736733455.0,0.9988,21.74,120.4598,61.0,4.65,16.0,0.0,81.0
2023-03-25,1749.57,1763.23,1713.09,1741.88,355679.3743,27454.46,27787.33,27156.09,27462.95,50844.08102,48089497546,3803241818,5615893823.0,0.999,,,64.0,4.65,16.0,0.0,81.0
2023-03-26,1741.88,1801.0,1739.31,1773.88,354933.2372,27462.96,28194.4,27417.76,27968.05,49671.70353,47993591806,3797177877,5570693558.0,0.9991,,,64.0,4.65,16.0,0.0,71.0
2023-03-27,1773.88,1780.48,1686.13,1715.22,570563.5023,27968.05,28023.86,26508.14,27124.91,88039.46898,48271032576,3822960883,5592988014.0,0.9995,20.6,120.2541,64.0,4.65,16.0,0.0,71.0
2023-03-28,1715.21,1795.73,1701.13,1772.99,536511.3973,27124.9,27520.0,26631.78,27261.07,78602.44341,47350061561,3751667756,5469648386.0,0.9997,19.97,119.7138,59.0,4.65,16.0,0.0,71.0
2023-03-29,1773.0,1827.99,1772.48,1793.07,536865.5972,27261.06,28650.0,27240.1,28348.6,89486.16008,47873678189,3846124825,5506429631.0,0.9998,19.12,119.7258,57.0,4.65,16.0,0.0,71.0
2023-03-30,1793.06,1829.69,1763.0,1793.61,579690.0394,28348.6,29184.68,27686.0,28028.53,98865.43256,48518241906,3963126161,5454044784.0,1.0,19.02,119.4078,60.0,4.65,16.0,0.0,71.0
2023-03-31,1793.6,1847.28,1777.91,1821.52,554525.4762,28028.53,28656.69,27511.71,28465.36,78198.12139,48662407567,3912243286,5476648714.0,0.9997,18.7,119.3602,63.0,4.65,16.0,0.0,71.0
2023-04-01,1821.52,1842.83,1807.81,1820.79,272904.9674,28465.36,28819.71,28220.27,28452.73,30238.44753,49027722476,3937946255,5536817830.0,0.9997,,,61.0,4.83,16.0,0.0,71.0
2023-04-02,1820.8,1824.81,1771.7,1794.51,322122.9385,28452.74,28530.0,27856.43,28171.87,37365.65692,48987576157,3935877411,5530654246.0,0.9995,,,63.0,4.83,15.0,0.0,70.0
2023-04-03,1794.51,1839.99,1762.77,1810.51,628503.6619,28171.87,28500.99,27200.24,27800.0,79180.01405,48527914799,3897345334,5523821964.0,0.9997,18.55,119.3204,63.0,4.83,15.0,0.0,70.0
2023-04-04,1810.51,1891.91,1802.01,1870.37,622208.6411,27800.0,28444.44,27662.79,28165.47,49722.55691,48642099841,3964388620,5535696311.0,0.9996,19.0,119.142,62.0,4.83,15.0,0.0,70.0
2023-04-05,1870.38,1942.98,1864.58,1908.69,548595.5155,28165.47,28775.0,27805.1,28170.01,60737.64732,49861374211,4050971006,5751643974.0,0.9997,19.08,119.2953,62.0,4.83,15.0,0.0,70.0
2023-04-06,1908.68,1909.91,1853.7,1872.41,396241.4352,28170.01,28182.05,27711.0,28033.82,40118.94963,49702235805,3993168266,5712411259.0,0.9994,18.4,119.3072,63.0,4.83,15.0,0.0,70.0
2023-04-07,1872.41,1882.61,1841.46,1863.72,284256.4873,28033.83,28100.0,27766.94,27906.33,24762.09387,49523319095,3979339863,5719122773.0,0.9993,,119.3547,64.0,4.83,15.0,0.0,70.0
2023-04-08,1863.73,1879.38,1847.0,1848.82,197905.5407,27906.34,28154.99,27859.02,27938.38,19479.96735,49246186839,4016498723,5676370833.0,0.9994,,,61.0,4.83,15.0,0.0,70.0
2023-04-09,1848.82,1873.99,1824.01,1858.92,287131.3079,27938.38,28530.0,27800.0,28323.76,32531.16101,49319571814,4020089430,5657117806.0,0.9993,,,61.0,4.83,16.0,0.0,100.0
2023-04-10,1858.91,1918.79,1846.4,1910.2,434739.7984,28323.76,29770.0,28170.0,29637.34,67754.0622,49449975640,4003311863,5691014336.0,0.9992,18.97,119.7948,62.0,4.83,16.0,0.0,100.0
2023-04-11,1910.21,1937.37,1881.11,1889.86,405203.4892,29637.35,30550.0,29590.0,30200.42,67990.07621,50270768587,4080503956,5823295463.0,0.9989,19.1,119.5248,68.0,4.83,16.0,0.0,100.0
2023-04-12,1889.86,1933.0,1852.65,1917.39,630844.4186,30200.43,30486.0,29637.4,29888.07,62049.48451,50083770360,4031462566,5785830696.0,0.9993,19.09,119.003,65.0,4.83,16.0,0.0,100.0
2023-04-13,1917.4,2023.0,1899.55,2012.01,676164.5188,29888.07,30595.0,29854.59,30373.84,51934.11731,50110647182,4159592722,5782351033.0,0.999,17.8,118.3915,61.0,4.83,16.0,0.0,100.0
2023-04-14,2012.0,2128.76,2009.22,2099.99,896307.3934,30373.84,31000.0,29966.0,30466.93,75984.19452,52346074361,4406088472,6081691024.0,0.999,17.07,118.8567,68.0,4.83,16.0,0.0,100.0
2023-04-15,2099.99,2111.85,2071.13,2090.6,321823.7851,30466.93,30595.6,30202.0,30295.09,25429.81247,52483638471,4389760026,6083717497.0,0.9992,,,68.0,4.83,16.0,0.0,100.0
2023-04-16,2090.61,2141.54,2072.72,2118.67,319880.4393,30295.1,30549.99,30120.0,30304.65,26431.99322,52544998114,4382296242,6143056801.0,0.9993,,,68.0,4.83,15.0,1.0,79.0
2023-04-17,2118.66,2120.51,2056.25,2074.0,426972.7071,30304.66,30316.06,29240.65,29430.27,56441.81127,52213809742,4346828163,6036283859.0,0.9994,16.95,119.2787,69.0,4.83,15.0,1.0,79.0
2023-04-18,2073.99,2125.0,2051.0,2103.5,414244.6135,29430.27,30485.0,29096.78,30380.01,62004.89434,51438138052,4355214896,5869042465.0,0.9996,16.83,119.1049,58.0,4.83,15.0,1.0,79.0
2023-04-19,2103.51,2104.6,1923.03,1933.73,775389.0602,30380.01,30413.53,28520.0,28797.1,86575.48656,52135479586,4416070963,5969816534.0,0.9995,16.46,119.303,63.0,4.83,15.0,1.0,79.0
2023-04-20,1933.74,1982.99,1914.43,1942.98,625336.2495,28797.1,29088.3,28010.0,28243.65,76879.09372,49798948497,4183670883,5557056216.0,0.9999,17.17,119.1199,52.0,4.83,15.0,1.0,79.0
2023-04-21,1942.98,1957.27,1825.0,1848.78,688876.6186,28243.65,28374.02,27125.0,27262.84,77684.7679,49268609602,4202826250,5360919284.0,1.0001,16.77,119.3117,50.0,4.83,15.0,1.0,79.0
2023-04-22,1848.77,1887.31,1841.64,1874.16,331007.5879,27262.84,27882.72,27140.35,27816.85,36023.69686,47700695572,4065332373,5148197988.0,1.0001,,,53.0,4.83,15.0,1.0,79.0
2023-04-23,1874.17,1882.01,1836.37,1862.0,344514.3444,27816.85,27816.85,27311.25,27590.6,34812.09581,47784026959,4081587134,5189480804.0,1.0,,,56.0,4.83,16.0,0.0,66.0
2023-04-24,1862.01,1890.0,1806.0,1841.84,447864.0517,27590.59,28000.0,26942.82,27510.93,53111.56874,47752211428,4084983705,5206577932.0,1.0,16.89,119.2039,53.0,4.83,16.0,0.0,66.0
2023-04-25,1841.84,1877.86,1801.66,1866.1,457870.6047,27510.93,28399.99,27192.0,28300.79,52325.14637,47294830392,4014021976,5173382055.0,1.0,18.76,119.613,53.0,4.83,16.0,0.0,66.0
2023-04-26,1866.1,1964.72,1785.0,1866.01,897709.7298,28300.8,30036.0,27235.0,28415.29,129228.40403,47886061612,4081894725,5278993192.0,0.9997,18.84,119.3228,56.0,4.83,16.0,0.0,66.0
2023-04-27,1866.01,1940.96,1861.19,1908.68,727472.9466,28415.29,29890.0,28378.86,29472.77,95430.82431,48513837173,4163354211,5396166888.0,0.9996,17.03,119.4298,59.0,4.83,16.0,0.0,66.0
2023-04-28,1908.68,1923.88,1873.94,1890.94,387630.7791,29472.77,29599.54,28891.0,29311.7,54298.16578,48558600984,4115182506,5396861477.0,0.9992,15.78,119.2248,64.0,4.83,16.0,0.0,66.0
2023-04-29,1890.93,1918.0,1883.05,1907.8,182046.1406,29311.69,29448.88,29031.0,29230.45,20466.83058,48242501939,4116313807,5305965025.0,0.9995,,,64.0,4.83,16.0,0.0,66.0
2023-04-30,1907.79,1939.0,1866.16,1870.09,355336.4888,29230.45,29969.39,29079.59,29233.21,39752.5372,48464794410,4130660431,5341766248.0,0.9995,,,60.0,4.83,15.0,0.0,61.0
2023-05-01,1870.08,1886.49,1806.12,1830.73,445519.1779,29233.2,29337.34,27666.95,28068.26,64433.65958,48063169946,4092864128,5290029486.0,0.9997,16.08,119.4435,63.0,5.06,15.0,0.0,61.0
2023-05-02,1830.73,1881.87,1822.94,1870.08,373753.2027,28068.26,28879.88,27872.0,28669.86,50824.5224,46944031951,4010910159,5174769912.0,0.9994,17.78,119.6105,55.0,5.06,15.0,0.0,61.0
2023-05-03,1870.09,1916.52,1842.64,1905.12,465185.2501,28669.85,29266.66,28113.69,29026.16,64615.79213,47524967551,4085145531,5266216528.0,0.9998,18.34,119.1233,64.0,5.06,15.0,0.0,61.0
2023-05-04,1905.12,1918.26,1866.71,1877.07,354528.6144,29026.16,29379.83,28663.64,28838.16,42575.47501,48255179833,4150864599,5392908484.0,0.9996,20.09,119.0465,64.0,5.06,15.0,0.0,61.0
2023-05-05,1877.07,1998.36,1875.65,1993.3,546608.875,28838.16,29677.0,28800.0,29505.61,58415.83048,48083130945,4119602597,5373316619.0,0.999,17.19,118.5548,61.0,5.06,15.0,0.0,61.0
2023-05-06,1993.3,2019.0,1860.0,1896.33,608106.9915,29505.6,29820.0,28300.0,28848.2,49249.28459,49727652264,4293343677,5627720677.0,0.9982,,,60.0,5.06,15.0,0.0,61.0
2023-05-07,1896.33,1933.33,1867.59,1870.4,413268.8357,28848.19,29138.29,28395.23,28430.1,30003.41028,48433104162,4159884270,5410096063.0,0.9986,,,64.0,5.06,15.0,0.0,56.0
2023-05-08,1870.41,1883.97,1810.73,1847.56,625316.6168,28430.09,28631.01,27262.0,27668.79,68244.36179,47960222239,4132906175,5319520624.0,0.9992,16.98,118.5759,60.0,5.06,15.0,0.0,56.0
2023-05-09,1847.55,1861.88,1830.99,1846.52,304396.186,27668.8,27818.0,27353.0,27628.27,40113.31069,46712271761,4037706636,5124662013.0,0.9994,17.71,118.8239,51.0,5.06,15.0,0.0,56.0
2023-05-10,1846.53,1887.47,1790.51,1840.84,639933.3855,27628.28,28331.42,26777.0,27598.75,71155.11355,46862454089,4059315314,5188452208.0,0.9993,16.94,118.5864,52.0,5.06,15.0,0.0,56.0
2023-05-11,1840.83,1842.02,1772.68,1794.3,522096.0725,27598.74,27630.14,26702.05,26968.62,47635.31365,46604129493,4024001932,5162977304.0,0.9995,16.93,119.0303,52.0,5.06,15.0,0.0,56.0
2023-05-12,1794.31,1818.63,1740.0,1807.45,565539.8309,26968.61,27091.12,25811.46,26795.01,67207.93494,45834530451,4006584162,5075374933.0,0.9995,17.03,119.3671,49.0,5.06,15.0,0.0,56.0
2023-05-13,1807.45,1817.03,1785.23,1795.11,212895.4373,26795.01,27045.45,26692.03,26775.28,22814.90421,45886822950,4023578523,5115518201.0,0.9996,,,48.0,5.06,15.0,0.0,56.0
2023-05-14,1795.12,1824.0,1789.82,1799.21,218101.0977,26775.27,27200.0,26560.53,26917.62,21594.8036,45808224964,4021071887,5082038608.0,0.9995,,,48.0,5.06,16.0,0.0,48.0
2023-05-15,1799.2,1846.7,1785.05,1816.2,388171.9261,26917.61,27663.59,26726.0,27162.14,40430.08333,45754871020,4027957407,5069342707.0,0.9997,17.12,119.1608,50.0,5.06,16.0,0.0,48.0
2023-05-16,1816.21,1832.64,1796.2,1824.21,311238.6786,27162.15,27296.89,26852.11,27033.84,33270.45451,46263579637,4088424548,5161074729.0,0.9997,17.99,119.1743,54.0,5.06,16.0,0.0,48.0
2023-05-17,1824.21,1837.5,1783.68,1822.12,352097.9913,27033.85,27500.0,26544.71,27405.61,42958.97785,46308750554,4109970329,5179772196.0,0.9998,16.87,119.607,50.0,5.06,16.0,0.0,48.0
2023-05-18,1822.12,1831.92,1771.12,1800.56,293755.311,27405.62,27485.33,26361.2,26821.28,49198.65143,46430578127,4118658652,5172691163.0,0.9999,16.05,120.0886,51.0,5.06,16.0,0.0,48.0
2023-05-19,1800.56,1829.54,1796.81,1812.32,243116.4676,26821.28,27183.6,26630.0,26880.26,28754.13544,46155337183,4089411366,5105620846.0,0.9998,16.81,119.7751,48.0,5.06,16.0,0.0,48.0
2023-05-20,1812.31,1828.87,1807.06,1819.42,127754.4349,26880.26,27150.0,26825.11,27102.43,14434.54718,46249818379,4088041150,5163338877.0,0.9997,,,48.0,5.06,16.0,0.0,48.0
2023-05-21,1819.42,1828.98,1797.21,1804.91,161517.8053,27102.42,27277.55,26666.03,26747.78,21347.87279,46719796431,4114959580,5236594341.0,0.9998,,,52.0,5.06,15.0,0.0,47.0
2023-05-22,1804.91,1828.27,1792.01,1817.35,237498.9423,26747.78,27099.89,26538.21,26849.27,26458.83828,46292076897,4075664527,5175886061.0,0.9997,17.21,120.0875,49.0,5.06,15.0,0.0,47.0
2023-05-23,1817.36,1872.5,1815.24,1854.05,396869.6097,26849.28,27495.83,26798.11,27219.61,38700.83858,46648718101,4107082036,5274600189.0,0.9998,18.53,120.3204,50.0,5.06,15.0,0.0,47.0
2023-05-24,1854.06,1854.09,1777.6,1799.89,420846.1445,27219.61,27219.61,26080.5,26329.01,54393.0657,47212270190,4204221218,5354158318.0,1.0,20.03,120.4752,50.0,5.06,15.0,0.0,47.0
2023-05-25,1799.89,1818.81,1761.41,1805.6,350633.0089,26329.0,26631.98,25871.89,26473.79,37435.44895,45910292520,4082659899,5230940462.0,1.0,19.14,120.8413,51.0,5.06,15.0,0.0,47.0
2023-05-26,1805.61,1838.2,1796.99,1827.79,275690.6854,26473.8,26932.16,26327.24,26705.92,35061.18713,45951332573,4110680230,5209639984.0,0.9998,17.95,120.6304,49.0,5.06,15.0,0.0,47.0
2023-05-27,1827.8,1836.12,1812.18,1829.89,138824.9406,26705.93,26895.0,26551.0,26854.27,15095.6867,46247505842,4131771125,5260834774.0,0.9997,,,48.0,5.06,15.0,0.0,47.0
2023-05-28,1829.89,1918.65,1823.6,1908.64,378392.4371,26854.28,28261.32,26764.36,28065.0,43916.00855,46535584844,4144905784,5318300139.0,0.9999,,,50.0,5.06,14.0,0.0,50.0
2023-05-29,1908.64,1927.62,1873.65,1892.6,313593.4942,28065.01,28447.14,27524.6,27736.4,42385.41945,47679237118,4258016422,5492641439.0,0.9997,17.46,,52.0,5.06,14.0,0.0,50.0
2023-05-30,1892.6,1917.0,1881.19,1900.59,272665.8402,27736.39,28038.59,27554.0,27694.4,32686.75371,47142758890,4193259373,5419441508.0,0.9997,17.46,120.5546,51.0,5.06,14.0,0.0,50.0
2023-05-31,1900.58,1907.13,1846.95,1873.63,319255.5681,27694.39,27835.51,26839.01,27210.35,46588.80573,47103231310,4198566269,5441936141.0,0.9999,17.94,120.9662,51.0,5.06,14.0,0.0,50.0
2023-06-01,1873.63,1889.2,1840.0,1861.78,270496.6097,27210.36,27350.0,26605.05,26817.93,39217.8088,45816068499,4142842456,5352017820.0,0.9998,15.65,120.0491,52.0,5.08,14.0,0.0,50.0
2023-06-02,1861.78,1910.0,1847.51,1906.68,313004.0658,26817.93,27300.0,26505.0,27242.59,36380.90269,45695445200,4135186999,5370049519.0,0.9998,14.6,120.0049,50.0,5.08,14.0,0.0,50.0
2023-06-03,1906.69,1907.92,1881.6,1892.06,148818.2427,27242.59,27333.29,26914.93,27069.22,16595.34117,46529098927,4187430587,5483144183.0,0.9996,,,53.0,5.08,14.0,0.0,50.0
2023-06-04,1892.05,1914.63,1884.22,1890.01,172683.0119,27069.22,27455.02,26951.0,27115.21,19258.41049,46316565150,4188216550,5467179214.0,0.9997,,,52.0,5.08,16.0,1.0,53.0
2023-06-05,1890.0,1890.63,1778.0,1810.5,555361.2683,27115.2,27129.33,25388.0,25728.2,65805.60305,46265889416,4185224334,5447077106.0,0.9997,14.73,120.0048,53.0,5.08,16.0,1.0,53.0
2023-06-06,1810.49,1898.29,1797.18,1884.64,491407.2174,25728.2,27355.33,25351.02,27230.08,68392.60438,44557685539,4012176131,5234921782.0,0.9998,13.96,119.9718,44.0,5.08,16.0,1.0,53.0
2023-06-07,1884.65,1897.8,1821.18,1832.13,429196.7064,27230.07,27391.77,26125.01,26339.34,59619.44364,45719058356,4137048445,5468211715.0,0.9999,13.94,119.859,53.0,5.08,16.0,1.0,53.0
2023-06-08,1832.12,1861.28,1828.31,1845.64,189270.4853,26339.34,26810.0,26210.0,26498.61,31075.51083,44498580575,4032810162,5318900186.0,0.9999,13.65,119.5712,50.0,5.08,16.0,1.0,53.0
2023-06-09,1845.65,1855.0,1827.0,1840.37,198324.3252,26498.62,26783.33,26269.91,26477.81,27934.7097,44571042178,4054510463,5357250806.0,1.0,13.83,119.4322,50.0,5.08,16.0,1.0,53.0
2023-06-10,1840.37,1844.99,1715.03,1751.53,652324.6695,26477.8,26533.87,25358.0,25841.21,64944.60108,44022195903,4057540173,5284403190.0,0.9995,,,49.0,5.08,16.0,1.0,53.0
2023-06-11,1751.52,1778.25,1738.72,1752.76,219956.2434,25841.22,26206.88,25634.7,25925.55,30014.29595,42157835963,3841927551,5111439552.0,0.9996,,,47.0,5.08,15.0,1.0,52.0
2023-06-12,1752.77,1759.33,1720.0,1742.57,302132.4819,25925.54,26106.48,25602.11,25905.19,29900.50893,42156514307,3841513110,5147291545.0,0.9999,15.01,119.6376,47.0,5.08,15.0,1.0,52.0
2023-06-13,1742.57,1770.13,1724.22,1740.12,284268.0018,25905.2,26433.21,25712.57,25934.25,41065.60853,41905861839,3811463833,5107204433.0,1.0001,14.61,119.1899,45.0,5.08,15.0,1.0,52.0
2023-06-14,1740.12,1750.03,1630.43,1650.95,415847.327,25934.24,26098.0,24820.56,25128.6,45077.31608,42113130379,3818491716,5149743806.0,1.0001,13.88,118.776,46.0,5.08,15.0,1.0,52.0
2023-06-15,1650.95,1680.91,1626.01,1666.96,370774.7696,25128.6,25759.01,24800.0,25598.49,48664.86063,40687548424,3644072436,4922789924.0,1.0009,14.5,118.5521,41.0,5.08,15.0,1.0,52.0
2023-06-16,1666.96,1729.5,1649.86,1717.92,311734.5904,25598.49,26518.0,25175.56,26345.0,51596.91662,40637610994,3653316110,4956232521.0,1.0007,13.54,118.4184,47.0,5.08,15.0,1.0,52.0
2023-06-17,1717.91,1770.0,1714.26,1727.76,210914.9216,26345.01,26839.99,26181.0,26516.99,27842.2195,41374904843,3736633314,5103425349.0,1.0004,,,47.0,5.08,15.0,1.0,52.0
2023-06-18,1727.75,1747.84,1712.0,1720.95,156535.0128,26516.99,26700.0,26255.85,26339.97,21538.31022,41676528388,3790728439,5096166566.0,1.0002,,,49.0,5.08,14.0,0.0,57.0
2023-06-19,1720.95,1752.19,1698.0,1737.11,245162.7589,26339.98,27068.09,26256.61,26844.35,35872.65974,41594634068,3781843101,5135499082.0,1.0002,14.19,,47.0,5.08,14.0,0.0,57.0
2023-06-20,1737.1,1796.99,1714.72,1791.99,328855.6846,26844.35,28402.74,26652.0,28307.99,69666.95525,41860560462,3810474867,5173624730.0,0.9998,13.88,118.938,49.0,5.08,14.0,0.0,57.0
2023-06-21,1791.99,1901.0,1787.38,1889.11,613755.8869,28308.0,30800.0,28257.99,29993.89,108926.40412,43125876060,3911518442,5380249310.0,1.0,13.2,118.727,59.0,5.08,14.0,0.0,57.0
2023-06-22,1889.1,1933.17,1865.98,1872.01,416714.5719,29993.89,30500.0,29525.61,29884.92,59054.5646,44659565675,4071642144,5635015189.0,0.9997,12.91,118.7552,65.0,5.08,14.0,0.0,57.0
2023-06-23,1872.0,1936.42,1861.01,1892.63,401147.9324,29884.92,31431.94,29800.0,30688.5,73931.89635,44166999909,4026432927,5530388484.0,0.9994,13.44,119.152,65.0,5.08,14.0,0.0,57.0
2023-06-24,1892.63,1906.0,1864.77,1874.96,226910.2941,30688.51,30800.0,30250.0,30527.43,30513.30135,44414362512,4024430221,5585107880.0,0.9996,,,62.0,5.08,14.0,0.0,57.0
2023-06-25,1874.95,1930.0,1868.83,1898.8,338757.6158,30527.44,31046.01,30277.49,30462.66,30223.44801,44203959789,3986913424,5548609046.0,0.9997,,,64.0,5.08,13.0,0.0,56.0
2023-06-26,1898.8,1909.1,1837.18,1858.97,458743.861,30462.67,30666.0,29930.0,30267.99,45180.41489,44541774173,4012875086,5622019440.0,0.9998,14.25,119.0761,55.0,5.08,13.0,0.0,56.0
2023-06-27,1858.97,1912.53,1855.19,1889.58,366634.5707,30267.99,30994.97,30226.17,30692.44,42699.64157,44156760488,3963786490,5588146068.0,0.9999,13.74,118.8949,59.0,5.08,13.0,0.0,56.0
2023-06-28,1889.58,1890.19,1816.56,1828.02,337836.5792,30692.44,30709.74,29858.8,30077.41,40463.51937,44284616004,3975299615,5660426968.0,1.0001,13.43,119.3382,62.0,5.08,13.0,0.0,56.0
2023-06-29,1828.03,1880.0,1827.84,1851.99,241844.8281,30077.4,30843.98,30049.98,30447.31,36330.62903,43446140487,3907798966,5539819661.0,1.0001,13.54,119.527,54.0,5.08,13.0,0.0,56.0
2023-06-30,1851.99,1948.6,1825.01,1933.79,716538.1035,30447.31,31282.0,29500.0,30472.0,89419.07618,43926339278,3945989937,5634318381.0,1.0002,13.59,119.3606,56.0,5.08,13.0,0.0,56.0
2023-07-01,1933.8,1944.56,1909.44,1924.5,178373.3688,30471.99,30661.6,30320.57,30585.9,17501.75075,45033130633,4057052916,5821897272.0,1.0002,,,59.0,5.12,13.0,0.0,56.0
2023-07-02,1924.5,1959.2,1885.75,1937.48,255852.7832,30585.9,30791.0,30155.0,30617.03,23286.41019,44952908155,4056497872,5815617776.0,1.0001,,,63.0,5.12,14.0,0.0,56.0
2023-07-03,1937.49,1976.16,1933.55,1955.54,322102.4295,30617.02,31380.0,30570.27,31156.2,43761.64311,45104980178,4078820369,5970839362.0,0.9999,13.57,119.2119,62.0,5.12,14.0,0.0,56.0
2023-07-04,1955.55,1967.08,1931.58,1936.2,205525.0984,31156.2,31350.69,30620.0,30766.51,33206.11943,45347334770,4111560441,6038929815.0,0.9998,13.7,,64.0,5.12,14.0,0.0,56.0
2023-07-05,1936.19,1942.5,1894.51,1910.36,267633.4783,30766.52,30878.07,30200.0,30504.81,33215.67122,45027632034,4080497986,6025072015.0,1.0,14.18,119.3483,61.0,5.12,14.0,0.0,56.0
2023-07-06,1910.35,1958.0,1846.0,1846.17,456362.741,30504.8,31500.0,29850.45,29895.43,71319.6261,44507230251,4050420015,5938297686.0,1.0,15.44,119.8193,56.0,5.12,14.0,0.0,56.0
2023-07-07,1846.17,1878.0,1826.0,1870.91,232944.3466,29895.42,30449.0,29701.02,30344.7,34070.53895,43554061976,3961197465,5795884538.0,0.9999,14.83,119.0761,55.0,5.12,14.0,0.0,56.0
2023-07-08,1870.92,1876.0,1842.8,1865.24,125819.8273,30344.7,30386.81,30044.47,30284.63,13094.59042,43987584052,4015239047,5875631829.0,0.9998,,,58.0,5.12,14.0,0.0,56.0
2023-07-09,1865.24,1879.36,1856.15,1862.8,135046.3743,30284.63,30445.52,30061.12,30160.71,15388.50196,44040770131,4005899806,5861470758.0,0.9999,,,55.0,5.12,14.0,0.0,59.0
2023-07-10,1862.81,1905.5,1846.63,1880.4,247868.1494,30160.71,31045.78,29950.0,30411.57,41262.87652,43952902575,4004894266,5853085784.0,0.9999,15.07,118.9548,56.0,5.12,14.0,0.0,59.0
2023-07-11,1880.41,1891.99,1862.38,1878.3,177771.6117,30411.57,30813.63,30300.0,30622.1,28476.83311,44070276048,4026106572,5862644727.0,0.9999,14.84,118.7344,57.0,5.12,14.0,0.0,59.0
2023-07-12,1878.31,1902.0,1864.37,1871.82,264406.8673,30622.1,30983.25,30210.0,30380.0,38108.99669,44208878253,4030040034,5896732749.0,1.0,13.54,117.6385,64.0,5.12,14.0,0.0,59.0
2023-07-13,1871.82,2012.63,1862.59,2004.49,548861.4207,30380.0,31804.2,30251.0,31454.23,70772.51836,43997052886,4030979529,5890989154.0,0.9996,13.61,117.1831,57.0,5.12,14.0,0.0,59.0
2023-07-14,2004.49,2029.11,1898.39,1937.83,498724.0359,31454.23,31630.0,29900.0,30312.01,60749.48424,45736856843,3932717645,6252526729.0,0.9994,13.34,117.0463,60.0,5.12,14.0,0.0,59.0
2023-07-15,1937.82,1946.37,1926.23,1931.41,135181.7663,30312.0,30390.9,30200.0,30289.52,14118.55329,44664257050,3831622538,6071375880.0,0.9997,,,56.0,5.12,14.0,0.0,59.0
2023-07-16,1931.41,1943.55,1914.0,1922.11,148667.1051,30289.52,30441.46,30064.29,30231.99,15760.1281,44820054189,3844996135,6148441221.0,0.9995,,,57.0,5.12,13.0,0.0,52.0
2023-07-17,1922.12,1936.18,1873.26,1911.2,277159.0349,30232.0,30336.96,29659.2,30138.0,30882.76839,44567300819,3847513382,6052594898.0,0.9999,13.48,117.1267,54.0,5.12,13.0,0.0,52.0
2023-07-18,1911.21,1917.19,1875.73,1897.21,215780.5006,30138.01,30239.78,29512.0,29859.13,30003.8601,44455375277,3843279642,5980660976.0,0.9998,13.3,117.0264,56.0,5.12,13.0,0.0,52.0
2023-07-19,1897.21,1922.04,1882.17,1888.63,218045.0005,29859.14,30189.09,29761.96,29909.21,25657.36137,44104449327,3824943066,5885925878.0,0.9999,13.76,117.3462,50.0,5.12,13.0,0.0,52.0
2023-07-20,1888.64,1929.05,1878.0,1891.59,292907.5164,29909.21,30417.46,29570.96,29800.0,37540.68193,43832406600,3817726613,5816346500.0,1.0,13.99,117.5947,56.0,5.12,13.0,0.0,52.0
2023-07-21,1891.59,1905.74,1884.64,1891.73,165554.0428,29800.0,30061.7,29726.34,29901.72,23881.40865,43855045633,3818998046,5845830587.0,1.0,13.6,117.9418,50.0,5.12,13.0,0.0,52.0
2023-07-22,1891.73,1897.35,1851.18,1866.52,131901.6487,29901.72,29999.0,29625.1,29794.0,14660.40467,43910672060,3835809809,5886543450.0,1.0,,,52.0,5.12,13.0,0.0,52.0
2023-07-23,1866.52,1905.25,1857.82,1888.73,153501.0178,29793.99,30350.0,29730.0,30083.75,18292.78637,43382797782,3799845881,5817966584.0,1.0,,,54.0,5.12,13.0,0.0,48.0
2023-07-24,1888.74,1890.86,1833.19,1850.0,276504.5547,30083.75,30099.58,28861.9,29176.5,39628.99691,43711202319,3843490851,5879236994.0,1.0001,13.91,117.8124,55.0,5.12,13.0,0.0,48.0
2023-07-25,1850.0,1868.71,1845.45,1857.66,152251.21,29176.5,29376.0,29047.65,29228.91,21565.7478,42819918595,3779588011,5762592863.0,1.0001,13.86,117.8565,50.0,5.12,13.0,0.0,48.0
2023-07-26,1857.66,1888.0,1848.35,1872.0,272090.5333,29228.91,29690.0,29096.94,29351.96,33931.63366,42790991546,3766185237,5777791941.0,1.0001,13.19,117.76,51.0,5.12,13.0,0.0,48.0
2023-07-27,1871.99,1886.11,1854.84,1861.28,163766.4259,29351.95,29567.49,29083.85,29222.78,22476.47626,43010204427,3798090514,5812263565.0,1.0002,14.41,117.8938,51.0,5.12,13.0,0.0,48.0
2023-07-28,1861.29,1883.39,1856.52,1874.19,138695.7147,29222.78,29542.22,29123.12,29314.14,23993.61627,42980541863,3812371634,5794685870.0,1.0001,13.33,117.788,52.0,5.12,13.0,0.0,48.0
2023-07-29,1874.2,1886.58,1869.54,1880.46,72867.0269,29314.14,29406.92,29256.18,29352.9,10851.36844,43279331209,3821625489,5840257617.0,1.0,,,52.0,5.12,13.0,0.0,48.0
2023-07-30,1880.45,1885.3,1848.17,1861.79,158657.5902,29352.9,29449.0,29033.24,29281.09,15706.97441,43587430635,3825941673,5851009530.0,1.0001,,,52.0,5.12,14.0,0.0,46.0
2023-07-31,1861.79,1877.4,1851.02,1856.14,168204.4534,29281.09,29530.0,29101.8,29232.25,22605.48964,41326686542,3796091689,5437049050.0,1.0001,13.63,117.8241,50.0,5.12,14.0,0.0,46.0
2023-08-01,1856.13,1875.62,1813.8,1873.47,358476.0966,29232.26,29739.25,28585.7,29705.99,44719.65162,40643848904,3745722761,5239073860.0,1.0005,13.93,118.5738,53.0,5.33,14.0,0.0,46.0
2023-08-02,1873.48,1879.74,1821.21,1839.9,254213.0553,29705.99,30047.5,28927.5,29186.01,48181.65141,40270781452,3773107317,5098143972.0,1.0006,16.09,119.1268,53.0,5.33,14.0,0.0,46.0
2023-08-03,1839.9,1859.12,1826.0,1835.81,171148.052,29186.0,29433.33,28968.0,29193.64,26476.91994,39835231119,3727695610,4961698157.0,1.0008,15.92,119.3963,52.0,5.33,14.0,0.0,46.0
2023-08-04,1835.81,1851.31,1815.74,1830.23,187699.4552,29193.65,29333.08,28807.54,29113.99,23551.95217,40289804686,3697663665,4940999862.0,1.0014,17.1,118.821,54.0,5.33,14.0,0.0,46.0
2023-08-05,1830.24,1839.0,1827.5,1836.48,93657.3255,29114.0,29152.23,28978.64,29072.13,11645.52018,40241185081,3649840491,4909377380.0,1.0009,,,50.0,5.33,14.0,0.0,46.0
2023-08-06,1836.48,1838.58,1825.86,1830.28,90403.9915,29072.13,29205.09,28991.88,29088.42,13178.1972,40362548625,3661586167,4929548845.0,1.0015,,,49.0,5.33,14.0,0.0,43.0
2023-08-07,1830.28,1847.0,1802.0,1829.1,224092.9059,29088.43,29276.78,28701.03,29211.06,30966.87746,40440836841,3653702691,4932171388.0,1.0011,15.77,119.0809,49.0,5.33,14.0,0.0,43.0
2023-08-08,1829.1,1876.51,1826.33,1856.3,236336.03,29211.06,30244.0,29146.45,29770.42,45700.53392,40759474943,3664606764,4935394228.0,1.0004,15.99,119.6407,54.0,5.33,14.0,0.0,43.0
2023-08-09,1856.3,1871.99,1846.28,1855.35,191926.8343,29770.41,30160.0,29376.67,29581.99,38003.88725,41263791714,3718167872,4995959436.0,1.0007,15.96,119.476,50.0,5.33,14.0,0.0,43.0
2023-08-10,1855.36,1865.95,1845.38,1852.47,127321.4553,29581.99,29738.0,29320.2,29455.75,23463.45373,41269439652,3714955771,4945941001.0,1.0011,15.85,119.1581,53.0,5.33,14.0,0.0,43.0
2023-08-11,1852.47,1857.26,1838.05,1848.84,113209.3103,29455.76,29564.52,29252.45,29426.03,20637.0443,41552385832,3708687530,4902114568.0,1.0011,14.84,119.6268,51.0,5.33,14.0,0.0,43.0
2023-08-12,1848.84,1854.01,1846.08,1849.93,63292.6476,29426.02,29481.35,29381.56,29430.17,8971.48068,41708348861,3713842360,5025463311.0,1.0006,,,54.0,5.33,14.0,0.0,43.0
2023-08-13,1849.94,1862.0,1834.51,1840.73,120674.1364,29430.18,29474.65,29272.32,29303.84,11101.70947,41727934887,3734437084,4970025271.0,1.0008,,,54.0,5.33,15.0,1.0,48.0
2023-08-14,1840.73,1856.5,1835.0,1845.5,150196.1203,29303.85,29695.32,29102.45,29430.93,31443.11532,41595659476,3718623052,4926053488.0,1.001,14.82,120.0725,50.0,5.33,15.0,1.0,48.0
2023-08-15,1845.5,1847.36,1814.0,1828.98,186081.6989,29430.92,29499.26,29059.6,29200.0,27503.87691,41605250199,3729610900,4948080328.0,1.001,16.46,120.2127,53.0,5.33,15.0,1.0,48.0
2023-08-16,1828.98,1831.52,1798.17,1807.81,205430.7368,29200.01,29259.85,28723.08,28730.51,32996.69854,41032199771,3701415052,4868724732.0,1.0012,16.78,120.3551,52.0,5.33,15.0,1.0,48.0
2023-08-17,1807.81,1809.99,1550.0,1681.49,812138.2159,28730.51,28783.48,25166.0,26623.41,100271.54033,40114347343,3603956099,4765286685.0,1.0003,17.89,120.5242,50.0,5.33,15.0,1.0,48.0
2023-08-18,1681.49,1699.4,1641.02,1661.59,538083.1018,26623.41,26832.6,25619.0,26054.0,69790.65711,38433007842,3397404233,4628595491.0,1.0003,17.3,120.4321,37.0,5.33,15.0,1.0,48.0
2023-08-19,1661.6,1696.72,1654.31,1669.67,231919.0485,26054.0,26281.0,25801.09,26100.01,26160.75343,38104411392,3338251565,4578056350.0,1.0003,,,39.0,5.33,15.0,1.0,48.0
2023-08-20,1669.68,1694.75,1662.03,1685.24,195623.5263,26100.01,26299.0,25971.05,26189.99,19056.91209,38263943410,3346252284,4557943269.0,1.0,,,37.0,5.33,13.0,0.0,43.0
2023-08-21,1685.23,1688.59,1649.4,1667.55,250835.1518,26190.0,26258.42,25812.0,26126.92,30267.24233,38090931454,3353208209,4607343990.0,1.0001,17.13,120.4627,38.0,5.33,13.0,0.0,43.0
2023-08-22,1667.56,1669.38,1580.0,1634.99,402012.045,26126.92,26139.42,25300.0,26056.0,34247.06688,37909802775,3348273266,4626079461.0,1.0005,16.97,120.3554,37.0,5.33,13.0,0.0,43.0
2023-08-23,1635.0,1702.11,1629.05,1679.61,374761.1088,26055.99,26819.27,25812.82,26432.72,44023.69978,37426285757,3336862369,4548420658.0,1.0002,15.98,120.0307,37.0,5.33,13.0,0.0,43.0
2023-08-24,1679.61,1683.37,1635.28,1661.16,231539.7805,26432.71,26577.87,25864.0,26180.05,30205.22116,38148617689,3438396718,4644125172.0,1.0004,17.2,120.2354,41.0,5.33,13.0,0.0,43.0
2023-08-25,1661.16,1677.22,1635.51,1653.8,236261.6898,26180.05,26314.05,25777.15,26060.01,27753.33772,37874496574,3393346173,4560615251.0,1.0005,15.68,120.5137,39.0,5.33,13.0,0.0,43.0
2023-08-26,1653.79,1655.59,1644.0,1647.04,79175.425,26060.0,26125.77,25985.92,26017.37,10022.22322,37671604615,3381887955,4534169538.0,1.0006,,,38.0,5.33,13.0,0.0,43.0
2023-08-27,1647.03,1660.24,1646.32,1658.33,87789.9196,26017.38,26182.23,25966.11,26101.77,12099.64216,37634960779,3384347063,4527205867.0,1.0005,,,38.0,5.33,14.0,0.0,44.0
2023-08-28,1658.33,1664.34,1621.75,1653.08,214351.0143,26101.78,26253.99,25864.5,26120.0,22692.62655,37865763450,3342366245,4558119581.0,1.0006,15.08,120.3155,39.0,5.33,14.0,0.0,44.0
2023-08-29,1653.08,1745.84,1640.0,1729.42,494371.0823,26120.0,28142.85,25922.0,27716.34,74251.99488,37874215594,3341532608,4570131599.0,1.0,14.45,120.2669,39.0,5.33,14.0,0.0,44.0
2023-08-30,1729.41,1730.93,1694.34,1705.23,202841.4402,27716.34,27768.57,27017.24,27299.99,35448.25848,39027594901,3424051089,4705615513.0,1.0,13.88,119.7937,49.0,5.33,14.0,0.0,44.0
2023-08-31,1705.23,1729.0,1630.0,1645.76,330518.2668,27299.99,27587.51,25655.01,25940.78,51032.80401,38519729121,3399259433,4663212186.0,1.0002,13.57,120.225,52.0,5.33,14.0,0.0,44.0
2023-09-01,1645.77,1654.53,1602.33,1629.12,302406.1686,25940.77,26156.0,25333.75,25805.05,41032.15056,37647909307,3294537712,4524606642.0,1.0004,13.09,120.759,40.0,5.33,14.0,0.0,44.0
2023-09-02,1629.13,1645.0,1628.03,1637.03,102145.9476,25805.04,25987.5,25752.47,25869.51,16250.77698,37489894495,3263246362,4493024570.0,1.0001,,,39.0,5.33,14.0,0.0,44.0
2023-09-03,1637.02,1647.5,1625.14,1635.84,116767.2862,25869.52,26135.0,25800.0,25971.21,17474.47667,37586968914,3275099419,4518906972.0,1.0002,,,40.0,5.33,13.0,0.0,38.0
2023-09-04,1635.84,1644.82,1616.32,1630.51,168010.9056,25971.21,26108.02,25631.21,25826.02,21777.59609,37677442052,3280207686,4533379777.0,1.0003,13.82,,40.0,5.33,13.0,0.0,38.0
2023-09-05,1630.52,1648.02,1609.69,1634.45,204365.4907,25826.03,25915.49,25562.62,25792.1,21323.39337,37504849329,3271034625,4528565646.0,1.0004,14.01,121.4345,40.0,5.33,13.0,0.0,38.0
2023-09-06,1634.46,1670.0,1609.2,1633.15,219541.0193,25792.11,26040.0,25372.51,25759.95,27262.52386,37740739721,3278672983,4552560795.0,1.0006,14.45,121.8671,42.0,5.33,13.0,0.0,38.0
2023-09-07,1633.15,1660.0,1623.4,1648.11,228558.2782,25759.95,26443.14,25615.38,26255.0,27687.49567,37618077690,3297357874,4529169051.0,1.0006,14.4,121.9528,41.0,5.33,13.0,0.0,38.0
2023-09-08,1648.11,1658.93,1616.21,1636.44,221570.0458,26255.0,26445.5,25647.26,25910.5,28999.76471,37992417028,3330133640,4617052781.0,1.0003,13.84,121.9475,46.0,5.33,13.0,0.0,38.0
2023-09-09,1636.43,1637.52,1629.74,1635.54,58519.6229,25910.5,25945.09,25796.64,25901.61,10980.62277,37688413285,3292031524,4579462180.0,1.0003,,,41.0,5.33,13.0,0.0,38.0
2023-09-10,1635.53,1635.7,1600.0,1617.42,207957.8428,25901.6,26033.66,25570.57,25841.61,18738.26914,37622527442,3279358883,4585617117.0,1.0004,,,40.0,5.33,14.0,0.0,40.0
2023-09-11,1617.42,1619.0,1531.01,1551.85,417424.8189,25841.6,25900.69,24901.0,25162.52,41682.32,37359619175,3252486582,4559070701.0,1.0003,13.8,121.3386,40.0,5.33,14.0,0.0,40.0
2023-09-12,1551.84,1626.0,1549.67,1592.97,329739.9685,25162.53,26567.0,25131.48,25840.1,56434.38537,36268623412,3125989595,4405058953.0,1.0,14.23,121.2913,30.0,5.33,14.0,0.0,40.0
2023-09-13,1592.97,1619.3,1581.88,1607.62,223409.2889,25840.1,26405.22,25764.17,26222.0,31610.82753,36952813854,3189751333,4495263424.0,1.0,13.48,121.0549,41.0,5.33,14.0,0.0,40.0
2023-09-14,1607.61,1644.29,1607.05,1626.47,275301.1505,26222.0,26860.49,26126.77,26522.73,38333.1725,37282852471,3237798087,4540136496.0,0.9999,12.82,121.2395,45.0,5.33,14.0,0.0,40.0
2023-09-15,1626.48,1654.08,1611.42,1641.29,181340.024,26522.73,26888.0,26224.0,26600.0,26227.29369,37581179876,3265661741,4592992479.0,1.0,13.79,121.199,45.0,5.33,14.0,0.0,40.0
2023-09-16,1641.3,1653.17,1631.31,1634.4,99555.4671,26599.99,26777.0,26445.0,26559.67,13960.93351,38742718445,3297545028,4629573426.0,0.9999,,,43.0,5.33,14.0,0.0,40.0
2023-09-17,1634.4,1635.0,1612.0,1622.48,120227.4117,26559.67,26623.25,26399.0,26527.51,12998.10277,38521684612,3290534992,4599661124.0,0.9998,,,46.0,5.33,16.0,0.0,39.0
2023-09-18,1622.48,1669.5,1603.88,1636.66,279041.6978,26527.5,27409.0,26377.35,26762.51,43000.43256,38321101268,3248892445,4587408236.0,0.9999,14.0,121.1938,46.0,5.33,16.0,0.0,39.0
2023-09-19,1636.66,1661.04,1626.32,1643.12,184282.4258,26762.5,27483.57,26667.79,27210.26,36190.52187,38538760666,3239133791,4626621466.0,0.9998,14.11,121.1645,46.0,5.33,16.0,0.0,39.0
2023-09-20,1643.13,1649.34,1604.51,1622.26,232844.2347,27210.25,27388.63,26800.0,27125.0,34207.21867,38760878030,3254466647,4693248572.0,0.9999,15.14,120.9648,47.0,5.33,16.0,0.0,39.0
2023-09-21,1622.27,1625.3,1567.77,1583.94,240627.544,27125.01,27159.6,26377.7,26568.08,34476.82662,38455598686,3228643502,4669690500.0,1.0001,17.54,121.5528,47.0,5.33,16.0,0.0,39.0
2023-09-22,1583.94,1602.68,1576.58,1593.08,124886.091,26568.08,26743.38,26468.77,26580.14,18198.2292,37749991197,3167907222,4574303705.0,1.0,17.2,121.5306,43.0,5.33,16.0,0.0,39.0
2023-09-23,1593.07,1598.24,1587.45,1593.86,64537.1341,26580.14,26632.81,26509.0,26575.96,9440.7026,37937867180,3187240924,4612036992.0,1.0,,,47.0,5.33,16.0,0.0,39.0
2023-09-24,1593.85,1601.12,1570.01,1580.71,137517.8533,26575.97,26738.54,26122.08,26248.38,15706.65771,37858433737,3183074770,4598924616.0,0.9999,,,44.0,5.33,14.0,0.0,39.0
2023-09-25,1580.71,1597.5,1563.01,1588.33,176706.9277,26248.39,26446.15,25990.46,26304.81,26266.2039,37476467124,3143072546,4547918227.0,1.0002,16.9,122.1143,47.0,5.33,14.0,0.0,39.0
2023-09-26,1588.34,1599.78,1580.05,1594.01,125583.0161,26304.8,26397.46,26088.34,26221.67,18495.35066,37695045233,3163220744,4628422403.0,1.0005,18.94,122.4742,46.0,5.33,14.0,0.0,39.0
2023-09-27,1594.02,1634.1,1583.5,1598.64,274404.4328,26221.68,26850.0,26112.06,26372.99,34771.57978,37715187401,3166267257,4636654447.0,1.0007,18.22,122.9895,44.0,5.33,14.0,0.0,39.0
2023-09-28,1598.63,1668.21,1598.14,1652.99,331409.7015,26373.0,27308.48,26342.4,27021.39,44517.83491,37723726404,3164460650,4662074168.0,1.0002,17.34,122.5342,46.0,5.33,14.0,0.0,39.0
2023-09-29,1653.0,1688.0,1648.37,1667.45,251975.6728,27021.39,27244.89,26665.16,26906.96,28478.76219,38450395086,3209069656,4795960912.0,1.0001,17.52,122.3077,48.0,5.33,14.0,0.0,39.0
2023-09-30,1667.45,1694.32,1666.19,1670.89,136924.9141,26906.96,27094.99,26886.31,26962.56,12804.62307,38556848920,3213325498,4838484959.0,0.9998,,,47.0,5.33,14.0,0.0,39.0
2023-10-01,1670.89,1751.0,1668.0,1733.79,225611.5868,26962.57,28065.51,26954.09,27992.57,24602.81468,38564250608,3208041366,4798802768.0,1.0001,,,48.0,5.33,14.0,0.0,41.0
2023-10-02,1733.8,1744.0,1636.79,1662.4,378575.6898,27992.58,28580.0,27281.44,27494.51,57071.14241,39522987024,3281049395,4984316294.0,0.9998,17.61,123.0545,50.0,5.33,14.0,0.0,41.0
2023-10-03,1662.41,1670.65,1643.0,1656.88,198287.1164,27494.51,27676.52,27160.5,27426.46,28928.96555,38637519450,3220923270,4870678145.0,1.0,19.78,123.7848,50.0,5.33,14.0,0.0,41.0
2023-10-04,1656.88,1657.66,1625.0,1646.58,222861.7167,27426.45,27839.72,27202.0,27778.57,29816.142,38344384834,3168827558,4822119733.0,1.0001,18.58,123.5946,49.0,5.33,14.0,0.0,41.0
2023-10-05,1646.58,1655.47,1606.73,1611.79,237378.7449,27778.57,28120.39,27352.0,27410.39,30681.49619,38526961778,3177889554,4840541193.0,1.0,18.49,123.8993,48.0,5.33,14.0,0.0,41.0
2023-10-06,1611.79,1662.0,1611.68,1645.03,220507.9286,27410.39,28295.0,27175.94,27931.09,37983.24277,38170122236,3128076251,4779929939.0,0.9996,17.45,123.3563,50.0,5.33,14.0,0.0,41.0
2023-10-07,1645.03,1647.71,1630.03,1633.57,101241.5732,27931.1,28029.67,27842.08,27956.67,13348.83825,38561623246,3183615392,4859751831.0,0.9995,,,49.0,5.33,14.0,0.0,41.0
2023-10-08,1633.56,1641.4,1616.17,1632.84,149424.6635,27956.67,28095.14,27687.5,27917.05,19693.56921,38487078637,3166445175,4872508362.0,0.9995,,,50.0,5.33,13.0,0.0,38.0
2023-10-09,1632.85,1636.0,1546.0,1580.13,340141.0988,27917.06,27987.93,27260.0,27590.12,31534.74639,38285341519,3095161180,4823102089.0,0.9997,17.7,,50.0,5.33,13.0,0.0,38.0
2023-10-10,1580.13,1594.9,1550.55,1567.63,240659.3287,27590.12,27735.0,27298.0,27390.12,22776.84383,37529338866,3060141671,4691325354.0,0.9999,17.03,122.9282,50.0,5.33,13.0,0.0,38.0
2023-10-11,1567.62,1578.43,1544.26,1566.87,260253.9671,27390.12,27477.39,26538.66,26875.52,37349.44706,36909481191,3042706983,4671745830.0,1.0003,16.09,122.7697,47.0,5.33,13.0,0.0,38.0
2023-10-12,1566.86,1568.56,1521.0,1539.61,237221.4977,26875.52,26947.04,26555.0,26759.63,23428.64112,36593478439,3028849270,4611461262.0,1.0003,16.69,123.2101,45.0,5.33,13.0,0.0,38.0
2023-10-13,1539.61,1575.36,1537.76,1552.16,192205.8736,26759.63,27130.0,26685.0,26862.0,24115.76499,36049990364,2993932166,4527042393.0,1.0003,19.32,123.5954,44.0,5.33,13.0,0.0,38.0
2023-10-14,1552.16,1561.72,1544.55,1554.94,100314.6754,26862.0,26989.58,26789.0,26852.48,10417.25576,36598732584,3014216421,4583515943.0,1.0001,,,47.0,5.33,13.0,0.0,38.0
2023-10-15,1554.94,1567.62,1547.44,1557.77,120311.2738,26852.48,27293.33,26808.25,27154.15,15274.6917,36641742772,3026012058,4594748647.0,0.9999,,,45.0,5.33,14.0,0.0,42.0
2023-10-16,1557.78,1639.43,1555.06,1599.42,418510.8644,27154.14,30000.0,27112.66,28500.78,78399.22445,36675242247,3021386262,4614738617.0,0.9997,17.21,123.3185,47.0,5.33,14.0,0.0,42.0
2023-10-17,1599.41,1600.53,1551.08,1565.01,234817.0699,28500.77,28613.65,28069.32,28395.91,38428.44532,37309392678,3072264576,4734650524.0,0.9997,17.88,123.1202,52.0,5.33,14.0,0.0,42.0
2023-10-18,1565.01,1585.42,1555.88,1563.44,177750.2253,28395.91,28982.36,28142.87,28320.0,32162.47591,36888098479,3024008380,4691015877.0,0.9999,19.22,123.8148,50.0,5.33,14.0,0.0,42.0
2023-10-19,1563.45,1574.45,1541.61,1566.57,216217.6675,28320.0,28916.89,28100.66,28713.71,35895.50179,36544888207,3014230317,4688860689.0,0.9996,21.4,123.798,52.0,5.33,14.0,0.0,42.0
2023-10-20,1566.57,1630.4,1561.19,1603.89,315995.792,28713.71,30207.55,28578.29,29669.04,59422.0992,36783421750,3020532277,4727890088.0,0.9995,21.71,123.612,53.0,5.33,14.0,0.0,42.0
2023-10-21,1603.88,1644.53,1592.36,1628.94,176419.4092,29669.05,30379.99,29464.77,29909.8,27517.51897,37406042763,3056596484,4811123949.0,0.9996,,,63.0,5.33,14.0,0.0,42.0
2023-10-22,1628.94,1667.8,1621.1,1663.7,228650.9225,29909.8,30248.0,29640.0,29992.46,22852.54563,38069118558,3121406922,4959176006.0,0.9998,,,53.0,5.33,15.0,0.0,61.0
2023-10-23,1663.69,1800.0,1657.07,1765.46,610931.9663,29992.46,34741.91,29883.6,33069.99,93513.64246,38719725055,3191392824,5065497727.0,0.9996,20.37,123.2846,53.0,5.33,15.0,0.0,61.0
2023-10-24,1765.47,1854.38,1756.21,1784.98,674055.1375,33069.99,35280.0,32832.34,33922.73,115265.02418,40806134572,3332256125,5410317378.0,1.0,18.97,123.6416,66.0,5.33,15.0,0.0,61.0
2023-10-25,1784.98,1817.69,1760.0,1787.15,354410.8294,33922.73,35132.85,33679.05,34496.05,54887.02529,40693601966,3319234376,5417931614.0,0.9998,20.19,123.7871,72.0,5.33,15.0,0.0,61.0
2023-10-26,1787.15,1865.54,1762.21,1803.38,431169.0453,34496.05,34824.13,33751.0,34151.66,39744.66255,41122798952,3332396673,5456268733.0,0.9999,20.68,124.0064,71.0,5.33,15.0,0.0,61.0
2023-10-27,1803.39,1803.91,1744.66,1779.4,274532.6921,34151.66,34245.0,33390.95,33892.02,32330.40106,41101294110,3341243676,5461834593.0,0.9999,21.27,123.62,70.0,5.33,15.0,0.0,61.0
2023-10-28,1779.41,1803.23,1770.0,1776.2,122919.7382,33892.01,34493.33,33860.0,34081.0,16880.13144,40762458192,3328218814,5424495418.0,0.9999,,,65.0,5.33,15.0,0.0,61.0
2023-10-29,1776.21,1811.3,1762.66,1795.14,144110.6508,34081.01,34750.11,33930.0,34525.89,20685.52176,41243799688,3325987338,5409383400.0,0.9997,,,72.0,5.33,13.0,0.0,52.0
2023-10-30,1795.14,1829.84,1777.77,1809.04,277686.192,34525.88,34856.0,34062.84,34474.73,33657.95976,41651341145,3352848614,5491033999.0,0.9996,19.75,123.4076,68.0,5.33,13.0,0.0,52.0
2023-10-31,1809.03,1819.41,1780.99,1814.67,258074.5796,34474.74,34720.49,34025.0,34639.77,32737.89822,42287883980,3416052972,5584127680.0,0.9996,18.14,123.8364,66.0,5.33,13.0,0.0,52.0
2023-11-01,1814.67,1857.66,1783.19,1846.99,471921.6184,34639.78,35582.0,34097.39,35421.43,53473.28165,41957583422,3331561717,5504825526.0,0.9997,16.87,123.7922,66.0,5.33,13.0,0.0,52.0
2023-11-02,1846.99,1875.0,1785.01,1800.8,368738.2193,35421.43,35984.99,34300.0,34941.59,48015.57732,42872290546,3378539554,5623343052.0,0.9998,15.66,122.8818,72.0,5.33,13.0,0.0,52.0
2023-11-03,1800.79,1834.58,1777.11,1832.71,315000.2678,34941.58,34946.5,34120.0,34716.78,39071.20644,42099528379,3284719078,5305963768.0,0.9997,14.91,121.7564,65.0,5.33,13.0,0.0,52.0
2023-11-04,1832.7,1869.9,1824.03,1855.54,171538.0364,34716.78,35255.0,34585.18,35062.07,18377.55545,42919054803,3371874489,5659260905.0,0.9995,,,68.0,5.33,13.0,0.0,52.0
2023-11-05,1855.54,1912.67,1846.11,1891.71,383106.7628,35062.06,35380.0,34448.0,35011.88,24528.73376,43691190207,3408363488,5659769927.0,0.9994,,,70.0,5.33,14.0,0.0,74.0
2023-11-06,1891.71,1914.23,1868.48,1900.95,328746.2394,35011.89,35276.33,34725.9,35046.09,22346.47086,43648466438,3409140789,5625325977.0,0.9997,14.89,121.6484,74.0,5.33,14.0,0.0,74.0
2023-11-07,1900.95,1906.99,1850.32,1885.27,332419.4406,35046.09,35888.0,34523.06,35399.12,38688.73692,43850867683,3406061940,5610834046.0,0.9996,14.81,122.0777,68.0,5.33,14.0,0.0,74.0
2023-11-08,1885.26,1904.69,1872.51,1888.12,247881.0997,35399.13,36106.0,35100.0,35624.72,33401.34137,43854437514,3428411393,5655776359.0,0.9997,14.45,122.0926,66.0,5.33,14.0,0.0,74.0
2023-11-09,1888.11,2132.0,1882.07,2121.32,1100330.3237,35624.72,37972.24,35534.05,36701.09,82537.88885,44368871296,3454697326,5715252439.0,0.9998,15.29,122.1281,69.0,5.33,14.0,0.0,74.0
2023-11-10,2121.33,2136.99,2064.61,2077.72,555573.6495,36701.1,37526.0,36324.71,37301.63,43414.04898,46659342736,3665764945,6139029178.0,0.9994,14.17,,70.0,5.33,14.0,0.0,74.0
2023-11-11,2077.72,2089.6,2030.3,2053.17,370966.0372,37301.63,37408.26,36666.93,37130.0,22984.97235,46740189063,3650754562,6090931865.0,0.9998,,,70.0,5.33,14.0,0.0,74.0
2023-11-12,2053.16,2066.5,2012.1,2044.68,281907.559,37129.99,37222.22,36731.1,37064.13,17687.18874,46547821863,3614282309,6033004990.0,0.9995,,,73.0,5.33,16.0,0.0,66.0
2023-11-13,2044.69,2118.0,2028.49,2053.65,529143.5815,37064.13,37417.99,36333.0,36462.93,32798.18252,46752924445,3632739718,6108796449.0,0.9997,14.76,122.4264,72.0,5.33,16.0,0.0,66.0
2023-11-14,2053.65,2064.96,1936.6,1979.39,481909.733,36462.93,36744.0,34800.0,35551.19,45503.68416,45969059176,3603354998,5850246531.0,0.9998,14.16,121.35,69.0,5.33,16.0,0.0,66.0
2023-11-15,1979.4,2062.4,1967.01,2058.48,421870.8032,35551.2,37980.0,35360.0,37858.2,53569.13385,45501891961,3562563233,5687301556.0,0.9996,14.18,121.0749,60.0,5.33,16.0,0.0,66.0
2023-11-16,2058.49,2090.4,1939.1,1961.77,545286.1297,37858.2,37929.54,35500.0,36163.51,47490.39566,47220154912,3689660543,5942589017.0,0.9999,14.32,121.1754,70.0,5.33,16.0,0.0,66.0
2023-11-17,1961.77,1991.5,1904.0,1960.82,401100.5069,36163.51,36800.0,35861.1,36613.92,38283.61112,45487940364,3582615844,5652128127.0,0.9996,13.8,120.8477,63.0,5.33,16.0,0.0,66.0
2023-11-18,1960.82,1971.22,1916.0,1962.6,279368.2208,36613.91,36845.49,36178.58,36568.1,17102.24186,45598841170,3553046640,5654371374.0,0.9996,,,69.0,5.33,16.0,0.0,66.0
2023-11-19,1962.59,2015.75,1942.89,2011.47,251132.6192,36568.11,37500.0,36384.02,37359.86,21246.34648,45800034836,3546640500,5664042889.0,0.9996,,,66.0,5.33,17.0,0.0,59.0
2023-11-20,2011.47,2066.4,1990.0,2021.4,421717.679,37359.85,37750.0,36677.0,37448.78,36022.70291,46798266528,3657152372,5780540819.0,0.9993,13.41,120.2533,69.0,5.33,17.0,0.0,59.0
2023-11-21,2021.41,2034.6,1931.43,1933.01,490163.9863,37448.79,37649.44,35735.0,35741.65,47646.54804,46818530363,3667310408,5783037443.0,0.9996,13.35,120.2241,71.0,5.33,17.0,0.0,59.0
2023-11-22,1933.01,2092.46,1928.41,2063.21,466120.5109,35741.65,37861.1,35632.01,37408.34,45051.30697,44864770654,3493732050,5540753007.0,0.9997,12.85,120.6802,62.0,5.33,17.0,0.0,59.0
2023-11-23,2063.22,2088.94,2040.35,2062.2,250960.6958,37408.35,37653.44,36870.0,37294.28,23827.92882,46780419409,3750438349,5842850083.0,0.9999,12.8,,66.0,5.33,17.0,0.0,59.0
2023-11-24,2062.21,2133.02,2059.37,2080.84,426932.5402,37294.27,38414.0,37251.51,37713.57,44680.80646,46785774971,3743423229,5836868111.0,0.9992,12.46,120.2105,66.0,5.33,17.0,0.0,59.0
2023-11-25,2080.84,2090.54,2065.3,2083.09,138847.393,37713.57,37888.0,37591.1,37780.67,11396.14464,47074046318,3737769243,5879227962.0,0.9995,,,73.0,5.33,17.0,0.0,59.0
2023-11-26,2083.1,2094.99,2036.42,2062.33,241262.9136,37780.67,37814.63,37150.0,37447.43,21264.53723,46944464087,3738857990,5871305862.0,0.9997,,,73.0,5.33,18.0,0.0,57.0
2023-11-27,2062.34,2071.24,1985.78,2027.5,326073.2298,37447.42,37569.23,36707.0,37242.7,30001.07376,46202903676,3745543256,5824094339.0,1.0,12.69,120.173,66.0,5.33,18.0,0.0,57.0
2023-11-28,2027.5,2075.0,1995.15,2048.14,283775.9279,37242.7,38377.0,36868.41,37818.87,37544.46667,45641725712,3701851743,5713337693.0,0.9995,12.69,119.5904,68.0,5.33,18.0,0.0,57.0
2023-11-29,2048.14,2075.7,2019.31,2028.81,254843.7319,37818.88,38450.0,37570.0,37854.64,32994.19107,46132204002,3712621849,5788574619.0,0.9999,12.98,119.8159,72.0,5.33,18.0,0.0,57.0
2023-11-30,2028.8,2054.75,2020.85,2051.96,243680.0921,37854.65,38145.85,37500.0,37723.96,24740.29147,45947109543,3699064977,5751848926.0,0.9999,12.92,120.2434,74.0,5.33,18.0,0.0,57.0
2023-12-01,2051.95,2110.87,2045.04,2087.24,372645.586,37723.97,38999.0,37615.86,38682.52,43415.66324,46249530158,3765056357,5793565368.0,0.9995,12.63,119.9424,71.0,5.33,18.0,0.0,57.0
2023-12-02,2087.24,2186.6,2086.25,2164.74,320979.9768,38682.51,39717.14,38641.61,39450.35,26696.92161,46835990405,3819576045,5867884647.0,0.9996,,,74.0,5.33,18.0,0.0,57.0
2023-12-03,2164.75,2217.27,2149.0,2192.95,257879.1136,39450.35,40250.0,39274.86,39972.26,26710.65335,48106188110,3910857371,6109210752.0,0.9997,,,73.0,5.33,18.0,0.0,95.0
2023-12-04,2192.96,2274.28,2191.0,2243.37,565307.7134,39972.26,42420.0,39972.26,41991.1,79272.33059,48589362175,3902805167,6171465716.0,1.0,13.08,120.4727,74.0,5.33,18.0,0.0,95.0
2023-12-05,2243.36,2309.72,2188.33,2293.33,529829.7214,41991.1,44488.0,41414.0,44073.32,67490.74644,49209604321,3935311121,6273371286.0,0.9999,12.85,120.7913,75.0,5.33,18.0,0.0,95.0
2023-12-06,2293.33,2312.23,2220.0,2232.7,408338.9056,44073.82,44297.21,43335.28,43762.69,51431.10492,50340064125,4001207713,6477646024.0,0.9999,12.97,120.5334,72.0,5.33,18.0,0.0,95.0
2023-12-07,2232.7,2382.8,2222.0,2355.73,485190.0609,43762.69,44047.33,42821.1,43273.14,47103.26845,49520577357,3920983181,6339870366.0,0.9998,13.06,120.6013,72.0,5.33,18.0,0.0,95.0
2023-12-08,2355.74,2392.0,2336.34,2358.72,378569.8126,43273.15,44700.0,43081.1,44170.99,42900.37556,51011762745,4061871335,6607199293.0,0.9997,12.35,120.7607,72.0,5.33,18.0,0.0,95.0
2023-12-09,2358.71,2403.0,2328.01,2340.49,287771.0664,44171.0,44358.02,43584.51,43713.6,24925.97008,51819114331,4135038205,6674341762.0,0.9996,,,73.0,5.33,18.0,0.0,95.0
2023-12-10,2340.48,2377.47,2320.0,2352.39,200037.2102,43713.59,44049.0,43563.0,43789.51,18956.61758,51030052423,4104321935,6536826208.0,0.9999,,,74.0,5.33,15.0,0.0,74.0
2023-12-11,2352.39,2355.0,2156.62,2225.12,640414.9166,43789.5,43804.5,40222.0,41253.4,76663.89804,50629345777,4031679196,6550122330.0,1.0004,12.63,120.9279,74.0,5.33,15.0,0.0,74.0
2023-12-12,2225.11,2244.12,2166.0,2203.46,361588.9087,41253.41,42104.12,40680.0,41492.39,42722.69773,49280079604,4050890882,6194522942.0,1.0005,12.07,120.6817,67.0,5.33,15.0,0.0,74.0
2023-12-13,2203.47,2284.02,2144.32,2260.16,418916.6154,41492.38,43475.2,40555.0,42869.03,45865.99773,48968046269,4031226039,6143745220.0,0.9999,12.19,121.1571,65.0,5.33,15.0,0.0,74.0
2023-12-14,2260.16,2332.11,2228.2,2315.32,409508.0931,42869.03,43420.0,41400.0,43022.26,42047.05709,50167494986,4081322605,6383252753.0,0.9999,12.48,119.5683,72.0,5.33,15.0,0.0,74.0
2023-12-15,2315.32,2317.81,2200.0,2220.5,333552.6328,43022.26,43080.81,41666.0,41940.3,33421.7932,51330204876,4080564329,6515205520.0,1.0,12.28,119.7382,70.0,5.33,15.0,0.0,74.0
2023-12-16,2220.51,2263.4,2210.0,2228.96,199285.923,41940.29,42724.43,41605.0,42278.03,24118.85747,49660737664,4070994058,6282219315.0,1.0008,,,67.0,5.33,15.0,0.0,74.0
2023-12-17,2228.96,2248.68,2191.5,2196.52,225925.7675,42278.02,42424.07,41252.0,41374.65,27722.11452,49971620767,4061651774,6325334296.0,1.0009,,,73.0,5.33,15.0,0.0,70.0
2023-12-18,2196.53,2224.0,2116.6,2219.43,364103.1181,41374.64,42757.81,40542.93,42657.8,46734.0925,49410260163,3990259861,6237361238.0,1.0002,12.56,119.9102,65.0,5.33,15.0,0.0,70.0
2023-12-19,2219.44,2255.0,2135.55,2177.91,383551.4049,42657.8,43497.0,41811.1,42275.99,40927.86444,50388697364,4048058557,6326462374.0,1.0002,12.53,119.4632,73.0,5.33,15.0,0.0,70.0
2023-12-20,2177.9,2266.0,2156.0,2202.17,416841.6272,42275.99,44283.0,42206.0,43668.93,48710.2947,49945469800,4022410164,6219634891.0,0.9999,13.67,119.5435,74.0,5.33,15.0,0.0,70.0
2023-12-21,2202.17,2279.31,2182.98,2239.61,453069.7252,43668.92,44242.35,43286.72,43861.8,34624.29384,50993528992,4262014990,6314813039.0,0.9999,13.65,119.3168,70.0,5.33,15.0,0.0,70.0
2023-12-22,2239.6,2343.15,2230.59,2324.54,591357.488,43861.79,44398.26,43412.54,43969.04,32783.19638,51669804020,4054821630,6411155933.0,0.9993,13.03,119.0625,74.0,5.33,15.0,0.0,70.0
2023-12-23,2324.54,2330.65,2265.0,2308.2,255626.9352,43969.04,43988.68,43291.1,43702.16,16557.1293,52633408349,4081856116,6589044350.0,0.9997,,,70.0,5.33,15.0,0.0,70.0
2023-12-24,2308.2,2326.19,2245.0,2264.05,307951.076,43702.15,43946.0,42500.0,42991.5,25144.33496,52752098195,4084990750,6561909772.0,0.9995,,,71.0,5.33,13.0,0.0,74.0
2023-12-25,2264.04,2304.8,2253.1,2271.35,286277.1616,42991.5,43802.32,42720.43,43576.13,27021.23992,52332638778,4088762214,6464163574.0,0.9998,,,73.0,5.33,13.0,0.0,74.0
2023-12-26,2271.36,2274.99,2178.45,2230.88,410413.1591,43576.12,43592.68,41637.6,42508.93,41010.04282,52536725524,3613721699,6525985245.0,1.0001,12.99,118.8875,71.0,5.33,13.0,0.0,74.0
2023-12-27,2230.88,2392.44,2211.88,2378.35,541537.3574,42508.93,43677.0,42098.69,43428.85,36191.21136,52219902239,3609431685,6449907474.0,0.9993,12.43,118.4729,73.0,5.33,13.0,0.0,74.0
2023-12-28,2378.35,2445.8,2335.0,2344.15,580459.982,43428.86,43787.57,42241.79,42563.76,35150.52485,54174270118,3792380895,6862490578.0,0.9996,12.47,118.4104,73.0,5.33,13.0,0.0,74.0
2023-12-29,2344.15,2385.41,2255.34,2299.2,450201.2069,42563.76,43111.0,41300.0,42066.95,42597.18912,53415231067,3738925559,6739691597.0,0.9998,12.45,118.4208,65.0,5.33,13.0,0.0,74.0
2023-12-30,2299.2,2322.84,2268.0,2291.68,210539.1327,42066.94,42612.32,41520.3,42140.28,22906.57818,52749025422,3711771741,6621748014.0,1.0,,,68.0,5.33,13.0,0.0,74.0
2023-12-31,2291.68,2321.34,2258.88,2281.87,222175.8779,42140.29,42899.0,41965.84,42283.58,23585.91603,52810902969,3726205092,6606956087.0,1.0003,,,67.0,5.33,15.0,1.0,73.0
2024-01-01,2281.87,2352.37,2265.24,2352.04,216702.6914,42283.58,44184.1,42180.77,44179.55,27174.29903,52599714575,3712660765,6628392894.0,0.9999,,,65.0,5.33,15.0,1.0,73.0
2024-01-02,2352.05,2431.3,2341.0,2355.34,458041.6642,44179.55,45879.63,44148.34,44946.91,65146.40661,54770861270,3832802257,6849093339.0,0.9997,13.2,119.2686,71.0,5.33,15.0,1.0,73.0
2024-01-03,2355.35,2385.45,2100.0,2209.72,798729.4869,44946.91,45500.0,40750.0,42845.23,81194.55173,54630763766,3825481818,6853216354.0,0.9995,14.04,119.6958,70.0,5.33,15.0,1.0,73.0
2024-01-04,2209.72,2294.69,2201.91,2267.11,448844.055,42845.23,44729.58,42613.77,44151.1,48038.06334,52079923354,3658153416,6444211054.0,0.9991,14.13,119.6208,68.0,5.33,15.0,1.0,73.0
2024-01-05,2267.11,2277.21,2206.17,2268.78,405568.0006,44151.1,44357.46,42450.0,44145.11,48075.25327,53606835381,3727835526,6646272999.0,0.9993,13.35,119.388,72.0,5.33,15.0,1.0,73.0
2024-01-06,2268.78,2270.0,2216.4,2240.78,194067.8656,44145.12,44214.42,43397.05,43968.32,17835.06144,53202448825,3703819804,6795855754.0,0.9995,,,70.0,5.33,15.0,1.0,73.0
2024-01-07,2240.77,2258.01,2203.46,2221.42,207138.6927,43968.32,44480.59,43572.09,43929.02,23023.8508,52762612008,3701512382,6745052096.0,0.9994,,,71.0,5.33,9.0,0.0,59.0
2024-01-08,2221.42,2358.2,2166.38,2330.44,539407.5547,43929.01,47248.99,43175.0,46951.04,72814.57589,52050778304,4064144132,6648641405.0,0.9992,13.08,119.2506,71.0,5.33,9.0,0.0,59.0
2024-01-09,2330.43,2371.72,2226.78,2344.29,551454.9931,46951.04,47972.0,44748.67,46110.0,69927.66617,54048592936,4148107796,6960442334.0,0.9998,12.76,119.6666,76.0,5.33,9.0,0.0,59.0
2024-01-10,2344.3,2643.1,2339.59,2584.38,1038388.666,46110.0,47695.93,44300.36,46653.99,89911.41203,54184013250,4241100622,7000972250.0,0.9997,12.69,119.7614,73.0,5.33,9.0,0.0,59.0
2024-01-11,2584.37,2689.39,2566.01,2618.01,838712.2577,46654.0,48969.48,45606.06,46339.16,87470.3296,57362518301,4429896112,7625851529.0,1.0,12.44,119.8916,76.0,5.33,9.0,0.0,59.0
2024-01-12,2618.01,2717.32,2458.0,2522.54,887457.7627,46339.16,46515.53,41500.0,42782.73,86327.93707,57743866790,4448909441,7735464900.0,1.0004,12.7,119.534,71.0,5.33,9.0,0.0,59.0
2024-01-13,2522.55,2590.0,2497.5,2578.19,422061.232,42782.74,43257.0,42436.12,42847.99,36118.47464,55542313385,4334564638,7400179017.0,1.0002,,,64.0,5.33,9.0,0.0,59.0
2024-01-14,2578.18,2578.69,2470.0,2472.87,306207.7463,42847.99,43079.0,41720.0,41732.35,28228.40894,56361177709,4419600830,7527115208.0,1.0007,,,60.0,5.33,10.0,0.0,44.0
2024-01-15,2472.87,2553.82,2470.92,2511.78,315247.8819,41732.35,43400.43,41718.05,42511.1,40269.89303,55601751304,4363421133,7348678383.0,1.0006,13.25,,52.0,5.33,10.0,0.0,44.0
2024-01-16,2511.79,2614.43,2500.05,2587.4,381077.6247,42511.1,43578.01,42050.0,43137.95,45045.74589,55870487201,4387176308,7438792937.0,1.0003,13.84,120.5759,64.0,5.33,10.0,0.0,44.0
2024-01-17,2587.41,2592.97,2506.75,2530.19,366281.3477,43137.94,43198.0,42200.69,42776.1,33266.21388,56676991770,4468851130,7537526422.0,1.001,14.79,121.0402,60.0,5.33,10.0,0.0,44.0
2024-01-18,2530.2,2550.0,2428.56,2470.81,452090.1074,42776.09,42930.0,40683.28,41327.5,43907.51641,56009287142,4393439725,7370181187.0,1.001,14.13,120.8895,63.0,5.33,10.0,0.0,44.0
2024-01-19,2470.81,2504.2,2415.2,2492.0,424209.0029,41327.51,42196.86,40280.0,41659.03,48342.74559,54894190080,4291940012,7229174387.0,1.0009,13.3,120.6442,51.0,5.33,10.0,0.0,44.0
2024-01-20,2491.99,2492.0,2454.2,2472.01,136620.9577,41659.03,41872.56,41456.3,41696.04,15923.99493,55068626767,4339333041,7225072957.0,1.0007,,,52.0,5.33,10.0,0.0,44.0
2024-01-21,2472.02,2482.18,2452.13,2457.05,122572.1687,41696.05,41881.39,41500.98,41580.33,11730.16301,55046829134,4327815059,7258826806.0,1.0006,,,56.0,5.33,9.0,0.0,36.0
2024-01-22,2457.06,2466.1,2303.59,2314.2,526337.6492,41580.32,41689.65,39431.58,39568.02,55426.19911,54884414103,4336745101,7191881115.0,1.0012,13.19,120.6178,55.0,5.33,9.0,0.0,36.0
2024-01-23,2314.19,2352.23,2168.07,2242.6,700105.3314,39568.02,40176.74,38555.0,39897.6,57956.63351,52885902872,4150345948,6763908456.0,1.0008,12.55,121.1001,50.0,5.33,9.0,0.0,36.0
2024-01-24,2242.6,2264.6,2196.12,2235.02,359851.1496,39897.59,40555.0,39484.19,40084.88,39293.82861,52263235883,4063329531,6674985460.0,1.0005,13.14,120.4916,48.0,5.33,9.0,0.0,36.0
2024-01-25,2235.02,2242.89,2171.3,2218.64,330426.6061,40084.89,40300.24,39550.0,39961.09,31022.11853,52452758697,4077040102,6690268059.0,1.0005,13.45,120.8311,52.0,5.33,9.0,0.0,36.0
2024-01-26,2218.64,2282.36,2195.84,2267.68,363566.4255,39961.09,42246.82,39822.52,41823.51,47384.96726,52462851418,4064324321,6688875413.0,1.0002,13.26,120.6173,49.0,5.33,9.0,0.0,36.0
2024-01-27,2267.67,2282.94,2251.4,2267.94,145109.3836,41823.51,42200.0,41394.34,42120.63,16224.41667,53815645931,4154549029,6896436107.0,1.0001,,,55.0,5.33,9.0,0.0,36.0
2024-01-28,2267.94,2308.24,2239.89,2256.9,209326.9087,42120.63,42842.68,41620.81,42031.06,27294.99838,54055575795,4093631754,6902065806.0,1.0001,,,54.0,5.33,10.0,0.0,31.0
2024-01-29,2256.9,2322.34,2233.8,2317.6,305528.0776,42031.05,43333.0,41804.88,43302.7,31542.74207,54006439172,4089610731,6871555659.0,1.0,13.6,120.8538,55.0,5.33,10.0,0.0,31.0
2024-01-30,2317.61,2391.98,2297.0,2343.01,372879.5791,43302.71,43882.36,42683.99,42941.1,37619.24546,55171857135,4163772304,6947968839.0,1.0001,13.31,120.6025,61.0,5.33,10.0,0.0,31.0
2024-01-31,2343.0,2351.6,2263.57,2283.14,397116.1859,42941.1,43745.11,42276.84,42580.0,39871.13688,55004372066,4186994056,6938434812.0,1.0006,14.35,120.4331,60.0,5.33,10.0,0.0,31.0
2024-02-01,2283.15,2311.72,2240.0,2304.28,310997.4538,42580.0,43285.13,41884.28,43082.94,35231.04664,53880057079,4065308869,6811813368.0,1.0003,13.88,120.3335,63.0,5.33,10.0,0.0,31.0
2024-02-02,2304.28,2324.74,2281.94,2309.06,238230.511,43082.95,43488.0,42546.79,43200.0,29672.14418,54673230224,4131088907,6920362657.0,1.0005,13.85,120.902,63.0,5.33,10.0,0.0,31.0
2024-02-03,2309.07,2329.98,2292.75,2296.49,133232.845,43199.99,43380.01,42880.0,43011.09,12033.40998,54998427742,4128534546,6968147015.0,1.0003,,,60.0,5.33,10.0,0.0,31.0
2024-02-04,2296.5,2311.0,2266.0,2289.79,171232.0444,43011.1,43119.04,42222.0,42582.88,17066.89404,54525686746,4108465256,6914746010.0,1.0004,,,60.0,5.33,9.0,0.0,36.0
2024-02-05,2289.79,2338.41,2269.11,2301.83,236610.412,42582.88,43569.76,42258.1,42708.7,29467.75905,54436885977,4100253007,6936586370.0,1.0013,13.67,121.349,60.0,5.33,9.0,0.0,36.0
2024-02-06,2301.84,2392.4,2299.0,2372.64,368942.7498,42708.7,43399.98,42574.0,43098.95,24675.85433,55916036702,4149197721,6967544716.0,1.0003,13.06,120.9588,64.0,5.33,9.0,0.0,36.0
2024-02-07,2372.63,2444.44,2354.0,2425.1,342791.7013,43098.96,44396.5,42788.0,44349.6,34392.59915,57636920645,4251068659,7073906650.0,1.0002,12.83,120.9049,62.0,5.33,9.0,0.0,36.0
2024-02-08,2425.09,2463.15,2411.01,2419.55,338040.0539,44349.6,45614.3,44331.1,45288.65,45439.62231,59003999306,4320546722,7190716756.0,0.9999,12.79,121.0798,66.0,5.33,9.0,0.0,36.0
2024-02-09,2419.56,2525.0,2419.16,2486.56,492384.385,45288.66,48200.0,45242.12,47132.77,73503.481,60099723396,4322246652,7176283658.0,0.9995,12.93,121.039,72.0,5.33,9.0,0.0,36.0
2024-02-10,2486.56,2516.45,2471.57,2500.24,185099.59,47132.78,48170.0,46800.0,47751.09,24802.35936,61971527412,4402768087,7415208726.0,0.9997,,,74.0,5.33,9.0,0.0,36.0
2024-02-11,2500.24,2539.63,2493.45,2507.21,219975.1471,47751.08,48592.66,47557.16,48299.99,29958.80837,62191699395,4424464256,7477947893.0,0.9996,,,71.0,5.33,9.0,0.0,49.0
2024-02-12,2507.22,2665.58,2472.0,2659.99,449501.776,48300.0,50334.82,47710.01,49917.27,59009.96705,62401551519,4433893126,7513041002.0,0.9997,13.93,120.9378,70.0,5.33,9.0,0.0,49.0
2024-02-13,2659.99,2686.12,2590.0,2639.99,502447.745,49917.28,50368.61,48300.95,49699.59,55551.56706,64893400641,4630639609,7874473464.0,0.9995,15.85,121.5202,79.0,5.33,9.0,0.0,49.0
2024-02-14,2639.99,2786.0,2618.4,2774.81,461670.6944,49699.6,52043.71,49225.01,51795.17,57046.37401,64407526639,4538551540,7810503159.0,0.9992,14.38,121.4002,74.0,5.33,9.0,0.0,49.0
2024-02-15,2774.8,2867.65,2759.25,2822.59,481689.1874,51795.17,52816.62,51314.0,51880.0,53816.03055,67117428799,4740963033,8190341155.0,0.999,14.01,121.2121,72.0,5.33,9.0,0.0,49.0
2024-02-16,2822.58,2857.4,2740.0,2801.8,378070.8037,51880.01,52572.08,51566.0,52124.11,37772.25318,67265246672,4733805318,8332364047.0,0.9993,14.24,121.1505,72.0,5.33,9.0,0.0,49.0
2024-02-17,2801.81,2804.21,2719.01,2785.93,243302.8759,52124.1,52162.82,50625.0,51642.64,25674.00622,66955354323,4698472081,8281891582.0,0.9997,,,76.0,5.33,9.0,0.0,49.0
2024-02-18,2785.92,2895.0,2764.25,2881.2,367987.8833,51642.64,52377.0,51163.28,52137.67,21992.10363,66940306489,4691515625,8232254605.0,0.9998,,,72.0,5.33,12.0,0.0,52.0
2024-02-19,2881.2,2984.52,2856.93,2944.8,446451.0401,52137.68,52488.77,51677.0,51774.73,29534.99432,68557781475,4835532104,8418385888.0,0.9998,14.71,,75.0,5.33,12.0,0.0,52.0
2024-02-20,2944.8,3033.09,2874.56,3014.81,634681.7471,51774.74,52985.0,50760.37,52258.82,49614.47318,69730820956,4883513472,8556470271.0,0.9999,15.42,121.0199,72.0,5.33,12.0,0.0,52.0
2024-02-21,3014.81,3017.15,2868.0,2967.9,595955.0033,52258.82,52366.8,50625.0,51849.39,43079.40049,70331792161,4998085809,8639437048.0,1.0,15.34,121.0379,78.0,5.33,12.0,0.0,52.0
2024-02-22,2967.91,3036.02,2906.51,2971.4,563525.9936,51849.38,52065.78,50940.78,51288.42,35309.44574,69691875438,4936387994,8525112833.0,1.0007,14.54,121.102,74.0,5.33,12.0,0.0,52.0
2024-02-23,2971.4,2993.8,2906.05,2922.24,428826.5787,51288.42,51548.54,50521.0,50744.15,30545.79544,69800002130,4994319902,8506381001.0,1.0001,13.75,121.0369,76.0,5.33,12.0,0.0,52.0
2024-02-24,2922.25,3007.48,2906.4,2992.62,243854.0783,50744.15,51698.0,50585.0,51568.22,16560.4211,68848255791,4937596481,8374787710.0,1.0001,,,72.0,5.33,12.0,0.0,52.0
2024-02-25,2992.62,3122.0,2983.61,3112.59,412306.2237,51568.21,51958.55,51279.8,51728.85,18721.63159,70131613967,5019300036,8559096615.0,1.0001,,,74.0,5.33,10.0,0.0,83.0
2024-02-26,3112.6,3196.0,3036.59,3175.94,546722.7747,51728.85,54910.0,50901.44,54476.47,51256.72199,71654786701,5157804920,8805585946.0,0.9992,13.74,121.0592,72.0,5.33,10.0,0.0,83.0
2024-02-27,3175.95,3288.14,3160.02,3242.36,625939.1221,54476.48,57588.15,54450.13,57037.34,67194.98562,73835055076,5190790839,9093517769.0,0.9996,13.43,120.9647,79.0,5.33,10.0,0.0,83.0
2024-02-28,3242.35,3488.0,3176.16,3383.1,947538.766,57037.35,64000.0,56691.85,62432.1,118763.46984,75309392951,5206494929,9299228933.0,0.9988,13.84,121.128,82.0,5.33,10.0,0.0,83.0
2024-02-29,3383.11,3522.81,3300.0,3340.09,759698.1123,62432.11,63676.35,60364.7,61130.98,78425.07603,78455902300,5368375864,9755087873.0,0.9994,13.4,121.1824,80.0,5.33,10.0,0.0,83.0
2024-03-01,3340.1,3450.0,3338.54,3433.43,412788.5773,61130.99,63114.23,60777.0,62387.9,47737.93473,78150848990,5276228500,9848975155.0,0.9992,13.11,121.0111,80.0,5.33,10.0,0.0,83.0
2024-03-02,3433.42,3460.04,3390.01,3421.4,283984.9448,62387.9,62433.19,61561.12,61987.28,25534.73659,80584101518,5534038568,10097043925.0,0.9992,,,80.0,5.33,10.0,0.0,83.0
2024-03-03,3421.39,3491.8,3360.0,3487.81,341631.531,61987.28,63231.88,61320.0,63113.97,28994.90903,80639165189,5587136195,10087535163.0,0.9995,,,83.0,5.33,11.0,1.0,100.0
2024-03-04,3487.8,3640.94,3423.78,3627.76,715360.6361,63113.97,68499.0,62300.0,68245.71,84835.16005,82126328818,5708023859,10296141939.0,0.9987,13.49,120.872,82.0,5.33,11.0,1.0,100.0
2024-03-05,3627.75,3822.04,3200.0,3553.65,1392904.864,68245.71,69000.0,59005.0,63724.01,132696.7813,84598312045,5831580776,10734348515.0,0.9987,14.46,120.8846,90.0,5.33,11.0,1.0,100.0
2024-03-06,3553.66,3900.0,3499.4,3818.59,969494.71,63724.01,67641.1,62779.14,66074.04,78738.85491,82407597741,5667325389,10472732032.0,0.9992,14.5,120.4649,75.0,5.33,11.0,1.0,100.0
2024-03-07,3818.58,3933.81,3735.0,3868.76,540780.675,66074.04,67980.0,65551.0,66823.17,53059.8869,87719414946,5898065684,11176466831.0,0.9984,14.44,120.1909,82.0,5.33,11.0,1.0,100.0
2024-03-08,3868.76,3993.75,3820.0,3883.36,646399.2589,66823.18,69990.0,66082.66,68124.19,74261.932842,88545687244,5941402651,11302178237.0,0.9977,14.74,119.975,81.0,5.33,11.0,1.0,100.0
2024-03-09,3883.37,3942.0,3870.01,3905.21,254839.1386,68124.2,68541.1,67861.1,68313.27,19872.89743,89985888018,5974809975,11438314073.0,0.9978,,,84.0,5.33,11.0,1.0,100.0
2024-03-10,3905.2,3964.67,3791.26,3878.47,356664.68,68313.28,69887.61,68094.75,68955.88,38404.66835,90593098395,6052172036,11513011474.0,0.999,,,79.0,5.33,10.0,1.0,94.0
2024-03-11,3878.47,4086.23,3722.95,4064.8,721554.5139,68955.88,72800.0,67024.96,72078.1,75292.825726,90506957497,6005144368,11570263331.0,0.9997,15.22,120.0394,82.0,5.33,10.0,1.0,94.0
2024-03-12,4064.8,4093.92,3828.98,3979.96,632787.3941,72078.1,73000.0,68620.82,71452.01,68783.546691,94610481665,6262042348,12111611704.0,0.9998,13.84,120.1668,81.0,5.33,10.0,1.0,94.0
2024-03-13,3979.97,4083.0,3932.23,4004.79,482305.7766,71452.0,73650.25,71333.31,73072.41,52659.711647,93056333943,6142000824,11895889899.0,0.9994,13.75,119.9642,81.0,5.33,10.0,1.0,94.0
2024-03-14,4004.79,4010.98,3723.0,3881.7,648237.5245,73072.4,73777.0,68555.0,71388.94,71757.628746,94493564962,6193736625,12067356450.0,1.0002,14.4,120.241,88.0,5.33,10.0,1.0,94.0
2024-03-15,3881.69,3934.02,3570.0,3742.19,947537.4071,71388.94,72419.71,65600.0,69499.85,103334.03546,92444916574,6107198402,11759625816.0,0.9999,14.41,120.4003,83.0,5.33,10.0,1.0,94.0
2024-03-16,3742.19,3781.12,3468.8,3523.09,548288.1569,69499.84,70043.0,64780.0,65300.63,55926.95336,90187525759,5880764006,11439693078.0,1.0007,,,81.0,5.33,10.0,1.0,94.0
2024-03-17,3523.09,3678.68,3412.0,3644.71,517790.9936,65300.64,68904.4,64533.0,68393.48,49742.21589,85679353363,5573709279,10845670749.0,1.0007,,,79.0,5.33,10.0,1.0,68.0
2024-03-18,3644.7,3645.02,3454.09,3520.46,570901.2851,68393.47,68956.0,66565.2,67609.99,55691.08088,88669920685,5732130204,11141824892.0,1.0001,14.33,120.5752,77.0,5.33,10.0,1.0,68.0
2024-03-19,3520.47,3548.09,3150.88,3158.64,1049629.6936,67610.0,68124.11,61555.0,61937.4,101005.32487,86390904335,5569406308,10930140807.0,1.0005,13.82,120.9332,79.0,5.33,10.0,1.0,68.0
2024-03-20,3158.65,3535.24,3056.56,3516.53,1207322.8201,61937.41,68100.0,60775.0,67840.51,90420.58592,79672567918,5242246566,9836366100.0,0.9999,13.04,120.9289,74.0,5.33,10.0,1.0,68.0
2024-03-21,3516.53,3587.32,3412.0,3492.85,602755.2072,67840.51,68240.47,64529.01,65501.27,53357.48002,87364715588,5767534429,10971748523.0,1.0004,12.92,120.8086,78.0,5.33,10.0,1.0,68.0
2024-03-22,3492.84,3542.52,3250.0,3336.35,558848.888,65501.28,66649.62,62260.0,63796.64,51482.37821,86583679700,5734821735,10566234014.0,0.9998,13.06,121.1842,75.0,5.33,10.0,1.0,68.0
2024-03-23,3336.35,3435.48,3270.08,3329.53,323675.9448,63796.64,65999.0,63000.0,63990.01,26410.11409,83931968029,5632336813,10495645148.0,0.9998,,,73.0,5.33,10.0,1.0,68.0
2024-03-24,3329.53,3471.22,3298.76,3454.98,260824.1408,63990.02,67628.69,63772.29,67209.99,31395.78015,85139088087,5635946969,10615649864.0,1.0001,,,74.0,5.33,10.0,0.0,56.0
2024-03-25,3454.99,3666.0,3420.12,3590.42,548577.6942,67210.0,71150.0,66385.06,69880.01,53431.14486,87713423427,5894217640,10973392956.0,0.9997,13.19,121.0295,75.0,5.33,10.0,0.0,56.0
2024-03-26,3590.43,3678.86,3542.62,3587.33,499013.8384,69880.0,71561.1,69280.0,69988.0,38934.38417,91200049343,6055996983,11570585683.0,1.0001,13.24,121.0742,81.0,5.33,10.0,0.0,56.0
2024-03-27,3587.32,3665.84,3460.02,3501.19,443195.3297,69987.99,71769.54,68359.18,69469.99,49119.35685,91322576620,6069146040,11573324183.0,1.0006,12.78,121.0089,83.0,5.33,10.0,0.0,56.0
2024-03-28,3501.2,3611.78,3465.0,3560.49,404654.0311,69469.99,71552.06,68903.62,70780.6,35439.03239,89929106619,6000358297,11233401037.0,0.9999,13.01,121.0635,80.0,5.33,10.0,0.0,56.0
2024-03-29,3560.49,3584.37,3445.91,3509.74,323086.179,70780.6,70916.16,69009.0,69850.54,25445.08353,91652128957,6054802880,11509494540.0,0.9994,,121.0191,79.0,5.33,10.0,0.0,56.0
2024-03-30,3509.74,3565.81,3485.0,3505.64,216025.2634,69850.53,70321.1,69540.0,69582.18,13644.61142,91022867774,6008176213,11241161958.0,0.9996,,,75.0,5.33,10.0,0.0,56.0
2024-03-31,3505.65,3655.32,3505.09,3645.29,243464.9877,69582.17,71366.0,69562.99,71280.01,19396.34433,90963983639,6087815913,11190122357.0,1.0,,,75.0,5.33,10.0,0.0,45.0
2024-04-01,3645.29,3645.95,3413.71,3503.8,408854.1225,71280.0,71288.23,68062.86,69649.8,41445.32039,93246549466,6114447680,11668706414.0,0.9996,13.65,121.5151,79.0,5.33,10.0,0.0,45.0
2024-04-02,3503.8,3505.6,3212.0,3278.96,623264.6476,69649.81,69674.23,64550.0,65463.99,71799.82793,90933796228,5926196048,11280548670.0,0.9998,14.61,121.3035,79.0,5.33,10.0,0.0,45.0
2024-04-03,3278.96,3367.4,3202.79,3310.83,410484.1933,65463.99,66903.63,64493.07,65963.28,39887.21778,86745165121,5818343956,10535666374.0,0.9996,14.33,121.0198,71.0,5.33,10.0,0.0,45.0
2024-04-04,3310.83,3443.93,3250.92,3327.4,356338.5716,65963.27,69309.91,65064.52,68487.79,41510.48453,87524057389,5879234452,10638988689.0,0.9997,16.35,120.7613,70.0,5.33,10.0,0.0,45.0
2024-04-05,3327.39,3350.0,3210.0,3317.85,344556.7983,68487.8,68756.67,65952.56,67820.62,37915.23073,88212618503,5900141937,10726888248.0,0.9996,16.03,120.9646,79.0,5.33,10.0,0.0,45.0
2024-04-06,3317.85,3398.42,3306.68,3351.59,183312.2125,67820.63,69692.0,67447.83,68896.0,20134.28919,88040894078,5878261234,10835774890.0,0.9998,,,75.0,5.33,10.0,0.0,45.0
2024-04-07,3351.59,3459.94,3344.08,3454.2,210459.0752,68896.0,70326.29,68824.0,69360.39,21534.74433,89045723525,5925210902,10972058231.0,1.0001,,,78.0,5.33,9.0,1.0,46.0
2024-04-08,3454.2,3730.71,3406.36,3694.61,496841.3532,69360.38,72797.99,69043.24,71620.0,45723.87624,90380261677,6057735239,11054129802.0,1.0,15.19,120.7359,76.0,5.33,9.0,1.0,46.0
2024-04-09,3694.61,3727.34,3450.46,3506.39,457592.252,71620.0,71758.19,68210.0,69146.0,39293.90242,95276716255,6458140107,11868017526.0,1.0005,14.98,120.7048,80.0,5.33,9.0,1.0,46.0
2024-04-10,3506.4,3562.95,3411.82,3545.64,389404.9055,69146.0,71172.08,67518.0,70631.08,42006.02377,92165893914,6185383212,11290665494.0,1.0,15.8,121.5727,78.0,5.33,9.0,1.0,46.0
2024-04-11,3545.64,3618.3,3474.52,3502.52,338139.5534,70631.08,71305.89,69567.21,70006.23,31917.25595,93082402560,6234487507,11518117545.0,0.9999,14.91,121.6081,76.0,5.33,9.0,1.0,46.0
2024-04-12,3502.52,3552.4,3100.0,3237.43,697327.1174,70006.22,71227.46,65086.86,67116.52,56072.86229,93628474181,7073986451,11399042412.0,0.9996,17.31,122.2885,79.0,5.33,9.0,1.0,46.0
2024-04-13,3237.42,3301.9,2852.0,3007.01,994971.2354,67116.52,67929.0,60660.57,63924.51,71395.22019,86061535708,5646380494,10568007674.0,0.9987,,,72.0,5.33,9.0,1.0,46.0
2024-04-14,3007.01,3174.23,2906.73,3155.11,737580.4666,63924.52,65840.0,62134.0,65661.84,61599.17818,79256751217,5139713056,9614379315.0,0.9989,,,72.0,5.33,9.0,1.0,45.0
2024-04-15,3155.11,3277.85,3023.19,3101.99,605430.8863,65661.85,66867.07,62274.4,63419.99,52389.53069,83706914791,5649999849,10330283276.0,0.9996,19.23,122.425,74.0,5.33,9.0,1.0,45.0
2024-04-16,3102.0,3128.01,2986.0,3084.22,526113.855,63419.99,64365.0,61600.0,63793.39,53435.29331,83393928327,5510045967,10151722300.0,0.9996,18.4,123.1234,65.0,5.33,9.0,1.0,45.0
2024-04-17,3084.21,3123.75,2914.47,2985.41,491897.5661,63793.4,64499.0,59678.16,61277.37,50610.54509,82456411431,5483680448,10235916287.0,1.0,18.21,123.0207,67.0,5.33,9.0,1.0,45.0
2024-04-18,2985.41,3094.4,2950.98,3064.4,389060.7133,61277.38,64117.09,60803.35,63470.08,43601.60918,80787102246,5403564202,10007060157.0,0.9995,18.0,123.0017,57.0,5.33,9.0,1.0,45.0
2024-04-19,3064.4,3128.89,2865.18,3056.46,607850.4019,63470.09,65450.0,59600.01,63818.01,69774.30271,82763487420,5487627757,10188069868.0,0.9995,18.71,123.1075,66.0,5.33,9.0,1.0,45.0
2024-04-20,3056.45,3171.88,3018.75,3155.79,242577.6371,63818.01,65419.0,63090.07,64940.59,23137.42975,83513571355,5546822868,10422859276.0,0.9996,,,66.0,5.33,9.0,1.0,45.0
2024-04-21,3155.79,3197.18,3116.49,3147.67,219970.5072,64940.58,65695.56,64237.5,64941.15,19316.42152,85857041567,5709941005,10618517067.0,0.9998,,,72.0,5.33,9.0,0.0,38.0
2024-04-22,3147.66,3235.0,3129.15,3200.2,290879.9569,64941.15,67232.35,64500.0,66819.32,31397.99371,86053626253,5709862621,10660819368.0,0.9996,16.94,123.0609,73.0,5.33,9.0,0.0,38.0
2024-04-23,3200.19,3263.61,3152.0,3219.46,253914.2263,66819.32,67183.01,65765.81,66414.0,22599.90004,87462037034,5783611656,10872548196.0,0.9999,15.69,122.7227,71.0,5.33,9.0,0.0,38.0
2024-04-24,3219.46,3293.56,3104.9,3140.8,393314.3414,66414.0,67070.43,63606.06,64289.59,33595.69637,87987043249,5767014140,10881450987.0,1.0006,15.97,122.89,72.0,5.33,9.0,0.0,38.0
2024-04-25,3140.79,3191.64,3072.2,3155.8,352288.5502,64289.58,65297.94,62794.0,64498.34,31341.46338,85472569236,5624204177,10611647879.0,1.0003,15.37,122.8384,72.0,5.33,9.0,0.0,38.0
2024-04-26,3155.81,3167.7,3102.0,3131.3,252522.655,64498.33,64820.01,63297.48,63770.01,27085.19346,86094933139,5683538606,10645478691.0,1.0003,15.03,122.9471,70.0,5.33,9.0,0.0,38.0
2024-04-27,3131.3,3285.0,3066.74,3255.56,323811.1919,63770.0,63923.41,62391.24,63461.98,20933.06052,85222521496,5599852374,10609441917.0,1.0007,,,67.0,5.33,9.0,0.0,38.0
2024-04-28,3255.55,3357.4,3250.45,3263.45,304766.009,63461.98,64370.0,62781.0,63118.62,16949.20005,87220270828,5708360482,10779427773.0,1.0003,,,65.0,5.33,9.0,0.0,36.0
2024-04-29,3263.44,3286.95,3115.13,3216.73,421831.2912,63118.62,64228.35,61765.53,63866.0,28150.22947,87553898150,5805049759,10897305122.0,1.0003,14.67,122.5449,67.0,5.33,9.0,0.0,36.0
2024-04-30,3216.74,3250.95,2921.0,3014.05,561717.4866,63866.0,64734.0,59191.6,60672.0,54947.65535,85866471418,5630283169,10672423928.0,1.0009,15.65,122.9853,67.0,5.33,9.0,0.0,36.0
2024-05-01,3014.04,3023.24,2817.0,2972.46,624963.7773,60672.01,60841.63,56552.82,58364.97,81166.46823,81327422617,5370070588,10117541950.0,1.0014,15.39,123.0168,54.0,5.33,9.0,0.0,36.0
2024-05-02,2972.46,3016.72,2893.26,2986.19,365939.7191,58364.97,59625.0,56911.84,59060.61,47583.81961,81206264299,5260844573,9988376285.0,1.0,14.68,122.4384,43.0,5.33,9.0,0.0,36.0
2024-05-03,2986.19,3126.99,2958.32,3102.61,355825.8391,59060.6,63333.0,58811.32,62882.01,43628.40143,82447344833,5340920146,10155169278.0,0.9997,13.49,122.1375,48.0,5.33,9.0,0.0,36.0
2024-05-04,3102.61,3168.0,3092.85,3117.23,196263.9488,62882.01,64540.0,62541.03,63892.04,24368.69282,85731247101,5575350295,10615157970.0,0.9998,,,67.0,5.33,9.0,0.0,36.0
2024-05-05,3117.24,3171.93,3072.99,3136.41,218760.2662,63892.03,64646.0,62822.17,64012.0,18526.75029,86427306948,5596402568,10681871051.0,0.9998,,,69.0,5.33,9.0,0.0,31.0
2024-05-06,3136.4,3221.4,3046.35,3062.6,355135.3027,64012.0,65500.0,62700.0,63165.19,34674.91949,87088738113,5597040596,10692789722.0,0.9999,13.49,121.8913,71.0,5.33,9.0,0.0,31.0
2024-05-07,3062.59,3129.85,2998.0,3005.69,298796.6829,63165.18,64422.41,62261.0,62312.08,25598.79472,85722581541,5548395964,10537927736.0,0.9999,13.23,122.093,68.0,5.33,9.0,0.0,31.0
2024-05-08,3005.69,3038.15,2936.48,2974.21,266934.8125,62312.07,63020.22,60888.0,61193.03,26121.19004,84649685284,5510558484,10502938238.0,1.0004,13.0,122.1926,64.0,5.33,9.0,0.0,31.0
2024-05-09,2974.2,3059.0,2950.77,3036.23,238561.7462,61193.03,63429.03,60630.0,63074.01,30660.8061,83067545030,5370022507,10358266885.0,1.0002,12.69,122.1634,55.0,5.33,9.0,0.0,31.0
2024-05-10,3036.24,3053.89,2878.03,2909.99,327855.8758,63074.0,63469.13,60187.12,60799.99,36529.34025,84650221927,5469684772,10558592575.0,1.0002,12.55,122.014,66.0,5.33,9.0,0.0,31.0
2024-05-11,2909.98,2945.67,2886.46,2912.45,138163.1087,60799.99,61515.0,60487.09,60825.99,13374.56936,82382047898,5383118073,10283298749.0,1.0003,,,53.0,5.33,9.0,0.0,31.0
2024-05-12,2912.45,2955.2,2901.17,2929.29,107670.6323,60825.99,61888.0,60610.0,61483.99,12753.13236,82679580203,5408295670,10336065460.0,1.0005,,,56.0,5.33,9.0,0.0,32.0
2024-05-13,2929.3,2996.4,2864.76,2950.99,368664.7648,61484.0,63450.0,60749.21,62940.08,32733.41839,83081464748,5404734059,10370146933.0,1.0001,13.6,122.0261,57.0,5.33,9.0,0.0,32.0
2024-05-14,2950.99,2960.6,2862.0,2881.93,269675.3037,62940.09,63118.36,61142.77,61577.49,29088.72041,83180462679,5398665824,10455089928.0,1.0004,13.42,121.9256,66.0,5.33,9.0,0.0,32.0
2024-05-15,2881.93,3041.36,2863.75,3032.55,350254.3188,61577.49,66444.16,61319.47,66206.5,43559.74719,81727109776,5272550879,10252020145.0,0.9996,12.45,121.3543,64.0,5.33,9.0,0.0,32.0
2024-05-16,3032.55,3041.24,2922.8,2944.7,293874.1513,66206.51,66752.01,64602.77,65235.21,31106.3671,85443355664,5491395620,10799426183.0,0.9999,12.42,121.2236,70.0,5.33,9.0,0.0,32.0
2024-05-17,2944.7,3120.0,2933.06,3092.01,357724.7731,65235.21,67451.2,65106.38,67024.0,26292.23409,84628983868,5365980520,10640392924.0,0.9995,11.99,121.2354,74.0,5.33,9.0,0.0,32.0
2024-05-18,3092.0,3146.98,3083.61,3122.94,199976.5456,67024.0,67400.01,66600.0,66915.2,14441.25774,87599641968,5608719705,11128685656.0,0.9998,,,73.0,5.33,9.0,0.0,32.0
2024-05-19,3122.94,3136.64,3053.38,3071.19,166145.0102,66915.2,67700.0,65857.25,66274.01,18025.30409,88228389129,5638638800,11213559567.0,1.0,,,72.0,5.33,9.0,0.0,86.0
2024-05-20,3071.2,3694.0,3047.67,3661.78,847107.8828,66274.0,71515.56,66060.31,71446.62,50816.7011,87300279805,5551878594,11066682629.0,0.9997,12.15,121.2289,70.0,5.33,9.0,0.0,86.0
2024-05-21,3661.79,3841.54,3624.28,3789.6,952437.2694,71446.62,71979.0,69162.94,70148.34,49607.4336,97130727554,6259337587,12555364816.0,1.0001,11.86,121.3793,76.0,5.33,9.0,0.0,86.0
2024-05-22,3789.59,3813.69,3653.15,3737.73,574938.3099,70148.34,70666.0,68842.19,69166.62,27673.18026,98721376719,6323248999,12946405800.0,1.0004,12.29,121.5462,76.0,5.33,9.0,0.0,86.0
2024-05-23,3737.72,3949.29,3498.0,3783.61,1127866.076,69166.62,70096.12,66312.16,67969.65,40513.17374,98983336213,6288345730,12985214843.0,1.0005,12.77,121.7477,76.0,5.33,9.0,0.0,86.0
2024-05-24,3783.6,3829.61,3626.1,3728.28,479418.4318,67969.66,69250.0,66600.12,68549.99,28095.83664,98269289505,6353268217,13145980836.0,1.0002,11.93,121.6172,74.0,5.33,9.0,0.0,86.0
2024-05-25,3728.28,3779.43,3709.03,3749.26,158711.8992,68549.99,69610.0,68500.0,69290.57,12130.39418,98242430001,6285289950,12893200380.0,1.0001,,,76.0,5.33,9.0,0.0,86.0
2024-05-26,3749.25,3884.2,3731.17,3826.47,292208.2937,69290.56,69562.23,68128.01,68507.67,11872.11797,98804472465,6303595000,12954678464.0,1.0005,,,75.0,5.33,10.0,0.0,50.0
2024-05-27,3826.47,3977.0,3823.37,3894.22,363717.6473,68507.67,70687.56,68250.0,69436.43,23136.92737,100358504767,6285744293,13196692936.0,1.0007,12.36,,74.0,5.33,10.0,0.0,50.0
2024-05-28,3894.21,3931.09,3773.9,3844.69,416249.8344,69436.43,69591.81,67277.91,68398.39,32622.97042,100970065361,6389356208,13360792204.0,1.0011,12.92,121.43,72.0,5.33,10.0,0.0,50.0
2024-05-29,3844.69,3888.55,3742.59,3767.43,334759.6348,68398.4,68935.68,67124.65,67652.42,23159.83149,99944833314,6324097877,13179289285.0,1.0013,14.28,122.1641,72.0,5.33,10.0,0.0,50.0
2024-05-30,3767.44,3825.35,3702.58,3747.91,277034.2894,67652.41,69500.0,67128.0,68352.17,28478.2184,98632557682,6249443799,12889729307.0,1.0003,14.47,121.9601,73.0,5.33,10.0,0.0,50.0
2024-05-31,3747.9,3849.94,3723.75,3762.29,273406.766,68352.17,69044.1,66670.0,67540.01,26690.32184,98467301755,6203646899,12871534888.0,1.001,12.92,122.098,73.0,5.33,10.0,0.0,50.0
2024-06-01,3762.29,3833.3,3752.67,3815.82,132687.2006,67540.01,67900.0,67428.44,67766.85,8837.66133,99288381544,6128728499,12979549530.0,1.0007,,,72.0,5.33,10.0,0.0,50.0
2024-06-02,3815.82,3838.59,3752.62,3780.91,210295.4407,67766.84,68460.0,67257.47,67765.63,15426.32529,100098558005,6136608694,13071190458.0,1.0006,,,73.0,5.33,10.0,0.0,45.0
2024-06-03,3780.92,3849.99,3758.43,3767.06,248848.702,67765.62,70288.0,67612.48,68809.9,29633.374,99784540213,6105911243,12984812035.0,1.0001,13.11,122.3509,73.0,5.33,10.0,0.0,45.0
2024-06-04,3767.07,3831.65,3730.0,3810.23,232063.7468,68809.89,71063.45,68567.32,70537.84,29619.78489,99639323079,6122013859,12908703632.0,0.9999,13.16,122.7256,73.0,5.33,10.0,0.0,45.0
2024-06-05,3810.23,3887.47,3777.33,3865.99,273738.6035,70537.83,71758.0,70383.66,71108.0,28703.18082,101187128652,6200842339,13175000709.0,0.9998,12.63,122.5339,75.0,5.33,10.0,0.0,45.0
2024-06-06,3866.0,3878.6,3760.0,3813.46,237504.1905,71108.0,71700.0,70117.64,70799.06,21842.00449,102409034622,6237117425,13301092019.0,1.0004,12.58,122.3713,78.0,5.33,10.0,0.0,45.0
2024-06-07,3813.47,3841.39,3600.0,3678.32,362223.3594,70799.06,71997.02,68420.0,69355.6,35598.45045,101641269928,6198817718,13132776019.0,1.0003,12.22,123.549,77.0,5.33,10.0,0.0,45.0
2024-06-08,3678.31,3709.5,3660.08,3681.57,140550.8394,69355.6,69582.2,69168.02,69310.46,9773.82967,99090134047,6021214679,12873009377.0,1.0002,,,72.0,5.33,10.0,0.0,45.0
2024-06-09,3681.58,3721.52,3666.36,3706.4,103451.102,69310.46,69857.14,69130.24,69648.14,9890.56709,98520331323,5976269350,12885879867.0,1.0001,,,75.0,5.33,11.0,0.0,38.0
2024-06-10,3706.4,3713.67,3642.74,3667.85,156363.1846,69648.15,70195.94,69172.29,69540.0,17122.66941,98957774997,6122742250,12989921084.0,1.0004,12.74,123.9125,72.0,5.33,11.0,0.0,38.0
2024-06-11,3667.85,3673.0,3432.0,3497.33,439568.5978,69540.0,69590.01,66051.0,67314.24,41436.01588,97495966270,5994273625,12867180537.0,1.0001,12.85,124.0349,74.0,5.33,11.0,0.0,38.0
2024-06-12,3497.33,3659.01,3462.07,3560.12,387043.774,67314.23,69999.0,66905.0,68263.99,37175.32356,94904162512,5822656038,12366870144.0,1.0002,12.04,123.8295,72.0,5.33,11.0,0.0,38.0
2024-06-13,3560.13,3561.65,3428.0,3469.4,300230.8299,68263.98,68449.3,66251.78,66773.01,29079.55571,96498514639,5932640791,12592609867.0,1.0004,11.94,124.0235,70.0,5.33,11.0,0.0,38.0
2024-06-14,3469.4,3532.61,3362.26,3481.8,322316.4214,66773.01,67370.24,65078.0,66043.99,28408.18797,94619103627,5856761119,12330974177.0,1.0005,12.66,124.1694,74.0,5.33,11.0,0.0,38.0
2024-06-15,3481.8,3594.39,3473.1,3568.74,246649.5894,66043.99,66478.48,65857.1,66228.25,11451.80242,94248438674,5822613225,12300073680.0,1.0006,,,74.0,5.33,11.0,0.0,38.0
2024-06-16,3568.75,3653.79,3541.05,3624.41,149839.982,66228.25,66998.7,66034.5,66676.87,9392.52223,95568340674,5868626303,12485925101.0,1.0007,,,71.0,5.33,9.0,0.0,33.0
2024-06-17,3624.41,3638.37,3463.39,3511.46,337805.6402,66676.86,67298.81,65130.0,66504.33,27386.16851,96385329808,5938374132,12579467617.0,1.0004,12.75,124.239,71.0,5.33,9.0,0.0,33.0
2024-06-18,3511.47,3517.2,3355.0,3483.42,449913.3014,66504.33,66588.23,64060.0,65175.32,42350.10244,94239425478,5743580739,12372261017.0,1.0004,12.3,123.9776,74.0,5.33,9.0,0.0,33.0
2024-06-19,3483.42,3590.01,3465.65,3560.51,321500.0027,65175.32,65727.54,64666.0,64974.37,20060.79576,93111039811,5609568561,12200394608.0,1.0003,12.48,,64.0,5.33,9.0,0.0,33.0
2024-06-20,3560.51,3625.96,3486.0,3513.08,329117.8453,64974.37,66482.94,64559.15,64869.99,24265.29031,94149025872,5763087282,12427621113.0,1.0006,13.28,124.192,60.0,5.33,9.0,0.0,33.0
2024-06-21,3513.08,3547.55,3446.82,3518.5,342155.102,64869.99,65066.66,63379.35,64143.56,25993.56442,92829379765,5743543742,12382047437.0,1.0005,13.2,124.1086,63.0,5.33,9.0,0.0,33.0
2024-06-22,3518.5,3521.19,3475.09,3495.75,115774.6157,64143.56,64546.81,63943.82,64262.01,7308.95542,92688509005,5663235660,12628493507.0,1.0003,,,53.0,5.33,9.0,0.0,33.0
2024-06-23,3495.76,3521.45,3406.38,3420.91,133411.4304,64262.01,64521.0,63178.32,63210.01,8224.45447,92914680870,5667613898,12582430712.0,1.0007,,,55.0,5.33,8.0,0.0,31.0
2024-06-24,3420.91,3435.76,3240.0,3352.73,543370.4229,63210.01,63369.8,58402.0,60293.3,52161.35414,91009478132,5613596329,12346304272.0,1.0006,13.33,123.7125,51.0,5.33,8.0,0.0,31.0
2024-06-25,3352.74,3430.88,3336.76,3394.91,240036.2236,60293.3,62420.0,60257.06,61806.01,31189.24361,89175802474,5604934603,12043159066.0,1.0002,12.84,123.9417,30.0,5.33,8.0,0.0,31.0
2024-06-26,3394.91,3426.75,3325.01,3371.44,206949.3418,61806.01,62487.81,60712.0,60864.99,22485.66463,90836085894,5694223326,12282120845.0,1.0004,12.55,124.26,46.0,5.33,8.0,0.0,31.0
2024-06-27,3371.77,3477.0,3361.74,3450.44,201041.6609,60864.98,62389.22,60606.63,61706.47,18344.28631,90051766273,5606778128,12279982821.0,1.0011,12.24,124.3379,40.0,5.33,8.0,0.0,31.0
2024-06-28,3450.44,3487.7,3365.22,3380.15,221634.3435,61706.46,62225.31,60063.0,60427.84,24821.19255,91090323561,5699229789,12467774530.0,1.0018,12.44,124.2103,47.0,5.33,8.0,0.0,31.0
2024-06-29,3380.15,3408.32,3371.86,3378.8,88329.7651,60427.84,61224.0,60383.77,60986.68,11509.55904,89307484020,5610091404,12265633831.0,1.0015,,,30.0,5.33,8.0,0.0,31.0
2024-06-30,3378.8,3460.0,3352.66,3438.16,141221.6185,60986.68,63058.76,60712.21,62772.01,17326.30136,89560826947,5608474767,12343121376.0,1.0014,,,47.0,5.33,7.0,1.0,33.0
2024-07-01,3438.16,3524.94,3423.78,3442.2,224273.2122,62772.01,63861.76,62497.2,62899.99,24547.10538,91230730788,5701629401,12460752781.0,1.0008,12.22,124.4667,53.0,5.33,7.0,1.0,33.0
2024-07-02,3442.2,3464.12,3402.0,3421.35,137932.7014,62900.0,63288.83,61806.28,62135.47,18573.11875,91754852378,5738810110,12640318758.0,1.0015,12.03,124.2917,51.0,5.33,7.0,1.0,33.0
2024-07-03,3421.35,3432.1,3251.0,3295.48,310408.451,62135.46,62285.94,59400.0,60208.58,32160.11127,90769016703,5666160743,12517800683.0,1.001,12.09,123.7768,50.0,5.33,7.0,1.0,33.0
2024-07-04,3295.49,3313.45,3050.34,3059.7,450402.5692,60208.57,60498.19,56771.0,57050.01,54568.77276,88246214184,5452252893,12139979747.0,1.0003,12.26,,44.0,5.33,7.0,1.0,33.0
2024-07-05,3059.7,3110.0,2810.0,2981.78,886994.3753,57050.02,57546.0,53485.93,56628.79,81348.24756,83909583103,5262490481,11687652280.0,1.0,12.48,123.4762,29.0,5.33,7.0,1.0,33.0
2024-07-06,2981.79,3081.78,2955.06,3066.83,214487.9713,56628.79,58475.0,56018.0,58230.13,21651.31558,82314480278,5017936757,11373872288.0,0.9998,,,26.0,5.33,7.0,1.0,33.0
2024-07-07,3066.83,3073.08,2922.24,2931.0,179892.7612,58230.13,58449.46,55724.37,55857.81,19118.93918,83463902539,5134142330,11627894786.0,1.0,,,29.0,5.33,7.0,0.0,32.0
2024-07-08,2930.99,3097.06,2822.8,3019.01,500445.0105,55857.81,58236.73,54260.16,56714.62,48090.2049,80851865605,4967528975,11302835458.0,1.0001,12.37,123.3576,28.0,5.33,7.0,0.0,32.0
2024-07-09,3019.01,3115.2,3004.0,3066.65,280358.1424,56714.61,58296.0,56289.45,58050.0,27732.20788,82890551769,5046171748,11625538689.0,1.0,12.51,123.4071,27.0,5.33,7.0,0.0,32.0
2024-07-10,3066.65,3151.51,3024.0,3101.05,270827.0844,58050.0,59470.0,57157.79,57725.85,24951.73799,83978175619,5090353611,11804086398.0,1.0,12.85,123.1895,28.0,5.33,7.0,0.0,32.0
2024-07-11,3101.06,3217.24,3054.76,3099.57,289229.32,57725.85,59650.0,57050.0,57339.89,29761.05735,84674977313,5138310853,11869326710.0,1.0,12.92,122.769,29.0,5.33,7.0,0.0,32.0
2024-07-12,3099.57,3157.89,3045.58,3133.88,185745.1825,57339.89,58526.68,56542.47,57889.1,23652.4569,84826813190,5140556215,11924163439.0,0.9997,12.46,122.4404,25.0,5.33,7.0,0.0,32.0
2024-07-13,3133.89,3201.8,3113.37,3175.93,119302.4769,57889.09,59850.0,57756.63,59204.02,15357.74519,85310155838,5153729351,11976173248.0,0.9997,,,25.0,5.33,7.0,0.0,32.0
2024-07-14,3175.93,3268.72,3163.67,3245.08,165430.7716,59204.01,61420.69,59194.01,60797.91,21178.33907,86563236266,5237578916,12107073591.0,0.9996,,,33.0,5.33,7.0,0.0,42.0
2024-07-15,3245.2,3493.63,3233.22,3483.39,314296.8452,60797.91,64900.0,60632.3,64724.14,38690.9782,88898381593,5311789342,12500261263.0,0.9994,13.12,122.6347,52.0,5.33,7.0,0.0,42.0
2024-07-16,3483.2,3498.59,3346.55,3444.13,376128.7869,64724.06,65388.97,62373.24,65043.99,42530.52915,91979920818,5682785368,13088584390.0,0.9995,13.19,122.7264,65.0,5.33,7.0,0.0,42.0
2024-07-17,3444.14,3517.0,3376.0,3387.05,297812.5162,65044.0,66128.63,63854.0,64087.99,29567.52954,92825129779,6038537253,13178484994.0,0.9999,14.48,122.518,69.0,5.33,7.0,0.0,42.0
2024-07-18,3387.05,3489.98,3367.2,3426.5,241950.3457,64087.99,65133.3,63238.48,63987.92,22568.7225,92062521625,5691503185,13157301629.0,1.0002,15.93,122.7909,61.0,5.33,7.0,0.0,42.0
2024-07-19,3426.49,3540.27,3377.0,3503.53,299511.6422,63987.92,67386.0,63300.67,66660.0,35634.72739,91909795445,5693694590,13138444988.0,0.9994,16.52,123.147,60.0,5.33,7.0,0.0,42.0
2024-07-20,3503.53,3539.65,3480.0,3517.5,147510.8165,66660.01,67598.0,66222.46,67139.96,14386.92434,94617199069,5847441866,13494210466.0,0.9996,,,74.0,5.33,7.0,0.0,42.0
2024-07-21,3517.5,3547.0,3411.4,3535.92,218890.9656,67139.97,68366.66,65777.0,68165.34,21819.11191,95086132390,5949210307,13599537875.0,0.9998,,,74.0,5.33,8.0,0.0,50.0
2024-07-22,3535.93,3562.82,3422.34,3439.6,207859.5043,68165.35,68474.55,66559.97,67532.01,21451.04303,95586668811,5859570336,13678709201.0,0.9995,14.91,123.2172,70.0,5.33,8.0,0.0,50.0
2024-07-23,3439.61,3541.0,3389.0,3482.51,500568.7811,67532.0,67750.98,65441.08,65936.01,31406.15316,94672963101,5698713375,13433807142.0,0.9997,14.72,123.3843,71.0,5.33,8.0,0.0,50.0
2024-07-24,3482.51,3487.82,3300.0,3335.81,275479.0506,65936.0,67102.01,65111.0,65376.0,23082.56277,94499254326,5722267897,13423992265.0,1.0,18.04,123.5575,69.0,5.33,8.0,0.0,50.0
2024-07-25,3335.82,3342.5,3087.53,3175.48,494282.6398,65376.01,66175.49,63456.7,65799.95,35126.42934,91610915926,5516678788,13023736157.0,1.0001,18.46,123.5286,68.0,5.33,8.0,0.0,50.0
2024-07-26,3175.47,3286.36,3171.0,3274.61,260237.4641,65799.95,68200.0,65722.63,67907.99,24244.36023,90047368771,5318051011,12574856194.0,1.0,16.39,123.672,68.0,5.33,8.0,0.0,50.0
2024-07-27,3274.6,3327.59,3191.01,3249.01,231991.9037,67908.0,69399.99,66650.0,67896.5,31710.21921,92545069706,5584476452,12988223460.0,1.0,,,72.0,5.33,8.0,0.0,50.0
2024-07-28,3249.0,3284.3,3198.11,3270.16,103529.8329,67896.49,68318.43,67066.66,68249.88,10868.69394,92813144806,5573720135,12992143013.0,0.9999,,,71.0,5.33,7.0,0.0,36.0
2024-07-29,3270.16,3396.77,3258.0,3317.66,318471.5055,68249.88,70079.99,66428.0,66784.69,36467.29633,92967557530,5485429857,12954314181.0,1.0,16.6,124.1392,74.0,5.33,7.0,0.0,36.0
2024-07-30,3317.66,3366.4,3233.18,3279.21,197277.1641,66784.68,67000.0,65302.67,66188.0,23132.25441,93716751946,5637059155,13321013829.0,1.0003,17.69,124.2855,67.0,5.33,7.0,0.0,36.0
2024-07-31,3279.2,3350.0,3213.75,3232.74,233711.3352,66188.0,66849.24,64530.0,64628.0,22625.43905,92290255917,5491431901,13150554156.0,1.0003,16.36,123.6373,61.0,5.33,7.0,0.0,36.0
2024-08-01,3232.74,3242.57,3080.02,3203.4,323285.6105,64628.01,65659.78,62302.0,65354.02,35542.26854,90647127129,5409489308,12964180586.0,1.0008,18.59,123.8693,52.0,5.33,7.0,0.0,36.0
2024-08-02,3203.4,3218.6,2967.0,2989.61,385704.0395,65354.02,65596.14,61230.01,61498.33,38820.42937,89658171680,5324440979,12766090761.0,1.0011,23.39,123.4681,57.0,5.33,7.0,0.0,36.0
2024-08-03,2989.61,3018.02,2859.0,2903.64,344595.3157,61498.34,62198.22,59850.0,60697.99,28034.71567,85361764880,5010569097,12181344769.0,1.0006,,,37.0,5.33,7.0,0.0,36.0
2024-08-04,2903.65,2935.46,2630.0,2688.92,512064.2612,60697.99,61117.63,57122.77,58161.0,31616.52003,83081129261,4939069294,11766597704.0,1.0003,,,34.0,5.33,8.0,2.0,60.0
2024-08-05,2688.91,2697.44,2111.0,2419.59,2670604.1003,58161.0,58305.59,49000.0,54018.81,162065.59186,77280736547,4688117900,11283998240.0,0.9996,38.57,123.5787,26.0,5.33,8.0,2.0,60.0
2024-08-06,2419.76,2556.23,2414.19,2461.33,642283.8038,54018.82,57040.99,53950.0,56022.01,55884.77676,73046176031,4227153533,10556813782.0,0.9996,27.71,123.6532,17.0,5.33,8.0,2.0,60.0
2024-08-07,2461.33,2551.32,2309.04,2342.8,630115.4228,56022.0,57736.05,54558.62,55134.16,44269.37684,75429487902,4342849753,10866630226.0,0.9997,27.85,123.5698,29.0,5.33,8.0,2.0,60.0
2024-08-08,2342.79,2724.1,2320.4,2682.5,586502.8754,55133.76,62745.14,54730.0,61685.99,48349.52949,73155913564,4172692122,10488619645.0,0.9997,23.79,123.4466,20.0,5.33,8.0,2.0,60.0
2024-08-09,2682.5,2707.98,2552.61,2598.78,406739.9611,61686.0,61744.37,59535.0,60837.99,30972.48017,78917127814,4482663157,11471827283.0,0.9995,20.37,122.9276,48.0,5.33,8.0,2.0,60.0
2024-08-10,2598.79,2644.7,2576.49,2609.92,171012.3619,60837.99,61470.58,60242.0,60923.51,9995.20621,79161440132,4543127871,11501625487.0,0.9998,,,40.0,5.33,8.0,2.0,60.0
2024-08-11,2609.92,2720.0,2540.0,2555.38,297098.9145,60923.51,61858.0,58286.73,58712.59,19189.84512,79548207256,4510926671,11526999480.0,0.9998,,,39.0,5.33,8.0,0.0,35.0
2024-08-12,2555.38,2750.0,2510.05,2722.3,483414.2506,58712.59,60711.09,57642.21,59346.64,37009.91743,77511576814,4459124969,11310148689.0,0.9997,20.71,123.2204,25.0,5.33,8.0,0.0,35.0
2024-08-13,2722.3,2738.4,2611.37,2702.44,325668.6964,59346.64,61578.1,58392.88,60587.15,27858.95851,79253164172,4622832791,11721760495.0,0.9996,18.12,123.0146,31.0,5.33,8.0,0.0,35.0
2024-08-14,2702.44,2780.0,2632.2,2661.45,338808.7141,60587.16,61800.0,58433.18,58683.39,28422.76326,80776190388,4705194593,11919165848.0,0.9998,16.19,122.4297,30.0,5.33,8.0,0.0,35.0
2024-08-15,2661.45,2675.6,2515.71,2569.89,356546.8059,58683.39,59849.38,56078.54,57541.06,37686.17622,78947590299,4575669556,11560788778.0,0.9997,15.23,122.5844,29.0,5.33,8.0,0.0,35.0
2024-08-16,2569.9,2630.97,2550.04,2592.73,270684.1373,57541.05,59817.76,57098.62,58874.6,27610.84344,77994919467,4420209391,11287786843.0,0.9996,14.8,122.3972,27.0,5.33,8.0,0.0,35.0
2024-08-17,2592.72,2629.69,2587.5,2614.51,89348.676,58874.59,59700.0,58785.05,59491.99,7721.72931,78949527378,4458893982,11554992147.0,0.9998,,,25.0,5.33,8.0,0.0,35.0
2024-08-18,2614.51,2689.16,2594.53,2612.15,174074.0585,59491.99,60284.99,58408.92,58427.35,13634.85717,79211002590,4481864080,11502729005.0,0.9999,,,31.0,5.33,9.0,0.0,33.0
2024-08-19,2612.15,2648.08,2563.58,2636.36,224867.1336,58427.35,59617.63,57787.3,59438.5,22809.31251,79839083770,4526221713,11646415003.0,0.9996,14.65,121.8788,28.0,5.33,9.0,0.0,33.0
2024-08-20,2636.36,2695.0,2555.0,2572.82,281315.8751,59438.5,61400.0,58548.23,59013.8,31477.44548,79821548916,4490685768,11538100085.0,0.9998,15.88,121.7728,30.0,5.33,9.0,0.0,33.0
2024-08-21,2572.81,2663.74,2536.22,2630.71,245286.6218,59013.8,61820.93,58783.47,61156.03,27983.6422,79619225524,4574266743,11503056455.0,0.9997,16.27,121.8535,26.0,5.33,9.0,0.0,33.0
2024-08-22,2630.71,2644.69,2584.2,2622.88,199063.1196,61156.03,61400.0,59724.87,60375.84,21241.20588,81165994693,4654351582,11865510562.0,0.9998,17.55,122.3626,39.0,5.33,9.0,0.0,33.0
2024-08-23,2622.89,2799.13,2621.4,2762.48,401786.4447,60375.83,64955.0,60342.14,64037.24,38118.07089,80878841614,4640646706,11788231704.0,0.9992,15.86,121.4597,34.0,5.33,9.0,0.0,33.0
2024-08-24,2762.49,2820.0,2731.26,2768.0,263542.9441,64037.24,64494.5,63531.0,64157.01,15857.15616,84943045117,4893885618,12385832733.0,0.9995,,,56.0,5.33,9.0,0.0,33.0
2024-08-25,2768.01,2792.28,2733.21,2746.13,154527.2352,64157.02,65000.0,63773.27,64220.0,12305.47977,84619453566,4846037939,12295032104.0,0.9994,,,54.0,5.33,8.0,0.0,32.0
2024-08-26,2746.12,2762.0,2666.66,2680.49,211708.1247,64219.99,64481.0,62800.0,62834.0,19470.05276,85052361059,4799749155,12387445943.0,0.9997,16.15,121.6943,55.0,5.33,8.0,0.0,32.0
2024-08-27,2680.49,2699.98,2392.96,2457.33,412660.7197,62834.0,63212.0,58034.01,59415.0,35135.94178,82988848955,4775220093,12032089712.0,0.9996,15.43,121.8672,48.0,5.33,8.0,0.0,32.0
2024-08-28,2457.33,2554.6,2418.8,2528.33,451266.634,59415.0,60234.98,57860.0,59034.9,36868.54275,78145366194,4443253368,11225676422.0,0.9998,17.11,121.8943,30.0,5.33,8.0,0.0,32.0
2024-08-29,2528.33,2595.4,2505.88,2527.61,237002.9632,59034.9,61166.99,58713.09,59359.01,27020.90743,78613013068,4527402642,11352469644.0,0.9997,15.65,122.2333,29.0,5.33,8.0,0.0,32.0
2024-08-30,2527.6,2552.17,2431.14,2526.0,338379.1941,59359.0,59944.07,57701.1,59123.99,28519.32195,78642467939,4473829848,11370809967.0,1.0001,15.0,122.3262,34.0,5.33,8.0,0.0,32.0
2024-08-31,2525.99,2533.95,2491.92,2513.01,97946.1147,59123.99,59462.38,58744.0,58973.99,8798.409,78489802848,4535637179,11391330488.0,1.0001,,,29.0,5.33,8.0,0.0,32.0
2024-09-01,2513.0,2516.28,2400.0,2425.72,223127.776,58974.0,59076.59,57201.0,57301.86,20705.15741,78272266413,4475136402,11367693759.0,0.9999,,,26.0,5.13,8.0,0.0,32.0
2024-09-02,2425.71,2564.83,2423.52,2538.01,262632.8385,57301.77,59425.69,57128.0,59132.13,22895.01461,76576165956,4450771509,11080527929.0,1.0,15.55,,26.0,5.13,8.0,0.0,32.0
2024-09-03,2538.0,2553.6,2411.12,2425.29,224793.1299,59132.12,59809.65,57415.0,57487.73,22828.18447,78676846615,4568940979,11521113448.0,1.0001,20.72,122.7811,26.0,5.13,8.0,0.0,32.0
2024-09-04,2425.28,2490.0,2306.65,2450.71,384179.3854,57487.74,58519.0,55606.0,57970.9,35560.82146,76670297142,4394544320,11228421380.0,1.0,21.32,122.5144,27.0,5.13,8.0,0.0,32.0
2024-09-05,2450.71,2466.0,2348.04,2368.81,278549.0969,57970.9,58327.07,55643.65,56180.0,27806.91413,77438696283,4406541271,11257671950.0,1.0003,19.9,122.4533,29.0,5.13,8.0,0.0,32.0
2024-09-06,2368.81,2408.83,2150.55,2225.23,643027.111,56180.0,57008.0,52550.0,53962.97,54447.76826,75845528157,4290634129,10914812378.0,1.0002,22.38,122.4991,22.0,5.13,8.0,0.0,32.0
2024-09-07,2225.24,2311.27,2220.98,2273.58,219453.2076,53962.97,54850.0,53745.54,54160.86,16694.04774,72373818729,4079420368,10412547065.0,1.0001,,,23.0,5.13,8.0,0.0,32.0
2024-09-08,2273.58,2333.58,2240.94,2297.3,192775.6493,54160.86,55318.0,53629.01,54869.95,16274.14779,73657247975,4151244933,10526351452.0,0.9999,,,29.0,5.13,10.0,0.0,32.0
2024-09-09,2297.3,2381.41,2272.8,2359.5,321698.99,54869.95,58088.0,54591.96,57042.0,32384.51737,74567236759,4221644827,10613160863.0,0.9997,19.45,122.7156,26.0,5.13,10.0,0.0,32.0
2024-09-10,2359.51,2400.0,2320.41,2388.52,224382.1729,57042.01,58044.36,56386.4,57635.99,23626.78126,76642728570,4346466171,11068647586.0,0.9999,19.08,123.0071,33.0,5.13,10.0,0.0,32.0
2024-09-11,2388.52,2389.32,2277.68,2340.55,282898.3125,57635.99,57981.71,55545.19,57338.0,33026.56757,77140381334,4418865343,11137144994.0,0.9998,17.69,122.7754,37.0,5.13,10.0,0.0,32.0
2024-09-12,2340.54,2391.93,2315.39,2361.76,202611.1308,57338.0,58588.0,57324.0,58132.32,31074.40631,76611781895,4381702381,11077988251.0,1.0,17.07,122.4423,31.0,5.13,10.0,0.0,32.0
2024-09-13,2361.75,2464.82,2337.35,2439.19,253888.616,58132.31,60625.0,57632.62,60498.0,29825.23333,77339532895,4408026392,11129949784.0,0.9992,16.56,121.6551,32.0,5.13,10.0,0.0,32.0
2024-09-14,2439.19,2440.6,2376.72,2417.79,122931.2302,60497.99,60610.45,59400.0,59993.03,12137.90901,79862686895,4602544367,11626183120.0,0.9997,,,50.0,5.13,10.0,0.0,32.0
2024-09-15,2417.8,2430.32,2283.75,2316.1,174364.1946,59993.02,60395.8,58691.05,59132.0,13757.92361,79157641530,4502244244,11576969668.0,0.9998,,,51.0,5.13,9.0,0.0,32.0
2024-09-16,2316.09,2335.7,2252.39,2295.68,330555.232,59132.0,59210.7,57493.3,58213.99,26477.5642,77731954741,4412145511,11287544719.0,1.0,17.14,121.4976,39.0,5.13,9.0,0.0,32.0
2024-09-17,2295.67,2393.63,2263.29,2341.8,274206.2588,58213.99,61320.0,57610.01,60313.99,33116.25878,75953935300,4301393966,11114433241.0,0.9997,17.61,121.6031,33.0,5.13,9.0,0.0,32.0
2024-09-18,2341.79,2376.14,2277.34,2374.75,292917.6008,60313.99,61786.24,59174.8,61759.99,36087.02469,77639366360,4322942581,11387303971.0,0.9999,18.23,121.5618,45.0,5.13,9.0,0.0,32.0
2024-09-19,2374.74,2494.95,2372.6,2465.21,326746.032,61759.98,63850.0,61555.0,62947.99,34332.52608,77648742322,4267731493,11365897944.0,0.9997,16.33,121.3059,49.0,5.13,9.0,0.0,32.0
2024-09-20,2465.21,2571.93,2437.31,2561.4,340754.5912,62948.0,64133.32,62350.0,63201.05,25466.37794,80543583957,4500096934,11818200606.0,0.9998,16.15,121.4052,54.0,5.13,9.0,0.0,32.0
2024-09-21,2561.4,2623.34,2528.97,2612.4,154757.8773,63201.05,63559.9,62758.0,63348.96,8375.34608,82549972422,4594271562,12131437365.0,0.9998,,,54.0,5.13,9.0,0.0,32.0
2024-09-22,2612.4,2632.57,2524.58,2581.0,214266.3257,63348.97,64000.0,62357.93,63578.76,14242.19892,83156139632,4631150210,12143178818.0,1.0,,,52.0,5.13,8.0,0.0,30.0
2024-09-23,2580.99,2702.82,2539.49,2646.97,333282.0149,63578.76,64745.88,62538.75,63339.99,24078.05287,82495303842,4529714663,12093632672.0,1.0,15.89,121.4303,50.0,5.13,8.0,0.0,30.0
2024-09-24,2646.98,2670.96,2591.56,2653.2,288600.0402,63339.99,64688.0,62700.0,64262.7,23185.04759,84345336209,4771329768,12542043182.0,0.9999,15.39,121.1291,54.0,5.13,8.0,0.0,30.0
2024-09-25,2653.2,2673.5,2554.05,2579.95,220343.4293,64262.7,64817.99,62947.08,63152.01,17813.11168,85011548374,4810552354,12665540092.0,1.0002,15.41,121.4447,59.0,5.13,8.0,0.0,30.0
2024-09-26,2580.09,2666.22,2559.2,2632.26,278686.3573,63152.01,65839.0,62670.0,65173.99,28373.30593,83463739689,4713728415,12474006292.0,0.9997,15.37,121.0785,50.0,5.13,8.0,0.0,30.0
2024-09-27,2632.25,2728.6,2615.21,2694.43,281826.9792,65173.99,66498.0,64819.9,65769.95,22048.80487,85560420141,4832408474,12807840289.0,0.9997,16.96,121.1111,61.0,5.13,8.0,0.0,30.0
2024-09-28,2694.43,2704.35,2650.0,2675.21,137230.0342,65769.95,66260.0,65422.23,65858.0,9127.23316,86696505511,4906314179,13045563732.0,0.9997,,,64.0,5.13,8.0,0.0,30.0
2024-09-29,2675.21,2683.7,2629.73,2657.62,160554.3146,65858.0,66076.12,65432.0,65602.01,8337.74111,86149741625,4902985459,12953369000.0,0.9997,,,63.0,5.13,10.0,0.0,25.0
2024-09-30,2657.62,2663.5,2575.0,2602.23,282475.7961,65602.01,65618.8,62856.3,63327.59,30011.08752,86192594881,4881969285,12900101699.0,1.0002,16.73,121.2864,61.0,5.13,10.0,0.0,25.0
2024-10-01,2602.24,2659.0,2414.0,2447.79,502828.6804,63327.6,64130.63,60164.0,60805.78,43671.48108,84455835194,4791020624,12575037576.0,1.0001,19.26,121.6881,50.0,4.83,10.0,0.0,25.0
2024-10-02,2447.78,2499.0,2352.0,2364.1,317484.735,60804.92,62390.31,60000.0,60649.28,31534.70118,81184040533,4592242927,11986386979.0,1.0001,18.9,121.5724,42.0,4.83,10.0,0.0,25.0
2024-10-03,2364.09,2403.38,2310.0,2349.8,314635.9263,60649.27,61477.19,59828.11,60752.71,26221.43472,78852573593,4456990943,11772084186.0,1.0,20.49,122.1197,37.0,4.83,10.0,0.0,25.0
2024-10-04,2349.8,2441.64,2339.15,2414.41,239383.017,60752.72,62484.85,60459.9,62086.0,21294.65994,78588143544,4393431705,11701128708.0,1.0,19.21,122.2197,41.0,4.83,10.0,0.0,25.0
2024-10-05,2414.41,2428.23,2390.05,2414.66,103740.2316,62086.0,62370.56,61689.26,62058.0,7807.46141,80553778256,4623019053,12053460677.0,1.0,,,49.0,4.83,10.0,0.0,25.0
2024-10-06,2414.66,2457.8,2407.0,2440.03,105752.7096,62058.01,62975.0,61798.97,62819.91,8906.86177,80253507112,4570097881,11902690155.0,1.0001,,,50.0,4.83,9.0,0.0,22.0
2024-10-07,2440.02,2521.0,2403.0,2422.71,300459.5407,62819.91,64478.19,62128.0,62224.0,25966.1852,79781804791,4608266846,11996359143.0,1.0002,22.64,122.4241,50.0,4.83,9.0,0.0,22.0
2024-10-08,2422.7,2466.66,2401.18,2440.89,201358.3312,62224.01,63200.0,61860.31,62160.49,19702.22371,80293340939,4652489597,11906602886.0,1.0004,21.42,122.6625,49.0,4.83,9.0,0.0,22.0
2024-10-09,2440.88,2473.61,2351.42,2370.47,242082.2725,62160.5,62543.75,60301.0,60636.02,20011.15684,79473863969,4603860917,11836575739.0,1.0007,20.86,122.8821,49.0,4.83,9.0,0.0,22.0
2024-10-10,2370.47,2421.36,2330.66,2386.49,257862.9619,60636.01,61321.68,58946.0,60326.39,23967.92481,77885462860,4556487872,11664816952.0,1.0007,20.93,123.0951,39.0,4.83,9.0,0.0,22.0
2024-10-11,2386.49,2471.45,2381.86,2439.5,235441.2197,60326.4,63417.56,60087.64,62540.0,23641.35209,77712617371,4552727847,11655600473.0,1.0002,20.46,122.9805,32.0,4.83,9.0,0.0,22.0
2024-10-12,2439.49,2490.51,2434.35,2476.4,139637.5062,62539.99,63480.0,62487.23,63206.22,10911.30116,80407488835,4729778780,11997538429.0,1.0002,,,49.0,4.83,9.0,0.0,22.0
2024-10-13,2476.4,2484.92,2436.4,2468.91,120022.8179,63206.23,63285.72,62050.0,62870.02,11909.21995,81463210304,4788991304,12299374184.0,1.0003,,,50.0,4.83,10.0,0.0,23.0
2024-10-14,2468.92,2654.0,2443.39,2629.79,435900.1619,62870.02,66500.0,62457.81,66083.99,37669.95222,81193058814,4776370642,12256446654.0,1.0001,19.7,,48.0,4.83,10.0,0.0,23.0
2024-10-15,2629.79,2688.6,2537.36,2607.41,416285.6663,66084.0,67950.0,64800.01,67074.14,43683.95423,84717881823,5014220656,12954472117.0,1.0001,20.64,123.5124,65.0,4.83,10.0,0.0,23.0
2024-10-16,2607.41,2647.79,2588.67,2611.1,260322.4242,67074.14,68424.0,66750.49,67620.01,29938.25544,83771563937,4951230768,12879607998.0,1.0001,19.58,123.9235,73.0,4.83,10.0,0.0,23.0
2024-10-17,2611.1,2648.37,2575.4,2605.8,221624.5434,67620.0,67939.4,66666.0,67421.78,25328.22861,83716543307,5037812504,12927823012.0,1.0002,19.11,124.1122,71.0,4.83,10.0,0.0,23.0
2024-10-18,2605.79,2675.58,2596.49,2642.17,292444.1153,67421.78,69000.0,67192.36,68428.0,28725.635,82503221009,5001257267,13002154372.0,0.9999,18.03,123.9185,73.0,4.83,10.0,0.0,23.0
2024-10-19,2642.17,2663.49,2631.02,2648.2,105413.7646,68427.99,68693.26,68010.0,68378.0,8193.66737,83280136349,5079493945,13127501448.0,1.0,,,72.0,4.83,10.0,0.0,23.0
2024-10-20,2648.2,2759.0,2635.54,2746.91,256910.7448,68377.99,69400.0,68100.0,69031.99,12442.47378,83340316549,5056098195,13191867284.0,1.0002,,,73.0,4.83,11.0,0.0,24.0
2024-10-21,2746.91,2769.48,2655.01,2666.7,310674.7232,69032.0,69519.52,66840.67,67377.5,31374.42184,85401015246,5182670188,13562189938.0,1.0004,18.37,124.4757,72.0,4.83,11.0,0.0,24.0
2024-10-22,2666.71,2671.92,2606.56,2622.81,265747.713,67377.5,67836.01,66571.42,67426.0,24598.96268,85512049820,4994597670,13393297863.0,1.0005,18.2,124.4107,70.0,4.83,11.0,0.0,24.0
2024-10-23,2622.81,2628.2,2450.0,2524.61,352647.7086,67426.01,67472.83,65260.0,66668.65,25530.2407,85507415746,4983415166,13326122615.0,1.0008,19.24,124.6931,71.0,4.83,11.0,0.0,24.0
2024-10-24,2524.6,2562.65,2507.31,2535.82,290851.7842,66668.65,68850.0,66510.0,68198.28,22589.83877,83483872742,4727630021,12878324490.0,1.0005,19.08,124.5127,69.0,4.83,11.0,0.0,24.0
2024-10-25,2535.82,2566.33,2382.59,2440.62,514799.8822,68198.27,68771.49,65596.29,66698.33,34479.71125,84856486800,4789189550,13088944497.0,1.0019,20.33,124.6105,72.0,4.83,11.0,0.0,24.0
2024-10-26,2440.63,2508.0,2430.12,2482.51,248724.8313,66698.32,67454.55,66439.9,67092.76,11842.9077,82549080455,4664901535,12810228801.0,1.0011,,,,4.83,11.0,0.0,24.0
2024-10-27,2482.51,2527.99,2464.13,2507.8,137580.8836,67092.76,68332.05,66913.73,68021.7,8653.19592,82860422253,4660827686,13026227818.0,1.0011,,,74.0,4.83,10.0,0.0,30.0
2024-10-28,2507.8,2589.67,2471.67,2567.48,360605.327,68021.69,70270.0,67618.0,69962.21,29046.75459,82949793887,4771483544,13184195490.0,1.0006,19.8,124.8076,72.0,4.83,10.0,0.0,30.0
2024-10-29,2567.49,2681.86,2561.2,2638.8,451915.7025,69962.21,73620.12,69760.0,72736.42,50128.60594,84415015619,4837526119,13430691017.0,1.0002,19.34,124.8612,72.0,4.83,10.0,0.0,30.0
2024-10-30,2638.8,2722.3,2599.66,2659.19,460627.126,72736.41,72961.0,71436.0,72344.74,26885.99056,86389481677,4994987636,13717796816.0,1.0002,20.35,124.8153,77.0,4.83,10.0,0.0,30.0
2024-10-31,2659.19,2669.0,2503.0,2518.61,403427.2017,72344.75,72700.0,69685.76,70292.01,29352.10297,86844052545,4954515548,13944469683.0,1.0013,23.16,124.7988,77.0,4.83,10.0,0.0,30.0
2024-11-01,2518.61,2586.8,2467.67,2511.49,430249.1073,70292.01,71632.95,68820.14,69496.01,38301.86755,83810360547,4761678765,13348867386.0,1.0004,21.88,124.8076,75.0,4.64,10.0,0.0,30.0
2024-11-02,2511.49,2523.45,2470.0,2494.23,145961.13,69496.0,69914.37,69000.14,69374.74,10521.67243,83692829534,4742440566,13374147379.0,1.0002,,,72.0,4.64,10.0,0.0,30.0
2024-11-03,2494.23,2496.39,2411.0,2457.73,276009.1197,69374.74,69391.0,67478.73,68775.99,24995.70243,83223304879,4702475998,13316407755.0,1.0004,,,74.0,4.64,10.0,0.0,46.0
2024-11-04,2457.73,2491.39,2357.59,2398.21,306316.9645,68775.99,69500.0,66835.0,67850.01,29800.39187,82546493816,4600066454,13363873016.0,1.0006,21.98,124.5903,70.0,4.64,10.0,0.0,46.0
2024-11-05,2398.21,2480.0,2380.74,2422.55,331619.2545,67850.01,70577.91,67476.63,69372.01,33355.06888,80734757112,4460926878,13066000973.0,1.0001,20.49,124.5532,70.0,4.64,10.0,0.0,46.0
2024-11-06,2422.6,2744.7,2420.3,2721.87,1002141.3618,69372.01,76400.0,69298.0,75571.99,104126.994787,82482627191,4607715182,13311083141.0,0.9991,16.27,125.7035,70.0,4.64,10.0,0.0,46.0
2024-11-07,2721.88,2916.11,2699.49,2895.47,730845.9524,75571.99,76849.99,74416.0,75857.89,44869.422345,89626064051,5046235782,14678850379.0,0.9993,15.2,124.775,77.0,4.64,10.0,0.0,46.0
2024-11-08,2895.47,2981.69,2886.4,2961.75,568864.435,75857.89,77199.99,75555.0,76509.78,36521.099583,92373600786,5244898260,15168646508.0,0.9993,14.94,125.5811,75.0,4.64,10.0,0.0,46.0
2024-11-09,2961.75,3157.4,2953.71,3126.21,526719.4212,76509.78,76900.0,75714.66,76677.46,16942.07915,93734669593,5359168486,15500741099.0,0.9995,,,75.0,4.64,10.0,0.0,46.0
2024-11-10,3126.2,3248.52,3069.0,3183.21,865536.7322,76677.46,81500.0,76492.0,80370.01,61830.100435,96812123093,5463808743,16063463922.0,0.9991,,,78.0,4.64,12.0,0.0,88.0
2024-11-11,3183.2,3387.61,3105.0,3371.59,1000093.9664,80370.01,89530.54,80216.01,88647.99,82323.665776,99362852255,5611796501,16573019787.0,0.9987,14.97,,76.0,4.64,12.0,0.0,88.0
2024-11-12,3371.59,3442.5,3207.67,3243.8,973215.7285,88648.0,89940.0,85072.0,87952.01,97299.887911,103993033913,5814178568,17409880088.0,0.999,14.71,126.7762,80.0,4.64,12.0,0.0,88.0
2024-11-13,3243.79,3331.0,3116.69,3187.16,919686.3747,87952.0,93265.64,86127.99,90375.2,86763.854127,103473573258,5801886258,17178564173.0,0.9986,14.02,126.9572,84.0,4.64,12.0,0.0,88.0
2024-11-14,3187.16,3240.4,3028.56,3058.82,605780.6662,90375.21,91790.0,86668.21,87325.59,56729.51086,102065412895,5646291929,17145511569.0,1.0,14.31,127.0015,88.0,4.64,12.0,0.0,88.0
2024-11-15,3058.81,3131.06,3014.5,3090.01,519623.6317,87325.59,91850.0,87073.38,91032.07,47927.95068,99576382060,5533974805,16667407214.0,0.9997,16.14,126.8848,80.0,4.64,12.0,0.0,88.0
2024-11-16,3090.01,3219.97,3072.0,3132.87,423639.1573,91032.08,91779.66,90056.17,90586.92,22717.87689,101729480889,5635397374,16933658131.0,0.9995,,,86.0,4.64,12.0,0.0,88.0
2024-11-17,3132.88,3162.11,3034.99,3076.0,449818.9575,90587.98,91449.99,88722.0,89855.99,23867.55609,102705272939,5670127451,17159550242.0,0.9998,,,90.0,4.64,11.0,0.0,69.0
2024-11-18,3075.99,3224.94,3050.01,3207.8,640658.4357,89855.98,92594.0,89376.9,90464.08,46545.03448,102206460336,5609667644,16894004635.0,0.9993,15.58,126.6045,83.0,4.64,11.0,0.0,69.0
2024-11-19,3207.81,3221.2,3065.4,3107.44,500112.0194,90464.07,93905.51,90357.0,92310.79,43660.04682,104750108086,5716664463,17370860302.0,0.9987,16.35,126.3994,90.0,4.64,11.0,0.0,69.0
2024-11-20,3107.45,3159.2,3029.41,3069.97,503607.8336,92310.8,94831.97,91500.0,94286.56,42203.198712,103476045655,5609663093,17177519015.0,0.9992,17.16,126.88,83.0,4.64,11.0,0.0,69.0
2024-11-21,3069.97,3386.73,3032.59,3355.81,974923.3035,94286.56,98988.0,94040.0,98317.12,69228.360477,103180481831,5547664949,17128042735.0,0.9988,16.87,127.1047,82.0,4.64,11.0,0.0,69.0
2024-11-22,3355.88,3425.92,3257.54,3327.78,603273.7093,98317.12,99588.01,97122.11,98892.0,46189.309243,109950313538,5943157651,18577767384.0,0.9989,15.24,127.4712,94.0,4.64,11.0,0.0,69.0
2024-11-23,3327.78,3497.51,3312.72,3393.91,721024.0009,98892.0,98908.85,97136.0,97672.4,24757.84367,110412063287,5940080516,18617394263.0,0.9991,,,93.0,4.64,11.0,0.0,69.0
2024-11-24,3393.91,3450.0,3281.4,3361.2,479098.0921,97672.4,98564.0,95734.77,97900.04,31200.97838,112153421151,5915326847,19010911552.0,0.999,,,80.0,4.64,11.0,1.0,69.0
2024-11-25,3361.21,3546.66,3300.01,3414.49,949330.37,97900.05,98871.8,92600.19,93010.01,50847.45096,111719440807,5883570261,18942693417.0,1.0001,14.6,126.9948,82.0,4.64,11.0,1.0,69.0
2024-11-26,3414.49,3462.49,3252.0,3324.73,672367.1503,93010.01,94973.37,90791.1,91965.16,57858.73138,110207458852,5985660831,18700748673.0,1.0004,14.1,127.4301,79.0,4.64,11.0,1.0,69.0
2024-11-27,3324.74,3684.92,3302.4,3653.28,754573.6485,91965.16,97208.21,91792.14,95863.11,41153.42734,108715507652,5857274134,18422407373.0,0.9989,14.1,126.8205,75.0,4.64,11.0,1.0,69.0
2024-11-28,3653.27,3661.92,3529.76,3578.79,560976.425,95863.11,96564.0,94640.0,95643.98,28814.54357,117146767969,6291237649,19833597351.0,0.9999,13.9,,77.0,4.64,11.0,1.0,69.0
2024-11-29,3578.8,3647.98,3534.28,3592.21,425493.2449,95643.99,98619.99,95364.99,97460.0,27701.78231,115949861765,6185558532,19556909658.0,0.9996,13.51,126.5798,78.0,4.64,11.0,1.0,69.0
2024-11-30,3592.22,3738.98,3568.4,3703.6,503684.7485,97460.0,97463.95,96092.01,96407.99,14503.83306,117655968411,6241718611,19925375614.0,0.9995,,,84.0,4.64,11.0,1.0,69.0
2024-12-01,3703.59,3746.8,3659.2,3707.61,429089.2633,96407.99,97836.0,95693.88,97185.18,16938.60452,119971629065,6421276064,20325855696.0,0.9993,,,81.0,4.48,12.0,1.0,81.0
2024-12-02,3707.61,3760.0,3554.32,3643.42,737130.569,97185.17,98130.0,94395.0,95840.62,37958.66981,120428632118,6464071393,20453715408.0,0.9997,13.34,127.1272,80.0,4.48,12.0,1.0,81.0
2024-12-03,3643.43,3670.0,3500.0,3614.51,678400.2032,95840.61,96305.52,93578.17,95849.69,35827.32283,118824636049,6324791093,20233312895.0,0.9992,13.3,126.9565,76.0,4.48,12.0,1.0,81.0
2024-12-04,3614.51,3887.24,3614.51,3837.8,968744.0399,95849.69,99000.0,94587.83,98587.32,43850.53728,126970400577,6415881771,20287878091.0,0.9984,13.45,126.7574,78.0,4.48,12.0,1.0,81.0
2024-12-05,3837.8,3956.0,3677.0,3785.2,946493.276,98587.32,104088.0,90500.0,96945.63,109921.729662,125657908405,6721859250,21165976876.0,0.9988,13.54,126.4286,84.0,4.48,12.0,1.0,81.0
2024-12-06,3785.21,4087.73,3777.26,3998.87,803855.1146,96945.63,101898.99,95981.72,99740.84,45049.5331,124606823398,6534993911,20943723915.0,0.9983,12.77,126.688,72.0,4.48,12.0,1.0,81.0
2024-12-07,3998.87,4024.46,3968.0,3996.22,283920.02,99740.84,100439.18,98844.0,99831.99,14931.9459,129876179329,6774828290,22059006182.0,0.999,,,75.0,4.48,12.0,1.0,81.0
2024-12-08,3996.22,4015.58,3923.5,4004.15,251362.1685,99831.99,101351.0,98657.7,101109.59,14612.99688,130107049031,6745982116,22193850432.0,0.9992,,,79.0,4.48,10.0,1.0,70.0
2024-12-09,4004.15,4006.17,3509.0,3712.0,939642.2001,101109.6,101215.93,94150.05,97276.47,53949.11595,129979143940,6790380916,22270487875.0,0.9995,14.19,126.5981,78.0,4.48,10.0,1.0,70.0
2024-12-10,3712.0,3780.76,3515.89,3628.25,942206.0337,97276.48,98270.0,94256.54,96593.0,51708.68933,120317686696,6318111108,20991189579.0,0.9993,14.18,126.957,78.0,4.48,10.0,1.0,70.0
2024-12-11,3628.24,3848.64,3562.34,3831.81,461818.7801,96593.0,101888.0,95658.24,101125.0,37753.78291,120289209216,6256931846,20779074678.0,0.9993,13.58,126.8483,74.0,4.48,10.0,1.0,70.0
2024-12-12,3831.82,3987.41,3796.8,3881.61,572098.6343,101125.0,102540.0,99311.64,100004.29,29232.08745,126909840258,6604269910,21860486733.0,0.9998,13.92,126.9556,83.0,4.48,10.0,1.0,70.0
2024-12-13,3881.6,3968.47,3852.94,3906.8,387765.6873,100004.29,101895.26,99205.0,101424.25,21904.03923,128135969812,6685815114,21942008003.0,0.9998,13.81,127.3096,76.0,4.48,10.0,1.0,70.0
2024-12-14,3906.8,3945.0,3825.03,3870.29,265538.9479,101424.24,102650.0,100609.41,101420.0,14191.70326,129170004596,6738505856,22325862150.0,1.0002,,,83.0,4.48,10.0,1.0,70.0
2024-12-15,3870.3,3974.61,3831.5,3959.09,253833.2141,101420.0,105250.0,101237.14,104463.99,22228.921775,128219546299,6709053941,22289586506.0,1.0002,,,80.0,4.48,10.0,1.0,68.0
2024-12-16,3959.09,4107.8,3884.0,3986.24,673351.0723,104463.99,107793.07,103333.0,106058.66,41302.40274,131141530528,6831607084,22389618379.0,0.9997,14.69,127.2687,83.0,4.48,10.0,1.0,68.0
2024-12-17,3986.24,4041.82,3847.96,3893.01,450825.9861,106058.65,108353.0,105321.49,106133.74,29064.936466,133358149326,6831653644,23178593987.0,0.9999,15.87,127.5043,87.0,4.48,10.0,1.0,68.0
2024-12-18,3893.01,3907.19,3617.42,3626.8,722505.0618,106133.74,106524.98,100000.0,100204.01,50307.99755,130589441585,6567864673,22635511318.0,1.0004,27.62,127.6418,81.0,4.48,10.0,1.0,68.0
2024-12-19,3626.8,3720.0,3326.8,3417.01,1078153.4851,100204.01,102800.11,95700.0,97461.86,55147.398,123869101027,6356449174,21092275091.0,1.0008,24.09,128.6366,75.0,4.48,10.0,1.0,68.0
2024-12-20,3417.01,3497.84,3101.9,3472.21,1332783.731,97461.86,98233.0,92232.54,97805.44,62884.1357,117910434748,6027343481,20287440539.0,1.0005,18.36,127.893,74.0,4.48,10.0,1.0,68.0
2024-12-21,3472.2,3555.18,3293.11,3338.92,475275.82,97805.44,99540.61,96398.39,97291.99,23483.54143,118169191221,5884782895,20243404921.0,1.0006,,,73.0,4.48,10.0,1.0,68.0
2024-12-22,3338.92,3403.0,3221.1,3281.83,361920.2495,97292.0,97448.08,94250.35,95186.27,19353.83036,114821193985,5643867737,19801125114.0,1.001,,,73.0,4.48,8.0,0.0,50.0
2024-12-23,3281.83,3466.99,3216.97,3422.53,488253.41,95186.28,96538.92,92520.0,94881.47,32810.76703,114034644954,5628248408,19579422030.0,1.0012,16.78,128.3021,70.0,4.48,8.0,0.0,50.0
2024-12-24,3422.53,3539.65,3358.19,3493.18,315723.6763,94881.47,99487.99,93569.02,98663.58,23674.22488,117734881724,5875723900,20294845142.0,1.0007,14.27,128.3377,73.0,4.48,8.0,0.0,50.0
2024-12-25,3493.17,3547.95,3440.93,3497.0,219846.0452,98663.58,99569.15,97632.02,99429.6,14474.1651,120854320997,6027405650,21045739838.0,1.0009,,,73.0,4.48,8.0,0.0,50.0
2024-12-26,3497.0,3514.94,3304.63,3335.05,310170.1719,99429.61,99963.7,95199.14,95791.6,21192.36727,120844292024,6031865576,21020455676.0,1.0011,14.73,128.3329,79.0,4.48,8.0,0.0,50.0
2024-12-27,3335.04,3444.16,3306.6,3333.51,342529.6038,95791.6,97544.58,93500.01,94299.03,26501.26429,116541070559,5771130334,20375735207.0,1.0015,15.95,128.45,74.0,4.48,8.0,0.0,50.0
2024-12-28,3333.51,3428.68,3322.23,3404.0,175963.613,94299.03,95733.99,94135.66,95300.0,8385.8929,116158803259,5862914960,20261713145.0,1.0019,,,72.0,4.48,8.0,0.0,50.0
2024-12-29,3404.01,3413.78,3326.17,3356.48,156256.8819,95300.0,95340.0,93009.52,93738.2,13576.00578,118464880819,5996405428,20715896107.0,1.0018,,,73.0,4.48,9.0,0.0,48.0
2024-12-30,3356.48,3437.59,3305.0,3361.84,420794.6476,93738.19,95024.5,91530.45,92792.05,27619.4225,116890087373,5914810901,20590937499.0,1.0018,17.4,128.8205,65.0,4.48,9.0,0.0,48.0
2024-12-31,3361.83,3451.0,3315.59,3337.78,303053.1685,92792.05,96250.0,92033.73,93576.0,19612.03389,116125410480,5897923748,20387190605.0,1.0019,17.35,129.2775,64.0,4.48,9.0,0.0,48.0
2025-01-01,3337.78,3374.85,3313.88,3360.38,190238.5861,93576.0,95151.15,92888.0,94591.79,10373.32613,115657176462,5877844689,20408397740.0,1.0021,,,66.0,4.33,9.0,0.0,48.0
2025-01-02,3360.39,3509.99,3354.5,3455.67,338632.8874,94591.78,97839.5,94392.0,96984.79,21970.48948,117380058389,5959316536,20814608338.0,1.0009,17.93,129.4598,70.0,4.33,9.0,0.0,48.0
2025-01-03,3455.68,3630.0,3423.44,3609.01,334041.0604,96984.79,98976.91,96100.01,98174.18,15253.82936,120169407894,6113013477,21122671065.0,1.0005,16.13,129.4535,74.0,4.33,9.0,0.0,48.0
2025-01-04,3609.0,3671.6,3572.42,3656.88,229266.3133,98174.17,98778.43,97514.79,98220.5,8990.05651,124382903087,6354453906,21522938559.0,1.0001,,,73.0,4.33,9.0,0.0,48.0
2025-01-05,3656.88,3675.25,3593.7,3635.99,155444.1741,98220.51,98836.85,97276.79,98363.61,8095.63723,125638737775,6372929044,21761709210.0,1.0001,,,72.0,4.33,3.0,0.0,16.0
2025-01-06,3636.0,3744.83,3610.63,3687.45,329642.3648,98363.61,102480.0,97920.0,102235.6,25263.43375,125321253606,6386839683,21825698836.0,0.9995,16.04,128.538,76.0,4.33,3.0,0.0,16.0
2025-01-07,3687.44,3700.86,3356.31,3381.31,541543.2874,102235.6,102724.38,96181.81,96954.61,32059.87537,126954407046,6480842514,22114899472.0,1.0001,17.82,128.613,78.0,4.33,3.0,0.0,16.0
2025-01-08,3381.31,3415.1,3208.2,3327.29,584749.9627,96954.6,97268.65,92500.9,95060.61,33704.67894,118718891596,6064340675,20269799759.0,1.0002,17.7,129.0785,70.0,4.33,3.0,0.0,16.0
2025-01-09,3327.29,3357.27,3158.0,3219.2,501818.4247,95060.61,95382.32,91203.67,92552.49,34544.83685,116897409595,6093468051,20108906485.0,1.0001,18.07,129.2827,69.0,4.33,3.0,0.0,16.0
2025-01-10,3219.2,3322.49,3193.97,3267.04,454142.1333,92552.49,95836.0,92206.02,94726.11,31482.86424,113825460477,5880592732,19736496564.0,1.0002,19.54,129.8664,50.0,4.33,3.0,0.0,16.0
2025-01-11,3267.05,3320.18,3217.56,3282.83,151679.7487,94726.1,95050.94,93831.73,94599.99,7047.9043,116095818691,6030978362,20312030225.0,1.0004,,,69.0,4.33,3.0,0.0,16.0
2025-01-12,3282.83,3300.0,3224.49,3267.3,164879.9709,94599.99,95450.1,93711.19,94545.06,8606.86622,116642415553,6006358397,20534545563.0,1.0004,,,62.0,4.33,3.0,0.0,17.0
2025-01-13,3267.3,3339.0,2920.0,3137.51,845907.5669,94545.07,95940.0,89256.69,94536.1,42619.56423,115500939926,5891574151,20688516702.0,1.0003,19.19,130.0413,61.0,4.33,3.0,0.0,17.0
2025-01-14,3137.51,3256.67,3125.65,3225.63,374308.4517,94536.11,97371.0,94346.22,96560.86,27846.61753,113043940947,5752077723,20301546524.0,1.0003,18.71,129.3812,63.0,4.33,3.0,0.0,17.0
2025-01-15,3225.63,3473.75,3186.36,3451.52,464188.034,96560.85,100681.94,96500.0,100497.35,30509.99179,116243230062,5993549388,20896596302.0,0.9998,16.12,129.2092,70.0,4.33,3.0,0.0,17.0
2025-01-16,3451.51,3460.79,3265.44,3308.05,471282.6787,100497.35,100866.66,97335.13,99987.3,27832.85317,122402309269,6354998745,21912249447.0,1.0001,16.6,129.436,75.0,4.33,3.0,0.0,17.0
2025-01-17,3308.04,3525.72,3307.5,3473.63,518550.1813,99987.3,105865.22,99950.77,104077.48,39171.85292,120121177107,6169418610,21303340323.0,0.9996,15.97,129.4859,75.0,4.33,3.0,0.0,17.0
2025-01-18,3473.64,3494.39,3227.0,3307.71,634197.1281,104077.47,104988.88,102277.55,104556.23,24307.82998,125139709674,6046306166,22165200061.0,1.0011,,,77.0,4.33,3.0,0.0,17.0
2025-01-19,3307.71,3448.99,3130.48,3215.12,1342301.5217,104556.23,106422.43,99651.6,101331.57,43397.28298,122109470323,6009911650,21512079246.0,1.0014,,,77.0,4.33,3.0,0.0,20.0
2025-01-20,3215.2,3453.69,3142.78,3284.0,1158354.7814,101331.57,109588.0,99550.0,102260.01,89529.231732,119351052576,5771817978,21063010429.0,1.0012,15.81,,76.0,4.33,3.0,0.0,20.0
2025-01-21,3283.99,3368.0,3204.6,3327.54,548706.0513,102260.0,107240.81,100119.04,106143.82,45941.02002,120289815379,5771323036,21379948182.0,0.9999,15.06,128.4151,76.0,4.33,3.0,0.0,20.0
2025-01-22,3327.55,3365.99,3222.85,3242.6,349240.7498,106143.82,106394.46,103339.12,103706.66,22248.69254,123073630834,5895949636,21688679844.0,1.0005,15.1,128.3402,84.0,4.33,3.0,0.0,20.0
2025-01-23,3242.61,3347.97,3185.0,3338.21,605592.7225,103706.66,106850.0,101262.28,103910.34,53953.12031,121833460588,5794333642,21421586764.0,0.9998,15.02,128.2162,75.0,4.33,3.0,0.0,20.0
2025-01-24,3338.22,3428.0,3275.9,3310.09,451524.2752,103910.35,107120.0,102750.0,104870.5,23609.24017,122853688631,5874269499,21649367678.0,1.0,14.85,127.4611,75.0,4.33,3.0,0.0,20.0
2025-01-25,3310.1,3350.68,3268.66,3318.77,208559.0415,104870.51,105286.52,104106.09,104746.85,9068.32377,122514600471,5904430607,21871609661.0,1.0002,,,75.0,4.33,3.0,0.0,20.0
2025-01-26,3318.76,3362.0,3230.0,3232.61,272165.469,104746.86,105500.0,102520.44,102620.0,9812.51238,123375970751,5937076397,22009312420.0,1.0004,,,73.0,4.33,3.0,0.0,16.0
2025-01-27,3232.61,3253.91,3020.01,3182.44,753004.7529,102620.01,103260.0,97777.77,102082.83,50758.1341,121184354810,5809031414,21792060309.0,1.0001,17.9,128.0912,71.0,4.33,3.0,0.0,16.0
2025-01-28,3182.44,3223.01,3040.03,3077.72,350959.7173,102082.83,103800.0,100272.68,101335.52,22022.05765,117921428988,5617844398,20971974270.0,1.0006,16.41,128.2817,72.0,4.33,3.0,0.0,16.0
2025-01-29,3077.72,3182.52,3054.06,3113.9,409737.2576,101335.52,104782.68,101328.01,103733.24,23155.35802,115635633214,5493922705,20990835529.0,1.0,16.56,128.3418,72.0,4.33,3.0,0.0,16.0
2025-01-30,3113.9,3283.43,3091.06,3247.39,350639.4823,103733.25,106457.44,103278.54,104722.94,19374.07472,117729905889,5634397603,21279668624.0,1.0,15.84,128.1004,70.0,4.33,3.0,0.0,16.0
2025-01-31,3247.38,3437.31,3213.8,3300.99,648681.6561,104722.94,106012.0,101560.0,102429.56,21983.18193,120940335176,5817769753,21918331536.0,1.0003,16.43,128.4828,76.0,4.33,3.0,0.0,16.0
2025-02-01,3300.99,3331.98,3101.7,3117.54,354065.2525,102429.56,102783.71,100279.51,100635.65,12290.95747,119865610438,5894625017,22108741531.0,1.0002,,,68.0,4.33,3.0,0.0,16.0
2025-02-02,3117.54,3163.2,2750.71,2869.68,1050805.93,100635.66,101456.6,96150.0,97700.59,34619.49939,115336760505,5722117591,21252624754.0,1.0002,,,60.0,4.33,4.0,1.0,22.0
2025-02-03,2869.68,2921.0,2125.01,2879.9,2807979.021,97700.59,102500.01,91231.0,101328.52,75164.7385,106994732493,5564975931,19685342172.0,0.999,18.62,129.109,44.0,4.33,4.0,1.0,22.0
2025-02-04,2879.89,2888.5,2632.6,2731.19,1259594.3919,101328.51,101732.31,96150.0,97763.13,40267.98697,109840062413,5313328930,20409749449.0,0.9997,17.21,128.1083,72.0,4.33,4.0,1.0,22.0
2025-02-05,2731.19,2826.95,2699.13,2788.25,686593.0429,97763.14,99149.0,96155.0,96612.43,26233.30444,106114047938,5134812118,19771961575.0,1.0,15.77,127.9751,54.0,4.33,4.0,1.0,22.0
2025-02-06,2788.25,2857.64,2655.28,2686.64,719459.9571,96612.44,99120.0,95676.64,96554.35,23515.20405,106876815749,5026504539,19721375718.0,1.0,15.5,128.2017,49.0,4.33,4.0,1.0,22.0
2025-02-07,2686.63,2797.5,2562.51,2622.1,695467.3612,96554.35,100137.99,95620.34,96506.8,31794.22065,106544891180,4890451544,19609131074.0,0.9998,16.54,128.4292,44.0,4.33,4.0,1.0,22.0
2025-02-08,2622.11,2667.3,2588.8,2632.46,379685.1509,96506.8,96880.0,95688.0,96444.74,10147.24294,106094237656,4835201363,19373464708.0,0.9999,,,44.0,4.33,4.0,1.0,22.0
2025-02-09,2632.46,2698.9,2520.02,2627.18,387166.7911,96444.75,97323.09,94713.0,96462.75,14120.91613,106872796561,4859111695,19524298255.0,0.9999,,,46.0,4.33,3.0,0.0,14.0
2025-02-10,2627.18,2693.79,2559.85,2661.19,398173.2716,96462.75,98345.0,95256.0,97430.82,20572.87537,106903792144,4841885177,19403178927.0,0.9999,15.81,128.6382,43.0,4.33,3.0,0.0,14.0
2025-02-11,2661.19,2725.04,2558.24,2602.59,484196.1435,97430.82,98478.42,94876.88,95778.2,18647.76379,108443788354,4894870147,19773070278.0,1.0001,16.02,128.4322,47.0,4.33,3.0,0.0,14.0
2025-02-12,2602.59,2795.45,2546.92,2738.27,646295.8959,95778.21,98119.99,94088.23,97869.99,29151.16625,107134211763,4753282112,19304263969.0,0.9998,15.89,128.3288,46.0,4.33,3.0,0.0,14.0
2025-02-13,2738.27,2757.28,2612.76,2675.87,443769.2853,97870.0,98083.91,95217.36,96608.14,19921.77616,110889082113,4857681874,19874643485.0,0.9999,15.1,127.8931,50.0,4.33,3.0,0.0,14.0
2025-02-14,2675.87,2791.78,2664.46,2725.95,419895.7862,96608.13,98826.0,96252.82,97500.48,18173.02646,109427324151,4799268663,19756259648.0,0.9999,14.77,127.1491,48.0,4.33,3.0,0.0,14.0
2025-02-15,2725.95,2739.0,2662.28,2693.04,202971.4295,97500.47,97972.26,97223.58,97569.66,7349.37683,110438333991,4856668876,20011258417.0,0.9998,,,50.0,4.33,3.0,0.0,14.0
2025-02-16,2693.04,2727.31,2651.26,2661.41,191231.5314,97569.67,97704.47,96046.18,96118.12,8191.4249,109981686188,4839688843,19875781935.0,0.9999,,,54.0,4.33,3.0,0.0,13.0
2025-02-17,2661.41,2849.7,2637.71,2744.05,639739.8197,96118.12,97046.59,95205.0,95780.0,16492.0451,109078826389,4874184678,19603080912.0,0.9999,15.37,,51.0,4.33,3.0,0.0,13.0
2025-02-18,2744.05,2756.93,2605.44,2671.99,604863.8737,95780.01,96753.91,93388.09,95671.74,23368.19471,108911253105,4850261056,20009016965.0,1.0004,15.35,127.2906,47.0,4.33,3.0,0.0,13.0
2025-02-19,2672.0,2736.7,2656.03,2715.5,326154.0202,95671.74,96899.99,95029.99,96644.37,16438.50954,107204209671,4770876850,19635282776.0,1.0,15.27,127.7317,44.0,4.33,3.0,0.0,13.0
2025-02-20,2715.51,2770.59,2707.18,2738.04,336735.2544,96644.37,98711.36,96415.09,98305.0,17057.39177,109096015979,4814506066,19949291692.0,0.9997,15.66,127.1126,49.0,4.33,3.0,0.0,13.0
2025-02-21,2738.04,2845.32,2616.72,2663.0,890440.0604,98305.01,99475.0,94871.95,96181.98,32249.2814,110435470384,4883596374,20209497391.0,1.0004,18.21,127.1408,55.0,4.33,3.0,0.0,13.0
2025-02-22,2663.0,2798.07,2653.33,2763.22,444989.6669,96181.99,96980.0,95770.49,96551.01,11268.17708,107051480674,4771941811,19701522863.0,0.9999,,,49.0,4.33,3.0,0.0,13.0
2025-02-23,2763.23,2857.34,2745.41,2819.69,611002.1222,96551.01,96650.0,95227.94,96258.0,10884.84913,109126416948,4905978477,19724641670.0,1.0,,,50.0,4.33,3.0,1.0,17.0
2025-02-24,2819.7,2839.95,2470.33,2513.52,876876.3707,96258.0,96500.0,91349.26,91552.88,31550.10299,110424739362,4944759165,20549153214.0,1.0001,18.98,127.1921,49.0,4.33,3.0,1.0,17.0
2025-02-25,2513.52,2533.49,2313.49,2495.7,1322016.8718,91552.88,92540.69,86050.99,88680.4,78333.11111,102594423985,4428954507,19295633018.0,1.0013,19.43,127.3752,25.0,4.33,3.0,1.0,17.0
2025-02-26,2495.69,2507.5,2253.77,2336.37,863087.2133,88680.39,89414.15,82256.01,84250.09,56893.54409,100784034403,4452646163,19176001547.0,1.0014,19.1,127.2822,21.0,4.33,3.0,1.0,17.0
2025-02-27,2336.38,2381.6,2230.57,2307.72,637583.9106,84250.09,87078.46,82716.49,84708.58,42505.45439,96129153973,4246809453,18096041252.0,1.0007,21.13,127.9704,10.0,4.33,3.0,1.0,17.0
2025-02-28,2307.72,2314.18,2076.26,2237.59,1291539.0557,84708.57,85120.0,78258.52,84349.94,83648.03969,95896681789,4134524337,18154244711.0,1.0003,19.63,128.2805,16.0,4.33,3.0,1.0,17.0
2025-03-01,2237.59,2281.14,2142.73,2217.39,446430.7271,84349.95,86558.0,83824.78,86064.53,25785.05464,96204825668,4178241386,18112530526.0,1.0004,,,20.0,4.33,3.0,1.0,17.0
2025-03-02,2217.4,2550.58,2172.04,2518.11,1266684.7748,86064.54,95000.0,85050.6,94270.0,54889.09045,96586977893,4085883188,18211125800.0,0.9999,,,26.0,4.33,3.0,0.0,17.0
2025-03-03,2518.12,2523.56,2097.91,2149.01,1109565.2003,94269.99,94416.46,85117.11,86220.61,59171.10218,104825285869,4495973802,20000944989.0,1.0006,22.78,127.75,33.0,4.33,3.0,0.0,17.0
2025-03-04,2149.02,2221.88,1993.2,2171.51,1257822.3372,86221.16,88967.52,81500.0,87281.98,55609.10706,94742187181,4005142948,18079760950.0,1.0002,23.51,127.9966,15.0,4.33,3.0,0.0,17.0
2025-03-05,2171.5,2273.51,2155.03,2241.59,687130.7897,87281.98,91000.0,86334.53,90606.01,38264.01163,95253661458,4099602842,18213529061.0,1.0001,21.93,126.504,20.0,4.33,3.0,0.0,17.0
2025-03-06,2241.59,2319.99,2176.9,2202.2,596908.3935,90606.0,92810.64,87836.0,89931.89,34342.44902,98276933510,4246068897,18797388031.0,0.9999,24.87,126.1099,25.0,4.33,3.0,0.0,17.0
2025-03-07,2202.21,2258.47,2101.82,2141.6,782387.2606,89931.88,91283.02,84667.03,86801.75,57980.35713,95982725361,4095608428,18150534273.0,1.0002,23.37,125.9814,34.0,4.33,3.0,0.0,17.0
2025-03-08,2141.6,2234.93,2105.06,2203.58,328793.0979,86801.74,86897.25,85218.47,86222.45,12989.23054,95392793344,4060889728,18140654625.0,1.0001,,,28.0,4.33,3.0,0.0,17.0
2025-03-09,2203.57,2212.0,1989.66,2020.41,601671.5882,86222.46,86500.0,80000.0,80734.37,26115.39345,95989791847,4126712161,18273451828.0,1.0002,,,27.0,4.33,3.0,0.0,16.0
2025-03-10,2020.43,2152.4,1810.01,1865.1,1248745.3514,80734.48,84123.46,77459.91,78595.86,47633.38405,90350580881,3874643470,17228419986.0,1.0004,27.86,126.268,20.0,4.33,3.0,0.0,16.0
2025-03-11,1865.11,1963.2,1754.28,1923.43,1171427.9995,78595.86,83617.4,76606.0,82932.99,48770.06853,86489979653,3595914929,16577754767.0,1.0002,26.92,126.0457,24.0,4.33,3.0,0.0,16.0
2025-03-12,1923.42,1960.0,1829.72,1908.2,788739.6763,82932.99,84539.85,80607.65,83680.12,31933.986,89052005547,3743841986,17045972677.0,1.0002,24.23,125.8664,34.0,4.33,3.0,0.0,16.0
2025-03-13,1908.2,1923.09,1821.81,1864.59,569537.2622,83680.12,84336.33,79939.9,81115.78,27546.27412,89435951699,3695913161,17173034713.0,1.0004,24.66,126.0031,45.0,4.33,3.0,0.0,16.0
2025-03-14,1864.59,1945.64,1861.31,1911.65,375805.7355,81115.78,85309.71,80818.84,83983.2,26858.52755,88740618621,3623175535,16969163709.0,0.9999,21.77,125.6942,27.0,4.33,3.0,0.0,16.0
2025-03-15,1911.64,1957.19,1903.75,1937.17,209545.8675,83983.19,84676.28,83618.0,84338.44,11324.7332,90978409120,3725156358,17550596797.0,1.0,,,46.0,4.33,3.0,0.0,16.0
2025-03-16,1937.18,1940.87,1860.38,1887.0,324766.6564,84338.44,85117.04,81981.12,82574.53,17596.12531,92192161165,4007852065,17726351501.0,1.0,,,30.0,4.33,3.0,0.0,13.0
2025-03-17,1887.01,1952.4,1879.98,1926.31,334840.4877,82574.52,84756.83,82456.0,84010.03,17214.74358,90445722710,3916254201,17545451882.0,1.0,20.51,125.3688,32.0,4.33,3.0,0.0,13.0
2025-03-18,1926.3,1936.2,1872.31,1931.54,332896.0155,84010.02,84021.74,81134.66,82715.03,17610.89883,91835822201,3995157483,17694665467.0,1.0002,21.7,125.488,34.0,4.33,3.0,0.0,13.0
2025-03-19,1931.54,2069.9,1927.58,2056.06,691809.5034,82715.03,87000.0,82547.16,86845.94,28151.05374,91826603953,3970347151,17714439011.0,0.9997,19.9,125.8006,32.0,4.33,3.0,0.0,13.0
2025-03-20,2056.05,2067.9,1952.17,1983.79,401518.9282,86845.93,87453.67,83655.23,84223.39,22090.30463,94584123247,4125356123,17761017284.0,1.0005,19.8,125.985,49.0,4.33,3.0,0.0,13.0
2025-03-21,1983.79,1996.73,1937.1,1965.75,262641.659,84223.38,84850.33,83175.25,84088.79,11956.97443,92160000727,3936001896,17378691795.0,1.0004,19.28,126.2679,31.0,4.33,3.0,0.0,13.0
2025-03-22,1965.74,2006.61,1964.34,1980.69,170782.9574,84088.79,84539.17,83625.1,83840.59,5420.22114,92045098757,4018239395,17572426004.0,1.0002,,,32.0,4.33,3.0,0.0,13.0
2025-03-23,1980.68,2020.74,1976.81,2005.99,268707.5233,83840.59,86129.64,83809.75,86082.5,8461.97813,92695813794,3974659581,17863091316.0,1.0,,,30.0,4.33,3.0,0.0,12.0
2025-03-24,2005.99,2104.11,1977.67,2081.2,477912.8154,86082.5,88765.43,85519.09,87498.16,30115.62111,94354189378,4057675634,18396332041.0,0.9999,17.48,126.1956,45.0,4.33,3.0,0.0,12.0
2025-03-25,2081.2,2097.7,2037.08,2066.15,328765.3292,87498.16,88539.63,86310.0,87392.87,22643.25248,97625235360,4090076259,19038316010.0,0.9998,17.15,126.0535,46.0,4.33,3.0,0.0,12.0
2025-03-26,2066.16,2079.21,1981.6,2009.52,428975.3286,87392.88,88275.0,85860.0,86909.17,18408.78485,98480272626,4128301370,19285847638.0,0.9999,18.33,126.2364,47.0,4.33,3.0,0.0,12.0
2025-03-27,2009.52,2037.38,1987.06,2003.66,360634.8383,86909.17,87756.39,85800.0,87232.01,17098.03897,97152187226,4084584433,18848256157.0,1.0003,18.69,126.3626,40.0,4.33,3.0,0.0,12.0
2025-03-28,2003.67,2015.93,1860.0,1896.9,626167.5832,87232.01,87515.67,83585.0,84424.38,27182.73169,96789626552,4079434162,19026534203.0,1.0004,21.65,126.4187,44.0,4.33,3.0,0.0,12.0
2025-03-29,1896.9,1913.6,1797.2,1828.08,409769.7555,84424.38,84624.73,81644.81,82648.54,11696.39864,92940986107,3898889721,18239007924.0,1.0004,,,26.0,4.33,3.0,0.0,12.0
2025-03-30,1828.09,1849.01,1767.69,1807.74,327843.4476,82648.53,83534.64,81565.0,82389.99,9864.49508,90755201865,3760969647,17736343569.0,1.0001,,,32.0,4.33,3.0,0.0,12.0
2025-03-31,1807.74,1854.22,1776.75,1822.43,497854.9052,82390.0,83943.08,81278.52,82550.01,20569.13885,89524801932,3734694729,16765305462.0,1.0001,22.28,126.7075,34.0,4.33,3.0,0.0,12.0
2025-04-01,1822.43,1927.9,1817.88,1904.98,452989.0974,82550.0,85579.46,82432.74,85158.34,20190.39697,91615239197,3743377958,17184789140.0,1.0,21.77,126.4338,34.0,4.33,3.0,0.0,12.0
2025-04-02,1904.98,1957.0,1781.53,1795.22,750840.7823,85158.35,88500.0,82320.0,82516.29,39931.457,93336440021,3854432034,17809023476.0,1.0002,21.51,126.3811,44.0,4.33,3.0,0.0,12.0
2025-04-03,1795.21,1845.26,1750.0,1817.23,508075.018,82516.28,83998.02,81211.24,83213.09,27337.84135,90584620921,3801750129,17166657191.0,1.0004,30.02,124.7316,25.0,4.33,3.0,0.0,12.0
2025-04-04,1817.23,1835.68,1758.72,1816.87,572734.4702,83213.09,84720.0,81659.0,83889.87,32915.53976,91341467475,3820986274,17452014594.0,1.0004,45.31,125.8129,28.0,4.33,3.0,0.0,12.0
2025-04-05,1816.88,1827.29,1764.39,1806.01,201716.2696,83889.87,84266.0,82379.95,83537.99,9360.40468,91859579194,3961227498,17571664216.0,1.0004,,,30.0,4.33,3.0,0.0,12.0
2025-04-06,1806.02,1817.0,1537.5,1580.76,979847.0958,83537.99,83817.63,77153.83,78430.0,27942.71436,91479343029,3931940107,17661845734.0,1.0007,,,34.0,4.33,3.0,0.0,17.0
2025-04-07,1580.77,1639.0,1411.01,1553.04,2168796.0067,78430.0,81243.58,74508.0,79163.24,78387.53089,84678775731,3535161481,16388323566.0,1.0004,46.98,126.8282,23.0,4.33,3.0,0.0,17.0
2025-04-08,1553.04,1618.67,1441.3,1473.41,891846.1327,79163.24,80867.99,76239.9,76322.42,35317.32063,84273043077,3402038850,16671928550.0,1.0008,52.33,126.8668,24.0,4.33,3.0,0.0,17.0
2025-04-09,1473.41,1689.0,1385.05,1669.51,1968530.9138,76322.42,83588.0,74620.0,82615.22,75488.28772,81984684662,3275069742,16356417268.0,1.0002,33.62,126.628,18.0,4.33,3.0,0.0,17.0
2025-04-10,1669.51,1669.85,1471.02,1522.25,911855.3934,82615.22,82753.21,78464.36,79607.3,33284.80718,87723514812,3605634757,17759283232.0,1.0007,40.72,125.089,39.0,4.33,3.0,0.0,17.0
2025-04-11,1522.24,1591.47,1504.63,1566.85,578484.3183,79607.3,84300.0,78969.58,83423.84,34435.43797,84202789290,3411326813,16968402982.0,1.0004,37.56,124.0163,25.0,4.33,3.0,0.0,17.0
2025-04-12,1566.85,1669.59,1546.06,1644.18,501867.9033,83423.83,85905.0,82792.95,85276.9,18470.74437,85862508681,3546008150,17381040283.0,1.0001,,,43.0,4.33,3.0,0.0,17.0
2025-04-13,1644.19,1649.75,1562.01,1597.76,580136.6145,85276.91,86100.0,83034.23,83760.0,24680.04181,88071280346,3659185958,17565723992.0,1.0003,,,45.0,4.33,3.0,0.0,11.0
2025-04-14,1597.76,1691.5,1595.56,1623.77,645930.1419,83760.0,85799.99,83678.0,84591.58,28659.09348,87213638329,3608431107,17637376756.0,1.0,30.89,123.6598,31.0,4.33,3.0,0.0,11.0
2025-04-15,1623.78,1661.21,1583.12,1588.78,476178.8915,84591.58,86496.42,83600.0,83643.99,20910.99528,87284834437,3606526398,17902368179.0,1.0,30.12,123.776,38.0,4.33,3.0,0.0,11.0
2025-04-16,1588.77,1613.66,1538.07,1577.14,611387.8686,83643.99,85500.0,83111.64,84030.38,20867.24519,86875878607,3673622780,17823115944.0,1.0001,32.64,123.2724,29.0,4.33,3.0,0.0,11.0
2025-04-17,1577.15,1616.96,1563.2,1583.62,449870.3628,84030.38,85470.01,83736.26,84947.91,13728.84772,85983890967,3753238741,17945015741.0,1.0001,29.65,123.1298,30.0,4.33,3.0,0.0,11.0
2025-04-18,1583.63,1600.64,1573.54,1588.6,200409.0359,84947.92,85132.08,84303.96,84474.69,6529.96315,86221955108,3844804538,17934112882.0,1.0001,,122.9865,33.0,4.33,3.0,0.0,11.0
2025-04-19,1588.6,1631.81,1585.01,1613.27,223096.3899,84474.7,85677.99,84364.45,85077.01,9666.58153,85766706584,3902127776,17881431284.0,1.0001,,,32.0,4.33,3.0,0.0,11.0
2025-04-20,1613.26,1619.19,1565.59,1587.36,276052.2306,85077.0,85320.76,83949.52,85179.24,8091.67725,87063210144,3896154345,18103028844.0,1.0,,,37.0,4.33,3.0,0.0,12.0
2025-04-21,1587.36,1658.75,1564.07,1579.57,691486.6667,85179.24,88465.99,85144.76,87516.23,31773.37262,86705780540,3871209619,17904909465.0,1.0,33.82,122.3145,39.0,4.33,3.0,0.0,12.0
2025-04-22,1579.57,1778.0,1537.26,1756.26,1103036.9586,87516.22,93888.0,87076.03,93442.99,43872.74705,86073482555,3810507906,17260832130.0,0.9996,30.57,122.4175,47.0,4.33,3.0,0.0,12.0
2025-04-23,1756.25,1834.86,1744.95,1795.07,887545.6316,93442.99,94696.05,91935.41,93691.08,27404.16808,91604614945,3891304000,18860523070.0,0.9995,28.45,123.0252,72.0,4.33,3.0,0.0,12.0
2025-04-24,1795.08,1802.82,1722.9,1769.65,483465.0385,93691.07,94005.0,91660.01,93980.47,19497.06071,92871205178,3846187938,19415743166.0,0.9995,26.47,122.9251,63.0,4.33,3.0,0.0,12.0
2025-04-25,1769.64,1827.32,1738.6,1784.6,595610.8894,93980.47,95758.04,92855.96,94638.68,27500.66648,93805761614,4018739416,19556473353.0,0.9993,24.84,122.8858,60.0,4.33,3.0,0.0,12.0
2025-04-26,1784.6,1841.16,1778.94,1820.88,355068.0442,94638.68,95199.0,93870.69,94628.0,9415.06875,95981298850,3942504830,19949623985.0,0.9997,,,65.0,4.33,3.0,0.0,12.0
2025-04-27,1820.87,1857.47,1781.9,1791.29,340332.6435,94628.0,95369.0,93602.58,93749.3,11162.841,97045798743,3999203226,19749515078.0,0.9996,,,61.0,4.33,3.0,0.0,10.0
2025-04-28,1791.29,1827.98,1744.71,1799.88,587269.743,93749.29,95630.0,92800.01,95011.18,22157.53351,96327594889,3914363612,19849753481.0,0.9998,25.15,122.7176,54.0,4.33,3.0,0.0,10.0
2025-04-29,1799.88,1842.99,1780.47,1797.81,480456.3884,95011.18,95461.53,93742.54,94256.82,16955.3402,96879246055,3975767297,19863643518.0,0.9997,24.17,122.5944,60.0,4.33,3.0,0.0,10.0
2025-04-30,1797.81,1816.8,1731.7,1793.61,473523.9877,94256.82,95228.45,92910.0,94172.0,17661.2751,96161614075,3942809571,19718184192.0,1.0,24.7,122.5921,56.0,4.33,3.0,0.0,10.0
2025-05-01,1793.62,1873.17,1792.52,1838.11,537198.7291,94172.0,97424.02,94130.43,96489.91,21380.45343,96036740184,4015789916,19707810904.0,0.9997,24.6,123.1405,53.0,4.33,3.0,0.0,10.0
2025-05-02,1838.1,1871.0,1813.0,1842.2,410667.875,96489.9,97895.68,96350.0,96887.14,14905.74811,97959800452,4121843254,20308654576.0,0.9996,22.68,122.4962,67.0,4.33,3.0,0.0,10.0
2025-05-03,1842.2,1848.6,1810.0,1833.52,213751.5979,96887.13,96935.67,95753.01,95856.42,9723.34838,98531862578,4124067956,20664079939.0,0.9998,,,65.0,4.33,3.0,0.0,10.0
2025-05-04,1833.52,1849.95,1803.0,1808.86,238254.3564,95856.42,96304.48,94151.38,94277.62,11036.38342,97956015176,4133699830,20553155642.0,0.9999,,,64.0,4.33,3.0,0.0,15.0
2025-05-05,1808.86,1833.55,1781.85,1820.19,342341.0078,94277.61,95199.0,93514.1,94733.68,17251.18189,96981351298,4083376811,20331937933.0,1.0002,23.64,122.2613,52.0,4.33,3.0,0.0,15.0
2025-05-06,1820.19,1820.9,1752.0,1817.0,384584.2451,94733.68,96920.65,93377.0,96834.02,16122.64513,96562233361,4056151521,20186728485.0,1.0001,24.76,122.0417,59.0,4.33,3.0,0.0,15.0
2025-05-07,1817.0,1850.0,1787.01,1811.11,456170.0705,96834.02,97732.0,95784.61,97030.5,16644.83854,96578190162,4083984399,20412619365.0,0.9999,23.55,122.117,67.0,4.33,3.0,0.0,15.0
2025-05-08,1811.11,2226.0,1808.71,2207.39,1473152.686,97030.5,104145.76,96876.29,103261.6,34962.02847,95650655949,4134760002,19469722299.0,1.0001,22.48,122.7568,65.0,4.33,3.0,0.0,15.0
2025-05-09,2207.39,2490.77,2184.33,2345.04,1667041.0382,103261.61,104361.3,102315.14,102971.99,27617.39907,105460999060,4614235502,22194389503.0,1.0,21.9,122.5191,73.0,4.33,3.0,0.0,15.0
2025-05-10,2345.04,2600.0,2317.0,2583.23,979350.1606,102971.99,104984.57,102818.76,104809.53,15324.78611,108458027466,4729660347,23414836201.0,1.0,,,70.0,4.33,3.0,0.0,15.0
2025-05-11,2583.22,2608.13,2435.51,2514.57,831584.3888,104809.53,104972.0,103345.06,104118.0,17987.12197,114529482350,5023802690,24869976555.0,0.9998,,,70.0,4.33,3.0,0.0,18.0
2025-05-12,2514.58,2624.0,2406.63,2495.47,1068680.9433,104118.0,105819.45,100718.37,102791.32,31272.77792,113130044638,4989142527,24440142103.0,0.9999,18.39,123.4863,70.0,4.33,3.0,0.0,18.0
2025-05-13,2495.48,2738.5,2415.3,2679.71,1031355.6465,102791.32,104976.25,101429.7,104103.72,21253.42409,111258976617,4885367259,24007712960.0,0.9999,18.22,122.9583,70.0,4.33,3.0,0.0,18.0
2025-05-14,2679.71,2725.99,2547.26,2609.74,830047.1122,104103.72,104356.95,102602.05,103507.82,16452.9081,115586679186,5165992059,25221579328.0,0.9998,18.62,122.6746,73.0,4.33,3.0,0.0,18.0
2025-05-15,2609.75,2647.03,2476.03,2548.69,768954.0332,103507.83,104192.7,101383.07,103763.71,17998.98604,112814724304,5037107163,23927492096.0,0.9998,17.83,122.8174,70.0,4.33,3.0,0.0,18.0
2025-05-16,2548.7,2649.31,2529.4,2537.12,605953.6919,103763.71,104550.33,103100.49,103463.9,15683.88024,110732228443,4924117142,23357854774.0,0.9996,17.24,123.0737,71.0,4.33,3.0,0.0,18.0
2025-05-17,2537.13,2538.16,2446.42,2475.08,494333.2782,103463.9,103709.86,102612.5,103126.65,11250.89622,110792336957,4959250775,23633028441.0,0.9995,,,74.0,4.33,3.0,0.0,18.0
2025-05-18,2475.09,2587.61,2323.21,2497.78,810103.1851,103126.65,106660.0,103105.09,106454.26,21599.98726,109649331345,4794125084,23412732902.0,0.9996,,,74.0,4.33,3.0,0.0,16.0
2025-05-19,2497.78,2547.36,2348.38,2528.14,861747.523,106454.27,107108.62,102000.0,105573.74,30260.03524,110465597389,4717734854,23964618355.0,0.9996,18.14,122.4186,74.0,4.33,3.0,0.0,16.0
2025-05-20,2528.14,2588.63,2442.4,2524.19,676989.1747,105573.73,107320.0,104184.72,106849.99,23705.48275,111593583370,4848659094,24177271191.0,0.9995,18.09,122.3199,71.0,4.33,3.0,0.0,16.0
2025-05-21,2524.19,2615.95,2452.2,2550.99,1095890.2902,106850.0,110797.38,106100.01,109643.99,45531.040345,112343912387,4863006717,24371482535.0,0.9995,20.87,121.7496,70.0,4.33,3.0,0.0,16.0
2025-05-22,2551.0,2692.99,2544.83,2664.82,852555.6669,109643.99,111980.0,109177.37,111696.21,31630.77313,114329405689,5007728794,24690813402.0,0.9998,20.28,122.0429,72.0,4.33,3.0,0.0,16.0
2025-05-23,2664.83,2734.23,2498.3,2526.5,971442.4532,111696.22,111800.0,106800.0,107318.3,31737.72309,116573667436,5181880028,25563167074.0,0.9998,22.29,121.3837,78.0,4.33,3.0,0.0,16.0
2025-05-24,2526.49,2575.85,2515.08,2530.4,257544.2344,107318.3,109506.03,106875.41,107761.91,16782.53129,111993112543,4948682912,24664415186.0,0.9996,,,66.0,4.33,3.0,0.0,16.0
2025-05-25,2530.41,2554.26,2463.0,2551.22,359890.0299,107761.9,109299.99,106600.64,109004.19,17710.04695,112173628683,4939873324,24699278547.0,0.9995,,,74.0,4.33,3.0,0.0,13.0
2025-05-26,2551.22,2599.0,2525.86,2563.7,362971.1182,109004.2,110422.22,108670.58,109434.79,14649.11593,113347511518,5003339964,24809307201.0,0.9995,20.57,,73.0,4.33,3.0,0.0,13.0
2025-05-27,2563.7,2712.36,2509.46,2660.81,798430.8862,109434.78,110718.0,107516.57,108938.17,21276.65635,114132955119,4949912554,25010911052.0,0.9994,18.96,121.6099,74.0,4.33,3.0,0.0,13.0
2025-05-28,2660.81,2689.14,2608.5,2681.6,560095.6833,108938.17,109284.7,106769.43,107781.78,15633.78829,116016560843,5123700275,25425673202.0,0.9997,19.31,121.9888,71.0,4.33,3.0,0.0,13.0
2025-05-29,2681.61,2788.0,2619.05,2631.39,811567.2545,107781.78,108891.91,105322.86,105589.75,19834.70116,115665352741,5121704104,25342785187.0,0.9999,19.18,121.5617,74.0,4.33,3.0,0.0,13.0
2025-05-30,2631.39,2649.23,2507.35,2531.34,763045.2564,105589.75,106313.12,103621.0,103985.48,23706.49799,113080684577,5064879461,24891124980.0,0.9996,18.57,121.7674,60.0,4.33,3.0,0.0,13.0
2025-05-31,2531.35,2550.34,2475.33,2528.06,394537.2521,103985.47,104900.0,103068.55,104591.88,11289.35922,110038428553,4831358648,24297057077.0,0.9995,,,50.0,4.33,3.0,0.0,13.0
2025-06-01,2528.06,2547.79,2468.56,2539.21,332021.7088,104591.88,105866.91,103752.49,105642.93,9709.70006,110225155844,4847380406,24456673573.0,0.9994,,,56.0,4.33,3.0,0.0,12.0
2025-06-02,2539.2,2615.0,2475.0,2607.41,468889.9737,105642.93,105935.63,103659.88,105857.99,13453.98813,110924862993,4876271891,24732088749.0,0.9995,18.36,121.1881,64.0,4.33,3.0,0.0,12.0
2025-06-03,2607.42,2655.38,2575.0,2593.36,454383.0439,105858.0,106794.67,104872.5,105376.89,13259.52634,110429297553,4956993462,25143342703.0,0.9993,17.69,121.4592,64.0,4.33,3.0,0.0,12.0
2025-06-04,2593.35,2679.88,2583.5,2607.68,502494.8214,105376.9,106000.0,104179.0,104696.86,14034.89482,109833336238,4962183819,25142997101.0,0.9993,17.61,121.0539,62.0,4.33,3.0,0.0,12.0
2025-06-05,2607.68,2640.86,2391.66,2414.01,808938.0344,104696.86,105909.71,100372.26,101508.68,22321.50154,109851093632,4901877359,25198721875.0,0.9994,18.48,120.9596,57.0,4.33,3.0,0.0,12.0
2025-06-06,2414.02,2531.36,2381.49,2476.1,578843.4974,101508.69,105333.0,101095.8,104288.44,15839.07385,104941768941,4640672276,23919790719.0,0.9992,16.77,121.161,45.0,4.33,3.0,0.0,12.0
2025-06-07,2476.1,2544.36,2457.0,2524.63,264787.6743,104288.43,105900.0,103871.09,105552.15,8344.93206,107269566249,4720242298,24517070639.0,0.9994,,,52.0,4.33,3.0,0.0,12.0
2025-06-08,2524.64,2548.63,2490.58,2509.83,266474.7139,105552.15,106488.14,104964.14,105734.0,8048.06305,108934139071,4868423096,24916618294.0,0.9995,,,62.0,4.33,4.0,0.0,14.0
2025-06-09,2509.84,2693.99,2477.73,2680.13,568726.3025,105734.01,110530.17,105318.37,110263.02,19975.37451,108818428423,4854321954,24839514919.0,0.9996,17.16,120.9103,62.0,4.33,4.0,0.0,14.0
2025-06-10,2680.13,2827.0,2655.61,2816.4,1138405.4775,110263.02,110400.0,108331.03,110274.39,17071.82839,113078076876,5135805525,25482160661.0,0.9997,16.95,121.0485,71.0,4.33,4.0,0.0,14.0
2025-06-11,2816.41,2879.22,2743.75,2771.61,850210.9324,110274.39,110392.01,108064.0,108645.12,13115.91638,116339078984,5310820754,26443234139.0,0.9996,17.26,120.587,72.0,4.33,4.0,0.0,14.0
2025-06-12,2771.6,2784.83,2616.24,2642.65,699593.3757,108645.13,108813.55,105671.72,105671.73,17778.67218,115549306963,5377296688,26277679531.0,0.9995,18.02,120.1723,71.0,4.33,4.0,0.0,14.0
2025-06-13,2642.66,2645.45,2436.98,2579.19,1202176.2972,105671.74,106179.53,102664.31,106066.59,26180.81734,109894448185,4949020921,25247853720.0,0.9994,20.82,120.3245,61.0,4.33,4.0,0.0,14.0
2025-06-14,2579.19,2579.43,2488.72,2530.76,331438.9278,106066.59,106252.0,104300.0,105414.64,8798.93969,109918469360,4990256494,25094925538.0,0.9994,,,63.0,4.33,4.0,0.0,14.0
2025-06-15,2530.77,2559.51,2492.0,2547.61,299701.6624,105414.63,106128.57,104494.53,105594.01,7164.20047,108919057126,4944593685,24865223587.0,0.9997,,,60.0,4.33,3.0,0.0,12.0
2025-06-16,2547.62,2680.34,2514.85,2544.17,680429.988,105594.02,108952.38,104980.37,106794.53,14922.6654,109254788685,4957656089,24902018303.0,0.9994,19.11,120.1565,61.0,4.33,3.0,0.0,12.0
2025-06-17,2544.17,2618.6,2453.8,2509.95,715930.4081,106794.53,107771.34,103371.02,104551.17,17866.33025,111510586401,5018447724,26187332818.0,0.9997,21.6,120.5048,68.0,4.33,3.0,0.0,12.0
2025-06-18,2509.95,2548.42,2465.78,2525.0,504532.1818,104551.17,105550.27,103500.0,104886.78,13968.64167,109807076709,4924546265,25558798942.0,0.9997,20.14,120.7305,52.0,4.33,3.0,0.0,12.0
2025-06-19,2525.0,2546.91,2485.03,2521.12,252646.059,104886.79,105226.17,103929.27,104658.59,7678.60737,110208508872,4881524071,25585868093.0,0.9998,22.17,,57.0,4.33,3.0,0.0,12.0
2025-06-20,2521.13,2569.0,2367.36,2406.49,632027.8235,104658.59,106524.65,102345.0,103297.99,16419.06283,110217444017,4895935494,25523865851.0,0.9999,20.62,121.0408,54.0,4.33,3.0,0.0,12.0
2025-06-21,2406.49,2448.8,2216.0,2295.73,496783.864,103297.98,103982.64,100837.9,102120.01,11154.21332,106791581760,4765859063,24557387218.0,0.9996,,,49.0,4.33,3.0,0.0,12.0
2025-06-22,2295.72,2314.48,2111.89,2227.7,840155.8295,102120.02,103399.62,98200.0,100963.87,28746.41072,103547196125,4568947541,23766792946.0,0.9997,,,42.0,4.33,3.0,0.0,12.0
2025-06-23,2227.7,2438.68,2188.0,2411.66,744583.8003,100963.87,106074.2,99613.33,105333.93,27666.50609,101037282732,4457211554,22794325471.0,0.9993,19.83,121.1694,47.0,4.33,3.0,0.0,12.0
2025-06-24,2411.66,2482.04,2376.11,2448.45,516760.6621,105333.94,106290.0,104622.02,106083.0,14651.69335,107042984852,4763254459,24428814003.0,0.9996,17.48,120.3645,65.0,4.33,3.0,0.0,12.0
2025-06-25,2448.46,2468.69,2389.69,2418.49,414894.7387,106083.0,108135.3,105808.03,107340.58,16701.15551,108699456643,4795799765,24763903720.0,0.9995,16.76,120.3336,66.0,4.33,3.0,0.0,12.0
2025-06-26,2418.5,2520.92,2394.32,2415.96,463704.0261,107340.59,108272.45,106562.5,106947.06,10573.27279,108532375000,4795872287,24965731440.0,0.9995,16.59,119.6451,74.0,4.33,3.0,0.0,12.0
2025-06-27,2415.96,2463.54,2382.53,2423.17,381474.766,106947.06,107735.34,106356.76,107047.59,12232.44042,107241366205,4715576782,24438012058.0,0.9996,16.32,119.659,65.0,4.33,3.0,0.0,12.0
2025-06-28,2423.17,2447.8,2405.81,2435.62,155814.9859,107047.58,107577.75,106811.51,107296.79,3282.17352,107685701190,4731759393,24714201572.0,0.9996,,,65.0,4.33,3.0,0.0,12.0
2025-06-29,2435.62,2525.0,2412.0,2500.09,284291.8057,107296.79,108528.5,107172.52,108356.93,6831.7364,109287171426,4777667974,24893654071.0,0.9997,,,68.0,4.33,3.0,0.0,11.0
2025-06-30,2500.09,2524.3,2431.0,2485.47,440455.714,108356.93,108789.99,106733.33,107146.5,9754.12491,110885697577,4875771320,25439482815.0,0.9997,16.73,119.4088,66.0,4.33,3.0,0.0,11.0
2025-07-01,2485.47,2500.8,2386.52,2405.01,351951.0868,107146.51,107540.0,105250.85,105681.14,10505.62437,110473026797,4820581309,24999167419.0,0.9997,16.83,119.3436,64.0,4.33,3.0,0.0,11.0
2025-07-02,2405.01,2619.28,2373.0,2570.41,634967.0337,105681.13,109730.0,105100.19,108849.6,17691.89592,108286488243,4724234623,24449917753.0,0.9996,16.64,119.3037,63.0,4.33,3.0,0.0,11.0
2025-07-03,2570.41,2635.5,2556.12,2591.25,504943.6592,108849.59,110529.18,108530.4,109584.78,13047.08225,112076883905,4951293950,25646239195.0,0.9996,16.38,119.2382,73.0,4.33,3.0,0.0,11.0
2025-07-04,2591.26,2603.17,2474.24,2508.04,452593.02,109584.77,109767.59,107245.0,107984.24,11793.86615,113617997289,4990964424,26111360218.0,0.9998,17.48,,73.0,4.33,3.0,0.0,11.0
2025-07-05,2508.04,2529.81,2487.95,2516.41,157198.0958,107984.25,108420.56,107756.31,108198.12,3736.9757,111372718119,4890474985,25532719158.0,0.9997,,,67.0,4.33,3.0,0.0,11.0
2025-07-06,2516.42,2605.0,2503.5,2570.35,277593.6319,108198.12,109700.0,107800.01,109203.84,6447.607,111933426939,4911480987,25846054599.0,0.9999,,,66.0,4.33,3.0,0.0,17.0
2025-07-07,2570.35,2590.57,2512.0,2542.29,315707.5272,109203.85,109700.0,107513.2,108262.94,9405.37601,113372911905,4973625978,26237645497.0,0.9998,17.79,119.6201,73.0,4.33,3.0,0.0,17.0
2025-07-08,2542.3,2628.21,2523.59,2615.25,370915.7321,108262.94,109216.56,107429.57,108922.98,9216.0208,112315575397,4897494509,25980408881.0,0.9998,16.81,119.8371,65.0,4.33,3.0,0.0,17.0
2025-07-09,2615.25,2795.74,2589.78,2768.74,686119.3772,108922.99,111999.79,108324.53,111233.99,17282.2865,114242923270,4961456357,26491627553.0,0.9997,15.94,119.7311,66.0,4.33,3.0,0.0,17.0
2025-07-10,2768.74,3000.0,2755.5,2951.29,951896.07,111234.0,116868.0,110500.0,116010.0,24883.450665,118152599938,5137650702,27723164747.0,0.9998,15.78,119.8343,71.0,4.33,3.0,0.0,17.0
2025-07-11,2951.29,3040.15,2913.75,2958.22,906839.1689,116010.01,118869.98,115222.22,117527.66,25873.521148,122939826378,5250903546,28723030325.0,0.9996,16.4,119.9214,71.0,4.33,3.0,0.0,17.0
2025-07-12,2958.21,2979.78,2903.85,2943.28,348884.8877,117527.66,118200.0,116900.05,117420.0,8446.60437,123413173770,5244616168,28752272546.0,0.9997,,,79.0,4.33,3.0,0.0,17.0
2025-07-13,2943.29,3020.31,2936.49,2972.03,357333.5016,117420.0,119488.0,117224.79,119086.64,9550.792947,123149273376,5199884713,28771281889.0,0.9996,,,74.0,4.33,3.0,0.0,30.0
2025-07-14,2972.03,3083.0,2962.81,3013.62,815552.6496,119086.65,123218.0,118905.18,119841.18,27269.348877,124528572349,5269051797,29274808068.0,0.9998,17.2,120.2209,74.0,4.33,3.0,0.0,30.0
2025-07-15,3013.61,3144.14,2932.46,3137.89,863583.7377,119841.17,119940.83,115736.92,117758.09,32018.46083,124968941911,5227072481,29652031272.0,0.9999,17.38,120.5105,73.0,4.33,3.0,0.0,30.0
2025-07-16,3137.9,3425.0,3101.0,3371.35,1135950.5831,117758.08,120063.84,117017.29,118630.43,17039.90851,126623603239,5339037550,30277202548.0,0.9995,17.16,120.4175,70.0,4.33,3.0,0.0,30.0
2025-07-17,3371.35,3523.44,3310.77,3476.87,974065.8264,118630.44,120998.71,117453.57,119177.56,15728.57651,130223581182,5494151124,30296252231.0,0.9992,16.52,120.6384,74.0,4.33,3.0,0.0,30.0
2025-07-18,3476.88,3673.84,3458.68,3546.92,1163823.3977,119177.56,120820.71,116812.76,117924.84,19924.66266,132348340718,5666302016,30872662372.0,0.9993,16.41,120.356,73.0,4.33,3.0,0.0,30.0
2025-07-19,3546.92,3608.3,3506.79,3592.01,381791.9213,117924.84,118499.9,117277.34,117840.0,6635.80306,133839818489,5712891314,31695417714.0,0.9994,,,74.0,4.33,3.0,0.0,30.0
2025-07-20,3592.0,3824.56,3579.13,3756.69,852356.5533,117840.01,118856.8,116467.02,117265.12,12962.92889,134822780713,5734356286,32164985067.0,0.9994,,,72.0,4.33,3.0,0.0,32.0
2025-07-21,3756.69,3860.0,3701.01,3762.33,812074.0534,117265.11,119676.73,116515.0,117380.36,17107.33128,138584459767,5865951628,33448022753.0,0.9996,16.65,119.9961,71.0,4.33,3.0,0.0,32.0
2025-07-22,3762.32,3798.65,3616.54,3746.21,870127.3864,117380.36,120247.8,116128.0,119954.42,20959.12973,138541806549,5871128823,33359268380.0,0.9996,16.5,119.681,72.0,4.33,3.0,0.0,32.0
2025-07-23,3746.21,3764.2,3527.0,3628.29,800259.4025,119954.43,120090.0,117301.0,118755.99,14558.75083,140011226415,5788489289,33264342032.0,0.9995,15.37,119.5697,74.0,4.33,3.0,0.0,32.0
2025-07-24,3628.29,3771.0,3502.85,3706.94,749459.495,118756.0,119450.0,117103.1,118340.99,15806.89043,136580524127,5632389065,32838906204.0,0.9995,15.39,119.5664,71.0,4.33,3.0,0.0,32.0
2025-07-25,3706.95,3747.0,3573.76,3724.96,764606.7261,118340.98,118451.57,114723.16,117614.31,38406.34873,136074965615,5561198441,32802454678.0,0.9998,14.93,119.9857,70.0,4.33,3.0,0.0,32.0
2025-07-26,3724.97,3793.0,3697.66,3741.1,407259.7024,117614.31,118297.35,117138.38,117919.99,6991.67206,138001613876,5675134409,33367171266.0,0.9997,,,72.0,4.33,3.0,0.0,32.0
2025-07-27,3741.11,3879.82,3731.0,3872.1,457352.4605,117919.99,119766.65,117825.5,119415.55,9328.30919,138804208202,5763079760,33580094835.0,0.9996,,,73.0,4.33,4.0,0.0,30.0
2025-07-28,3872.11,3941.0,3754.0,3799.0,620994.7463,119415.56,119800.0,117427.5,118062.32,13961.74754,142528355964,5896370922,35020961273.0,0.9998,15.03,120.6149,75.0,4.33,4.0,0.0,30.0
2025-07-29,3799.0,3886.44,3716.04,3793.79,584210.4393,118062.32,119273.36,116950.75,117950.76,15137.93445,139490177054,5767238822,34062046643.0,1.0001,15.98,120.9674,73.0,4.33,4.0,0.0,30.0
2025-07-30,3793.79,3834.03,3677.65,3810.0,525424.9003,117950.75,118792.0,115796.23,117840.3,15586.73631,139117715689,5693406303,34049405095.0,1.0,15.48,121.4042,74.0,4.33,4.0,0.0,30.0
2025-07-31,3810.0,3878.67,3684.33,3698.39,516088.4503,117840.29,118922.45,115500.0,115764.08,17010.0073,138909052388,5704623203,34288229867.0,1.0001,16.72,121.721,72.0,4.33,4.0,0.0,30.0
2025-08-01,3698.39,3724.02,3431.75,3488.2,783869.1517,115764.07,116052.0,112722.58,113297.93,24487.10206,135923895190,5556824368,33904601662.0,1.0003,20.38,121.2122,65.0,4.33,4.0,0.0,30.0
2025-08-02,3488.21,3537.69,3368.29,3393.94,494195.7094,113297.92,114063.49,112003.0,112546.35,11507.33428,130878175555,5362623619,32358866694.0,1.0001,,,55.0,4.33,4.0,0.0,30.0
2025-08-03,3393.94,3521.79,3354.28,3496.74,296347.6758,112546.35,114799.97,111920.0,114208.8,7397.76046,128560050740,5221143276,31923378582.0,0.9998,,,53.0,4.33,5.0,1.0,47.0
2025-08-04,3496.75,3736.73,3490.73,3720.99,463349.9861,114208.81,115720.0,114107.6,115055.03,9667.67916,132084635392,5397475719,32814012910.0,0.9999,17.52,120.9859,64.0,4.33,5.0,1.0,47.0
2025-08-05,3720.99,3722.24,3546.0,3612.0,489070.9589,115055.03,115127.81,112650.0,114129.75,12042.79078,136570848045,5571152112,34389087292.0,0.9999,17.85,120.9082,60.0,4.33,5.0,1.0,47.0
2025-08-06,3612.01,3698.6,3564.19,3683.31,365309.9205,114129.75,115716.0,113355.13,114992.27,9761.15318,135336357724,5471440104,34415615564.0,0.9997,16.77,120.5082,54.0,4.33,5.0,1.0,47.0
2025-08-07,3683.31,3927.77,3647.63,3910.31,631678.9872,114992.27,117621.0,114259.0,117472.01,13468.56263,137474099609,5585504922,34939817881.0,0.9996,16.57,120.5043,62.0,4.33,5.0,1.0,47.0
2025-08-08,3910.3,4071.0,3880.0,4009.5,723300.0109,117472.02,117630.0,115878.71,116674.74,10045.31278,143697457090,6127659076,36984734718.0,0.9997,15.15,120.3329,74.0,4.33,5.0,1.0,47.0
2025-08-09,4009.51,4326.2,4006.63,4260.62,691932.1048,116674.74,117944.05,116299.13,116462.25,9514.13144,144803424468,5836861039,37274228310.0,0.9996,,,67.0,4.33,5.0,1.0,47.0
2025-08-10,4260.63,4332.6,4153.07,4250.57,494843.8105,116462.25,119311.11,116460.63,119294.01,14322.77073,149412935767,6043997473,38523241627.0,0.9998,,,69.0,4.33,6.0,1.0,100.0
2025-08-11,4250.58,4366.46,4166.77,4223.22,722664.04,119294.27,122335.16,118050.11,118686.0,26494.33429,149109861277,6097321605,38662050362.0,0.9998,16.25,120.6892,70.0,4.33,6.0,1.0,100.0
2025-08-12,4223.22,4639.7,4219.04,4590.52,885288.0652,118686.0,120324.43,118207.47,120134.08,16720.10893,147948591441,5941993414,38516836717.0,1.0,14.73,120.2736,68.0,4.33,6.0,1.0,100.0
2025-08-13,4590.52,4783.85,4564.33,4749.3,925931.4988,120134.09,123667.79,118920.92,123306.43,23210.07102,154875056847,6200696940,40176575054.0,0.9996,14.49,120.13,73.0,4.33,6.0,1.0,100.0
2025-08-14,4749.31,4788.0,4451.33,4546.84,1265449.0453,123306.44,124474.0,117180.0,118295.09,27980.947586,158103199171,6359003479,40197752993.0,0.9992,14.83,120.6446,75.0,4.33,6.0,1.0,100.0
2025-08-15,4546.84,4672.67,4368.0,4439.47,880409.2591,118295.09,119216.82,116803.99,117342.05,13623.33874,153380696406,6260555189,38916799315.0,0.9992,15.09,120.3377,60.0,4.33,6.0,1.0,100.0
2025-08-16,4439.47,4490.42,4372.54,4421.99,358676.5884,117342.04,117898.99,117143.98,117380.66,6393.68117,150596704749,6095797517,37745467840.0,0.9993,,,56.0,4.33,6.0,1.0,100.0
2025-08-17,4422.0,4576.0,4393.98,4472.33,442461.3829,117380.66,118575.0,117172.21,117405.01,5898.64192,150737517120,6167272921,37598048682.0,0.9993,,,64.0,4.33,6.0,1.0,83.0
2025-08-18,4472.34,4481.88,4225.86,4312.99,823188.1269,117405.01,117543.75,114640.14,116227.05,17745.93954,151089441253,6218235343,37610688199.0,0.9995,14.99,120.5622,60.0,4.33,6.0,1.0,83.0
2025-08-19,4312.99,4355.0,4067.34,4075.59,831222.7951,116227.05,116725.69,112732.58,112872.94,18065.47424,148379162012,6075104287,37046226972.0,1.0,15.57,120.7224,56.0,4.33,6.0,1.0,83.0
2025-08-20,4075.58,4378.0,4060.0,4336.16,728324.8933,112872.95,114615.38,112380.0,114271.24,15636.34194,143025171171,5780167893,35608903636.0,0.9998,15.69,120.7757,44.0,4.33,6.0,1.0,83.0
2025-08-21,4336.16,4340.26,4204.2,4225.3,433836.3992,114271.23,114821.76,112015.67,112500.0,10839.69235,148305321924,5954319391,36986949141.0,1.0002,16.6,121.0843,50.0,4.33,6.0,1.0,83.0
2025-08-22,4225.3,4887.59,4207.39,4832.07,1277976.63526,112500.0,117429.05,111684.79,116935.99,23128.09037,147042782018,5817615404,36767429617.0,1.0002,14.22,120.2774,50.0,4.33,6.0,1.0,83.0
2025-08-23,4832.07,4832.07,4659.7,4778.4,512442.0888,116936.0,117030.0,114560.0,115438.05,11329.36197,158433208309,6286243858,39953053193.0,1.0003,,,60.0,4.33,6.0,1.0,83.0
2025-08-24,4778.4,4956.78,4711.0,4780.15,780668.77842,115438.06,115666.68,110680.0,113493.59,21175.98462,159620345292,6333785172,41117713318.0,1.0,,,53.0,4.33,5.0,1.0,61.0
2025-08-25,4780.15,4797.97,4334.13,4376.18,1043917.1659,113493.59,113667.28,109274.1,110111.98,25182.79379,156718477233,6227472079,39859550214.0,0.9998,14.79,120.4214,47.0,4.33,5.0,1.0,61.0
2025-08-26,4376.17,4633.46,4311.04,4600.63,834750.2767,110111.98,112371.0,108666.66,111763.22,18452.43877,149871237030,5895039721,38652484278.0,0.9997,14.62,120.5274,48.0,4.33,5.0,1.0,61.0
2025-08-27,4600.63,4663.93,4481.53,4506.71,606669.3611,111763.22,112625.0,110345.42,111262.01,13392.60875,154327570966,5930781380,39799438663.0,0.9998,14.85,120.7274,51.0,4.33,5.0,1.0,61.0
2025-08-28,4506.71,4633.97,4430.0,4511.21,485243.4027,111262.01,113485.9,110862.42,112566.9,11104.27744,153895869021,5881518590,39559156368.0,0.9999,14.43,120.2595,48.0,4.33,5.0,1.0,61.0
2025-08-29,4511.2,4516.75,4265.0,4360.18,679063.8777,112566.9,112638.64,107463.9,108377.4,22580.31045,155135647080,5887864908,40022964461.0,0.9999,15.36,120.2082,50.0,4.33,5.0,1.0,61.0
2025-08-30,4360.18,4415.61,4257.2,4373.7,340319.1826,108377.4,108926.15,107350.1,108816.33,10708.39159,151094830192,5793644613,39432128999.0,0.9998,,,39.0,4.33,5.0,1.0,61.0
2025-08-31,4373.7,4498.47,4372.63,4391.83,356586.1861,108816.33,109480.02,108076.93,108246.35,9489.51596,151368295836,5911671031,39295703779.0,0.9999,,,48.0,4.33,5.0,0.0,40.0
2025-09-01,4391.83,4491.84,4210.61,4314.5,513830.0395,108246.36,109912.4,107255.0,109237.42,16053.60219,150968323797,5886493250,39157986866.0,0.9999,16.12,,46.0,4.22,5.0,0.0,40.0
2025-09-02,4314.5,4416.78,4257.85,4326.5,524605.0512,109237.43,111771.52,108393.39,111240.01,18510.28756,148881708943,5745812273,38893192806.0,0.9998,17.17,120.6837,49.0,4.22,5.0,0.0,40.0
2025-09-03,4326.49,4490.64,4283.23,4450.46,487091.6861,111240.01,112575.27,110528.71,111705.71,11773.72084,150046027273,5759230887,38587720289.0,0.9996,16.35,120.5052,55.0,4.22,5.0,0.0,40.0
2025-09-04,4450.46,4482.05,4265.33,4297.55,471795.7096,111705.72,112180.0,109329.12,110730.87,12203.13536,153511520268,5866182656,40221949843.0,0.9999,15.3,120.7629,51.0,4.22,5.0,0.0,40.0
2025-09-05,4297.56,4490.0,4256.03,4307.45,624169.8754,110730.87,113384.62,110206.96,110659.99,21587.40888,150477991947,5728954347,39107011800.0,0.9998,15.18,120.1282,48.0,4.22,5.0,0.0,40.0
2025-09-06,4307.46,4329.3,4236.0,4273.14,191166.0686,110660.0,111307.7,109977.0,110187.97,5000.29897,151002486127,5732690184,39445018744.0,0.9997,,,48.0,4.22,5.0,0.0,40.0
2025-09-07,4273.15,4336.02,4270.81,4306.19,169620.8372,110187.98,111600.0,110180.0,111137.34,5681.29944,150094405230,5750412663,39155481974.0,1.0,,,44.0,4.22,5.0,0.0,33.0
2025-09-08,4306.19,4384.06,4279.0,4306.37,372882.4355,111137.35,112924.37,110621.78,112065.23,11582.40211,151657779946,5832182382,40154049885.0,0.9998,15.11,120.0971,51.0,4.22,5.0,0.0,33.0
2025-09-09,4306.36,4381.87,4276.76,4310.09,405485.7821,112065.23,113293.29,110766.66,111546.39,15379.28248,152518169454,5854001699,39913161702.0,0.9999,15.04,120.1569,48.0,4.22,5.0,0.0,33.0
2025-09-10,4310.08,4453.57,4285.1,4349.32,506633.9098,111546.38,114313.13,110917.45,113960.0,17517.41823,152521942623,5819271908,39666140284.0,0.9996,15.35,120.1223,49.0,4.22,5.0,0.0,33.0
2025-09-11,4349.33,4481.09,4338.82,4458.82,441259.6649,113960.0,115488.09,113430.0,115482.69,13676.73119,154520643725,5987987783,40316978282.0,0.9996,14.71,119.9534,54.0,4.22,5.0,0.0,33.0
2025-09-12,4458.83,4748.4,4450.71,4712.16,510777.5402,115482.69,116665.63,114740.99,116029.42,15324.10719,157109757082,6012125794,40891210951.0,0.9992,14.76,120.0611,57.0,4.22,5.0,0.0,33.0
2025-09-13,4712.16,4769.36,4605.0,4666.53,394393.6869,116029.41,116298.78,115127.27,115918.29,8269.40394,162430333864,6209096312,42530197429.0,0.9994,,,52.0,4.22,5.0,0.0,33.0
2025-09-14,4666.54,4692.36,4576.89,4604.49,278244.3205,115918.29,116165.19,115135.0,115268.01,6707.60197,161760080682,6149498409,42417516821.0,0.9994,,,55.0,4.22,6.0,0.0,30.0
2025-09-15,4604.48,4670.28,4466.0,4523.74,412291.9687,115268.01,116757.99,114384.0,115349.71,13212.51149,159881899473,5974961484,42067090150.0,0.9997,15.69,119.5644,53.0,4.22,6.0,0.0,30.0
2025-09-16,4523.74,4538.25,4424.0,4501.29,293307.1099,115349.71,116964.27,114737.11,116788.96,10926.9094,158294348188,5915709772,41693929917.0,0.9995,16.36,119.1348,52.0,4.22,6.0,0.0,30.0
2025-09-17,4501.3,4616.77,4412.0,4590.53,476981.4561,116788.96,117286.73,114720.81,116447.59,16754.2454,158243929069,5917045715,40967612086.0,0.9995,15.72,119.1582,53.0,4.22,6.0,0.0,30.0
2025-09-18,4590.54,4644.47,4553.7,4587.66,290660.377,116447.6,117900.0,116092.76,117073.53,11657.23365,160833425407,6036661160,41824076491.0,0.9995,15.7,119.6616,52.0,4.22,6.0,0.0,30.0
2025-09-19,4587.66,4620.72,4435.7,4468.59,331611.1482,117073.53,117459.99,115100.0,115632.38,8992.09065,161654363378,6018952183,42724866652.0,0.9994,15.45,119.7858,53.0,4.22,6.0,0.0,30.0
2025-09-20,4468.59,4508.71,4454.45,4480.42,130781.913,115632.39,116121.81,115408.47,115685.63,4674.92752,158983144695,5875034694,41886653661.0,0.9994,,,48.0,4.22,6.0,0.0,30.0
2025-09-21,4480.41,4498.16,4443.0,4444.97,149349.8262,115685.63,115819.06,115188.0,115232.29,4511.52219,160533955011,5894427324,43075562697.0,0.9993,,,49.0,4.22,6.0,1.0,32.0
2025-09-22,4444.98,4455.76,4077.0,4199.08,708243.2348,115232.29,115379.25,111800.0,112650.99,20781.71356,158618013251,5753923345,42456536020.0,0.9991,16.1,119.8152,45.0,4.22,6.0,1.0,32.0
2025-09-23,4199.09,4229.03,4114.39,4164.26,315227.9057,112650.99,113290.5,111458.73,111998.8,12301.3203,152909885381,5627415358,40569088405.0,0.9997,16.64,119.6202,43.0,4.22,6.0,1.0,32.0
2025-09-24,4164.25,4206.9,4073.74,4152.81,353665.5671,111998.8,113940.0,111042.66,113307.0,12369.25967,150855974339,5520171665,39937619686.0,0.9994,16.18,120.1707,44.0,4.22,6.0,1.0,32.0
2025-09-25,4152.81,4161.04,3815.0,3874.36,930327.6951,113307.01,113510.23,108631.51,108994.49,21231.14957,151072830577,5511004952,40074866179.0,0.9994,16.74,120.5419,44.0,4.22,6.0,1.0,32.0
2025-09-26,3874.35,4068.3,3867.65,4032.24,575711.0859,108994.49,110300.0,108620.07,109643.46,14243.01591,145873548876,5336609117,39747808782.0,0.9992,15.29,120.4349,28.0,4.22,6.0,1.0,32.0
2025-09-27,4032.24,4039.01,3972.98,4018.38,172693.2638,109643.46,109743.91,109064.4,109635.85,5501.78643,149146803924,5441207288,40694247400.0,0.9993,,,33.0,4.22,6.0,1.0,32.0
2025-09-28,4018.39,4144.88,3966.0,4142.16,240331.8589,109635.85,112350.0,109189.99,112163.95,7542.3316,150391362846,5455170812,41606870807.0,0.9995,,,37.0,4.22,6.0,0.0,30.0
2025-09-29,4142.16,4235.86,4082.25,4215.07,380728.6784,112163.96,114400.0,111560.65,114311.96,15541.12005,154309745680,5604627738,43035683152.0,0.9992,16.12,120.115,50.0,4.22,6.0,0.0,30.0
2025-09-30,4215.07,4245.0,4092.1,4145.15,391126.6172,114311.97,114792.0,112656.27,114048.93,15044.15633,156216160070,5658795022,43633394429.0,0.9996,16.28,120.1368,50.0,4.22,6.0,0.0,30.0
2025-10-01,4145.15,4355.46,4123.08,4348.03,507026.3822,114048.94,118649.1,113966.67,118594.99,20036.39516,155530221481,5562887810,43324730121.0,0.9993,16.29,120.1502,49.0,4.09,6.0,0.0,30.0
2025-10-02,4348.03,4516.74,4332.73,4484.35,526411.1571,118594.99,121022.07,118279.31,120529.35,19670.83503,161525028322,5811873933,44554240150.0,0.9993,16.63,120.4296,64.0,4.09,6.0,0.0,30.0
2025-10-03,4484.35,4591.59,4428.0,4512.87,485684.0267,120529.35,123894.99,119248.3,122232.0,23936.328,164843726692,5893083355,45008167932.0,0.9992,16.65,120.0881,63.0,4.09,6.0,0.0,30.0
2025-10-04,4512.88,4517.93,4440.0,4487.15,199732.7088,122232.21,122800.0,121510.0,122391.0,8208.16678,166315211673,5956718208,45021409048.0,0.9994,,,71.0,4.09,6.0,0.0,30.0
2025-10-05,4487.16,4618.17,4467.05,4514.32,506587.9614,122390.99,125708.42,122136.0,123482.31,22043.097553,165952649236,5932649979,44695834562.0,0.9996,,,74.0,4.09,5.0,3.0,34.0
2025-10-06,4514.32,4735.93,4488.25,4684.01,456200.6528,123482.32,126199.63,123084.0,124658.54,19494.628793,166925549329,6305176404,44580526637.0,0.9995,16.37,120.2722,71.0,4.09,5.0,3.0,34.0
2025-10-07,4684.02,4755.0,4430.43,4447.7,640685.9319,124658.54,125126.0,120574.94,121332.95,21633.99385,171271336470,6964620302,45808938227.0,0.9994,17.24,120.4884,70.0,4.09,5.0,3.0,34.0
2025-10-08,4447.7,4558.0,4410.08,4525.72,399904.3287,121332.96,124197.25,121066.14,123306.0,17012.618,167395004418,6720676428,44862878937.0,0.9995,16.3,120.7766,60.0,4.09,5.0,3.0,34.0
2025-10-09,4525.72,4531.52,4265.06,4368.09,515978.1829,123306.01,123762.94,119651.47,121662.4,21559.36007,169172913055,6802841461,45350423973.0,0.9993,16.43,121.0902,70.0,4.09,5.0,3.0,34.0
2025-10-10,4368.09,4393.63,3435.0,3829.72,1493971.0244,121662.41,122550.0,102000.0,112774.5,64171.93927,164952195470,6662422023,43309684041.0,0.9983,21.66,121.1163,64.0,4.09,5.0,3.0,34.0
2025-10-11,3829.72,3878.3,3643.33,3746.79,789885.6582,112774.49,113322.39,109561.59,110644.4,35448.51652,147869068949,5889579453,38520572434.0,0.9989,,,27.0,4.09,5.0,3.0,34.0
2025-10-12,3746.8,4197.7,3694.74,4152.29,811308.152,110644.4,115770.0,109565.06,114958.8,32255.30272,145846463694,5934884865,39068766565.0,0.999,,,24.0,4.09,5.0,5.0,33.0
2025-10-13,4152.29,4292.0,4042.29,4240.85,622813.9247,114958.81,115963.81,113616.5,115166.0,22557.24033,155924437344,6382454324,41429749707.0,0.9991,19.03,,38.0,4.09,5.0,5.0,33.0
2025-10-14,4240.86,4263.38,3888.74,4125.02,962996.7658,115166.0,115409.96,109866.0,113028.14,31870.32974,159095871400,6484672888,42112956215.0,0.9994,20.81,121.1822,38.0,4.09,5.0,5.0,33.0
2025-10-15,4125.01,4217.6,3926.74,3985.61,626081.6966,113028.13,113612.35,110164.0,110763.28,22986.48811,156123244331,6376916073,41216157643.0,0.9994,20.64,120.8642,34.0,4.09,5.0,5.0,33.0
2025-10-16,3985.61,4086.49,3826.04,3894.51,643804.6163,110763.28,111982.45,107427.0,108194.28,29857.17252,151095025659,6248886060,38967510616.0,0.9997,25.31,120.6698,28.0,4.09,5.0,5.0,33.0
2025-10-17,3894.5,3950.45,3674.5,3831.57,830127.0885,108194.27,109240.0,103528.23,106431.68,37920.66838,148228266968,5723757041,38228097335.0,0.9995,20.78,120.7028,22.0,4.09,5.0,5.0,33.0
2025-10-18,3831.58,3927.73,3819.07,3889.21,250710.6121,106431.68,107499.0,106322.2,107185.01,11123.18766,145692333322,5613816961,37361503708.0,0.9995,,,23.0,4.09,5.0,5.0,33.0
2025-10-19,3889.2,4030.94,3827.04,3982.58,408538.2545,107185.0,109450.07,106103.36,108642.78,15480.66423,148633254575,5682130207,39247041195.0,0.9995,,,29.0,4.09,5.0,1.0,28.0
2025-10-20,3982.58,4085.3,3908.73,3979.22,511382.3301,108642.77,111705.56,107402.52,110532.09,19193.4416,149085056311,5776824280,37945806161.0,0.9997,18.23,120.6209,29.0,4.09,5.0,1.0,28.0
2025-10-21,3979.22,4110.0,3840.24,3873.05,590594.1382,110532.09,114000.0,107473.72,108297.67,37228.01659,151160265426,5827307063,39577773160.0,0.9995,17.87,120.8895,34.0,4.09,5.0,1.0,28.0
2025-10-22,3873.04,3889.27,3710.0,3805.53,593130.0905,108297.66,109163.88,106666.69,107567.44,28610.78451,147749459782,5672936266,37473452817.0,0.9997,18.6,120.8958,25.0,4.09,5.0,1.0,28.0
2025-10-23,3805.53,3934.86,3796.54,3856.8,477231.0181,107567.45,111293.61,107500.0,110078.18,17573.09294,145004958100,5594220153,35957126384.0,0.9995,17.3,120.9531,27.0,4.09,5.0,1.0,28.0
2025-10-24,3856.8,4026.39,3845.86,3934.88,425926.9383,110078.19,112104.98,109700.01,111004.89,15005.16913,147056924862,5888824333,36394796729.0,0.9998,16.37,120.9345,30.0,4.09,5.0,1.0,28.0
2025-10-25,3934.88,3969.22,3912.4,3953.82,138526.3338,111004.9,111943.19,110672.86,111646.27,6407.96864,149293124337,5778609681,37284429170.0,0.9998,,,37.0,4.09,5.0,1.0,28.0
2025-10-26,3953.81,4178.78,3919.03,4158.46,344698.0918,111646.27,115466.8,111260.45,114559.4,13454.47737,149639242357,5438375607,37523928292.0,0.9997,,,40.0,4.09,5.0,0.0,24.0
2025-10-27,4158.46,4253.72,4095.0,4120.15,487131.2291,114559.41,116400.0,113830.01,114107.65,21450.23241,154914099942,5628189381,39197566089.0,0.9999,15.79,120.7988,51.0,4.09,5.0,0.0,24.0
2025-10-28,4120.16,4175.55,3931.33,3979.2,472965.8377,114107.65,116086.0,112211.0,112898.45,15523.42257,154167958854,5581845744,39383947886.0,0.9998,16.42,120.6361,50.0,4.09,5.0,0.0,24.0
2025-10-29,3979.19,4036.66,3840.37,3902.99,486452.3127,112898.44,113643.73,109200.0,110021.29,21079.71376,151101846146,5471919795,38353115361.0,0.9997,16.92,120.5312,51.0,4.09,5.0,0.0,24.0
2025-10-30,3903.0,3948.74,3680.0,3805.09,531455.9923,110021.3,111592.0,106304.34,108322.88,25988.82838,149979683988,5418173828,37510228569.0,1.0,16.91,121.2832,34.0,4.09,5.0,0.0,24.0
2025-10-31,3804.95,3906.09,3796.36,3847.99,478636.2995,108322.87,111190.0,108275.28,109608.01,21518.20439,146939204002,5304777207,36868516955.0,1.0003,17.44,121.3859,29.0,4.09,5.0,0.0,24.0
2025-11-01,3848.0,3909.39,3831.0,3873.77,152998.1626,109608.01,110564.49,109394.81,110098.1,7378.50431,147289209315,5368341776,36946534266.0,1.0002,,,33.0,3.88,5.0,0.0,24.0
2025-11-02,3873.78,3918.23,3839.12,3906.58,216083.1542,110098.1,111250.01,109471.34,110540.68,12107.00087,147337752204,5437952877,36919741561.0,1.0,,,37.0,3.88,5.0,1.0,27.0
2025-11-03,3906.58,3914.29,3558.82,3603.83,877187.3852,110540.69,110750.0,105306.56,106583.04,28681.18779,147554540027,5386701858,37144359724.0,1.0,17.17,121.4512,42.0,3.88,5.0,1.0,27.0
2025-11-04,3603.84,3654.54,3057.0,3287.05,1568004.2379,106583.05,107299.0,98944.36,101497.22,50534.87376,139166804359,5063732632,34775446141.0,0.9999,19.0,121.8271,21.0,3.88,5.0,1.0,27.0
2025-11-05,3287.05,3480.46,3166.66,3424.29,809591.5132,101497.23,104534.74,98966.8,103885.16,33778.77571,129059826803,4672484251,31530534320.0,1.0,18.01,121.8482,23.0,3.88,5.0,1.0,27.0
2025-11-06,3424.29,3456.46,3245.45,3315.14,566363.7003,103885.16,104200.0,100300.95,101346.04,25814.62139,130198914620,4849600431,31334552808.0,1.0003,19.5,121.6948,27.0,3.88,5.0,1.0,27.0
2025-11-07,3315.14,3473.0,3194.2,3436.05,683417.3854,101346.04,104096.36,99260.86,103339.08,32059.50942,127523828654,4731786043,30497722130.0,1.0004,19.08,121.388,24.0,3.88,5.0,1.0,27.0
2025-11-08,3436.04,3488.0,3355.58,3401.51,291532.2881,103339.09,103406.22,101454.0,102312.94,12390.77985,130169740726,4908508701,31205770189.0,1.0002,,,20.0,3.88,5.0,1.0,27.0
2025-11-09,3401.51,3623.25,3358.66,3583.46,464098.052,102312.95,105495.62,101400.0,104722.96,16338.97096,129071004119,5296017944,30688834017.0,1.0001,,,22.0,3.88,5.0,1.0,26.0
2025-11-10,3583.46,3658.98,3507.3,3567.85,595273.0298,104722.95,106670.11,104265.02,106011.13,22682.25673,133269475998,5068993554,31804089520.0,1.0002,17.6,121.2984,29.0,3.88,5.0,1.0,26.0
2025-11-11,3567.85,3648.27,3405.24,3417.76,660283.2747,106011.13,107500.0,102476.09,103058.99,24196.50718,133462031720,5025707297,32559272609.0,1.0002,17.28,,26.0,3.88,5.0,1.0,26.0
2025-11-12,3417.76,3588.19,3371.65,3414.92,553101.9368,103059.0,105333.33,100813.59,101654.37,20457.63906,129604062163,4846038321,31806039683.0,1.0001,17.51,121.0458,24.0,3.88,5.0,1.0,26.0
2025-11-13,3414.91,3565.84,3154.22,3231.54,951989.1347,101654.37,104085.01,98000.4,99692.02,36198.50771,129155512532,4825993220,32089973943.0,1.0005,20.0,120.7725,15.0,3.88,5.0,1.0,26.0
2025-11-14,3231.55,3256.71,3070.0,3112.4,890446.1491,99692.03,99866.02,94012.45,94594.0,47288.14481,126291246747,4630016539,32478500175.0,1.0007,19.83,120.9666,16.0,3.88,5.0,1.0,26.0
2025-11-15,3112.4,3230.0,3110.68,3167.88,338463.4782,94594.0,96846.68,94558.49,95596.24,15110.89391,123799060450,4497331650,31853471603.0,1.0004,,,10.0,3.88,5.0,1.0,26.0
2025-11-16,3167.87,3249.0,3004.0,3095.29,570633.5809,95596.23,96635.11,93005.55,94261.44,23889.4051,123939198851,4412029777,31655252105.0,1.0005,,,10.0,3.88,5.0,1.0,31.0
2025-11-17,3095.29,3223.38,2959.46,3031.44,762500.4289,94261.45,96043.0,91220.0,92215.14,39218.59806,121098783324,4341046867,30017094832.0,1.0009,22.38,121.1146,14.0,3.88,5.0,1.0,31.0
2025-11-18,3031.44,3169.95,2946.56,3123.66,766640.1058,92215.14,93836.01,89253.78,92960.83,39835.14769,118708202192,4247909763,29773053595.0,1.0002,24.69,121.2127,11.0,3.88,5.0,1.0,31.0
2025-11-19,3123.65,3125.54,2873.64,3025.48,737926.7146,92960.83,92980.22,88608.0,91554.96,32286.6376,121648672809,4340225983,31080809539.0,1.0008,23.66,121.4978,15.0,3.88,5.0,1.0,31.0
2025-11-20,3025.48,3063.61,2790.01,2834.22,912524.3718,91554.96,93160.0,86100.0,86637.23,39733.19073,119322470007,4271763512,30464394494.0,1.0009,26.42,121.6889,11.0,3.88,5.0,1.0,31.0
2025-11-21,2834.21,2886.73,2623.57,2765.85,1180475.4085,86637.22,87498.94,80600.0,85129.43,72256.12679,115324996751,4083049194,29852359099.0,1.0005,23.43,121.8653,14.0,3.88,5.0,1.0,31.0
2025-11-22,2765.86,2799.01,2704.33,2770.12,264691.3089,85129.42,85620.0,83500.0,84739.74,14193.93263,111648250810,3882796159,29267289503.0,1.0003,,,11.0,3.88,5.0,1.0,31.0
2025-11-23,2770.12,2858.16,2768.29,2802.16,409808.5734,84739.75,88127.64,84667.57,86830.0,19734.46418,110192644898,3863892693,27864420351.0,1.0001,,,13.0,3.88,5.0,1.0,29.0
2025-11-24,2802.16,2987.0,2763.0,2953.38,715279.7551,86830.0,89228.0,85272.0,88300.01,24663.12795,111915532004,3902820993,29263760626.0,1.0001,20.52,121.9171,19.0,3.88,5.0,1.0,29.0
2025-11-25,2953.38,2980.82,2857.32,2959.36,427686.4528,88300.01,88519.99,86116.0,87369.96,19567.0411,115675016265,4016338396,30318272167.0,1.0002,18.56,121.6335,20.0,3.88,5.0,1.0,29.0
2025-11-26,2959.36,3045.0,2888.69,3026.56,364535.326,87369.97,90656.08,86306.77,90484.02,21675.82239,115799204368,4061674575,30594332132.0,1.0,17.19,121.2437,15.0,3.88,5.0,1.0,29.0
2025-11-27,3026.56,3071.37,2985.78,3015.23,274980.3955,90484.01,91950.0,90089.91,91333.95,16833.50932,118196193513,4144154556,31007649613.0,0.9999,17.21,,22.0,3.88,5.0,1.0,29.0
2025-11-28,3015.23,3099.0,2994.36,3031.15,346616.0275,91333.94,93092.0,90180.63,90890.7,18830.86012,117844668046,4169921538,31076975131.0,0.9997,16.35,121.0527,25.0,3.88,5.0,1.0,29.0
2025-11-29,3031.14,3052.64,2961.91,2989.16,217904.1303,90890.71,91165.65,90155.47,90802.44,7429.88291,117748385588,4161658708,31153286733.0,0.9997,,,28.0,3.88,5.0,1.0,29.0
2025-11-30,2989.17,3053.02,2975.3,2991.26,182722.4253,90802.44,92000.01,90336.9,90360.0,9687.74175,116465514878,4119517542,30586080480.0,0.9997,,,28.0,3.88,5.0,1.0,30.0
2025-12-01,2991.25,2999.47,2716.04,2799.07,849002.9909,90360.01,90417.0,83822.76,86286.01,34509.01227,115425791857,4061282946,30506708507.0,0.9998,17.24,120.9862,24.0,3.72,5.0,1.0,30.0
2025-12-02,2799.07,3033.76,2782.19,2996.07,523707.3586,86286.01,92307.65,86184.39,91277.88,28210.22732,111172549583,3889272368,29278289879.0,0.9996,16.59,121.1467,23.0,3.72,5.0,1.0,30.0
2025-12-03,2996.07,3214.99,2985.58,3188.36,553669.8146,91277.88,94150.0,90990.23,93429.95,25712.52585,116163993986,4111420671,29972880070.0,0.9996,16.08,120.7336,28.0,3.72,5.0,1.0,30.0
2025-12-04,3188.39,3240.35,3066.37,3133.26,486698.3987,93429.95,94080.0,90889.0,92078.06,19803.94059,120671813356,4322847796,31352064715.0,0.9997,15.78,120.6766,26.0,3.72,5.0,1.0,30.0
2025-12-05,3133.26,3193.33,2983.08,3021.78,530382.8986,92078.06,92692.36,88056.0,89330.04,19792.97218,119115273621,4232333165,31018232584.0,0.9996,15.41,120.6863,28.0,3.72,5.0,1.0,30.0
2025-12-06,3021.77,3069.0,3012.58,3038.06,159721.2488,89330.04,90289.97,88908.01,89236.79,8409.50016,116915081615,4062736528,31266255198.0,0.9997,,,23.0,3.72,5.0,1.0,30.0
2025-12-07,3038.06,3150.0,2907.52,3059.85,391129.675,89236.8,91760.0,87719.28,90395.31,13021.11185,116872332132,4161525705,31308087543.0,0.9998,,,20.0,3.72,4.0,0.0,22.0
2025-12-08,3059.86,3180.51,3040.87,3124.16,452820.2207,90395.32,92287.15,89612.0,90634.34,15793.63887,117294680952,4179395246,31431707906.0,0.9997,16.66,120.776,20.0,3.72,4.0,0.0,22.0
2025-12-09,3124.16,3397.85,3090.8,3318.04,603859.9458,90634.35,94588.99,89500.0,92678.8,21240.43014,117968555519,4204300764,31418011400.0,0.9998,16.93,120.6832,22.0,3.72,4.0,0.0,22.0
2025-12-10,3318.04,3447.44,3288.1,3324.14,539585.4535,92678.81,94476.0,91563.15,92015.37,18998.68083,121492885231,4346206176,32613818839.0,0.9997,15.77,120.6752,26.0,3.72,4.0,0.0,22.0
2025-12-11,3324.14,3327.37,3145.28,3237.39,504114.2391,92015.38,93555.0,89260.63,92513.38,19972.58758,120708103593,4263737245,32166763815.0,0.9996,14.85,119.98,29.0,3.72,4.0,0.0,22.0
2025-12-12,3237.38,3265.5,3045.31,3084.86,435686.4435,92513.38,92754.0,89480.0,90268.42,16679.19169,120306417293,4314137819,31982908130.0,0.9998,15.74,120.1442,29.0,3.72,4.0,0.0,22.0
2025-12-13,3084.86,3135.68,3078.6,3114.64,136465.7567,90268.43,90634.55,89766.39,90240.01,5895.70788,118396283617,4183788543,31023967353.0,0.9997,,,23.0,3.72,4.0,0.0,22.0
2025-12-14,3114.64,3129.54,3024.44,3063.5,279058.3545,90240.0,90472.4,87577.36,88172.17,9416.94004,119241325292,4181229152,31302863936.0,0.9998,,,21.0,3.72,4.0,0.0,21.0
2025-12-15,3063.49,3177.5,2894.57,2964.85,520509.9555,88172.16,90052.64,85146.64,86432.08,19778.6919,118872326392,4171278043,31937586429.0,0.9999,16.5,119.9561,16.0,3.72,4.0,0.0,21.0
2025-12-16,2964.85,2981.87,2876.0,2962.3,378293.1159,86432.08,88175.98,85266.0,87863.42,18456.05017,115732776754,3981330290,31021385322.0,1.0001,16.48,119.8902,11.0,3.72,4.0,0.0,21.0
2025-12-17,2962.3,3030.92,2791.02,2833.49,497630.4162,87863.43,90365.85,85314.0,86243.22,19834.11729,116700390185,3997555801,31590754314.0,1.0002,17.62,120.155,16.0,3.72,4.0,0.0,21.0
2025-12-18,2833.5,2997.4,2775.19,2828.57,595253.7997,86243.23,89477.61,84450.01,85516.41,25405.41763,113832765585,3878059653,30699057565.0,1.0003,16.87,120.0528,17.0,3.72,4.0,0.0,21.0
2025-12-19,2828.56,3020.0,2808.63,2979.5,531702.5439,85516.41,89399.97,85110.24,88136.94,21256.65004,113282430600,3862288819,30818344171.0,1.0005,14.91,120.1652,16.0,3.72,4.0,0.0,21.0
2025-12-20,2979.49,2994.41,2964.17,2977.93,91783.7734,88136.95,88573.07,87795.76,88360.9,5123.13194,116400664978,4014190213,31733991943.0,1.0003,,,20.0,3.72,4.0,0.0,21.0
2025-12-21,2977.93,3013.4,2944.0,3002.02,162244.8067,88360.91,89081.77,87600.04,88658.86,7132.87258,116868030948,4019767150,31916642033.0,1.0002,,,20.0,3.72,3.0,0.0,16.0
2025-12-22,3002.03,3077.39,2963.43,3009.49,298443.5633,88658.87,90588.23,87900.0,88620.79,14673.2197,117677081895,4015756829,32238040970.0,1.0004,14.08,119.9912,25.0,3.72,3.0,0.0,16.0
2025-12-23,3009.48,3035.79,2900.93,2965.02,386465.747,88620.79,88940.0,86601.9,87486.0,13910.32904,117253542463,4098250306,31910363997.0,1.0003,14.0,119.7057,24.0,3.72,3.0,0.0,16.0
2025-12-24,2965.03,2978.15,2888.7,2947.47,197035.5598,87486.0,88049.89,86420.0,87669.45,9140.8432,114967572180,4052036666,31589463991.0,1.0005,13.47,119.4372,24.0,3.72,3.0,0.0,16.0
2025-12-25,2947.48,2971.46,2891.2,2903.95,188721.2981,87669.44,88592.74,86934.72,87225.27,7096.58235,115221977018,4015829646,31508806972.0,1.0004,,,23.0,3.72,3.0,0.0,16.0
2025-12-26,2903.9,2994.38,2894.26,2927.99,314830.9989,87225.27,89567.75,86655.08,87369.56,18344.61505,114497929440,3993730418,31203478612.0,1.0006,13.6,119.4723,20.0,3.72,3.0,0.0,16.0
2025-12-27,2928.0,2960.89,2917.13,2949.05,95040.3956,87369.56,87984.0,87253.05,87877.01,4469.55156,114547253260,3967511883,31305359510.0,1.0004,,,23.0,3.72,3.0,0.0,16.0
2025-12-28,2949.05,2961.23,2924.54,2950.91,128834.139,87877.0,88088.75,87435.0,87952.71,4446.29285,115166020770,3985254700,31548485643.0,1.0004,,,24.0,3.72,3.0,0.0,16.0
2025-12-29,2950.91,3057.78,2910.25,2937.9,485959.1824,87952.71,90406.08,86806.5,87237.13,19894.98575,115610503769,4008555842,31615989555.0,1.0008,14.2,119.5899,24.0,3.72,3.0,0.0,16.0
2025-12-30,2937.91,3009.8,2919.44,2973.69,286583.2879,87237.13,89400.0,86845.66,88485.49,13105.91001,113731838615,3975388284,30811742299.0,1.0008,14.33,119.4939,23.0,3.72,3.0,0.0,16.0
2025-12-31,2973.69,3028.08,2958.91,2971.64,233729.5887,88485.5,89200.0,87250.0,87648.22,11558.62047,113578285139,4008799394,30513541788.0,1.0012,14.95,119.7456,21.0,3.72,3.0,0.0,16.0
