date,eth_log_return,btc_log_return,tvl_log_return,eth_vol_30d,btc_vol_30d,tvl_vol_30d,tvl_drawdown,sentiment_composite,sentiment_z,fg_norm,usdc_depeg,usdc_deviation,vix_change,dxy_log_return,ffr_change
2020-01-01,,,,,,,0.0,0.37,0.25574203321522154,0.37,0,0.0035000000000000586,,,
2020-01-02,-0.02775802345501787,-0.033199534310396885,-0.0007695665014365,,,,-0.0007692704610822431,0.39,0.4181171434446066,0.39,0,0.0026999999999999247,,,0.0
2020-01-03,0.0547663035981071,0.05301482343029991,-0.009326270528173095,,,,-0.010045045139535923,0.38,0.33692958832991404,0.38,0,0.001100000000000101,1.549999999999999,0.00010610485604901302,0.0
2020-01-04,-0.0011171105239188646,0.0012449768838231309,0.013600567055071525,,,,0.0,0.38,0.33692958832991404,0.38,0,0.0007999999999999119,,,0.0
2020-01-05,0.008680545660113509,0.000630740747051131,0.0030272910957916625,,,,0.0,0.23833333333333334,-0.8132274424615628,0.39,0,0.0009999999999998899,,,0.0
2020-01-06,0.06284265388671631,0.05283448765744147,0.0059166236657846516,,,,0.0,0.24833333333333332,-0.7320398873468704,0.41,0,-9.999999999998899e-05,,,0.0
2020-01-07,-0.009409374178927144,0.04871404936371501,0.0216374584787477,,,,0.0,0.24333333333333335,-0.7726336649042165,0.4,0,-0.0009000000000000119,-0.0600000000000005,0.0016688153635202449,0.0
2020-01-08,-0.014672949476181342,-0.011023945589959614,-0.02046249502628634,,,,-0.020254558887524785,0.29833333333333334,-0.32610211177340787,0.51,0,0.0009999999999998899,-0.33999999999999986,-0.0001294073968120855,0.0
2020-01-09,-0.02140425031275049,-0.03001660428030768,0.036383915457055875,,,,0.0,0.2633333333333333,-0.6102585546748318,0.44,0,0.0006999999999999229,-0.9100000000000001,0.0008707886569834054,0.0
2020-01-10,0.0502618347808883,0.04737260507373657,-0.07013625982152213,,,,-0.06773321925417736,0.24833333333333332,-0.7320398873468704,0.41,0,0.0007999999999999119,0.02000000000000135,-0.00143638257824287,0.0
2020-01-11,-0.017130145221713255,-0.02183100482452105,-0.0026004889692140642,,,,-0.07015441921751756,0.29333333333333333,-0.36669588933075414,0.5,0,0.0004999999999999449,,,0.0
2020-01-12,0.028798889056090623,0.02036109856547728,0.03806093815794603,,,,-0.03408149398611981,0.2733333333333333,-0.5290709995601393,0.45,0,0.00029999999999996696,,,0.0
2020-01-13,-0.02040605758348074,-0.009160976526190662,-0.02876220379553596,,,,-0.06146770704160501,0.29333333333333333,-0.36669588933075414,0.49,0,0.0007999999999999119,,,0.0
2020-01-14,0.1429243875290294,0.08274878422149841,0.03176736688031014,,,,-0.031174385369039385,0.32833333333333337,-0.08253944642933018,0.56,0,-0.00029999999999996696,0.07000000000000028,-8.954259821221612e-05,0.0
2020-01-15,0.004577769709741938,0.001293146166175448,0.05748711052492838,,,,0.0,0.31833333333333336,-0.16372700154402273,0.54,0,0.0013000000000000789,0.02999999999999936,-0.0006183235281250375,0.0
2020-01-16,-0.013248431883362196,-0.011561336478177777,0.08899701045208253,0.8812919573164413,0.6823929813001808,0.7248477943882516,0.0,0.32333333333333336,-0.12313322398667646,0.55,0,0.0014000000000000679,-0.09999999999999964,0.00041573641171196627,0.0
2020-01-17,0.03376959810284693,0.021921914733313886,-0.029338639760703163,0.8560258129747553,0.6607045268889067,0.7262754600320548,-0.028912440079243724,0.31833333333333336,-0.16372700154402273,0.54,0,0.0017000000000000348,-0.22000000000000064,0.0005650547688401125,0.0
2020-01-18,0.024943878793876537,0.0003006297542892932,0.05517887378312703,0.829801184039821,0.642568651597493,0.7357691879775297,0.0,0.30333333333333334,-0.2855083342160616,0.51,0,0.0008999999999999009,,,0.0
2020-01-19,-0.04312403731138772,-0.024324520325978746,-0.017291765038400235,0.8491162251399308,0.6451393072608825,0.7252521484325192,-0.017143120478103846,0.31,-0.23138329747293335,0.53,0,0.0006999999999999229,,,0.0
2020-01-20,0.00047953006972962516,-0.0068438722969167065,-0.008676369753655879,0.8271686210118676,0.6315637621040106,0.7093715658329125,-0.02563386250634227,0.285,-0.43435218525966474,0.48,0,0.0018000000000000238,,,0.0
2020-01-21,0.015578861871151562,0.010781316488657582,-0.03769348260455017,0.8051924359908063,0.6147396019185875,0.7182964551795075,-0.06167754218738227,0.29,-0.39375840770231846,0.49,0,0.0017000000000000348,,,0.0
2020-01-22,-0.008413368741488026,-0.006162471944631271,0.047756714623528596,0.7898505019563682,0.602795515111486,0.7210771502926183,-0.015779087715529085,0.305,-0.2719770750302796,0.52,0,0.0028999999999999027,0.0600000000000005,0.0003445957739090957,0.0
2020-01-23,-0.031796682545051934,-0.03252372475192156,-0.004122763003155952,0.791142578482043,0.6119974956137534,0.7055224895394878,-0.01982844427528881,0.29,-0.39375840770231846,0.49,0,0.0025999999999999357,0.07000000000000028,0.00283558078876343,0.0
2020-01-24,-0.001659751418364508,0.004094161809795407,-0.018081901244114434,0.7743380183247864,0.5980407597551146,0.6969440244863309,-0.03739253491874396,0.245,-0.7591024057184345,0.4,0,0.0020000000000000018,1.58,9.51927241610931e-06,0.0
2020-01-25,-0.013565199185894754,-0.01173105985876297,-0.012161330593775376,0.7626203217028836,0.5893902136036101,0.6855538234416879,-0.04902822638078723,0.25,-0.7185086281610882,0.41,0,0.0021999999999999797,,,0.0
2020-01-26,0.04577137251551764,0.0323721116628264,-0.0051908014755850254,0.7600277585504955,0.5856337075874286,0.6724440320154035,-0.053951742514022634,0.255,-0.6779148506037419,0.42,0,0.0023999999999999577,,,0.0
2020-01-27,0.013138615938956226,0.03339660703325178,0.010303905897275737,0.7447656622422577,0.5821534733635211,0.6591132225658741,-0.044153356160599254,0.295,-0.3531646301449722,0.5,0,0.0017000000000000348,,,0.0
2020-01-28,0.03216753109987873,0.05106082462602789,0.036465263334073864,0.7347925869706078,0.5922198324944783,0.6562035482002908,-0.008654859051249627,0.315,-0.19078951991558707,0.54,0,-0.00029999999999996696,-1.9499999999999993,-0.0006608377849236349,0.0
2020-01-29,-0.010991638026895525,-0.007783398882224428,0.041978981432985556,0.7253861856849642,0.5845944527012674,0.6563861541425977,0.0,0.32999999999999996,-0.0690081872435487,0.57,0,0.0016000000000000458,0.10999999999999943,-0.00020395447046426618,0.0
2020-01-30,0.061233936221198874,0.022502456278908796,0.019415878727622432,0.7350145098316787,0.5760138083543489,0.6458299631753098,0.0,0.32999999999999996,-0.0690081872435487,0.57,0,0.0013000000000000789,-0.9000000000000004,0.0009278297743902559,0.0
2020-01-31,-0.025777450096432102,-0.01699597258492471,0.001978433874504662,0.7340934627509267,0.573549198920305,0.6349914539528803,0.0,0.32,-0.1501957423582408,0.55,0,0.0016000000000000458,3.3499999999999996,-0.0006322821709274292,0.0
2020-02-01,0.019858184395002133,0.003385727050131138,0.014780360604046451,0.7214179474347209,0.5537523650739419,0.6345499858955015,0.0,0.32999999999999996,-0.0690081872435487,0.57,0,0.0012000000000000899,,,0.030000000000000027
2020-02-02,0.026020175645450325,-0.005674268221518584,0.013897292239429364,0.7069103666128417,0.5337657885682456,0.6314108425538888,0.0,0.3416666666666667,0.02571062705692625,0.57,0,0.0014000000000000679,,,0.0
2020-02-03,0.006611506906791144,-0.004217202035113095,0.02741050110531446,0.7057177997529409,0.534971844472039,0.6343782279945521,0.0,0.3516666666666667,0.10689818217161881,0.59,0,0.0014000000000000679,,,0.0
2020-02-04,-0.0041204495698705275,-0.01030012470407638,-0.014098902108763453,0.7077790705143542,0.538164036172694,0.6395158123109217,-0.013999978041051886,0.33666666666666667,-0.014883150500420023,0.56,0,0.0034000000000000696,-1.9199999999999982,-0.0016212285324082231,0.0
2020-02-05,0.0757702693773784,0.04413696079004374,-0.00907114077339739,0.7209852939798195,0.5297176586581829,0.6426605722759811,-0.022903678628324146,0.32166666666666666,-0.13666448317245886,0.53,0,0.00029999999999996696,-0.9000000000000004,0.0006889769568744985,0.0
2020-02-06,0.04514280633031147,0.016504674065094656,0.040821966845767686,0.7261265681306746,0.5094288828288079,0.6508923160004035,0.0,0.3616666666666667,0.18808573728631137,0.61,0,0.0021999999999999797,-0.1899999999999995,0.0012301819946246868,0.0
2020-02-07,0.04646671135593256,0.00426127217580927,0.04216279773112764,0.7277355378993733,0.505750372009044,0.6512634116259366,0.0,0.33666666666666667,-0.014883150500420023,0.56,0,0.001100000000000101,0.5099999999999998,0.003067133725469511,0.0
2020-02-08,-0.001254536658109426,0.008252206527558531,0.033051319337240495,0.7182430857613467,0.4882093816768789,0.6497684107876439,0.0,0.33666666666666667,-0.014883150500420023,0.56,0,-0.0006000000000000449,,,0.0
2020-02-09,0.024096484126179114,0.025611472320488028,0.006944120194425836,0.7082943462514356,0.47165949493426446,0.5797698453684585,0.0,0.35500000000000004,0.13396070054318315,0.56,0,-0.0007000000000000339,,,0.0
2020-02-10,-0.024814069482351556,-0.02998887968955256,0.001242350749627932,0.7131982473136613,0.4787686860380534,0.5785347916589965,0.0,0.36,0.17455447810052896,0.57,0,0.00039999999999995595,,,0.0
2020-02-11,0.06007289183861839,0.03699068450599928,-0.053363038828675824,0.7290146544049051,0.4880951393931662,0.6175941764347039,-0.051964223797224374,0.335,-0.028414409686201965,0.52,0,-0.0043999999999999595,0.14000000000000057,-0.0018254447613041196,0.0
2020-02-12,0.11576711910644197,0.010061623972999353,0.044115620563099464,0.7951981243064361,0.48447232959368863,0.6106276017459779,-0.009204792387586206,0.38,0.33692958832991404,0.61,0,-0.0022999999999999687,-1.4399999999999995,-0.0006800267974241284,0.0
2020-02-13,0.00966191091173689,-0.009421122032285924,0.08517079588720074,0.66166399198917,0.40591458369913214,0.6573024874234403,0.0,0.4,0.49930469855929915,0.65,0,0.00019999999999997797,0.41000000000000014,0.0010357604717970727,0.0
2020-02-14,0.060835059527649074,0.011153032471666205,0.025222494626572143,0.6782465317983812,0.40624425563167976,0.6406852714524983,0.0,0.39,0.4181171434446066,0.63,0,-0.0020000000000000018,-0.47000000000000064,0.0001924215136624933,0.0
2020-02-15,-0.073738464363557,-0.043430032448461935,0.031348316082642866,0.742999388951116,0.4369488999493455,0.5851983217185893,0.0,0.395,0.4587109210019529,0.64,0,9.999999999998899e-05,,,0.0
2020-02-16,-0.02302814989108039,0.0012662706092510477,0.017335134548787424,0.7521985392060505,0.43234809413004543,0.5656812624026405,0.0,0.3583333333333333,0.16102321891474658,0.59,0,-0.0007000000000000339,,,0.0
2020-02-17,0.0341783789790589,-0.021533430825940978,-0.04548779949320019,0.7545686141648132,0.44103884354374917,0.5819566909621119,-0.04446873953352107,0.30833333333333335,-0.24491455665871528,0.49,0,-0.0004999999999999449,,,0.0
2020-02-18,0.053640733001574015,0.04617766642322519,-0.05395453639702691,0.7370851410254211,0.4547514761448517,0.617018681083064,-0.09465784588730543,0.32833333333333337,-0.08253944642933018,0.53,0,-0.0022999999999999687,,,0.0
2020-02-19,-0.08936560368649504,-0.05780590324636327,0.050885859107451074,0.8247273993872748,0.503807627251512,0.6299982689574609,-0.0473964621964949,0.31333333333333335,-0.204320779101369,0.5,0,-0.00019999999999997797,-0.4499999999999993,0.0015339345249882068,0.0
2020-02-20,-0.005781820883651542,0.00027409809652581926,-0.028169934336236192,0.8277627375373552,0.5032241754260077,0.6214946261858333,-0.07385679856954497,0.2833333333333333,-0.44788344444544664,0.44,0,-0.0007000000000000339,1.1799999999999997,0.0039525185809860764,0.0
2020-02-21,0.0318277444587201,0.008366990519610176,-0.09828509659251021,0.8260266451039577,0.5023982053034824,0.7161706422710723,-0.1605526394044398,0.2833333333333333,-0.44788344444544664,0.44,0,-0.0016000000000000458,1.5199999999999978,-0.0016910475418816788,0.0
2020-02-22,-0.014046241109283649,-0.002710072225020686,0.031347318632199105,0.8155665932673349,0.4858976789020602,0.7200682922310397,-0.13382142855081436,0.2783333333333333,-0.4884772220027929,0.43,0,-0.0016000000000000458,,,0.0
2020-02-23,0.04817646444236108,0.029157751478757078,0.003593024832713305,0.8206451322354061,0.4933705319097585,0.7141567325015392,-0.13070362962373563,0.28500000000000003,-0.4343521852596643,0.46,0,-0.0030000000000000027,,,0.0
2020-02-24,-0.03318823113847527,-0.02861183519342414,0.02943743355588955,0.8327491158182639,0.5041626670523918,0.7136348701963576,-0.10473340243677014,0.28500000000000003,-0.4343521852596643,0.46,0,0.00019999999999997797,,,0.0
2020-02-25,-0.07363875645940655,-0.03587676971484084,0.005707298353862969,0.883121024554373,0.5134428205091741,0.7117166946348396,-0.09960924020610959,0.275,-0.5155397403743568,0.44,0,0.0008999999999999009,2.8200000000000003,-0.0013578000784510923,0.0
2020-02-26,-0.09671790793557251,-0.05864199828916444,-0.03285765645111785,0.9622287343379914,0.5434651194651942,0.7275419761237355,-0.1287132079741249,0.26,-0.6373210730463956,0.41,0,0.0007999999999999119,-0.2900000000000027,0.0013850565292882243,0.0
2020-02-27,0.01709064887651205,0.004311570552474216,-0.09278075770112951,0.9591252604414703,0.5111889622605008,0.8019311676098063,-0.2059150602877859,0.25,-0.7185086281610882,0.39,0,0.0007999999999999119,11.599999999999998,-0.0003169021310077486,0.0
2020-02-28,-0.00453196243714914,-0.014877998499183857,-0.009909602498898041,0.9577225403871784,0.5127923154179904,0.7919001852312769,-0.2137452652043745,0.255,-0.6779148506037419,0.4,0,-0.0013999999999999568,0.9500000000000028,0.0024593182642320835,0.0
2020-02-29,-0.043027561940500746,-0.019667790863484216,-0.02956420257268959,0.9550341651153679,0.5082429039786818,0.7974758274968319,-0.23665001090178822,0.245,-0.7591024057184345,0.38,0,-9.999999999998899e-05,,,0.0
2020-03-01,0.0027584956115343784,0.0009697757904506052,0.026627389514293196,0.9484712865834135,0.5061693477913872,0.8023606582988342,-0.21605096102076332,0.24666666666666667,-0.7455711465326523,0.39,0,0.0008999999999999009,,,-0.93
2020-03-02,0.06298492983304228,0.043952436059954136,-0.008435164569916331,0.9679273098163631,0.531802863850298,0.8018357548364232,-0.22263588866063394,0.24166666666666667,-0.7861649240899986,0.38,0,-0.0006000000000000449,,,0.0
2020-03-03,-0.03536386755693175,-0.017558276088587222,-0.009528843390839006,0.9770189114629432,0.5345263308284173,0.8013833807606471,-0.23000808947952184,0.24166666666666667,-0.7861649240899986,0.38,0,0.0,3.3999999999999986,-0.002731129612320958,0.0
2020-03-04,0.0015619076294873923,-0.0010507717856942027,0.02864250746709987,0.9771215521061295,0.5344830607567771,0.8019141925058071,-0.20763470507812676,0.2516666666666667,-0.7049773689753058,0.4,0,-0.0006000000000000449,-4.830000000000002,0.0024383146222110453,0.0
2020-03-05,0.018204815240767405,0.0341286271212737,-0.02096517261071392,0.9774348368982839,0.5480934225464096,0.8038540935723728,-0.22407385333443486,0.25666666666666665,-0.66438359141796,0.41,0,-0.0014999999999999458,7.629999999999999,8.47710518498466e-05,0.0
2020-03-06,0.06975738636365515,0.008489836857210005,0.021051768186584212,0.9722692747697772,0.5251619679918411,0.8062616148123883,-0.2075660867781356,0.24666666666666667,-0.7455711465326523,0.39,0,-0.0022999999999999687,2.3200000000000003,-0.0006809401691033428,0.0
2020-03-07,-0.0317381599628838,-0.027220312082118024,0.015935678537994286,0.9704169352361989,0.5282139976350533,0.7955405212713246,-0.19483696041613488,0.24166666666666667,-0.7861649240899986,0.38,0,-0.0010999999999999899,,,0.0
2020-03-08,-0.17356683710914297,-0.10095462863465858,0.017504335511549125,1.1371513613967015,0.6277174528638788,0.7838707385729982,-0.1806190418524402,0.22833333333333333,-0.8944149975762553,0.33,0,0.0,,,0.0
2020-03-09,0.016806282600910508,-0.012960005190206313,-0.05924718319032267,1.1393975777813048,0.625726986969802,0.8004251075762834,-0.22775493382888132,0.14833333333333332,-1.5439154384937952,0.17,0,0.00019999999999997797,,,0.0
2020-03-10,-0.010458324363748411,-0.00446272739082808,-0.08857065088822477,1.1353573661892034,0.6144612883865936,0.8526031848197757,-0.2932116256735075,0.1433333333333333,-1.5845092160511416,0.16,0,9.999999999998899e-05,-7.160000000000004,0.006087905218894301,0.0
2020-03-11,-0.030813699909218565,0.0050489459763729885,0.0019188084045660015,1.1369120488440085,0.6110993805286278,0.8526840774938579,-0.29185413223219253,0.14833333333333332,-1.5439154384937952,0.17,0,-0.0006000000000000449,6.600000000000001,0.0029455476484471646,0.0
2020-03-12,-0.5905343858695511,-0.5026069427414592,0.00857433808574789,2.320493565834951,1.820856838823663,0.8370746222110371,-0.28575614440320557,0.13333333333333333,-1.665696771165834,0.14,0,0.0004999999999999449,21.57,0.018747397088045206,0.0
2020-03-13,0.21782429090628908,0.15032193094234547,-0.35914683809157083,2.424078408269413,1.9181698420541926,1.4786160350214232,-0.5012636495116408,0.11333333333333333,-1.8280718813952188,0.1,1,-0.007900000000000018,-17.64,-0.00041091268434723593,0.0
2020-03-14,-0.08984995363230312,-0.07566678708579554,-0.04937474405210567,2.4321395989437984,1.9272392665873896,1.4344035903191636,-0.5252905862361937,0.10333333333333333,-1.9092594365099114,0.08,0,0.0017000000000000348,,,0.0
2020-03-15,0.010068289013706901,0.03593542121832906,2.6885140760591447e-05,2.4156845558266364,1.934648115777293,1.4265523167494387,-0.5252778234352202,0.13,-1.692759289537398,0.12,0,0.0025999999999999357,,,0.0
2020-03-16,-0.10879543104920024,-0.06399129121736558,-0.0416340376879082,2.42714005640765,1.9388518155308114,1.414080049210187,-0.5446366353840078,0.115,-1.8145406222094367,0.09,0,-0.0016000000000000458,,,0.0
2020-03-17,0.04103094404529498,0.054873695073120565,-0.16467999540461356,2.439373286704864,1.956094846229649,1.4851859464813006,-0.6137766966109722,0.11000000000000001,-1.8551343997667828,0.08,0,-0.0032999999999999696,-6.780000000000001,0.01270594966598672,0.0
2020-03-18,0.020875084316445632,0.015020346505170423,0.09670219433899277,2.4356227612679,1.960075206244406,1.549984907711659,-0.5745625631712326,0.125,-1.7333530670947441,0.11,0,-0.0036000000000000476,0.5400000000000063,0.013628766126482436,0.0
2020-03-19,0.14324194507873111,0.13335221046196347,-0.013054647137844056,2.492485245874029,2.019571636218437,1.5475869688737536,-0.5800804036937071,0.13,-1.692759289537398,0.12,0,-0.0027000000000000357,-4.450000000000003,0.007193646326859701,0.0
2020-03-20,-0.020906684819313827,0.007435327078688863,0.07095783716266706,2.481408735861689,2.015668402182627,1.5615942642558864,-0.5492012123879955,0.115,-1.8145406222094367,0.09,0,-0.00019999999999997797,-5.959999999999994,-0.0009800200708453444,0.0
2020-03-21,-0.006162189785763301,-0.0034496869311265673,0.11389293608783405,2.4813777522281373,2.015366531909332,1.6347995246552915,-0.4948203902894677,0.115,-1.8145406222094367,0.09,0,-0.0010000000000000009,,,0.0
2020-03-22,-0.08114890247660304,-0.06180167576087353,-0.07744037941975285,2.481801734524109,2.0201445764509702,1.623849057965802,-0.5324652631383665,0.11499999999999999,-1.8145406222094367,0.11,0,-0.0007000000000000339,,,0.0
2020-03-23,0.10542591574286976,0.1061148487906949,-0.01573717153564093,2.523561176185262,2.064978642771684,1.6135619579364768,-0.5397653455069591,0.11,-1.855134399766783,0.1,0,-0.0040999999999999925,,,0.0
2020-03-24,0.01822606405004066,0.041999719577783305,-0.021863402762726535,2.515253851128429,2.0687876098710385,1.6111042968656917,-0.5497184403936445,0.12,-1.7739468446520905,0.12,0,-0.0030999999999999917,0.0799999999999983,-0.004976437614905497,0.0
2020-03-25,-0.016902631756296835,-0.01002679358492966,0.08341018857296974,2.5150503296658875,2.0680283001644524,1.6434367315523353,-0.5105495340517553,0.125,-1.7333530670947441,0.13,0,-0.0022999999999999687,2.280000000000001,-0.005661409406514864,0.0
2020-03-26,0.016758133526148893,0.008934973816594624,0.0007597564897541335,2.5115780783716932,2.0675039312579457,1.6425481870654226,-0.5101775295853285,0.13,-1.692759289537398,0.14,0,-0.0036000000000000476,-2.950000000000003,-0.019099173567123005,0.0
2020-03-27,-0.05243480358650061,-0.057779726345443316,0.012440271482651838,2.499108586832278,2.0672549803323337,1.6457831712724642,-0.5040459448627644,0.12,-1.7739468446520905,0.12,0,-0.0010000000000000009,4.540000000000006,-0.00024588339451138056,0.0
2020-03-28,-0.002668599807161183,-0.019445251206402104,0.005817441451687818,2.4965868783943796,2.0667339255563317,1.6257990401050788,-0.5011523526933193,0.1,-1.9363219548814754,0.08,0,-0.0020999999999999908,,,0.0
2020-03-29,-0.050738923885145136,-0.058644949893034606,-0.02564547681098549,2.4985473625287002,2.073245088759166,1.6260449703714854,-0.513782888171192,0.12166666666666667,-1.7604155854663084,0.12,0,0.00039999999999995595,,,0.0
2020-03-30,0.058950648861662916,0.08362125023444582,-0.003737773695028192,2.5119949926465592,2.1002075661807207,1.6258329405981369,-0.5155968654716245,0.11166666666666666,-1.841603140581001,0.1,0,-0.0017000000000000348,,,0.0
2020-03-31,0.004985281115763737,0.002508431734471707,0.024583512801311644,2.5122228311131836,2.1003117059593444,1.6251872646717322,-0.5035409536403747,0.12166666666666667,-1.7604155854663084,0.12,0,-0.0021999999999999797,-3.539999999999999,-0.006168801069275374,0.0
2020-04-01,0.022131226275672357,0.03562371453633789,0.01848324526986641,2.4999631463136636,2.0978418800613214,1.6293104443968613,-0.49427945167993076,0.12166666666666667,-1.7604155854663084,0.12,0,-0.0030999999999999917,3.520000000000003,0.010256525150637592,-0.6
2020-04-02,0.040370864697788396,0.02250149077446257,0.009509535759315464,2.5072412156326966,2.100630634005904,1.631368677407876,-0.48944734490980674,0.13166666666666668,-1.6792280303516158,0.14,0,-0.0006000000000000449,-6.150000000000006,-0.0016306576892454292,0.0
2020-04-03,0.00021232173900503587,-0.008868945989810946,0.027690537346502786,2.507131056810795,2.100460016185674,1.6310610683439233,-0.47511231110842495,0.13166666666666668,-1.6792280303516158,0.14,0,-0.0009000000000000119,-4.109999999999999,0.006641777787016795,0.0
2020-04-04,0.019551444410821524,0.018084399293975692,0.049091169460218555,2.5073625909753434,2.09708222637779,1.6453905664430561,-0.44870200802390836,0.12166666666666667,-1.7604155854663084,0.12,0,-0.0022999999999999687,,,0.0
2020-04-05,-0.009903142514785501,-0.012356932145710244,-0.017665207873078785,2.488656820000009,2.0961209777574483,1.6413188607682894,-0.45835528703015743,0.125,-1.7333530670947441,0.12,0,-0.0011999999999999789,,,0.0
2020-04-06,0.1829287922564794,0.07905023544895948,0.005414691332998709,2.584544200344648,2.1177721940780914,1.6394190847044308,-0.4554144935378188,0.125,-1.7333530670947441,0.12,0,-0.0016000000000000458,,,0.0
2020-04-07,-0.03983262108723979,-0.018253138732796458,0.03877230485650978,2.519860154527098,2.090782357627918,1.6460702987682787,-0.4338849808737163,0.165,-1.4086028466359741,0.2,0,-9.999999999998899e-05,1.4600000000000009,-0.00860976718143925,0.0
2020-04-08,0.05022669892870782,0.02252509615524215,0.07859875091237101,2.5264205111261515,2.0924594308485345,1.666708311683215,-0.3875936563048421,0.16999999999999998,-1.3680090690786282,0.21,0,-0.0012999999999999678,-3.3500000000000014,0.0010230711536998907,0.0
2020-04-09,-0.020956316628594582,-0.010616822906183088,-0.01988290458153539,2.5269567451625874,2.092642920613982,1.6418108673093925,-0.39964982024548296,0.175,-1.3274152915212818,0.22,0,-0.0010999999999999899,-1.6799999999999997,-0.006069267984245064,0.0
2020-04-10,-0.07157913620000234,-0.060067012815594734,0.004399978317685083,2.5360547843698202,2.101919323712446,1.6419736513400955,-0.39700247260644994,0.14,-1.6115717344227054,0.15,0,-0.0014999999999999458,,-0.0025899803224649267,0.0
2020-04-11,0.0032896847533014973,0.002607795009356709,-0.07703824204511685,1.4138633443172064,1.0924149520603819,1.6598880087182486,-0.4417120581174093,0.14,-1.6115717344227054,0.15,0,-0.0014999999999999458,,,0.0
2020-04-12,0.001640792997166627,0.003912746218315506,0.008242507057023903,1.204968234170016,0.9717679063099274,1.0732882709596367,-0.4370913488627417,0.11,-1.855134399766783,0.1,0,-0.0011999999999999789,,,0.0
2020-04-13,-0.01460899965640739,-0.009588406781744151,-0.006228670722643446,1.1576019716865669,0.9272427579093995,1.0566879949539958,-0.44058662473603494,0.11499999999999999,-1.8145406222094367,0.11,0,-0.0023999999999999577,,,0.0
2020-04-14,0.013725830282827443,0.004492730411147657,-0.008972471189539089,1.1577501708781754,0.9223511048337446,1.0577374838463558,-0.44558349447096196,0.135,-1.6521655119800516,0.15,0,-0.0009000000000000119,-3.4100000000000037,-0.0033372552356336896,0.0
2020-04-15,-0.03676742955457538,-0.03669219621182481,0.01222147901668058,1.0914776781260735,0.9000830179017091,1.044338112477845,-0.4387661305026236,0.15,-1.530384179308013,0.18,0,-0.00029999999999996696,3.0800000000000054,0.007856075362568084,0.0
2020-04-16,0.12050744696196056,0.07008532257417706,0.13681040299633734,1.1528187014869613,0.9112989079775625,0.945447252603864,-0.3564832209774818,0.125,-1.7333530670947441,0.13,0,-0.0016000000000000458,-0.730000000000004,0.0031338159077162766,0.0
2020-04-17,-0.009330057768073236,-0.01052984748182655,-0.08432603483890741,1.1551265573675227,0.9137674546615514,0.9640910537543097,-0.4085234329523088,0.135,-1.6521655119800516,0.15,0,-0.0009000000000000119,-1.9600000000000009,-0.0047943420465292735,0.0
2020-04-18,0.0933963240280803,0.030970208092469646,0.012469001161140622,1.0955441614033232,0.8009801885586653,0.9601840032574424,-0.4011021390423155,0.15,-1.530384179308013,0.18,0,-0.0016000000000000458,,,0.0
2020-04-19,-0.04012186613479064,-0.017796694163898973,0.02615970879099559,1.1045157365241183,0.8050030031648537,0.9379221542193301,-0.3852284247609951,0.14500000000000002,-1.570977956865359,0.16,0,-0.0013999999999999568,,,0.0
2020-04-20,-0.05614928753025744,-0.04215121560930678,0.047120209721210456,1.1272346983629635,0.8210155414672475,0.8717172362379236,-0.35556691897038406,0.14,-1.6115717344227054,0.15,0,-0.0013999999999999568,,,0.0
2020-04-21,0.0031677154428867106,0.0021275669780452776,-0.023491590518808073,1.0804121009241212,0.7868020291891921,0.8240845486198437,-0.37052924453439184,0.15000000000000002,-1.5303841793080128,0.17,0,-0.0017000000000000348,1.5799999999999983,0.006544567838195354,0.0
2020-04-22,0.06770353180180066,0.0406413711082043,-0.028381847412307502,1.0464466716329401,0.7108032954325506,0.8301958716120446,-0.3881436405235051,0.16,-1.4491966241933205,0.19,0,-0.0010000000000000009,-3.4299999999999997,0.00011297739011649354,0.0
2020-04-23,0.015263325566320776,0.048922884583249386,0.0365165860381493,1.046199524998765,0.7159477367207616,0.8274134620980097,-0.36538778058594046,0.16,-1.4491966241933205,0.19,0,-0.0010000000000000009,-0.5999999999999943,-0.0013840452661935732,0.0
2020-04-24,0.011149941297034477,0.003017205417696101,0.017400433276628356,1.0417676037749126,0.7142989432758847,0.7861526475620336,-0.3542486209571294,0.165,-1.4086028466359741,0.2,0,-0.0009000000000000119,-5.450000000000003,0.0032857972806878857,0.0
2020-04-25,0.03468131759004386,0.004476308802495665,0.018085056453195893,1.0449513799307077,0.7140722199970401,0.7861237836671666,-0.3424639285982531,0.185,-1.2462277364065895,0.24,0,-0.0009000000000000119,,,0.0
2020-04-26,0.016190756906501114,0.02027804933449806,0.01603137384689689,1.0193791541620887,0.6805431131375599,0.7863744660121662,-0.33183777366890227,0.18166666666666667,-1.2732902547781535,0.21,0,-0.0013999999999999568,,,0.0
2020-04-27,-0.005282954479485703,0.010540759050406048,0.006978733443043911,1.0199442974780994,0.6742474071833704,0.7863083646786205,-0.3271585390198997,0.21666666666666667,-0.9891338118767298,0.28,0,-0.0020000000000000018,,,0.0
2020-04-28,-0.0005094503141414406,-0.004594686301061086,0.010743471359402432,0.9948706727545724,0.6327448847397527,0.7757347368945579,-0.31989091620928584,0.20666666666666667,-1.0703213669914222,0.26,0,-0.0020000000000000018,0.28000000000000114,-0.004165769434782372,0.0
2020-04-29,0.09297264650612909,0.12604362825102328,0.014771333757083187,1.0204640555493139,0.708370541940146,0.7739373213996461,-0.3097702339743948,0.20666666666666667,-1.0703213669914222,0.26,0,-0.0009000000000000119,-2.34,-0.0048028205547140605,0.0
2020-04-30,-0.044046603540374145,-0.018228439547185536,0.06166632606437484,1.0414242825997095,0.7150001678208916,0.7922369620548498,-0.265866521818385,0.2966666666666667,-0.3396333709591898,0.44,0,-0.0006000000000000449,2.919999999999998,-0.0036816885946241275,0.0
2020-05-01,0.028416166928962833,0.023725589801303106,-0.015138963739440247,1.0422216423853379,0.7107987307098713,0.7979887592474727,-0.27689683748264843,0.27666666666666667,-0.5020084811885749,0.4,0,-0.0007000000000000339,3.039999999999999,0.006698841473407949,0.0
2020-05-02,0.008828006243408303,0.016303515058974757,0.0182325656011467,1.0383105314647294,0.7096970457853892,0.7982372983153847,-0.2635918885327482,0.27666666666666667,-0.5020084811885749,0.4,0,-0.0011999999999999789,,,0.0
2020-05-03,-0.019067974358594923,-0.008719307953238976,0.006524348654142255,1.043656253776831,0.709649102887693,0.7964830722209187,-0.25877159773171193,0.29333333333333333,-0.36669588933075414,0.45,0,-0.0010000000000000009,,,0.0
2020-05-04,-0.016237086319406596,-0.002499140111014321,0.0191551892911461,1.0483626674927933,0.7100644269935258,0.7854708729404268,-0.24443636868771906,0.28833333333333333,-0.40728966688810037,0.44,0,-0.0016000000000000458,,,0.0
2020-05-05,-0.005779941777842336,0.01675145450840847,-0.047868985482212655,1.0473771192029504,0.7065080697370466,0.8059048308398901,-0.27975241800083533,0.2683333333333333,-0.5696647771174855,0.4,0,-0.0008000000000000229,-2.3599999999999994,-0.0033225687406942114,0.0
2020-05-06,-0.03126955404135943,0.013332613300691144,0.0028028687993383325,0.856897963102479,0.6608629788127488,0.8061229133788659,-0.27773082672137045,0.2783333333333333,-0.4884772220027929,0.42,0,-0.0010000000000000009,0.509999999999998,0.0065419125245867,0.0
2020-05-07,0.0634322150808559,0.08824435807397825,0.05504285252414828,0.8645858603715563,0.7113702354490153,0.8155243313524976,-0.23686058195337648,0.31333333333333335,-0.204320779101369,0.49,0,-0.0017000000000000348,-2.679999999999996,-0.003924070597466594,0.0
2020-05-08,-0.0032600250931766636,-0.018840761270535238,-0.022143117130045985,0.8520799114198299,0.7174812462260249,0.7838897705301173,-0.2535731504264411,0.3433333333333334,0.03924188624270865,0.55,0,-0.0006000000000000449,-3.460000000000001,-0.004778917419820483,0.0
2020-05-09,-0.005885441071246809,-0.026952815683587594,0.02163317731147593,0.8475446100696272,0.7254752348727949,0.7796028867138601,-0.23724963792376252,0.3483333333333334,0.07983566380005493,0.56,0,0.0,,,0.0
2020-05-10,-0.11344865251611,-0.08949374237266458,0.006219582586958903,0.906993257357549,0.7668155246328368,0.7795235330706445,-0.23249086560524437,0.30666666666666664,-0.25844581584449766,0.48,0,-0.0004999999999999449,,,0.0
2020-05-11,-0.009698149792228617,-0.018659103544510936,-0.06308932540065393,0.9085673043035265,0.7722709126142165,0.7616760818271394,-0.27941667653218416,0.26666666666666666,-0.5831960363032674,0.4,0,-0.0009000000000000119,,,0.0
2020-05-12,0.02146610961011009,0.028699362273097852,-0.031314477048892474,0.9101869318568263,0.7757327762530665,0.7742421349786177,-0.301631724862687,0.26166666666666666,-0.6237898138606137,0.39,0,-0.0007000000000000339,5.469999999999999,-0.001413766387513302,0.0
2020-05-13,0.050455042646805885,0.05504431306987792,-0.008502006225637907,0.9199036033077171,0.7897839641587573,0.7747783648065273,-0.30754408720087756,0.27166666666666667,-0.5426022587459212,0.41,0,-0.0013999999999999568,2.240000000000002,0.0039059254848676376,0.0
2020-05-14,0.01841837257680612,0.050542263457842476,0.016668702744088163,0.9204070691704634,0.8017761492193077,0.7732393505829008,-0.2959050107620049,0.26666666666666666,-0.5831960363032674,0.4,0,-0.00039999999999995595,-2.6700000000000017,0.0008261062991330694,0.0
2020-05-15,-0.04235217903577746,-0.049785248551448925,0.0246572005689522,0.9240482714625115,0.8129695005860964,0.7753145031721338,-0.2783281923410632,0.2866666666666667,-0.42082092607388233,0.44,0,0.0008999999999999009,-0.7199999999999989,-0.0003543087376593687,0.0
2020-05-16,0.02828348709132059,0.006936713576645949,-0.016016660451520354,0.8345293191815905,0.7849356138045857,0.625465980924223,-0.25674319723693345,0.27166666666666667,-0.5426022587459212,0.41,0,0.00019999999999997797,,,0.0
2020-05-17,0.03215395417685316,0.03135088520193182,0.007073490174722636,0.838071982043548,0.7852271900820366,0.5396956685398265,-0.24916660569034849,0.2633333333333333,-0.6102585546748318,0.4,0,0.00039999999999995595,,,0.0
2020-05-18,0.037500542571745524,0.005551686585784176,0.021489420628753975,0.7861371595740181,0.7819567561816183,0.5418990236461914,-0.2328570168868597,0.31333333333333335,-0.204320779101369,0.5,0,0.0004999999999999449,,,0.0
2020-05-19,-0.0015367066285144793,0.004264604253293181,0.02238464776657186,0.7698839113810312,0.7759107372134699,0.5403447794297217,-0.19307737428505636,0.31333333333333335,-0.204320779101369,0.5,0,-0.00029999999999996696,1.2300000000000004,-0.0018853757770913963,0.0
2020-05-20,-0.021670341121805062,-0.02738809106362215,0.07605456221844138,0.7438903922977255,0.7649180311865863,0.5759669421009057,-0.10441031414563605,0.32333333333333336,-0.12313322398667646,0.52,0,0.00039999999999995595,-2.5400000000000027,-0.0037994668585383524,0.0
2020-05-21,-0.05501485028357788,-0.04767082257525894,0.01571741407396067,0.7747091421150858,0.7914933548985047,0.5655801146502354,-0.09022275642287787,0.30833333333333335,-0.24491455665871528,0.49,0,0.0008999999999999009,1.5400000000000027,-7.61695403291683e-05,0.0
2020-05-22,0.042458975360692604,0.011113875556824242,0.07636422212111997,0.7537381745987412,0.7834822312229501,0.5961424516832107,-0.018026812128212007,0.2733333333333333,-0.5290709995601393,0.42,0,0.0,-1.370000000000001,0.0018796098204980625,0.0
2020-05-23,-0.0036718564783718424,0.0009973214844743207,0.009030911281175526,0.7531400418282665,0.7700097535915007,0.5897477911137704,-0.009118535002400136,0.2633333333333333,-0.6102585546748318,0.4,0,-9.999999999998899e-05,,,0.0
2020-05-24,-0.03296731517918375,-0.051276379766393834,0.02489341429274325,0.7632193664212912,0.7962205764356014,0.5912916305757332,0.0,0.27666666666666667,-0.5020084811885749,0.43,0,0.0004999999999999449,,,0.0
2020-05-25,0.02103777625923049,0.02043237382109617,0.06589148609975581,0.7573540903375284,0.7980308645503038,0.6206693049075196,0.0,0.26666666666666666,-0.5831960363032674,0.41,0,0.00019999999999997797,,,0.0
2020-05-26,-0.016097523191526842,-0.006670249903320307,-0.018464986364051507,0.7579328889863491,0.79730026106765,0.63027670499478,-0.018295552967846664,0.25666666666666665,-0.66438359141796,0.39,0,0.00029999999999996696,,,0.0
2020-05-27,0.036173844859233764,0.040225425628930105,0.001644077228136283,0.767623884208835,0.8067344990274437,0.6310909450532722,-0.016680227545700338,0.25666666666666665,-0.66438359141796,0.39,0,9.999999999998899e-05,-0.39000000000000057,0.0014924632566645692,0.0
2020-05-28,0.055650297084809126,0.0396027036055747,0.00881523465689694,0.7900093194718487,0.8143806920500043,0.6311701311344249,-0.007973714411253881,0.26666666666666666,-0.5831960363032674,0.41,0,-0.00019999999999997797,0.9699999999999989,-0.004566720567139568,0.0
2020-05-29,0.002086736376888281,-0.015663143272285802,-0.012046200615632678,0.7215943905275118,0.6951588900257915,0.6364937561912637,-0.019852173273352116,0.30166666666666664,-0.29903959340184394,0.48,0,0.00029999999999996696,-1.0799999999999983,-0.0005620773202656252,0.0
2020-05-30,0.09910543803127221,0.028305468467552164,0.028920691720125073,0.779985319082434,0.6967470985539775,0.6134612341428102,0.0,0.30166666666666664,-0.29903959340184394,0.48,0,-0.00019999999999997797,,,0.0
2020-05-31,-0.050891607296389266,-0.026059150370553428,0.059754801202542104,0.7995748522455428,0.700571222412204,0.6304937887438348,0.0,0.32166666666666666,-0.13666448317245886,0.51,0,0.0006999999999999229,,,0.0
2020-06-01,0.06947353210232725,0.07663155167361478,0.013384961398554022,0.8324998483435789,0.7459193043105659,0.6301480259496949,0.0,0.31666666666666665,-0.17725826072980513,0.5,0,-0.0008000000000000229,,,0.03
2020-06-02,-0.0433042924150342,-0.06927426238341051,-0.0076138040737729765,0.845495588849229,0.7879226044057855,0.6336582077905869,-0.007584892489780147,0.3466666666666667,0.06630440461427253,0.56,0,0.0,-1.3900000000000006,-0.0048609412500462265,0.0
2020-06-03,0.0282456618433596,0.015450457159570928,0.02975101549729902,0.8462297686660682,0.7890448211973752,0.636302802969644,0.0,0.30666666666666664,-0.25844581584449766,0.48,0,9.999999999998899e-05,-1.1799999999999997,-0.00359754469556037,0.0
2020-06-04,-0.005371837492799228,0.01262603317612486,-0.0077069372140642495,0.8461616674475266,0.7882613889387968,0.6032757466143959,-0.007677314921352611,0.33666666666666667,-0.014883150500420023,0.54,0,9.999999999998899e-05,0.14999999999999858,0.00038397532298553214,0.0
2020-06-05,-0.013161352137583198,-0.017300596060589795,0.011153141141216403,0.8385404832529966,0.7903101262474816,0.6021357124979134,0.0,0.33166666666666667,-0.0554769280577663,0.53,0,0.0006999999999999229,-1.2899999999999991,-0.004095502358088677,0.0
2020-06-06,0.007925846001559931,0.004680770035723853,0.010968462467670333,0.8128613471192397,0.7262929993455244,0.5833383134588969,0.0,0.33666666666666667,-0.014883150500420023,0.54,0,9.999999999998899e-05,,,0.0
2020-06-07,0.01077091605087696,0.008312909833360433,0.004993262782660663,0.8126697395626316,0.7241107937866262,0.5707830223615381,0.0,0.32833333333333337,-0.08253944642933018,0.54,0,-0.0004999999999999449,,,0.0
2020-06-08,0.00749555407678571,0.0035864650046320786,-0.009915486574156005,0.8117803872413496,0.7177065973835077,0.5754290561052083,-0.009866490211801011,0.32333333333333336,-0.12313322398667646,0.53,0,-0.0004999999999999449,,,0.0
2020-06-09,-0.010608014612193545,-0.000979828700433323,0.014908197013981486,0.6929716824448802,0.6396546306364996,0.5751211761382824,0.0,0.31833333333333336,-0.16372700154402273,0.52,0,-0.0004999999999999449,1.7600000000000016,-0.0006136950280153851,0.0
2020-06-10,0.016193038640421677,0.011453300920539622,-0.004242004259603487,0.6901777911634425,0.6349611040404922,0.5110570179980638,-0.004233019668248818,0.32833333333333337,-0.08253944642933018,0.54,0,-0.0006000000000000449,0.0,-0.0005583849829874477,0.0
2020-06-11,-0.07224701024400662,-0.06311380730512214,-0.03664259210496773,0.7451324198567619,0.6711789927152766,0.5173405067880774,-0.04006009588946698,0.31833333333333336,-0.16372700154402273,0.52,0,0.0012000000000000899,13.219999999999999,0.0059859413639118605,0.0
2020-06-12,0.030083882189344102,0.019709870061973344,0.05330965999002726,0.7332963736085375,0.6467239216938865,0.5281472147671044,0.0,0.24833333333333332,-0.7320398873468704,0.38,0,0.00019999999999997797,-4.699999999999996,0.00359817415640711,0.0
2020-06-13,0.0023546241379635777,0.0008670183509335627,-0.01788788051978033,0.7319582615232256,0.6211005761341812,0.5413288434275441,-0.01772884208376441,0.24833333333333332,-0.7320398873468704,0.38,0,-0.00019999999999997797,,,0.0
2020-06-14,-0.02698725115642562,-0.013950471361775322,-0.009369180849904237,0.7212602060359867,0.5978926068473384,0.5466896569788131,-0.026888939892240813,0.25833333333333336,-0.6508523322321776,0.4,0,0.0008999999999999009,,,0.0
2020-06-15,-0.003934034427702026,0.008942883921489994,-0.02803701366011069,0.7173537986362235,0.5982225407061313,0.5564851212238517,-0.05379314877253665,0.24333333333333332,-0.7726336649042167,0.37,0,-0.00029999999999996696,,,0.0
2020-06-16,0.019049829546550583,0.010507911061560557,-0.0032098055322715775,0.7124832575805485,0.5888889445956011,0.5591262426257501,-0.05682541965493368,0.25333333333333335,-0.6914461097895239,0.39,0,0.00039999999999995595,-0.7299999999999969,-0.0032306185932241627,0.0
2020-06-17,-0.00630970715464397,-0.006366285463241823,0.09701322282250836,0.7030924081108499,0.5888055247415764,0.6307822251270094,0.0,0.24833333333333332,-0.7320398873468704,0.38,0,0.0009999999999998899,-0.20000000000000284,0.0028687474654234975,0.0
2020-06-18,-0.010965729439392263,-0.008362265766844552,0.06619545934063578,0.7045939122846088,0.5890497365857873,0.6547168998624321,0.0,0.25833333333333336,-0.6508523322321776,0.4,0,0.0012000000000000899,-0.5300000000000011,0.002555307356665733,0.0
2020-06-19,-0.009863855585040906,-0.008139514519042584,0.07252402987201463,0.7006897448521562,0.5821281660479136,0.6508212677116766,0.0,0.25333333333333335,-0.6914461097895239,0.39,0,0.0017000000000000348,2.1799999999999997,1.0813692963671077e-05,0.0
2020-06-20,-0.0004804647496826767,0.005219309107220791,0.057462392487502796,0.6690737971414253,0.5571257075783393,0.6658973551774947,0.0,0.24833333333333332,-0.7320398873468704,0.38,0,0.00039999999999995595,,,0.0
2020-06-21,-0.0037204866411758575,-0.006889835356610858,0.07597479412904658,0.6555320553335586,0.556571567028171,0.6654719131802636,0.0,0.24666666666666667,-0.7455711465326523,0.37,0,0.0015000000000000568,,,0.0
2020-06-22,0.06407522755056082,0.04120626916014081,0.04503549337448797,0.6884020822224407,0.5744530057591818,0.6709321749882629,0.0,0.25166666666666665,-0.7049773689753063,0.38,0,0.0,,,0.0
2020-06-23,4.112941370607536e-05,-0.006297086976149205,0.004250124117187083,0.6747234537312875,0.5427032198797026,0.6727367134062531,0.0,0.26666666666666666,-0.5831960363032674,0.41,0,0.0004999999999999449,-0.3999999999999986,-0.0035527641531596034,0.0
2020-06-24,-0.03584072803428882,-0.03471554197335148,0.03791858051409957,0.6883584140093234,0.5547357588988062,0.6549822162086945,0.0,0.31166666666666665,-0.2178520382871514,0.5,0,0.0012000000000000899,2.4700000000000024,0.005398192570886018,0.0
2020-06-25,-0.00890645606594809,-0.0050684946945599284,0.03666233854096084,0.6860861364410725,0.5544686701364054,0.6445370670876625,0.0,0.27666666666666667,-0.5020084811885749,0.43,0,0.0007999999999999119,-1.6200000000000045,0.0027077425220174015,0.0
2020-06-26,-0.012377359727975035,-0.009480998907668087,0.007324268451502159,0.6790706869247969,0.5376316326419769,0.6428255766687783,0.0,0.26166666666666666,-0.6237898138606137,0.4,0,0.0009999999999998899,2.509999999999998,0.0019374451474244334,0.0
2020-06-27,-0.038621693855306935,-0.016530393391535187,0.014385694709995147,0.6670250636705245,0.5207787265118883,0.641899948745991,0.0,0.27666666666666667,-0.5020084811885749,0.43,0,0.0009999999999998899,,,0.0
2020-06-28,0.01789807124407853,0.011512482108878288,0.010126062123608396,0.6698885839891914,0.5204468085746592,0.6324822174438401,0.0,0.26,-0.6373210730463956,0.4,0,0.0005999999999999339,,,0.0
2020-06-29,0.013249321582838747,0.008324956553215883,-0.01079480522064872,0.570635406985878,0.5108069227940638,0.6412635857538106,-0.01073675039539779,0.265,-0.5967272954890493,0.41,0,0.00039999999999995595,,,0.0
2020-06-30,-0.010275044647142581,-0.0058927316772564384,0.007781872488903602,0.5440019438125089,0.503535828978442,0.6257279052322595,-0.003008398404939037,0.28,-0.47494596281701057,0.44,0,9.999999999998899e-05,-1.3500000000000014,-0.001666316619867138,0.0
2020-07-01,0.023610899917558843,0.01017398021090804,-0.01643628166261685,0.4902232270120272,0.4209850624962986,0.63695540086363,-0.019261298667142195,0.27,-0.5561335179317031,0.42,0,-0.0004999999999999449,-1.8099999999999987,-0.003193574663362099,0.009999999999999995
2020-07-02,-0.01980609065556911,-0.01588151210121853,0.0368657968349632,0.4720606996996709,0.3511085944404225,0.6343325285060936,0.0,0.27,-0.5561335179317031,0.42,0,-9.999999999998899e-05,-0.9400000000000013,-0.001877999004045381,0.0
2020-07-03,-0.007045871437151933,-0.0031171490343047835,0.029868673864892687,0.459854765555757,0.34572756271983884,0.6343592875396437,0.0,0.265,-0.5967272954890493,0.41,0,-9.999999999998899e-05,,,0.0
2020-07-04,0.01894162877263628,0.008486495706433785,0.027933607739466237,0.46591847959179344,0.34379460796043376,0.6280842324774786,0.0,0.26,-0.6373210730463956,0.4,0,-0.00029999999999996696,,,0.0
2020-07-05,-0.007050146338931328,-0.007256331939539371,0.010613016451634993,0.46455856461616535,0.340044594634564,0.6281777981362228,0.0,0.2533333333333333,-0.6914461097895244,0.38,0,-0.00029999999999996696,,,0.0
2020-07-06,0.05986952617821327,0.029848617569280738,0.010649616802176904,0.5112052222499726,0.35714079427863654,0.6282334066476549,0.0,0.2633333333333333,-0.6102585546748318,0.4,0,-0.00039999999999995595,,,0.0
2020-07-07,-0.009189444903626248,-0.009333678488988535,0.053425750653969484,0.5106297769689344,0.35657231358209507,0.6368044845933194,0.0,0.2783333333333333,-0.4884772220027929,0.43,0,9.999999999998899e-05,1.4899999999999984,0.002398927034530301,0.0
2020-07-08,0.03109186582960024,0.01911636867434222,0.000854268380804385,0.5219120815495861,0.3635268181797492,0.6312816688836871,0.0,0.2833333333333333,-0.44788344444544664,0.44,0,-0.00019999999999997797,-1.3500000000000014,-0.00016058600544215128,0.0
2020-07-09,-0.02033080887330209,-0.021816234347635674,0.061081624001673857,0.5255062609710729,0.3705649511188422,0.6456120055377439,0.0,0.2833333333333333,-0.44788344444544664,0.44,0,0.0,1.1800000000000033,-0.00033129010188996124,0.0
2020-07-10,-0.002979887976094124,0.006037564295295626,-0.0012554658879665975,0.5222006666275606,0.36858585187770876,0.6441069598400226,-0.0012546781203749823,0.2683333333333333,-0.5696647771174855,0.41,0,0.0,-1.9700000000000024,-0.0013564217335434018,0.0
2020-07-11,-0.00861697495472381,-0.005864277156991474,0.004057368922280433,0.4556948924266089,0.2962578831989675,0.6113911636133195,0.0,0.2833333333333333,-0.44788344444544664,0.44,0,0.0,,,0.0
2020-07-12,0.014938656993206505,0.00741448243121315,0.0161310569673112,0.4465972498192279,0.28888765158752594,0.6030200291112058,0.0,0.26666666666666666,-0.5831960363032674,0.41,0,9.999999999998899e-05,,,0.0
2020-07-13,-0.01364345532475022,-0.006484660129130597,0.006531992451546119,0.449341383522962,0.28956252186051545,0.5878843743765491,0.0,0.27666666666666667,-0.5020084811885749,0.43,0,0.0006999999999999229,,,0.0
2020-07-14,0.0039171613199912945,0.0014303888111533642,0.008971457074993583,0.43861428226437227,0.2857300972694173,0.578161526345615,0.0,0.27666666666666667,-0.5020084811885749,0.43,0,0.0,-2.669999999999998,0.001684975450966612,0.0
2020-07-15,-0.007640158237027679,-0.006313203598260291,-0.01986332179036414,0.4393527303173772,0.28446505260851696,0.5694210940890708,-0.019667345737559686,0.2816666666666667,-0.4614147036312286,0.44,0,0.0009999999999998899,-1.759999999999998,-0.002994677252890581,0.0
2020-07-16,-0.0213486018845483,-0.006969520861188566,0.016929568981568943,0.4411736844659296,0.282230589083009,0.5611652425025722,-0.0029294535613609775,0.27666666666666667,-0.5020084811885749,0.43,0,0.0004999999999999449,0.23999999999999844,-0.0008875419454484982,0.0
2020-07-17,-0.003860677410183567,0.0022528394199239758,0.0004232305380894779,0.44083259409653813,0.2819228907755892,0.5047774095496035,-0.0025073735452027512,0.26666666666666666,-0.5831960363032674,0.41,0,0.00029999999999996696,-2.3200000000000003,0.0016509036458899709,0.0
2020-07-18,0.012811380760802054,0.0017419211372258878,0.04605630777959188,0.44130136162191025,0.2808537646622593,0.487366822603609,0.0,0.2816666666666667,-0.4614147036312286,0.44,0,-9.999999999998899e-05,,,0.0
2020-07-19,0.014491175694506546,0.004212360691051645,0.004078732630347987,0.4421892512069523,0.28008148120858783,0.45495713210106975,0.0,0.285,-0.43435218525966474,0.41,0,-0.0004999999999999449,,,0.0
2020-07-20,-0.01304952008524958,-0.005248852945236642,0.08129536833537755,0.44504053551417994,0.2798348041020256,0.4865293627590554,0.0,0.3,-0.3125708525876259,0.44,0,-0.00029999999999996696,,,0.0
2020-07-21,0.03978930182240497,0.02471396532100174,0.07027965702047494,0.4646510766351229,0.29248240153835375,0.4786582681297921,0.0,0.3,-0.3125708525876259,0.44,0,-0.0006000000000000449,0.379999999999999,-0.005425098322782662,0.0
2020-07-22,0.07130029054788732,0.013556259591711564,0.033486682046370175,0.47722087905314603,0.2576898547665977,0.47272593884848646,0.0,0.33,-0.06900818724354824,0.5,0,-0.0019000000000000128,-0.5199999999999996,-0.002287160898256117,0.0
2020-07-23,0.04289764276900866,0.008902112662382592,0.04982230437819597,0.49719658098622943,0.25889766954583704,0.48069387878372144,0.0,0.35500000000000004,0.13396070054318315,0.55,0,-0.0009000000000000119,1.759999999999998,-0.0006130527933912695,0.0
2020-07-24,0.013887859607807657,-0.006840814574633343,0.06506258735968373,0.476700497321515,0.22841870869704528,0.5014703888161587,0.0,0.34500000000000003,0.05277314542849059,0.53,0,-0.0012999999999999678,-0.23999999999999844,0.0006062807824511575,0.0
2020-07-25,0.08941460073060663,0.01690633264140375,0.015409759866332536,0.5553959394702451,0.23403869691610454,0.49916504810824824,0.0,0.35500000000000004,0.13396070054318315,0.55,0,-0.0010999999999999899,,,0.0
2020-07-26,0.01862903969225816,0.023546368090711377,0.009072509739632027,0.5508333097398225,0.2425781429207428,0.498582810721541,0.0,0.405,0.5398984761166454,0.55,0,-0.0010000000000000009,,,0.0
2020-07-27,0.034541218427911684,0.10489965515383327,-0.024810501904334255,0.5280112726825701,0.42367601519236586,0.5236654596727675,-0.024505251088088452,0.42,0.6616798087886838,0.58,0,-0.0016000000000000458,,,0.0
2020-07-28,-0.0161581721206131,-0.011277353573673094,-0.00862009808204531,0.5369550523369213,0.42787834902596444,0.5321821764187071,-0.03287797281568883,0.51,1.3923678048209163,0.76,0,-0.0020999999999999908,0.7000000000000028,-0.000579448841082319,0.0
2020-07-29,0.002963058529013788,0.017655001714241426,0.0030618960781122846,0.53771046301351,0.4297566210658593,0.5243930541591648,-0.02991220755814692,0.485,1.189398917034185,0.71,0,-0.0008000000000000229,-1.3399999999999999,-0.0009064881031254147,0.0
2020-07-30,0.052603379793376634,-8.288236024881114e-05,0.03391191427837421,0.5508637302390081,0.4281591144479129,0.5246769288800361,0.0,0.51,1.3923678048209163,0.76,0,-0.0011999999999999789,0.6600000000000001,0.001604341784122659,0.0
2020-07-31,0.03364968093680153,0.02102589283746785,0.030490470079363553,0.5543612633410188,0.43100119248619717,0.5079937170763072,0.0,0.505,1.35177402726357,0.75,0,-0.0016000000000000458,-0.3000000000000007,-0.001641881115107781,0.0
2020-08-01,0.11103261528405725,0.04026281369533566,0.03478050302243699,0.6371015037861385,0.43817660492348376,0.5072976085456093,0.0,0.505,1.35177402726357,0.75,0,-0.0012999999999999678,,,0.010000000000000009
2020-08-02,-0.03840244337616544,-0.06383798859409126,0.05913790273410794,0.6614538640529115,0.5049163180897028,0.5228119953374414,0.0,0.5333333333333333,1.5818054334218654,0.8,0,0.0,,,0.0
2020-08-03,0.035659667314593343,0.013320275400209495,-0.026293140070947997,0.6646923860456535,0.5054141151586029,0.5502581080049808,-0.025950485189792385,0.5083333333333333,1.378836545635134,0.75,0,-0.0010000000000000009,,,0.0
2020-08-04,0.009464321821898712,-0.002484409031295822,0.03621932617613307,0.6595307775619127,0.5040098650820383,0.5511341836804491,0.0,0.4933333333333333,1.2570552129630952,0.72,0,-0.0004999999999999449,-0.5199999999999996,-0.00020459211746537686,0.0
2020-08-05,0.028116690259252897,0.04822339837274129,0.010853870091365084,0.6432116715123583,0.5183605794695793,0.5510800836566189,0.0,0.5083333333333333,1.378836545635134,0.75,0,-0.0010999999999999899,-0.7700000000000031,-0.007753486535713751,0.0
2020-08-06,-0.014959612219202561,0.0014931490218287942,0.04912484444476841,0.6464602595827293,0.5152696145414546,0.5482246124833484,0.0,0.5283333333333333,1.541211655864519,0.79,0,-0.0008000000000000229,-0.33999999999999986,0.0014415446002074763,0.0
2020-08-07,-0.03987041627398264,-0.01440554370016026,-0.01461692471123627,0.673366714734458,0.5194035715348854,0.5583718465899361,-0.01451061606602703,0.5183333333333333,1.4600241007498265,0.77,0,-0.0010999999999999899,-0.4399999999999977,0.004957692580673264,0.0
2020-08-08,0.04557894402662082,0.014316272674542746,0.014827317194884133,0.6699298446588062,0.5094869805848978,0.5403226844851627,0.0,0.5183333333333333,1.4600241007498265,0.77,0,-0.0006000000000000449,,,0.0
2020-08-09,-0.01750619551601051,-0.006802030569309808,0.022667443877857064,0.6771250246302877,0.5120933789889915,0.5348085561386726,0.0,0.5066666666666667,1.3653052864493525,0.79,0,-0.0006000000000000449,,,0.0
2020-08-10,0.013493419931917243,0.01792146240338923,0.022427239221651556,0.67136681199448,0.5109170298644531,0.5313330194963571,0.0,0.5016666666666667,1.3247115088920063,0.78,0,-0.0009000000000000119,,,0.0
2020-08-11,-0.04246286391627746,-0.04302488795968553,0.011830124735101885,0.7024604191422026,0.5415583328696868,0.5320975293960601,0.0,0.5316666666666666,1.5682741742360828,0.84,0,0.00039999999999995595,1.9000000000000021,-0.0017364647396474683,0.0
2020-08-12,0.021353496093377,0.01500698346852347,-0.01504874681802939,0.6951657347817699,0.5401326131814647,0.5448678459636953,-0.014936080298977479,0.4866666666666667,1.2029301762199673,0.75,0,-0.00029999999999996696,-1.75,-0.0010416223654601765,0.0
2020-08-13,0.09211652864049456,0.01847781763804461,0.009300872003226665,0.7423276664970487,0.541005828373652,0.544779811968895,-0.005731387386708649,0.4866666666666667,1.2029301762199673,0.75,0,-0.0012999999999999678,-0.15000000000000213,-0.001165652470628814,0.0
2020-08-14,0.03146379058189895,-0.001653318439828755,0.04732257305662355,0.7372107544295928,0.5396925668244171,0.5320582349638429,0.0,0.5016666666666667,1.3247115088920063,0.78,0,-0.0011999999999999789,-0.0799999999999983,-0.0015363663777390906,0.0
2020-08-15,-0.013303965626362815,0.007780518936332989,0.16483232335853726,0.7320124972860189,0.5369218964734849,0.7258251078052693,0.0,0.5066666666666667,1.3653052864493525,0.79,0,-0.0006000000000000449,,,0.0
2020-08-16,0.0030025197511106315,0.004931964178818936,0.0600035528011512,0.7295223221872399,0.5365991521705479,0.727209086071865,0.0,0.5116666666666666,1.4058990640066977,0.82,0,-0.00029999999999996696,,,0.0
2020-08-17,-0.0063157374111036686,0.03060159513066791,0.012768714438236002,0.7351713858691671,0.5412606183029272,0.7271504636052888,0.0,0.5166666666666666,1.4464928415640441,0.83,0,-0.0012999999999999678,,,0.0
2020-08-18,-0.020966013507865502,-0.027750320081645123,0.03965828482246496,0.7488602481476566,0.5566303183236315,0.722528981661156,0.0,0.5116666666666666,1.4058990640066977,0.82,0,-0.0007000000000000339,0.16000000000000014,-0.0016261748236497823,0.0
2020-08-19,-0.034944055250220575,-0.01606981533902176,-0.004469446169076906,0.7643626838256119,0.5612963583658379,0.7075832379382188,-0.004459473058174201,0.5016666666666667,1.3247115088920063,0.8,0,-0.00029999999999996696,1.0299999999999976,6.605861288754278e-05,0.0
2020-08-20,0.02059825073601981,0.008383598166900236,0.007118693824762186,0.7604622853266289,0.5581712409859243,0.6932040443668375,0.0,0.4766666666666667,1.1217426211052748,0.75,0,-0.0006000000000000449,0.17999999999999972,0.002104726297112004,0.0
2020-08-21,-0.06961300204344363,-0.02755885468727366,0.039146830363269776,0.7932694877407641,0.5710776259450815,0.6943586836399102,0.0,0.5066666666666667,1.3653052864493525,0.81,0,0.00019999999999997797,-0.17999999999999972,0.0020917629312266002,0.0
2020-08-22,0.018565158280430833,0.011349461965321588,-0.016570760861240687,0.7861838665410104,0.5712765922381726,0.7032484731449704,-0.01643422103339814,0.4916666666666667,1.2435239537773137,0.78,0,-0.0004999999999999449,,,0.0
2020-08-23,-0.01152757850754229,-0.001272355947377651,-0.008884759396064652,0.7904246135218125,0.5699714086166235,0.6947695563612141,-0.025134260221337825,0.46,0.986430029247454,0.76,0,-0.00039999999999995595,,,0.0
2020-08-24,0.04251695612452415,0.008554385259456227,0.010415064334082824,0.7477996887830743,0.5688255423615918,0.6954471874747198,-0.014927913203785082,0.47000000000000003,1.0676175843621465,0.78,0,-0.00019999999999997797,,,0.0
2020-08-25,-0.06263034809115628,-0.03726855030411857,0.01360523567591406,0.7881389492478122,0.5850536374234382,0.6947036829958294,-0.0014341908112773512,0.455,0.9458362516901078,0.75,0,-0.00039999999999995595,-0.33999999999999986,-0.0007820903430574782,0.0
2020-08-26,0.007492815449008584,0.01255599829022591,0.04222118777496327,0.7818364268687785,0.4607873395442443,0.6788754855494087,0.0,0.46,0.986430029247454,0.76,0,-0.0006000000000000449,1.2399999999999984,-0.0016817676999323198,0.0
2020-08-27,-0.006605318653611077,-0.011499871598155137,0.026740354766414055,0.7791290325296889,0.46086430457874333,0.6694772540700051,0.0,0.455,0.9458362516901078,0.75,0,0.0,1.1999999999999993,0.00021176877158509178,0.0
2020-08-28,0.030424505497155314,0.017196688078947187,0.018729950564731337,0.7835014663569234,0.46066196990573594,0.6655625014812853,0.0,0.45,0.9052424741327615,0.74,0,-0.0004999999999999449,-1.509999999999998,-0.006119035509767809,0.0
2020-08-29,0.008919631803364098,-0.005312121743530515,0.060757746858169384,0.7663154400909158,0.4612140913988517,0.6768782777974285,0.0,0.47500000000000003,1.1082113619194929,0.79,0,-0.00039999999999995595,,,0.0
2020-08-30,0.07323321005831106,0.02117005324622385,0.041178818110506166,0.7962670459864818,0.4612928184918105,0.6789328166846865,0.0,0.49166666666666664,1.2435239537773133,0.75,0,-9.999999999998899e-05,,,0.0
2020-08-31,0.011243497022514051,-0.005278114294061569,0.04523567733539614,0.7029942786696565,0.439447522513954,0.6816745555391943,0.0,0.49166666666666664,1.2435239537773133,0.75,0,-0.00029999999999996696,,,0.0
2020-09-01,0.09159600889676413,0.023118797396930114,0.02720819187389758,0.7494636043409286,0.3825181898751047,0.6711602712109895,0.0,0.49166666666666664,1.2435239537773133,0.75,0,-0.00039999999999995595,-0.28999999999999915,-0.0016418299323767496,-0.010000000000000009
2020-09-02,-0.07851883780086184,-0.04577532981158565,0.10957840346422701,0.8007542373090136,0.4155300254403442,0.7069829835150601,0.0,0.5316666666666666,1.5682741742360828,0.83,0,-0.0008000000000000229,0.4499999999999993,0.003987067407650618,0.0
2020-09-03,-0.14178902395891302,-0.11603576554688845,-0.015554920171883726,0.9486884511081144,0.5814332661809429,0.7236337845505287,-0.015434567235928003,0.5116666666666667,1.4058990640066988,0.79,0,-0.0014999999999999458,7.030000000000001,0.0003283083232383516,0.0
2020-09-04,0.01006973786769345,0.02967124125373026,-0.04062945178538133,0.9438627353764788,0.5640890701618213,0.7601228280392796,-0.054635178940881504,0.31666666666666665,-0.17725826072980513,0.4,0,-0.0007000000000000339,-2.8500000000000014,-0.0002912497564784255,0.0
2020-09-05,-0.13975804890820162,-0.027126372308919018,-0.007469788275839539,1.0598319353223828,0.5694491394854287,0.7641044892366333,-0.061670544937307246,0.32166666666666666,-0.13666448317245886,0.41,0,-9.999999999998899e-05,,,0.0
2020-09-06,0.05174094200682596,0.008765710743617944,-0.153699830546995,1.0705267013810134,0.5702954771230402,0.9771967614473802,-0.19535491805603392,0.29333333333333333,-0.36669588933075414,0.41,0,-9.999999999998899e-05,,,0.0
2020-09-07,0.0022367256879634143,0.011366292597355596,0.028545480419113062,1.0566538546953304,0.5691890549486048,0.9775411612168975,-0.17205496558819597,0.29333333333333333,-0.36669588933075414,0.41,0,0.0,,,0.0
2020-09-08,-0.04689851855933938,-0.0240781306870189,-0.0062975900354737295,1.0663596607171812,0.5733630792499185,0.9817454810853917,-0.17725264039614053,0.29333333333333333,-0.36669588933075414,0.41,0,0.00019999999999997797,,,0.0
2020-09-09,0.03911925043703737,0.009097741146643187,-0.014562395413205807,1.075611557445676,0.5697843765268685,0.9885746611448247,-0.1891469974111437,0.2783333333333333,-0.4884772220027929,0.38,0,-0.00019999999999997797,-2.650000000000002,-0.00286081894785453,0.0
2020-09-10,0.047533920985706406,0.011448811499434249,0.02103140763904633,1.0808889163758983,0.5556014105194674,0.9884001423393876,-0.17191302527138128,0.2783333333333333,-0.4884772220027929,0.38,0,-0.00029999999999996696,0.9000000000000021,-0.002142152634366214,0.0
2020-09-11,0.015373300232695442,0.004923589278497632,0.08055149945079888,1.0795335782959123,0.5525381884613835,1.0042022228322465,-0.10244922707875956,0.29333333333333333,-0.36669588933075414,0.41,0,-0.0006000000000000449,-2.84,0.001776113641528804,0.0
2020-09-12,0.03717216558615946,0.00509199657416824,-0.005466342322254444,1.03589352979648,0.5477657472138328,1.0077306031501736,-0.1073421614442832,0.29333333333333333,-0.36669588933075414,0.41,0,-9.999999999998899e-05,,,0.0
2020-09-13,-0.05665795203976063,-0.010406496224025646,0.023391517508704208,1.0445401313835256,0.5481400478011949,1.0032409072019874,-0.08621540990122001,0.2683333333333333,-0.5696647771174855,0.38,0,-9.999999999998899e-05,,,0.0
2020-09-14,0.02878322272472259,0.03227573226362602,-0.024059687598316025,1.0511093811199717,0.5614403796346045,0.8670653239127656,-0.10793840949252481,0.2733333333333333,-0.5290709995601393,0.39,0,-0.00019999999999997797,,,0.0
2020-09-15,-0.0352447499700682,0.010583085836546963,0.015706761103928196,1.0561033590551046,0.5628525314189857,0.8508911447231473,-0.09381639598079233,0.3133333333333333,-0.20432077910136945,0.47,0,0.0,-0.26000000000000156,-0.0004497616339196725,0.0
2020-09-16,0.0028799888249770216,0.015520576216204314,-0.014556718992609343,1.0565369423886242,0.553802040079201,0.8559833098670716,-0.10691191095241388,0.29333333333333333,-0.36669588933075414,0.43,0,0.0,0.4499999999999993,-0.0020533079012712797,0.0
2020-09-17,0.06430568748246898,-0.0012807163530045075,-0.024645022465870692,1.0823984640846938,0.5470565976309693,0.8585401911635786,-0.12865308074898343,0.3183333333333333,-0.1637270015440232,0.48,0,-9.999999999998899e-05,0.4200000000000017,0.0007409240397897428,0.0
2020-09-18,-0.01284670333560439,-0.0006034732812486935,0.06299252272708888,1.0768381171180283,0.5450371316514651,0.8771239642744372,-0.07199908365820976,0.3233333333333333,-0.1231332239866769,0.49,0,-9.999999999998899e-05,-0.6300000000000026,-0.0017314129990174682,0.0
2020-09-19,0.002234812010630659,0.013378934222998818,0.052071210153561844,1.073901047170556,0.5465590771101307,0.8883110589612998,-0.022396732895209163,0.3183333333333333,-0.1637270015440232,0.48,0,-9.999999999998899e-05,,,0.0
2020-09-20,-0.0375826006930036,-0.014578732844710519,0.07097365073284707,1.05436145404704,0.5408386757902955,0.9068937665591303,0.0,0.33,-0.06900818724354824,0.52,0,9.999999999998899e-05,,,0.0
2020-09-21,-0.08630599252586497,-0.047161404910191086,0.01795767799152115,1.0920398165221783,0.5610437264132256,0.9002404834111756,0.0,0.31,-0.23138329747293335,0.48,0,9.999999999998899e-05,,,0.0
2020-09-22,0.01124805525029054,0.010731082319475616,-0.06814209595162267,1.0932108825233524,0.5632728573195065,0.9428337579645174,-0.06587227162234177,0.265,-0.5967272954890493,0.39,0,-9.999999999998899e-05,-0.9200000000000017,0.0014236540160990083,0.0
2020-09-23,-0.07068346789739553,-0.027747100849892316,0.0038170280808253695,1.1035527768127085,0.5678181924322006,0.9433533658860058,-0.06229986620355301,0.28500000000000003,-0.4343521852596643,0.43,0,0.00039999999999995595,1.7199999999999989,0.00606341390700606,0.0
2020-09-24,0.08441749028802611,0.047188198471375946,0.004080663126905598,1.1307881605355155,0.5828346295354557,0.9438495110939925,-0.05846561001014938,0.265,-0.5967272954890493,0.39,0,-0.00019999999999997797,-0.06999999999999673,0.0025102238522889796,0.0
2020-09-25,0.00841791841818661,-0.00463521561603508,0.03330075054132942,1.13090178543049,0.5806003455998688,0.9408327668334995,-0.026583912115147997,0.30000000000000004,-0.31257085258762546,0.46,0,-0.0004999999999999449,-2.1300000000000026,0.0027237000686335232,0.0
2020-09-26,0.005667021853450953,0.0039159023986676655,0.024737115210763928,1.1312283111623838,0.5800266382201169,0.9404714512609899,-0.0022041063741879523,0.29500000000000004,-0.35316463014497174,0.45,0,-0.00019999999999997797,,,0.0
2020-09-27,0.01003649082095064,0.004245955171710726,0.02674321165958333,1.1259474171595525,0.5764306773552066,0.9415836938953996,0.0,0.295,-0.3531646301449722,0.47,0,-9.999999999998899e-05,,,0.0
2020-09-28,-0.0099234773157165,-0.007277969114733297,-0.008706670959283024,1.1252842803397993,0.5766028376124895,0.9278425385359529,-0.008668877663818556,0.275,-0.5155397403743568,0.43,0,0.00029999999999996696,,,0.0
2020-09-29,0.01633661551259001,0.013406216589902006,0.011353705089920882,1.0932008652069263,0.5732487651270197,0.9211076322162128,0.0,0.28500000000000003,-0.4343521852596643,0.45,0,0.0,0.0799999999999983,-0.0007807988529895603,0.0
2020-09-30,0.00011116978416697862,-0.005911086565506154,-0.0006013678779920742,1.0916973447155915,0.5732905795651206,0.9123612643120906,-0.0006011870925710544,0.305,-0.2719770750302796,0.49,0,-9.999999999998899e-05,0.10000000000000142,-0.00494729590734469,0.0
2020-10-01,-0.019588660249067243,-0.014719097354311225,-0.017645306888952987,1.0336396830734287,0.5670875835530571,0.9136757846394047,-0.018081212106432026,0.28500000000000003,-0.4343521852596643,0.45,0,0.00029999999999996696,0.3299999999999983,-0.0019112535651903226,0.0
2020-10-02,-0.020761000516938747,-0.004599449436267366,0.0053661830956025555,1.004632943959962,0.5465973778482015,0.8340507136221323,-0.012797893155324445,0.265,-0.5967272954890493,0.41,0,-0.00019999999999997797,0.9299999999999997,8.052950725428929e-05,0.0
2020-10-03,0.001012219014919437,-0.0026846721814158783,-0.04533084923756296,0.8811980650010218,0.36207043911701386,0.8485869815873696,-0.05654946332821304,0.26,-0.6373210730463956,0.4,0,-0.00029999999999996696,,,0.0
2020-10-04,0.01838750395991022,0.011747206689254342,0.01685936660627496,0.883255923706801,0.34957110115105805,0.8361000195185652,-0.04050864579318141,0.26666666666666666,-0.5831960363032674,0.42,0,-0.00019999999999997797,,,0.0
2020-10-05,0.0035411303452131263,0.011704400948838524,-0.0021403267993517156,0.7325133394506226,0.3366748068521065,0.8354175114213374,-0.042560074705065246,0.26666666666666666,-0.5831960363032674,0.42,0,-9.999999999998899e-05,,,0.0
2020-10-06,-0.03707381967330129,-0.018002652442652742,-0.0147915643801022,0.7217338905231797,0.3427862767157743,0.6180657523008611,-0.056617884194573594,0.29166666666666663,-0.3802271485165365,0.47,0,9.999999999998899e-05,1.5199999999999996,0.000786423311776542,0.0
2020-10-07,0.00243284161440357,0.006275751163339584,-0.04504844186499051,0.7217458260872428,0.34132377628858296,0.6407912756567429,-0.09817276013516629,0.27166666666666667,-0.5426022587459212,0.43,0,-9.999999999998899e-05,-1.4200000000000017,0.0006586052252398893,0.0
2020-10-08,0.027061850985385043,0.0240082372384519,-0.0279827109732862,0.7087319923396116,0.33818021325381276,0.6504062760765881,-0.12305852175737696,0.2866666666666667,-0.42082092607388233,0.46,0,-0.00029999999999996696,-1.6999999999999993,-0.0015397163771025794,0.0
2020-10-09,0.03930838342544397,0.011382431304897278,0.026635960699749776,0.7088592688127385,0.3388318388179058,0.6504926257698062,-0.09938647874575428,0.29666666666666663,-0.3396333709591902,0.48,0,-0.0004999999999999449,-1.3599999999999994,-0.007690969610702208,0.0
2020-10-10,0.014955277783952257,0.02171420080767896,0.043789871087266466,0.6910103741456032,0.34405493044400914,0.6615899359315026,-0.05907249856258974,0.32166666666666666,-0.13666448317245886,0.53,0,-0.0006000000000000449,,,0.0
2020-10-11,0.009776089031804207,0.006689566668831729,0.015250708649423385,0.6897415622037633,0.344237555203554,0.6076958107558406,-0.04461270659949691,0.33,-0.06900818724354824,0.55,0,-0.00029999999999996696,,,0.0
2020-10-12,0.03247422749635573,0.013908432475919988,0.009962172126958754,0.6867471251607884,0.3462768008924235,0.6066704016536076,-0.03504740746529911,0.315,-0.19078951991558707,0.52,0,-0.0006000000000000449,,,0.0
2020-10-13,-0.01425338442138165,-0.009385304987830363,0.0020126520680915443,0.6581319480455214,0.3457859386585534,0.6034029202915765,-0.033103337922779176,0.335,-0.028414409686201965,0.56,0,-0.0004999999999999449,1.0,,0.0
2020-10-14,-0.006186428059725072,-0.00023381621889088832,0.006051704222365165,0.6510199407883778,0.32976371116077163,0.5942230159945764,-0.027234224152097777,0.32,-0.1501957423582408,0.53,0,-0.0006000000000000449,0.3299999999999983,-0.0019300699132529815,0.0
2020-10-15,-0.0027765675685641512,0.007610730096360131,-8.85595716621285e-05,0.638540562008029,0.32898070128928986,0.5935300859337668,-0.027320368058044425,0.335,-0.028414409686201965,0.56,0,-0.0006000000000000449,0.5700000000000003,0.003530883333672412,0.0
2020-10-16,-0.03267508167448254,-0.016281153381309317,-0.012032930848670966,0.6493301736971278,0.33140974797358635,0.592522396643335,-0.03895441856891203,0.315,-0.19078951991558707,0.52,0,-0.0006000000000000449,0.4400000000000013,-0.0028335558323976814,0.0
2020-10-17,0.007685846343684527,0.003605018472487021,-0.018936292424461935,0.6074801829468176,0.3314073745619875,0.5891848251210776,-0.05698183383777602,0.335,-0.028414409686201965,0.56,0,-0.00029999999999996696,,,0.0
2020-10-18,0.02623303304324833,0.012504022806047878,-0.004016306514974192,0.613838196629311,0.33362780021347926,0.5524623341878501,-0.06076168823437395,0.3416666666666667,0.02571062705692625,0.55,0,-0.0004999999999999449,,,0.0
2020-10-19,0.0031422901180872343,0.021358297570117018,0.011353814336453666,0.6138981550468154,0.3382740615131022,0.5249948596148724,-0.05003698287727948,0.3416666666666667,0.02571062705692625,0.55,0,-0.0004999999999999449,,,0.0
2020-10-20,-0.02883246445412198,0.013399204588298025,0.0028106946263062437,0.6079792290831987,0.33512046763845743,0.46268238222937136,-0.04736317105586408,0.3466666666666667,0.06630440461427253,0.56,0,-0.0009000000000000119,0.1700000000000017,-0.0013405501904370162,0.0
2020-10-21,0.05762563947773333,0.07057901976281855,-0.025869658840936397,0.5566097942484886,0.3641723112284363,0.4663788392502054,-0.07169152098808675,0.37166666666666665,0.26927329240100345,0.61,0,-0.0018000000000000238,-0.7000000000000028,-0.002934491392132449,0.0
2020-10-22,0.05869703976117985,0.014568318834834563,0.013862868159569056,0.587522093311463,0.3649366162522975,0.40238399851161644,-0.058732888556547666,0.43166666666666664,0.7563986230891583,0.73,0,-0.0011999999999999789,-0.5399999999999991,0.00178240302880683,0.0
2020-10-23,-0.011833594941792215,-0.0035107961066538486,0.01994046415735703,0.5229677660560111,0.3451964277227277,0.4076201945242323,-0.03977520107660694,0.43666666666666665,0.7969924006465046,0.74,0,-0.0009000000000000119,-0.5599999999999987,-0.0008968906655409747,0.0
2020-10-24,0.007379028915992946,0.014493163177937982,0.008684619922609925,0.44467084517695193,0.3157690418973261,0.40827480907966784,-0.031399697265870635,0.43166666666666664,0.7563986230891583,0.73,0,-0.0010000000000000009,,,0.0
2020-10-25,-0.01535482490502241,-0.006342655085969485,0.01161945094792621,0.45043246794180924,0.3165930159381199,0.39400909550662755,-0.020079453414467735,0.44333333333333336,0.8511174373896333,0.76,0,-0.0010000000000000009,,,0.0
2020-10-26,-0.03342078121052994,0.0017913414618498272,0.0002103401052568198,0.46965887803966755,0.3169067686629559,0.3846895243064387,-0.01987331514474305,0.43833333333333335,0.810523659832287,0.75,0,-0.0011999999999999789,,,0.0
2020-10-27,0.02746507295622274,0.04376988541595295,-0.028297312208761503,0.476617805506828,0.34228465707765865,0.38499602234003344,-0.04721952903603728,0.3683333333333333,0.24221077402943914,0.61,0,-0.00039999999999995595,0.8900000000000006,-0.002315314409277762,0.0
2020-10-28,-0.0384546167928271,-0.027491298279312352,0.014930287990953221,0.49708243846393496,0.36031700930528704,0.3882601117424779,-0.032887517917887917,0.41333333333333333,0.6075547720455556,0.7,0,-0.00039999999999995595,6.93,0.006838391853263866,0.0
2020-10-29,-0.002837393566833842,0.01416828517726635,-0.008537944792640846,0.49514217703219393,0.3604925531783204,0.3866604625050172,-0.04110952144586196,0.3983333333333333,0.4857734393735168,0.67,0,-0.0006000000000000449,-2.6899999999999977,0.00434796031303256,0.0
2020-10-30,-0.012058044800868684,0.007728849021307219,-0.004833774194985571,0.49767592898641594,0.35737298134375406,0.38683232601708617,-0.045733397108273996,0.43333333333333335,0.7699298822749407,0.74,0,-0.0006000000000000449,0.4299999999999997,-0.0014756352963302883,0.0
2020-10-31,0.010325860652868219,0.016884548375875077,-0.016517976855002697,0.49222498242271145,0.3493781771432958,0.3862611690648814,-0.061366481855074144,0.42833333333333334,0.7293361047175945,0.73,0,-0.0010000000000000009,,,0.0
2020-11-01,0.026076330976647653,-0.0021413673004317957,0.01838572516401182,0.49083880598328394,0.34830298325221487,0.39180509540355885,-0.04394940176585698,0.42833333333333334,0.7293361047175945,0.72,0,-0.0006000000000000449,,,0.0
2020-11-02,-0.035017493625088485,-0.015534786411904644,-0.0005282727175725119,0.5098679893750646,0.35642243431819515,0.35779152354098,-0.044454323833504096,0.42333333333333334,0.6887423271602482,0.71,0,-0.0009000000000000119,,,0.0
2020-11-03,0.01260880629793201,0.03439658130142223,-0.02501237001748518,0.5081245020274191,0.36770420927253145,0.3633503253919584,-0.06805835884469937,0.42333333333333334,0.6887423271602482,0.71,0,-0.0006000000000000449,-1.5800000000000054,-0.0065243807310804616,0.0
2020-11-04,0.03697423839314044,0.00855457982732576,-0.005692144954749368,0.5216097873912358,0.3675897516457666,0.3637052160636141,-0.07334803666670985,0.43833333333333335,0.810523659832287,0.74,0,-0.0010999999999999899,-5.979999999999997,-0.002709759691882411,0.0
2020-11-05,0.034672288230809624,0.09733975303388694,0.009360954305584084,0.5098585548327658,0.4674826819004287,0.36200593086645716,-0.06463296291708955,0.42833333333333334,0.7293361047175945,0.72,0,-0.0014999999999999458,-1.990000000000002,-0.006202352137812828,0.0
2020-11-06,0.08995288155332784,-0.0006480603012701369,0.021417143433394643,0.5862885947882989,0.4693303023460281,0.33151470668235594,-0.04438400955197332,0.5183333333333333,1.4600241007498265,0.9,0,-0.0012999999999999678,-2.719999999999999,-0.004059581626608636,0.0
2020-11-07,-0.046466748394703127,-0.050120002204518566,0.06378037750720045,0.614196113834358,0.5156492583764949,0.37848792003014486,0.0,0.5083333333333333,1.378836545635134,0.88,0,-0.0011999999999999789,,,0.0
2020-11-08,0.04292909954643718,0.04336937714861154,-0.0013687731315148277,0.6167051727256107,0.528514998593699,0.3708580058544747,-0.001367836788834335,0.49,1.2299926945915312,0.82,0,-0.0006000000000000449,,,0.0
2020-11-09,-0.022212749206868294,-0.009524311280312406,0.020425326494132787,0.6244714982738085,0.531932844668073,0.3475752231853146,0.0,0.53,1.5547429150503014,0.9,0,-0.0007000000000000339,,,0.0
2020-11-10,0.013457829473024563,-0.0020375104761155144,0.043533383923946005,0.6248795695195501,0.533522954843731,0.37291415646466447,0.0,0.53,1.5547429150503014,0.9,0,-0.0010000000000000009,-0.9499999999999993,-0.00012096498516710824,0.0
2020-11-11,0.027918566613755066,0.024985927702935035,0.015882716927475057,0.6226647035212024,0.5359659753798004,0.3746293870474821,0.0,0.51,1.3923678048209163,0.86,0,-0.0010000000000000009,-1.3500000000000014,,0.0
2020-11-12,-0.001512728818530903,0.03800921004285134,0.038064438663430664,0.6190174390741358,0.5395822796543874,0.3924002969935635,0.0,0.515,1.4329615823782627,0.87,0,-0.0010000000000000009,1.9000000000000021,,0.0
2020-11-13,0.02991211696392684,0.0017686441983009846,-0.011006494519323428,0.6225386235430463,0.5390632026057957,0.39665179443423526,-0.010946144674865158,0.525,1.5141491374929552,0.89,0,-0.0010999999999999899,-2.25,-0.000390330998637102,0.0
2020-11-14,-0.03316140497998663,-0.015452058926512477,0.024312224132584336,0.6377809618381882,0.5473166388300157,0.4017709928907718,0.0,0.53,1.5547429150503014,0.9,0,-0.0009000000000000119,,,0.0
2020-11-15,-0.02818761490910145,-0.007084577418178802,-0.015537889889862655,0.6344828174873536,0.5424358053584857,0.4039163575778947,-0.015417799666162003,0.53,1.5547429150503014,0.86,0,-0.0008000000000000229,,,0.0
2020-11-16,0.027449639532667772,0.04632335988450774,0.003711771303652544,0.6385659179207206,0.5549839596996815,0.394102580504921,-0.0117564648937967,0.55,1.7171180252796865,0.9,0,-0.0004999999999999449,,,0.0
2020-11-17,0.04583384152214885,0.055046122658961215,0.006465099714002593,0.6493911077506219,0.5741382238955577,0.3922731583435599,-0.005346674255900781,0.53,1.5547429150503014,0.86,0,-0.0009000000000000119,0.26000000000000156,-0.0013115724396482017,0.0
2020-11-18,-0.007787163528402725,0.006588896577796588,-0.01982815630714964,0.6515571861755238,0.5741603958287403,0.4027085703589012,-0.024874574948475326,0.555,1.7577118028370329,0.91,0,-0.0008000000000000229,1.129999999999999,-0.001954724979859018,0.0
2020-11-19,-0.015079366665770106,0.00150088816654907,-0.00582266913203339,0.6435583968692278,0.5757615954085434,0.40463976305592775,-0.030535909626544528,0.57,1.8794931355090707,0.94,0,-0.0010000000000000009,-0.7300000000000004,0.002060277017111341,0.0
2020-11-20,0.07925725339647866,0.04679324961628493,-0.0017672355449952735,0.6684128163912516,0.5514968575808963,0.38955610887748005,-0.0322476680409894,0.53,1.5547429150503014,0.86,0,-0.0007000000000000339,0.5899999999999999,-0.0018047129903225455,0.0
2020-11-21,0.07953591115958518,0.0025765904402387323,0.060817543428168,0.6914996419868329,0.5525451645166952,0.43299468763735127,0.0,0.555,1.7577118028370329,0.91,0,-0.0009000000000000119,,,0.0
2020-11-22,0.013808450404584349,-0.0155921153820781,0.007920790404010307,0.6872618776242535,0.5584459995970285,0.4308097331856349,0.0,0.6216666666666666,2.298962170268315,0.94,0,-0.0011999999999999789,,,0.0
2020-11-23,0.08313802089309089,-0.002524576253394546,-0.0012968749859558239,0.7323045265496049,0.5605653157717957,0.4318676094511674,-0.0012960344070057802,0.6016666666666667,2.1365870600389307,0.9,0,-0.0010000000000000009,,,0.0
2020-11-24,-0.005949504591442188,0.04221527432609045,0.013456683420708977,0.7284469097276932,0.5669508334176468,0.43215385505565873,0.0,0.5916666666666667,2.0553995049242384,0.88,0,-0.0009000000000000119,-1.0199999999999996,-0.0028452426556891575,0.0
2020-11-25,-0.06042008713728028,-0.023280367279034576,0.002640875211276436,0.7558181086969932,0.5797100742977287,0.43174055412204704,0.0,0.6216666666666666,2.298962170268315,0.94,0,-0.00019999999999997797,-0.39000000000000057,-0.0022002189677774522,0.0
2020-11-26,-0.09125694783968574,-0.08757765783988204,-0.016914951605907346,0.8353107083069676,0.6640694971782924,0.42163521319307573,-0.016772697017797124,0.6166666666666667,2.2583683927109695,0.93,0,-0.0009000000000000119,,,0.0
2020-11-27,-0.002214712366867659,-0.000580361234278455,-0.09424514503107902,0.819106730262625,0.6526867829358262,0.5503384778210789,-0.10520451628653567,0.5816666666666667,1.9742119498095456,0.86,0,-0.0004999999999999449,,,0.0
2020-11-28,0.035678845931211,0.03329857201976857,-0.008306245318016929,0.8227222306951528,0.6581517619281041,0.5502724059691444,-0.11260612474060877,0.5866666666666667,2.014805727366892,0.87,0,-0.0008000000000000229,,,0.0
2020-11-29,0.06966238983072606,0.02591104840521473,0.029259274788484543,0.8430978575509723,0.6606992976207459,0.5561631899981749,-0.08625804027782362,0.5633333333333334,1.825368098765943,0.89,0,-0.0009000000000000119,,,0.0
2020-11-30,0.06768946009239209,0.07981244056034183,0.05069015547918781,0.8637296622481282,0.7042393745505392,0.5723236907475001,-0.03874630256884081,0.5583333333333333,1.7847743212085967,0.88,0,-0.0004999999999999449,,,0.0
2020-12-01,-0.05226162559488984,-0.0484176681386951,0.054933775088972826,0.894420592746787,0.7337172351106004,0.594885366929973,0.0,0.5933333333333333,2.0689307641100196,0.95,0,-0.0007000000000000339,0.1999999999999993,-0.003710100043103858,0.0
2020-12-02,0.019676648869148508,0.023131976224671752,-0.00565996567289746,0.8776802288506661,0.7289372027988131,0.5961492738127774,-0.005643978244175562,0.5783333333333334,1.9471494314379818,0.92,0,-0.0006000000000000449,0.40000000000000213,-0.0017283466389247859,0.0
2020-12-03,0.03127058557822175,0.011278018177224554,0.013765242762285433,0.8795089431975529,0.7242933529166902,0.5839540224178132,0.0,0.5783333333333334,1.9471494314379818,0.92,0,-0.0009000000000000119,0.10999999999999943,-0.005234278545579071,0.0
2020-12-04,-0.08222093279434803,-0.04052726761991646,0.022205189323091564,0.9389848305427235,0.7461591595511976,0.5827653943918794,0.0,0.5783333333333334,1.9471494314379818,0.92,0,-0.00029999999999996696,-0.490000000000002,-0.00219659125306949,0.0
2020-12-05,0.0507995542964057,0.02630648721030668,-0.048616462871580154,0.945668833872731,0.678658279781152,0.6184344187914298,-0.04745360344305158,0.5833333333333334,1.9877432089953282,0.93,0,-0.0004999999999999449,,,0.0
2020-12-06,0.007910984729755429,0.01099757468367193,0.028659741767788474,0.9028520173792292,0.6782540695274072,0.6208109459549909,-0.019758903858599082,0.5666666666666667,1.852430617137507,0.95,0,-0.0006000000000000449,,,0.0
2020-12-07,-0.01720335514267521,-0.009993256658502918,0.005311368433631649,0.885734399717202,0.6493692152767151,0.5885413760236066,-0.014538631119545996,0.5616666666666666,1.8118368395801605,0.94,0,-0.00029999999999996696,,,0.0
2020-12-08,-0.06342967868240751,-0.044967153911558415,0.005784431419132423,0.9135493182868951,0.6627639708354238,0.5877809774347824,-0.008821778985814346,0.5666666666666667,1.852430617137507,0.95,0,0.00039999999999995595,-0.620000000000001,0.0002270874171145697,0.0
2020-12-09,0.03218277264944643,0.011781918605685223,-0.030527804026651405,0.9116050082006171,0.6607949595445425,0.6001934624766195,-0.03862307501072213,0.5216666666666666,1.4870866191213903,0.86,0,-0.00039999999999995595,1.5899999999999999,0.0014882018554107663,0.0
2020-12-10,-0.024911188536239134,-0.015580851185682042,-0.0015752993877118924,0.9187657967550346,0.664634263368204,0.5847318512417812,-0.04013633925695882,0.5616666666666666,1.8118368395801605,0.94,0,0.0,0.25,-0.00046158798690901616,0.0
2020-12-11,-0.02639220810912035,-0.01201960068239654,-0.01709693256886876,0.9228753688946812,0.6637869676449697,0.5876704528992098,-0.05640757310094217,0.5366666666666666,1.6088679517934292,0.89,0,0.0,0.7899999999999991,0.0014536825385145873,0.0
2020-12-12,0.042452462978501596,0.041919851281025024,-0.023227816930466896,0.9314358214511642,0.6663950015034695,0.5804766088424752,-0.07807257582095088,0.5416666666666666,1.6494617293507754,0.9,0,-0.00039999999999995595,,,0.0
2020-12-13,0.03911643553637746,0.019287828659587614,0.037922328319333856,0.9348500583570953,0.6681951662317905,0.5927512010595443,-0.042439568274573194,0.5700000000000001,1.8794931355090716,0.91,0,0.00039999999999995595,,,0.0
2020-12-14,-0.007493726603094527,0.005105590997883581,0.027070106896707472,0.9251507949536817,0.6639655494084092,0.594100290620116,-0.016164271992937993,0.59,2.041868245738456,0.95,0,0.00019999999999997797,,,0.0
2020-12-15,0.0040002436463691185,0.007922093279086292,-0.0004886882446191871,0.9160626619915239,0.6622881897496231,0.5906029937097967,-0.016644943489030596,0.5700000000000001,1.8794931355090716,0.91,0,-0.00039999999999995595,-1.8299999999999983,-0.002773726295783263,0.0
2020-12-16,0.0792373988673141,0.09373877942102818,0.02217413858566718,0.9464297611625472,0.7165483252525922,0.5943135766039194,0.0,0.5750000000000001,1.920086913066418,0.92,0,-0.0008000000000000229,-0.39000000000000057,-0.0012917321112435691,0.0
2020-12-17,0.00862586215346231,0.06626267735967427,0.018398916519531034,0.9379657349352651,0.7267850378998884,0.596443574900216,0.0,0.5750000000000001,1.920086913066418,0.92,0,-0.00039999999999995595,-0.5700000000000003,-0.004423652679780544,0.0
2020-12-18,0.017199914975270656,0.013516512987803837,0.032895092235814244,0.936190078786796,0.7269559688971858,0.5980733450112691,0.0,0.59,2.041868245738456,0.95,0,-0.0011999999999999789,-0.35999999999999943,0.0034510694185948165,0.0
2020-12-19,0.006372555638657232,0.030440672117046565,-0.001221138444082071,0.9318179169065751,0.7303278559153968,0.5971484227311391,-0.0012203931579289852,0.5800000000000001,1.9606806906237642,0.93,0,-0.0010000000000000009,,,0.0
2020-12-20,-0.030630147776589726,-0.015487290255670515,0.029925949378250626,0.9092566311980846,0.7227938790650065,0.6021060917185078,0.0,0.5800000000000001,1.9606806906237642,0.92,0,-0.0007000000000000339,,,0.0
2020-12-21,-0.04913652142708068,-0.03187303196066846,-0.016987074318138146,0.8914883357368873,0.7356996215763301,0.5753989494113976,-0.016843607480469404,0.5800000000000001,1.9606806906237642,0.92,0,-0.00039999999999995595,,,0.0
2020-12-22,0.046422006528945556,0.046906009597780754,-0.03380855914099073,0.9035600099610275,0.744343384333201,0.5905435685959766,-0.04952710445694191,0.56,1.798305580394379,0.88,0,-0.00019999999999997797,-0.9299999999999997,0.0022593414870740137,0.0
2020-12-23,-0.08333720601323273,-0.02457548767882941,0.022075612219606546,0.9072369721370436,0.7524091792765881,0.5939356713510654,-0.0283115214784641,0.585,2.0012744681811094,0.93,0,0.00019999999999997797,-0.9200000000000017,-0.0019092198787614332,0.0
2020-12-24,0.04467003591079995,0.02114300567337218,-0.007688007542178689,0.9210379258637373,0.7438304165245959,0.594255072120186,-0.035753227231258074,0.55,1.7171180252796865,0.86,0,0.00039999999999995595,-1.7799999999999976,,0.0
2020-12-25,0.023420727863460878,0.04060161725614667,-0.0060081578201498,0.8974799560427545,0.7443345626253102,0.5951308613759418,-0.04152920515109399,0.59,2.041868245738456,0.94,0,0.00029999999999996696,,,0.0
2020-12-26,0.016800736878707048,0.06958729338063542,0.04361317021829128,0.8310313751994831,0.6866252886614865,0.6070239445866773,0.0,0.585,2.0012744681811094,0.93,0,0.0004999999999999449,,,0.0
2020-12-27,0.07211925435543146,-0.008023910388927925,0.014212822632941451,0.8607991142277273,0.6891687658070814,0.4906245727409261,0.0,0.645,2.4883997988692648,0.91,0,0.001100000000000101,,,0.0
2020-12-28,0.06402661100357473,0.02990230298266988,0.001798911976551612,0.8772642086676868,0.6880882033396639,0.48750083942885875,0.0,0.65,2.528993576426611,0.92,0,0.0016000000000000458,,,0.0
2020-12-29,0.0021744936461266283,0.011221757725855123,0.05697001990922275,0.8508974955199785,0.6868309416725846,0.5110605008876321,0.0,0.645,2.4883997988692648,0.91,0,0.0007999999999999119,1.379999999999999,-0.0040985791117449264,0.0
2020-12-30,0.02718184826973824,0.05299945173010715,0.002757121291981262,0.8264973049673066,0.6601706923489605,0.48975441474348613,0.0,0.645,2.4883997988692648,0.91,0,-0.00029999999999996696,-0.3099999999999987,-0.0018741119612283358,0.0
2020-12-31,-0.02116175408829565,0.0016640381201618827,-0.029811042200943164,0.8054615176278809,0.6238791481971231,0.4771310887072385,-0.029371075873373575,0.665,2.65077490909865,0.95,0,-0.0013999999999999568,-0.019999999999999574,7.636149174532984e-05,0.0
2021-01-01,-0.010250340545636229,0.014009593427538712,0.016197376115714236,0.8066046558300864,0.6230871858301734,0.47682943152493534,-0.013521419213590133,0.6599999999999999,2.610181131541303,0.94,0,-0.0026000000000000467,,,0.0
2021-01-02,0.06074485859426622,0.09262474311680098,0.005545045607164392,0.8242813628871865,0.6803912330181324,0.476039820768453,-0.008036156531619097,0.6599999999999999,2.610181131541303,0.94,0,-0.0010999999999999899,,,0.0
2021-01-03,0.23350080143632587,0.025215831986554423,0.028561746817004623,1.0853679580795381,0.6485349916904216,0.4792884153001615,0.0,0.5700000000000001,1.8794931355090716,0.93,0,-0.0008000000000000229,,,0.0
2021-01-04,0.06255412006085227,-0.031126048570094073,0.09554908301885784,1.0905779701813576,0.6709670930217724,0.5329560772577813,0.0,0.575,1.920086913066417,0.94,0,-0.0006000000000000449,,,0.0
2021-01-05,0.05431533107655984,0.059491981974053296,0.046293515466477544,1.0968689959896247,0.6865505667818216,0.5437912661970784,0.0,0.5700000000000001,1.8794931355090716,0.93,0,-0.0030999999999999917,-1.629999999999999,-0.0022514817205592143,0.0
2021-01-06,0.09440362142142147,0.07978987964728743,0.09314065118868296,1.1179687835137393,0.7103002091260499,0.613113684876129,0.0,0.58,1.9606806906237633,0.95,0,-0.0024999999999999467,-0.2699999999999996,-0.0009666035640493869,0.0
2021-01-07,0.013520994711918555,0.06991988054158309,0.06688480199021202,1.0737228628822086,0.6872175609390242,0.6387923765477265,0.0,0.56,1.798305580394379,0.91,0,-0.0014999999999999458,-2.6999999999999993,0.004087253117919795,0.0
2021-01-08,-0.006503422053272033,0.028759807724559636,0.021204923349063466,1.07955986890938,0.6854872495689421,0.615986031877829,0.0,0.5700000000000001,1.8794931355090716,0.93,0,-0.0009000000000000119,-0.8100000000000023,-0.0001752108937137428,0.0
2021-01-09,0.047398891059545104,-0.012262052365310671,0.020191236164618053,1.0667858053261214,0.6830400489215321,0.6118669034616365,0.0,0.5700000000000001,1.8794931355090716,0.93,0,-0.0033999999999999586,,,0.0
2021-01-10,-0.017192400540372875,-0.04955624359220215,-0.0018592744198758125,1.0614040396070297,0.7209859093673497,0.6028251556875203,-0.0018575470399152458,0.5549999999999999,1.757711802837032,0.94,0,-0.00029999999999996696,,,0.0
2021-01-11,-0.1431069766534545,-0.07468819862209011,0.007138693075382935,1.2153805093339136,0.7971861904213052,0.5848294758474544,0.0,0.535,1.5953366926076478,0.9,0,-0.00029999999999996696,,,0.0
2021-01-12,-0.03448827421575572,-0.03897163438842312,-0.11479152806807769,1.2290937204675012,0.8242788324533392,0.747325218404092,-0.10844801190012228,0.505,1.35177402726357,0.84,0,0.0005999999999999339,-0.75,-0.002467591743100422,0.0
2021-01-13,0.07317774934014597,0.09303872186648503,0.01253185787847543,1.2392276425974134,0.8616505755116701,0.7461705750374732,-0.09720490774364392,0.47500000000000003,1.1082113619194929,0.78,0,-0.00019999999999997797,-1.1199999999999974,-0.0016858651990329574,0.0
2021-01-14,0.0862100931218444,0.04635475642223115,0.046779208982443046,1.2573526649764257,0.8641310344233779,0.7521351842559714,-0.05396949221603174,0.5,1.3111802497062237,0.83,0,0.0014000000000000679,1.0399999999999991,-0.0018470346422040172,0.0
2021-01-15,-0.05258382736684979,-0.06333342468810564,0.04607724006645386,1.2692843813798933,0.8766993795570279,0.7590255680916954,-0.009359149104673567,0.525,1.5141491374929552,0.88,0,-9.999999999998899e-05,1.0899999999999999,0.0031787361502516936,0.0
2021-01-16,0.04950183505149615,-0.020547018278436267,-0.025534374229365067,1.2725906104727072,0.8689554768050843,0.7734973605091829,-0.034334323613537804,0.505,1.35177402726357,0.84,0,9.999999999998899e-05,,,0.0
2021-01-17,0.003755674500836476,-0.004632748030488363,0.0362931211608112,1.274035888166826,0.8717062061964775,0.7745352144266537,0.0,0.4666666666666667,1.0405550659905822,0.79,0,0.00039999999999995595,,,0.0
2021-01-18,0.02087674680638684,0.02215551096647076,0.005186511713090346,1.272925436781437,0.8702915129335965,0.773076946367875,0.0,0.4666666666666667,1.0405550659905822,0.79,0,-0.00039999999999995595,,,0.0
2021-01-19,0.08153732516148945,-0.020402027184059653,0.021051746186010127,1.275109848041878,0.8725776502104303,0.7716951673952459,0.0,0.4716666666666667,1.0811488435479286,0.8,0,-0.00029999999999996696,,,0.0
2021-01-20,0.008481827427658765,-0.011862853824953393,0.061486295918993024,1.2483027033347422,0.8620129656515447,0.7782665057222765,0.0,0.46166666666666667,0.999961288433236,0.78,0,-0.0004999999999999449,-1.6600000000000001,,0.0
2021-01-21,-0.21467545114703554,-0.13949640193442464,-0.03801407921903907,1.5039362285726265,1.0076604299835463,0.7819469536158163,-0.03730061325975082,0.44666666666666666,0.8781799557611971,0.75,0,0.0005999999999999339,-0.259999999999998,,0.0
2021-01-22,0.10391747886940719,0.06570370018688361,-0.09242484309633518,1.48596399217151,1.019349404448892,0.8717545984302747,-0.1222899001877005,0.27166666666666667,-0.5426022587459212,0.4,0,-0.0008000000000000229,0.5899999999999999,0.003181163173304177,0.0
2021-01-23,0.0007947385485328255,-0.02667422755262735,0.056602248812532466,1.4864646044696892,1.0273543077097484,0.8800147268972607,-0.07117661707686179,0.44166666666666665,0.8375861782038508,0.74,0,-0.0007000000000000339,,,0.0
2021-01-24,0.1211711502951343,0.005654535963060998,0.031591854132515154,1.5251259452414703,1.0214884341719621,0.8776333515598786,-0.041364940590104614,0.42,0.6616798087886838,0.7,0,-0.0010000000000000009,,,0.0
2021-01-25,-0.055083489227751255,-0.00017670555784965065,0.07940427174320625,1.5513292771837197,0.998023563323163,0.8994695158454789,0.0,0.44,0.8240549190180689,0.74,0,0.0,,,0.0
2021-01-26,0.03584041408047057,0.006599637655448867,0.013285787758118414,1.542363236870658,0.9966368173111058,0.8995378634080935,0.0,0.425,0.7022735863460301,0.71,0,-0.0009000000000000119,-0.1700000000000017,-0.0018825657120736348,0.0
2021-01-27,-0.09753598354584739,-0.06691940379282074,-0.01240253795856797,1.5904772800892215,1.025492165316739,0.9043076537477562,-0.012325943467030594,0.46,0.986430029247454,0.78,0,-0.0018000000000000238,14.190000000000001,0.0037633784987600874,0.0
2021-01-28,0.07061701692996554,0.09417474914995402,-0.038803142839755334,1.60000242465105,1.0727601720090119,0.9147115359894057,-0.04991676344396063,0.34500000000000003,0.05277314542849059,0.55,0,-0.0023999999999999577,-7.0,-0.0006452934635597174,0.0
2021-01-29,0.03677528231630388,0.026247545889008964,0.059462294120066414,1.6009018200751988,1.0621980668160815,0.9262084342906983,0.0,0.455,0.9458362516901078,0.77,0,-0.0004999999999999449,2.8800000000000026,-0.0004893796674690465,0.0
2021-01-30,-0.0010516582717556365,0.00031175618817061364,0.0394303867919164,1.5958885377897511,1.0622730769108728,0.9133493567058775,0.0,0.45,0.9052424741327615,0.76,0,-0.0011999999999999789,,,0.0
2021-01-31,-0.0486976464073162,-0.03474137711240443,-0.0024591839116189884,1.6108943064786907,1.0710170030977328,0.916520307603772,-0.002456162596027712,0.47833333333333333,1.1352738802910567,0.78,0,-0.0009000000000000119,,,0.0
2021-02-01,0.04587810249698651,0.013011118061134976,-0.0021075740518830947,1.6069455578959566,1.0230481062115402,0.9183121514310781,-0.004556346179748741,0.47333333333333333,1.0946801027337105,0.77,0,-0.00019999999999997797,,,-0.009999999999999995
2021-02-02,0.09549738273185211,0.056248964732994594,0.020982225608339247,1.4384786875035318,1.0377736013829615,0.9176636953481795,0.0,0.4683333333333333,1.0540863251763641,0.76,0,-0.0009000000000000119,-4.68,-0.0011811037259629737,0.0
2021-02-03,0.096171474979772,0.05892452811562625,0.052576718220692806,1.4572669605039663,1.048633808080689,0.8838136317660521,0.0,0.47833333333333333,1.1352738802910567,0.78,0,-0.0010999999999999899,-2.6499999999999986,-0.00026275602719770253,0.0
2021-02-04,-0.042225059473644654,-0.018301232416527882,0.11602289955028199,1.463902833572756,1.0331242294563519,0.9443239126329497,0.0,0.48833333333333334,1.2164614354057492,0.8,0,-0.0010000000000000009,-1.1400000000000006,0.004357270510960164,0.0
2021-02-05,0.07455953893923797,0.03599047963365647,0.02807786877684136,1.4514979310369474,1.002902788611377,0.9068141933280225,0.0,0.49333333333333335,1.2570552129630956,0.81,0,-0.0008000000000000229,-0.8999999999999986,-0.004524757836213881,0.0
2021-02-06,-0.025234438863582294,0.023148494595260992,0.06628974092422206,1.4571869948564438,0.9755510608264284,0.906405532277071,0.0,0.5083333333333333,1.378836545635134,0.84,0,-0.0014999999999999458,,,0.0
2021-02-07,-0.03937892652140006,-0.010034370035014157,-0.006513251210652401,1.4664860709321856,0.9704237266947674,0.909978437284707,-0.006492085966433735,0.5266666666666666,1.5276803966787367,0.86,0,-0.0018000000000000238,,,0.0
2021-02-08,0.08246161426252417,0.1784485597042829,-0.02068124672767602,1.4829394692149895,1.1543705106354054,0.9188384688629953,-0.0268280568207228,0.5116666666666666,1.4058990640066977,0.83,0,-0.0010000000000000009,,,0.0
2021-02-09,0.010786401775912181,0.0009817309404045217,0.07354225876853922,1.4795632141068458,1.1377279862664036,0.9390279163116445,0.0,0.5716666666666667,1.893024394694853,0.95,0,-0.0011999999999999789,0.39000000000000057,-0.0024601203684313532,0.0
2021-02-10,-0.016154611680890132,-0.03536212709216373,0.039409857433810924,1.3752203476862928,1.110328945316865,0.9413609211247296,0.0,0.5566666666666666,1.7712430620228143,0.92,0,-0.0006000000000000449,0.35999999999999943,-0.0016485274220355802,0.0
2021-02-11,0.025432405216073647,0.06818827920686066,0.031483800187843795,1.3635317328055958,1.1163509983079989,0.8099480872896114,0.0,0.5616666666666666,1.8118368395801605,0.93,0,-0.0007000000000000339,-0.7399999999999984,-0.0005037860253043955,0.0
2021-02-12,0.030141172127228267,-0.01431749606359439,0.030555232390806295,1.3496836273318775,1.0797712704850597,0.8093752880611502,0.0,0.5566666666666666,1.7712430620228143,0.92,0,-0.0021999999999999797,-1.2800000000000011,-0.0003434729634005782,0.0
2021-02-13,-0.013843437079733154,-0.0028358377938660748,0.01930077182984561,1.3293856476977586,1.071289416463473,0.8052586041100961,0.0,0.5566666666666666,1.7712430620228143,0.92,0,-0.0012999999999999678,,,0.0
2021-02-14,-0.008043457889004254,0.029754163680420775,-0.016828458803143206,1.3107081511207554,1.0440993572302766,0.8124040054054199,-0.01668765125473786,0.5683333333333334,1.8659618763232892,0.95,0,-0.0009000000000000119,,,0.0
2021-02-15,-0.011828043820220503,-0.013819220219635515,0.009767982992660096,1.3074945948506784,1.0419395746017843,0.7961915984335526,-0.007035609208911635,0.5583333333333333,1.7847743212085967,0.93,0,-9.999999999998899e-05,,,0.0
2021-02-16,0.0015387901633503094,0.025192855227892837,-0.009802969023682315,1.3077011643353225,1.0420298941415589,0.8020281068212438,-0.01672205284928454,0.5683333333333334,1.8659618763232892,0.95,0,0.0,,,0.0
2021-02-17,0.037390054760958566,0.05900312258279128,0.013114032783911888,1.3103316463733712,1.0550507155210906,0.800596449743995,-0.0037423917815930102,0.5683333333333334,1.8659618763232892,0.95,0,-0.00029999999999996696,0.03999999999999915,0.002077671682743017,0.0
2021-02-18,0.04736614981642389,-0.010940542497739106,0.021697095208510327,1.2930913993814515,1.051932722440523,0.8006023709928168,0.0,0.5483333333333333,1.7035867660939041,0.91,0,-9.999999999998899e-05,0.9899999999999984,0.0012481004668184563,0.0
2021-02-19,0.007903271499352892,0.0810690632665145,0.03952130124250449,1.2931111094555965,1.0750121527165197,0.7901512601436782,0.0,0.5583333333333333,1.7847743212085967,0.93,0,-0.00029999999999996696,-0.4399999999999977,-0.0040604685073826205,0.0
2021-02-20,-0.021717502979213217,-0.001159939811759115,0.033989227050684266,1.0127501238925554,0.9219018003627707,0.7629814633151325,0.0,0.5483333333333333,1.7035867660939041,0.91,0,-0.0009000000000000119,,,0.0
2021-02-21,0.010674657390529932,0.027681826201509746,0.03527508925746363,0.9643917112365963,0.9074895126518846,0.641261453147793,0.0,0.55,1.7171180252796865,0.91,0,-0.0008000000000000229,,,0.0
2021-02-22,-0.08409445913382413,-0.05958734671550698,0.00898517998871286,1.0237655399184171,0.934961841944153,0.6348166591107978,0.0,0.565,1.8388993579517245,0.94,0,-9.999999999998899e-05,,,0.0
2021-02-23,-0.11916437721265055,-0.10101291813933688,-0.06478909946027708,1.0447307792428353,1.0218423579061162,0.7073585563353402,-0.06273488774741881,0.565,1.8388993579517245,0.94,0,0.00039999999999995595,-0.33999999999999986,-0.00017782456268731244,0.0
2021-02-24,0.028428043912497793,0.015932614704777116,-0.14019099984925756,1.025554159908747,1.0206015750858204,0.8771170004476645,-0.18533647138318657,0.475,1.1082113619194924,0.76,0,-0.0004999999999999449,-1.7699999999999996,-0.0015821535699421776,0.0
2021-02-25,-0.0912927337288582,-0.053810849213675946,0.08732343989928025,1.0751520159554382,1.0477998726818702,0.9129980975488441,-0.11099876957160601,0.49,1.2299926945915312,0.79,0,9.999999999998899e-05,7.550000000000001,0.0018252023319027236,0.0
2021-02-26,-0.025398277406601846,-0.017072827721116277,-0.020315836434640744,1.0184434599571919,1.0142043375016285,0.9166237496634383,-0.1288773490911855,0.37,0.25574203321522154,0.55,0,-0.00029999999999996696,-0.9400000000000013,0.00805589438110703,0.0
2021-02-27,0.009329248569763962,-0.0036898485630648403,-0.04861640800188468,0.9908964835461839,0.9735167054858606,0.9247208424697033,-0.17021521238763493,0.375,0.2963358107725678,0.56,0,-0.0007000000000000339,,,0.0
2021-02-28,-0.02707555282154277,-0.02127979822740345,0.010836949724911216,0.9885901590660503,0.9781177646430936,0.9117394926247788,-0.16117397512797652,0.34,0.012179367871144311,0.55,0,-0.0017000000000000348,,,0.0
2021-03-01,0.10090720338220756,0.09405668615894246,-0.02826406191556005,1.0481723131642795,1.0211112495483314,0.9193251617232877,-0.18455068918397802,0.255,-0.6779148506037419,0.38,0,-0.0010000000000000009,,,-0.009999999999999995
2021-03-02,-0.05437373576751944,-0.023389970343295822,0.08193193977110531,1.0519675878441583,1.0152772284287273,0.9485802506030417,-0.11492604833894993,0.455,0.9458362516901078,0.78,0,-0.0008000000000000229,0.75,7.020334535147577e-05,0.0
2021-03-03,0.052990490658437174,0.03864676941605752,0.011156065808993462,1.0558036088431753,1.0193056452410312,0.9466219554063554,-0.10499682252065286,0.455,0.9458362516901078,0.78,0,-0.0004999999999999449,2.5700000000000003,0.0020195669546087197,0.0
2021-03-04,-0.018320906916699742,-0.04002176686968146,0.04753851898296824,1.0056394223059064,1.023856677058017,0.9529411369465632,-0.061422165577465375,0.485,1.189398917034185,0.84,0,0.00029999999999996696,1.8999999999999986,-0.0005144913701117208,0.0
2021-03-05,-0.007119741635654105,0.007775933948251446,-0.013923573498000177,0.9447844907329705,1.008744920847437,0.9496959699781391,-0.07439996470658598,0.45,0.9052424741327615,0.77,0,-9.999999999998899e-05,-3.91,0.009229378163990191,0.0
2021-03-06,0.07682483688188557,0.002673048282055846,-0.019004135811125696,0.973160791720155,1.0043375046364584,0.8824840284768161,-0.09182410373063232,0.45,0.9052424741327615,0.77,0,-0.00029999999999996696,,,0.0
2021-03-07,0.044911901618905486,0.04185823565066163,0.030639106874477354,0.9502265120940873,1.0065034077546728,0.8831882797913143,-0.06356774097340427,0.45333333333333337,0.9323049925043259,0.76,0,-0.00029999999999996696,,,0.0
2021-03-08,0.060152875459970855,0.02716106637595351,-0.02718223150407057,0.9680436979610937,1.007283455136663,0.8684156036558802,-0.08867922023945567,0.4783333333333334,1.1352738802910571,0.81,0,-0.0004999999999999449,,,0.0
2021-03-09,0.020158957246936827,0.04679835308017754,0.025811005829691976,0.9574711491891896,1.0127827521789468,0.8694043035791671,-0.06485092096356494,0.4783333333333334,1.1352738802910571,0.81,0,-0.00029999999999996696,-1.4399999999999977,-0.002978146408922096,0.0
2021-03-10,-0.04113924888249015,0.017467017083068827,0.04887069478877739,0.9281744332635291,0.8153304294301963,0.8742836277318117,-0.018014390286496255,0.41333333333333333,0.6075547720455556,0.68,0,-9.999999999998899e-05,-1.4700000000000024,-0.002987922638235695,0.0
2021-03-11,0.016935420913125228,0.03382631374464177,-0.00032993894102303976,0.929250497335892,0.8207167610584026,0.8445948840205528,-0.018338332135211053,0.43833333333333335,0.810523659832287,0.73,0,-0.00019999999999997797,-0.6499999999999986,-0.0058867458124708906,0.0
2021-03-12,-0.033233567266347144,-0.009590761378339105,0.01164320908893948,0.9351215161684995,0.8086935224380547,0.8370897721552019,-0.0068418419379472975,0.42333333333333334,0.6887423271602482,0.7,0,0.0,-1.2199999999999989,0.0009338420131230531,0.0
2021-03-13,0.08477467022646717,0.06702391904951818,0.02741448673059806,0.977020374229266,0.807615041737133,0.8357113333075247,0.0,0.44333333333333336,0.8511174373896333,0.74,0,0.0004999999999999449,,,0.0
2021-03-14,-0.03939031163708202,-0.03695728467773086,0.057320839158212206,0.9823133049859591,0.8193053983579716,0.8503452924362871,0.0,0.45166666666666666,0.9187737333185434,0.78,0,0.0,,,0.0
2021-03-15,-0.03000021776153359,-0.05872345889857389,-0.008907312084793761,0.9868147066806042,0.8506494852675192,0.8512200018507768,-0.0088677595033526,0.44166666666666665,0.8375861782038508,0.76,0,9.999999999998899e-05,,,0.0
2021-03-16,0.0064692050214343365,0.023031800001562738,-0.03512530444434988,0.9866976884097644,0.8485572178840585,0.8599661242458798,-0.04307725453457995,0.41666666666666663,0.6346172904171195,0.71,0,-0.00029999999999996696,-0.240000000000002,-0.0018472288206667826,0.0
2021-03-17,0.010174530410139519,0.03475274808665303,0.011008867907729666,0.9863382713229224,0.8517110945628336,0.8600415796116185,-0.03248441784508078,0.41666666666666663,0.6346172904171195,0.71,0,-0.00029999999999996696,-0.5599999999999987,0.0015476949514406,0.0
2021-03-18,-0.026392913379087828,-0.02170294068462528,0.017341060964630978,0.9908835529900388,0.854729959923231,0.8588738923035988,-0.015560354649049089,0.42166666666666663,0.6752110679744657,0.72,0,0.00019999999999997797,2.349999999999998,-0.0034036626845185343,0.0
2021-03-19,0.018420795444552582,0.006601961060385554,0.011594297571203725,0.9840332707031757,0.8325681170078445,0.8587576199157457,-0.004080043996729709,0.41666666666666663,0.6346172904171195,0.71,0,-9.999999999998899e-05,-0.629999999999999,0.0017825032405141253,0.0
2021-03-20,-0.0016596595975975677,0.001244615245755456,0.01817267471376771,0.9686036182878391,0.8309765906451083,0.85809177170642,0.0,0.43666666666666665,0.7969924006465046,0.75,0,0.0,,,0.0
2021-03-21,-0.012883702679304781,-0.013004861172545526,0.030377161362474255,0.9685405535892325,0.7846398905682991,0.8543131410783988,0.0,0.42,0.6616798087886838,0.73,0,-0.00019999999999997797,,,0.0
2021-03-22,-0.058915114020876964,-0.05867551851751849,-0.035417112623222606,0.9860861483970269,0.8116766412762887,0.8606733387561513,-0.03479726596284976,0.40499999999999997,0.539898476116645,0.7,0,-0.00039999999999995595,,,0.0
2021-03-23,-0.007697743330170708,0.004752456139708097,-0.007670519855542394,0.9846535408210879,0.8053711195603481,0.8542779370756467,-0.042172550404508645,0.385,0.3775233658872603,0.66,0,-0.00019999999999997797,1.4200000000000017,0.002556853345213322,0.0
2021-03-24,-0.05308453798669118,-0.038210823911918046,-0.03367007757471046,0.9588748730545756,0.789368997577717,0.8633873994116279,-0.07388578541127913,0.38,0.33692958832991404,0.65,0,0.00019999999999997797,0.8999999999999986,0.003215715967195396,0.0
2021-03-25,0.002462448917272808,-0.019496661048352345,-0.006914913080020599,0.8639971996189247,0.7063775437787838,0.8304150109615005,-0.08026769410560795,0.355,0.13396070054318268,0.6,0,-0.00029999999999996696,-1.3900000000000006,0.00303174158381312,0.0
2021-03-26,0.0688944898645591,0.07022885249165932,-0.032662402254169776,0.8917420401199169,0.7445992172725804,0.6644311463595677,-0.1098230585406353,0.325,-0.10960196480089451,0.54,0,-0.0006000000000000449,-0.9499999999999993,-0.0022920663299563788,0.0
2021-03-27,0.008084535469532356,0.014282640925523643,0.052385132407171464,0.8265573385946184,0.7160740662209757,0.621052384702744,-0.06194799865691219,0.38,0.33692958832991404,0.65,0,-0.00029999999999996696,,,0.0
2021-03-28,-0.015072469453262603,-0.0007080977298643483,0.011065493010246515,0.8225800768313694,0.7117921248972839,0.6140064643087335,-0.05151034842302331,0.43833333333333335,0.810523659832287,0.74,0,0.00029999999999996696,,,0.0
2021-03-29,0.07408595493625687,0.0327652838371849,0.019234984034170316,0.856992549587401,0.7167421723250771,0.5815255748523854,-0.03308957138912536,0.42833333333333334,0.7293361047175945,0.72,0,0.00019999999999997797,,,0.0
2021-03-30,0.012971854211305785,0.019094591554397786,0.049557521918203847,0.8480952480578015,0.7101859422413294,0.5983581487774052,0.0,0.42833333333333334,0.7293361047175945,0.72,0,-0.00029999999999996696,-1.129999999999999,0.0023810536974502613,0.0
2021-03-31,0.04198146681880179,-0.00010247931867370034,0.047637133021517994,0.7903716527332103,0.6404075374245844,0.5950844630204448,0.0,0.44833333333333336,0.8917112149469796,0.76,0,-0.00019999999999997797,-0.21000000000000085,-0.0033294421230285116,0.0
2021-04-01,0.025046197616483582,-0.00034241155632151754,0.003710710818727976,0.7611373861989438,0.632248869452203,0.5411402689919094,0.0,0.43833333333333335,0.810523659832287,0.74,0,0.00019999999999997797,-2.0700000000000003,-0.0007426538041119175,0.0
2021-04-02,0.08080967041185695,0.003901919152452414,0.045221258427469636,0.7869612396431808,0.6214788511145912,0.5546252475318606,0.0,0.43833333333333335,0.810523659832287,0.74,0,-9.999999999998899e-05,,-6.506341047106287e-05,0.0
2021-04-03,-0.06045474277576091,-0.03272771563018565,0.04436854086441772,0.8192899940355256,0.6152801986967124,0.552139162519961,0.0,0.43333333333333335,0.7699298822749407,0.73,0,-0.00039999999999995595,,,0.0
2021-04-04,0.03289549607977363,0.019957809235045493,0.07661090329939196,0.8213470121773976,0.6173112382115842,0.5889201053413471,0.0,0.43833333333333335,0.810523659832287,0.74,0,-0.00019999999999997797,,,0.0
2021-04-05,0.015151841243722527,0.015818350490323988,0.024903264862512722,0.785787536530781,0.6181470505271991,0.5773403275985075,0.0,0.42333333333333334,0.6887423271602482,0.71,0,0.0,,,0.0
2021-04-06,0.0022893229482022137,-0.019447828016770405,0.04177424806073155,0.7746749096751185,0.6107596092737549,0.5822041597119647,0.0,0.44333333333333336,0.8511174373896333,0.75,0,-9.999999999998899e-05,0.21000000000000085,-0.002185924440775616,0.0
2021-04-07,-0.07302147663878487,-0.035770317641772804,0.011374385691031504,0.798000149325304,0.6204817912130662,0.5611365775053972,0.0,0.42833333333333334,0.7293361047175945,0.72,0,0.00039999999999995595,-0.9600000000000009,0.0008586952248120723,0.0
2021-04-08,0.057875707028077115,0.03725857482507307,-0.06291705271621739,0.8191937335448887,0.612695515616126,0.6262765768783863,-0.06097864026992572,0.43333333333333335,0.7699298822749407,0.73,0,0.00019999999999997797,-0.21000000000000085,-0.0013422565795606135,0.0
2021-04-09,-0.006553637468456162,0.001118911946587532,0.03626143921797505,0.8041944060995191,0.6101107290589024,0.6190951237419802,-0.02630348827479594,0.41833333333333333,0.6481485496029019,0.7,0,0.00039999999999995595,-0.259999999999998,0.0009819064000788174,0.0
2021-04-10,0.03172375086109794,0.027591725106052453,0.03206383993643066,0.8086684202652713,0.6063081959719908,0.6198508856443612,0.0,0.41833333333333333,0.6481485496029019,0.7,0,0.00019999999999997797,,,0.0
2021-04-11,0.008341063797419682,0.003895754468994307,0.022328411831011384,0.7967187190454907,0.6051299605020011,0.6201869097397749,0.0,0.4666666666666667,1.0405550659905822,0.76,0,0.0006999999999999229,,,0.0
2021-04-12,-0.0063743935312508965,-0.0023765589774449635,0.0004986113142591878,0.7459386544431597,0.5571858446532544,0.6208472777885559,0.0,0.45666666666666667,0.9593675108758897,0.74,0,0.0004999999999999449,,,0.0
2021-04-13,0.07283108022698058,0.060211808883630515,0.01672107673836252,0.7670567853462724,0.5802796331606488,0.6016359642238837,0.0,0.45666666666666667,0.9593675108758897,0.74,0,-9.999999999998899e-05,-0.26000000000000156,-0.0012589482903685634,0.0
2021-04-14,0.05640375720793445,-0.009728172284078391,0.04308272377992894,0.7733846963957544,0.5389000316126956,0.60473533392632,0.0,0.46166666666666667,0.999961288433236,0.75,0,0.0,0.33999999999999986,-0.002251311706157958,0.0
2021-04-15,0.03293037673824547,0.0031787337071748686,0.05559910246421999,0.777293021830065,0.5345724955555101,0.5925806880911271,0.0,0.4816666666666667,1.1623363986626212,0.79,0,-0.0010000000000000009,-0.41999999999999815,-0.0014800160640915136,0.0
2021-04-16,-0.0370207831812446,-0.02932349103283781,0.022633970255294133,0.7951824783096588,0.5341139430046966,0.5922117612293178,0.0,0.4766666666666667,1.1217426211052748,0.78,0,-0.0012999999999999678,-0.3200000000000003,-0.0012145741488087066,0.0
2021-04-17,-0.04433807028619631,-0.021891825636385424,-0.0004395865518384291,0.8077331345480337,0.5342169165047239,0.5958892227513783,-0.0004394899478259372,0.4666666666666667,1.0405550659905822,0.76,0,-0.0009000000000000119,,,0.0
2021-04-18,-0.036004626931238994,-0.06642869678323018,0.004098932597692073,0.8218201276436824,0.5836083317022079,0.5974615336849254,0.0,0.4816666666666667,1.1623363986626212,0.79,0,-0.0020000000000000018,,,0.0
2021-04-19,-0.03390093471144763,-0.00924779241999631,-0.0889969200188857,0.8337323353084475,0.5842255119338481,0.7037985436885189,-0.08515160871411967,0.45666666666666667,0.9593675108758897,0.74,0,-0.0007000000000000339,,,0.0
2021-04-20,0.07525453720088406,0.014133255844769198,0.019153218804894914,0.8647359875721802,0.5851365145395139,0.7016156847494504,-0.06746043668245562,0.45166666666666666,0.9187737333185434,0.73,0,-0.0010000000000000009,1.3900000000000006,0.00046252789693974433,0.0
2021-04-21,0.011533936687040168,-0.0478688076233732,0.013173860065126981,0.8293706585570128,0.5727056461317102,0.6788881081584495,-0.05509401305240282,0.45166666666666666,0.9187737333185434,0.73,0,-0.00039999999999995595,-1.1799999999999997,-0.0005195789121511846,0.0
2021-04-22,0.01719495572334584,-0.03976060378705051,0.008453137559085533,0.8267469532322216,0.5887011924300785,0.6743240472013218,-0.047072738057516605,0.4116666666666667,0.5940235128597736,0.65,0,-9.999999999998899e-05,1.2100000000000009,0.0004687915068821696,0.0
2021-04-23,-0.012821952956106254,-0.011006558547651292,0.026671905246940644,0.7982297910816861,0.5749328990999579,0.6509638165365863,-0.021314367007441982,0.3616666666666667,0.18808573728631137,0.55,0,-0.0009000000000000119,-1.3800000000000026,-0.0012553575003662412,0.0
2021-04-24,-0.0672808775731172,-0.02129700475873513,-0.021367972620678917,0.8459452136392694,0.5757051464130496,0.659787321504059,-0.04200504860094289,0.27166666666666667,-0.5426022587459212,0.37,0,-0.0012999999999999678,,,0.0
2021-04-25,0.04727116536137015,-0.019797324384079943,-0.014814468589540854,0.8305793955025875,0.5186861079024585,0.6455231818190849,-0.05609262707563164,0.245,-0.7591024057184345,0.31,0,-0.0010000000000000009,,,0.0
2021-04-26,0.08746807276063732,0.09582776337101846,0.04085341511024499,0.8728789051540722,0.6221728162687494,0.6390126870358805,-0.016732258836599782,0.225,-0.9214775159478193,0.27,0,-0.0008000000000000229,,,0.0
2021-04-27,0.05138153972385659,0.018541010943021647,0.08769537647667032,0.8767095102181612,0.6259378173209339,0.6834790353598491,0.0,0.33999999999999997,0.01217936787114386,0.5,0,-0.0011999999999999789,-0.08000000000000185,0.0008832446044127732,0.0
2021-04-28,0.030332724032828818,-0.003017528793609669,0.034623224464052214,0.8527113223475083,0.6143683513422532,0.6853187965026025,0.0,0.385,0.3775233658872603,0.59,0,-0.0009000000000000119,-0.2799999999999976,-0.0010621340413792606,0.0
2021-04-29,0.003196933669113188,-0.023824105906546798,0.021629103900972745,0.8535116897581753,0.6143647891629684,0.6773871241029458,0.0,0.35,0.09336692298583642,0.52,0,-0.0006000000000000449,0.3299999999999983,-0.00039814384970952426,0.0
2021-04-30,0.005562944541741023,0.07444869860711945,-0.011661590363723008,0.8476335206729575,0.6713124389287136,0.6782431709835843,-0.011593857565200854,0.345,0.05277314542849014,0.51,0,-0.0010999999999999899,1.0,0.0030156797875698954,0.0
2021-05-01,0.06031013057980837,0.001837315218213768,0.021799331999214692,0.8631133610835051,0.6713659808337411,0.6764539095429962,0.0,0.43000000000000005,0.7428673639033768,0.68,0,-0.0010000000000000009,,,-0.010000000000000009
2021-05-02,0.0016252911032897802,-0.02137124828966742,0.037318508940188774,0.82882577977023,0.6750453905808657,0.6730602852426022,0.0,0.5016666666666667,1.3247115088920063,0.66,0,-0.0007000000000000339,,,0.0
2021-05-03,0.15120741553197212,0.01039468653491475,0.010137743111154127,0.9232636301069376,0.6665364391834512,0.666817596092281,0.0,0.4766666666666667,1.1217426211052748,0.61,0,-0.0008000000000000229,,,0.0
2021-05-04,-0.0575956946599089,-0.07196003096966748,0.04837355142349817,0.9580030679213031,0.7078460291189674,0.6418393291682606,0.0,0.5116666666666667,1.4058990640066988,0.68,0,-0.0004999999999999449,1.1700000000000017,0.002537735217323007,0.0
2021-05-05,0.08440275759095238,0.07661461528794215,0.00842795242158941,0.9882682655870212,0.7581613140130049,0.6415465451278669,0.0,0.4116666666666667,0.5940235128597736,0.48,0,-0.0011999999999999789,-0.33000000000000185,-0.0012315042034762665,0.0
2021-05-06,-0.009846115823277535,-0.018316104117848727,0.018008531436516626,0.9914649515575922,0.7578243381227269,0.6346073698440169,0.0,0.4966666666666667,1.28411773133466,0.65,0,-0.0009000000000000119,-0.759999999999998,-0.0027795715500431154,0.0
2021-05-07,-0.002927142130709903,0.016200912209963583,0.02271286538419973,0.9404294978416758,0.7493876905212727,0.6350933355714766,0.0,0.4916666666666667,1.2435239537773137,0.64,0,-0.0010000000000000009,-1.6999999999999993,-0.007315672139858844,0.0
2021-05-08,0.11670664075614831,0.02663856290765698,-0.0031569867469672277,0.9919583186109058,0.7437794984837796,0.5740004393871511,-0.003152008704223121,0.5066666666666667,1.3653052864493525,0.67,0,-0.0012999999999999678,,,0.0
2021-05-09,0.00349493157185186,-0.010609743743877945,0.029890609020072557,0.9890559439469482,0.7447706419151068,0.5717442083453989,0.0,0.5433333333333333,1.662992988536558,0.73,0,-0.0011999999999999789,,,0.0
2021-05-10,0.005573197073655093,-0.04252375198618774,0.010341067087382123,0.9898158718568034,0.7522615830516821,0.5694854621537255,0.0,0.5383333333333333,1.6223992109792116,0.72,0,-0.0010999999999999899,,,0.0
2021-05-11,0.056071035288974565,0.01518224822672772,0.0019720309483799944,0.9964174538578154,0.7544548832956431,0.5711193008136476,0.0,0.4833333333333333,1.1758676578484026,0.61,0,-0.0011999999999999789,2.1799999999999997,0.0009166259067127463,0.0
2021-05-12,-0.08765264799631596,-0.13262323703978,-0.0035027080411312314,1.0636992131972889,0.8815594640119654,0.5726061215025987,-0.003496580715485899,0.5183333333333333,1.4600241007498265,0.68,0,9.999999999998899e-05,5.75,0.006037175397522842,0.0
2021-05-13,-0.027928701444750428,0.0007985717571492955,-0.008725012320797698,1.0580188853973114,0.8489415018339367,0.5786662905308647,-0.012153265569077105,0.3333333333333333,-0.04194566887198436,0.31,0,-9.999999999998899e-05,-4.460000000000001,0.00028589468426145666,0.0
2021-05-14,0.09171151823394462,0.0034263093346637553,-0.0491882976513551,1.0818796549568226,0.8498881107408995,0.6098964891803278,-0.05956807823573872,0.30833333333333335,-0.24491455665871528,0.26,0,-0.0010000000000000009,-4.32,-0.004132348600876995,0.0
2021-05-15,-0.11105603605137421,-0.06375488905286,0.03370064436484061,1.1686226476001198,0.8708271205933797,0.5945071244532742,-0.027334826454236266,0.31333333333333335,-0.204320779101369,0.27,0,-0.00029999999999996696,,,0.0
2021-05-16,-0.017867944012732465,-0.007113969892819319,-0.02938827748180353,1.1603087033849313,0.8680719402451902,0.6088398791512432,-0.05550383380241637,0.2666666666666667,-0.583196036303267,0.2,0,-0.00029999999999996696,,,0.0
2021-05-17,-0.08734084696477265,-0.06434306949225864,-0.0183455671965274,1.1962114435944742,0.8882300585377394,0.615474238106647,-0.07267317945409173,0.3016666666666667,-0.2990395934018435,0.27,0,0.0,,,0.0
2021-05-18,0.027807691201481986,-0.0159345278743997,-0.03553822573852093,1.184902003320737,0.8655237636299975,0.6341488920127988,-0.1050500142079282,0.27166666666666667,-0.5426022587459212,0.21,0,-0.0007000000000000339,1.620000000000001,-0.0022288254002644343,0.0
2021-05-19,-0.32486074648231034,-0.15519381949293082,-0.07781562752783455,1.6681868979513261,1.00456693063591,0.6137134991272433,-0.1720504625751102,0.2816666666666667,-0.4614147036312286,0.23,0,-0.0017000000000000348,0.8399999999999999,0.0004420140758729916,0.0
2021-05-20,0.1267936827452267,0.0994528443006428,-0.1538706692349633,1.7051594063956557,1.0760465024534458,0.8304264725341851,-0.29013022469168986,0.22166666666666668,-0.9485400343193835,0.11,0,-0.0021999999999999797,-1.509999999999998,-0.00018219437845458234,0.0
2021-05-21,-0.130054532879971,-0.084253632547951,-0.01307932662558583,1.7694233156766483,1.0989639713377508,0.8308754873781848,-0.29935438891934874,0.2616666666666667,-0.6237898138606133,0.19,0,-0.0012999999999999678,-0.5200000000000031,0.0017763314648663094,0.0
2021-05-22,-0.057618271205140875,0.005293597223083863,-0.041335063620093974,1.7800315497722419,1.0959982431393542,0.8431161823313749,-0.32772522527599435,0.22666666666666668,-0.9079462567620372,0.12,0,-0.0008000000000000229,,,0.0
2021-05-23,-0.0904593791755005,-0.07755027101425602,-0.09531423251877459,1.8066665275638139,1.1205038124719617,0.8984224373818707,-0.3888435907346975,0.20333333333333334,-1.0973838853629865,0.14,0,-0.0012999999999999678,,,0.0
2021-05-24,0.23375019374596437,0.11287539419061506,-0.0410497028017211,1.971663871952333,1.2026642305996316,0.905533793833134,-0.41342343065632625,0.18333333333333335,-1.2597589955923714,0.1,0,-0.0010999999999999899,,,0.0
2021-05-25,0.02117556530759306,-0.012229504705664857,0.10163432253584993,1.9668811026576036,1.2020581198756635,0.9788218479079938,-0.3506722901356329,0.24333333333333335,-0.7726336649042165,0.22,0,-0.0011999999999999789,0.4400000000000013,-0.0006295270007113572,0.0
2021-05-26,0.06436152561075188,0.02365018953907607,0.030028599010001523,1.956326935852847,1.1485882801168872,0.9736045329774194,-0.3308781814006628,0.24333333333333335,-0.7726336649042165,0.22,0,-0.0011999999999999789,-1.4800000000000004,0.00023183469298004522,0.0
2021-05-27,-0.050732644515115596,-0.018308668772305418,0.06326698142486925,1.9578475846000858,1.143986877402227,0.948649137362648,-0.28717701938382334,0.2683333333333333,-0.5696647771174855,0.27,0,-0.0009000000000000119,-0.620000000000001,9.921686325944257e-06,0.0
2021-05-28,-0.1282737206263049,-0.07730916315521141,-0.025185995683904446,2.0054609701425883,1.1658906151585713,0.9417583383351057,-0.3049059779953873,0.23833333333333334,-0.8132274424615628,0.21,0,-0.0004999999999999449,0.020000000000003126,-0.0010034906430954602,0.0
2021-05-29,-0.05687507874505124,-0.030124961488519942,-0.06746296789326292,2.013546279021983,1.1667420954586123,0.9612055835831708,-0.3502522881167019,0.22333333333333333,-0.9350087751336015,0.18,0,-0.0004999999999999449,,,0.0
2021-05-30,0.0459872827806308,0.02950172116854018,-0.015816457596442523,2.0214781810858455,1.1336505379796926,0.9615194211708613,-0.3604481514806522,0.14166666666666666,-1.5980404752369235,0.1,0,-0.0006000000000000449,,,0.0
2021-05-31,0.12591701917386455,0.04424998538763259,0.05469925370218639,2.060729795471491,1.1515866670932542,0.98101981148834,-0.3244906843267564,0.18166666666666664,-1.2732902547781537,0.18,0,-9.999999999998899e-05,,,0.0
2021-06-01,-0.026806979763833352,-0.015165767520091036,0.03974926996498462,2.062344178929816,1.1513336229553461,0.9824357388340323,-0.2970988866966912,0.19166666666666665,-1.1921026996634612,0.2,0,0.0,,,0.020000000000000004
2021-06-02,0.026832846435921022,0.02358227059865497,0.017621280913673817,1.9890406349528154,1.1558232692532542,0.9844102634785185,-0.28460309614369556,0.20666666666666667,-1.0703213669914222,0.23,0,0.0,-0.41999999999999815,0.0006811875360931701,0.0
2021-06-03,0.054306796538697875,0.04369893289158691,0.046655935337054054,1.992154422440006,1.1532217469156378,0.9832202667343758,-0.2504347031440268,0.21166666666666667,-1.029727589434076,0.24,0,-0.00019999999999997797,0.5599999999999987,0.005395982845325517,0.0
2021-06-04,-0.06050060290809493,-0.06358407913456297,0.013622428328083629,1.975102525709062,1.123786718622614,0.984390370873799,-0.24015393810135846,0.22666666666666668,-0.9079462567620372,0.27,0,-0.0006000000000000449,-1.6199999999999974,-0.0038399490612833027,0.0
2021-06-05,-0.023238665269225783,-0.03638111995464031,-0.03236285437283874,1.975726182926852,1.1262593640586607,0.9842885615098008,-0.26435106955033555,0.21166666666666667,-1.029727589434076,0.24,0,-0.00019999999999997797,,,0.0
2021-06-06,0.0315365154997358,0.007940357113332096,0.007176204912257566,1.9808103211999857,1.1237064553646197,0.9796330208221772,-0.2590529144957576,0.16166666666666668,-1.4356653650075384,0.17,0,-9.999999999998899e-05,,,0.0
2021-06-07,-0.045207802690552336,-0.06472479604498639,0.006468065497574889,1.9321082944983965,1.1255775374594177,0.9808920463872658,-0.25424488766256437,0.15166666666666667,-1.516852920122231,0.15,0,-9.999999999998899e-05,,,0.0
2021-06-08,-0.03327051034015327,-0.005138835456786614,-0.006403038287646524,1.9322447732996246,1.1262362322196366,0.9711946223305855,-0.25900473120748735,0.14166666666666666,-1.5980404752369235,0.13,0,-0.0007000000000000339,0.6499999999999986,0.0012072463366774998,0.0
2021-06-09,0.0402406263865517,0.11336995068009252,-0.01954811283419747,1.9406403851911147,1.2124471973812594,0.9690710884926628,-0.2733491305816973,0.14666666666666667,-1.557446697679577,0.14,0,-0.0007000000000000339,0.8200000000000003,-0.0007078935851532222,0.0
2021-06-10,-0.05475983562962982,-0.019236178908744933,0.01789397134471264,1.9289042948206974,1.2081866027713006,0.9732487136733895,-0.2602294290341156,0.18166666666666667,-1.2732902547781535,0.21,0,-0.00039999999999995595,-1.7899999999999991,-0.00022702984906875485,0.0
2021-06-11,-0.04853909192677941,0.01773537623175507,-0.020251450095056012,1.9157724419512638,1.1347724221218813,0.973584546453594,-0.27506017689514944,0.18166666666666667,-1.2732902547781535,0.21,0,0.00019999999999997797,-0.45000000000000107,0.004942283280149671,0.0
2021-06-12,0.007081885780932287,-0.04901960505525715,-0.023834178267152728,1.9169586494513888,1.142365520330794,0.9746430934382154,-0.29213424047294007,0.21666666666666667,-0.9891338118767298,0.28,0,0.0,,,0.0
2021-06-13,0.0568136425416618,0.09325821606697823,0.007880803592573926,1.8962612593790484,1.1983944189578757,0.9668770580592427,-0.2865336498612164,0.18,-1.2868215139639356,0.23,0,-9.999999999998899e-05,,,0.0
2021-06-14,0.028072018778686522,0.03761517248338315,0.04862836309685308,1.8705547589845866,1.1913462282639022,0.9765682851023775,-0.25098153415045904,0.20500000000000002,-1.0838526261772043,0.28,0,-9.999999999998899e-05,,,0.0
2021-06-15,-0.014530992500364865,-0.009230129428558456,0.028990808802013827,1.8704485359524774,1.191421280982841,0.9822231300661257,-0.22894905645289987,0.255,-0.6779148506037419,0.38,0,-9.999999999998899e-05,0.629999999999999,0.003461733260349665,0.0
2021-06-16,-0.07155754827824162,-0.04574527341953061,-0.020124905805825984,1.8631806702627884,1.1814572149681788,0.9825067800242625,-0.24431128388641957,0.23,-0.8808837383904731,0.33,0,0.00029999999999996696,1.129999999999999,-0.0021054796978453357,0.0
2021-06-17,0.0022737013530689876,-0.006698961944875928,-0.03558861867992443,1.8586294984678822,1.1807446285541248,0.9825253329395118,-0.2707322696849276,0.195,-1.165040181291897,0.26,0,0.0,-0.3999999999999986,0.013060008054056004,0.0
2021-06-18,-0.060438978275987466,-0.06152782082782359,-0.0212131759645382,1.490300940393876,1.0696878930325044,0.9503610193356032,-0.2860394236852152,0.19,-1.205633958849243,0.25,0,-0.00029999999999996696,2.9499999999999993,0.004109606968177461,0.0
2021-06-19,-0.03156606142284994,-0.00942793009744289,-0.020208184495242316,1.417397912697287,1.0068245540936729,0.7870513929174939,-0.30032246748020014,0.18,-1.2868215139639356,0.23,0,-9.999999999998899e-05,,,0.0
2021-06-20,0.03575584948671751,0.0032761324830971688,-0.009270112632894878,1.354594055035539,0.96489937665591,0.7863959052823162,-0.30677858630521665,0.18,-1.2868215139639356,0.21,0,9.999999999998899e-05,,,0.0
2021-06-21,-0.17383604031182356,-0.11891045662276035,-0.059092015746667025,1.4696899359125024,1.0475897632400903,0.8003575640690357,-0.3465556107250663,0.19,-1.205633958849243,0.23,0,0.0,,,0.0
2021-06-22,-0.0032990093058491046,0.028094524319938106,-0.081265209527423,1.4381643529154144,1.0208000559270716,0.7807694008726229,-0.3975575011797921,0.125,-1.7333530670947441,0.1,0,-0.00019999999999997797,-1.2300000000000004,0.0006936677627413667,0.0
2021-06-23,0.046200209547868486,0.0353126837670968,-0.0021801430826917144,1.1728254479800688,0.943761050974462,0.7669983366934254,-0.3988694813544073,0.14500000000000002,-1.570977956865359,0.14,0,-0.00019999999999997797,-0.33999999999999986,-0.004753685505584916,0.0
2021-06-24,0.010804469300155899,0.028828548379449724,0.03520104255744255,1.1699215683094046,0.9504891025060075,0.6880313355537903,-0.3773322171888755,0.185,-1.2462277364065895,0.22,0,0.00019999999999997797,-0.34999999999999964,-0.0004975348098855218,0.0
2021-06-25,-0.09521870463650212,-0.09301052120369376,0.0023338577253057,1.174252361656725,0.9948531186379415,0.6788302067142918,-0.3758773020515935,0.21000000000000002,-1.043258848619858,0.27,0,0.0,-0.3500000000000014,-0.0032145695261230397,0.0
2021-06-26,0.011444527214784062,0.021895999249812816,-0.030877791628693533,1.1708356151641817,0.9990961161634972,0.6428169388154362,-0.39485434038995565,0.175,-1.3274152915212818,0.2,0,0.00019999999999997797,,,0.0
2021-06-27,0.08012847118323362,0.07218857505595316,0.010503970357102696,1.1389074286207834,1.000684245953494,0.6410836377552193,-0.3884644072372819,0.16999999999999998,-1.3680090690786282,0.22,0,0.0,,,0.0
2021-06-28,0.05023814421215937,-0.005938288050668354,0.026828001755274212,1.1406083267474267,0.995339558165813,0.6075910830485775,-0.3718360741364907,0.185,-1.2462277364065895,0.25,0,-9.999999999998899e-05,,,0.0
2021-06-29,0.038086933196143376,0.04025278594807432,0.03062408554097566,1.1366663197663103,1.0000599842651008,0.6150071025885079,-0.352301541392434,0.185,-1.2462277364065895,0.25,0,-9.999999999998899e-05,0.2599999999999998,0.002108914352277711,0.0
2021-06-30,0.049706134058565464,-0.024431033120821895,0.027861308014859018,1.055892784648116,0.9906787873942393,0.5918856543465639,-0.33400207534152737,0.2,-1.1244464037345505,0.28,0,-9.999999999998899e-05,-0.1899999999999995,0.0025976975178844046,0.0
2021-07-01,-0.07729383221470298,-0.04494752092035272,-0.003125412151949112,1.0828899204913067,1.0010383578780082,0.573832685004122,-0.33608034393372604,0.2,-1.1244464037345505,0.28,0,-9.999999999998899e-05,-0.34999999999999964,0.0016573954284313606,0.020000000000000004
2021-07-02,0.02240185311990071,0.008377365268202767,-0.002808276026146536,1.081232960921844,0.9973489185043757,0.5694926956724435,-0.33794219806337367,0.16499999999999998,-1.4086028466359743,0.21,0,-9.999999999998899e-05,-0.41000000000000014,-0.0017533545712344215,0.0
2021-07-03,0.03326396817441365,0.025786871340954098,0.0016712339650907268,1.0684836168238045,0.9885900423679156,0.5414665432603045,-0.3368348194913275,0.18,-1.2868215139639356,0.24,0,0.0,,,0.0
2021-07-04,0.04207509883646496,0.017651072284598005,0.033155349982490576,1.0653187784014173,0.9674871376963763,0.5536544809299468,-0.31447878264171525,0.19333333333333333,-1.178571440477679,0.27,0,9.999999999998899e-05,,,0.0
2021-07-05,-0.05584715432301095,-0.04629552498009569,0.01507618981659019,1.0783803267175012,0.9726001136380995,0.547142619267042,-0.304065435081333,0.2033333333333333,-1.0973838853629867,0.29,0,-9.999999999998899e-05,,,0.0
2021-07-06,0.05576534927301046,0.01560534774517823,-0.003197313711180254,1.092210803568878,0.9739285385486238,0.5461843471246468,-0.3062870027908268,0.15833333333333333,-1.4627278833791026,0.2,0,0.00019999999999997797,,,0.0
2021-07-07,-0.0025565482865500294,-0.010513575195606917,0.038424417334624386,1.0826209260015007,0.9476371466418396,0.5636588807385139,-0.2791127510178523,0.19833333333333333,-1.1379776629203326,0.28,0,-0.00029999999999996696,-0.240000000000002,0.0013554141661483387,0.0
2021-07-08,-0.0904041869515329,-0.029562898272273284,0.0013409734203046933,1.1199312557285777,0.9532163939290994,0.5633943180943893,-0.27814541193488784,0.15833333333333333,-1.4627278833791026,0.2,0,9.999999999998899e-05,2.8000000000000007,-0.00024051385192755715,0.0
2021-07-09,0.014383404756169537,0.028194357383748637,-0.023290308339374798,1.1101851278356025,0.86759772636268,0.5651042368700819,-0.2947633581438877,0.15833333333333333,-1.4627278833791026,0.2,0,9.999999999998899e-05,-2.8200000000000003,-0.0021255780636113197,0.0
2021-07-10,-0.01705195297545401,-0.009297337803434783,-0.0047482017194025485,1.0972755348006467,0.8659979922570753,0.5610821191974282,-0.29810402661904045,0.15833333333333333,-1.4627278833791026,0.2,0,9.999999999998899e-05,,,0.0
2021-07-11,0.014001179053283616,0.022317905214544593,0.011634161929378295,1.0878689808467301,0.8675262372051057,0.5588688623311029,-0.28989036833746806,0.15833333333333333,-1.4627278833791026,0.2,0,0.0,,,0.0
2021-07-12,-0.05220227186284738,-0.034819738727865,-0.003540257673897694,1.1004184057854003,0.8593932185019085,0.5527400003641435,-0.2923998946043786,0.18333333333333332,-1.2597589955923716,0.25,0,0.0,,,0.0
2021-07-13,-0.04604852576506507,-0.01084421199366593,-0.023467556076658288,1.0859187215651906,0.7872506168365879,0.5578971281282047,-0.3088122080966618,0.15833333333333333,-1.4627278833791026,0.2,0,0.00019999999999997797,0.9499999999999993,0.002172147939951282,0.0
2021-07-14,0.02766821218840126,0.002753633750060858,-0.015341252578557164,1.0857481035888814,0.772268282198624,0.5301216813430409,-0.3193349720214365,0.16333333333333333,-1.4221341058217565,0.21,0,-9.999999999998899e-05,-0.7900000000000027,-0.0011173759299396946,0.0
2021-07-15,-0.038363556727093254,-0.029059841124266395,-0.012721959941562277,1.090561578238049,0.776069951096031,0.518081536145207,-0.32793951585777376,0.15833333333333333,-1.4627278833791026,0.2,0,0.00019999999999997797,0.6800000000000033,0.0010979077992689958,0.0
2021-07-16,-0.022789511403690434,-0.015684787261425026,-0.01934734190883303,1.0686134118216,0.7645111941643039,0.5177949161400988,-0.3408171243876495,0.16833333333333333,-1.38154032826441,0.22,0,-9.999999999998899e-05,1.4399999999999977,0.00034240682246138135,0.0
2021-07-17,0.012357639681334047,0.004330419138805793,-0.007405540170302788,1.0703821933494164,0.7654753187528892,0.5057257258594413,-0.3456806987276641,0.13333333333333333,-1.665696771165834,0.15,0,0.0,,,0.0
2021-07-18,-0.004193895729117328,0.008167362765899914,0.013033712039949224,1.053158811296489,0.7403940090419654,0.5048337017813764,-0.33709667001270066,0.155,-1.4897904017506667,0.19,0,0.0,,,0.0
2021-07-19,-0.039305722370065674,-0.029990648832101084,-0.013696817750157252,1.05590795677922,0.7457494452947849,0.5024599851865111,-0.3461144377693262,0.18,-1.2868215139639356,0.24,0,0.00029999999999996696,,,0.0
2021-07-20,-0.018143175687965012,-0.03461668416799106,-0.029241437598778185,1.0458965200787644,0.7523476529999846,0.5107296911563352,-0.3649581404642666,0.155,-1.4897904017506667,0.19,0,0.0,-2.7699999999999996,0.0017862065643794885,0.0
2021-07-21,0.11089936588098752,0.07605715848404894,0.0027437775048422563,0.942770735272751,0.6885260968285528,0.4689714467221865,-0.3632133343101219,0.11,-1.855134399766783,0.1,0,0.0,-1.8200000000000003,-0.0031486826387910356,0.0
2021-07-22,0.01445774749165598,0.0044487049941116285,0.050081905116106426,0.9435747718368664,0.681528976752801,0.40495823811451076,-0.33050975137158217,0.16499999999999998,-1.4086028466359743,0.21,0,9.999999999998899e-05,-0.21999999999999886,0.0006779449096638323,0.0
2021-07-23,0.04806640590320617,0.040849756917323884,0.010174756064956927,0.9446848431003113,0.6854257783372948,0.40506340498482135,-0.3236630788596775,0.175,-1.3274152915212818,0.23,0,-0.00039999999999995595,-0.490000000000002,-0.00026177860642644395,0.0
2021-07-24,0.028082606624002943,0.01838406474345351,0.02481570794589041,0.9485010383311314,0.6808413012095904,0.39650147574396905,-0.30666931529666325,0.16999999999999998,-1.3680090690786282,0.22,0,-0.0006000000000000449,,,0.0
2021-07-25,0.0023042432941544413,0.03225131745929758,0.01842834705867559,0.8797481937365176,0.602001624580762,0.39982353138331345,-0.2937739213568855,0.2,-1.1244464037345505,0.27,0,-0.0006000000000000449,,,0.0
2021-07-26,0.01733457924346726,0.05114348533727734,0.01709196587001915,0.8804153622827203,0.6214083480621106,0.3815700013939854,-0.2815993823041527,0.195,-1.165040181291897,0.26,0,-0.00019999999999997797,,,0.0
2021-07-27,0.03154713115377506,0.05791451692422995,0.02084593690623054,0.8449187811428048,0.6036545753533468,0.38489316950176533,-0.2664664664503577,0.225,-0.9214775159478193,0.32,0,-0.00019999999999997797,1.7800000000000011,-9.715319070990201e-06,0.0
2021-07-28,0.0006129915264366464,0.014134814167452743,0.015201928399978467,0.8290200729511759,0.6034372844480788,0.3790914881332722,-0.25523015175922054,0.315,-0.19078951991558707,0.5,0,-0.00019999999999997797,-1.0500000000000007,-0.0003710191673958847,0.0
2021-07-29,0.03502627568090282,-7.696532715802908e-05,0.005064503078765371,0.8274706330082269,0.5899899561172829,0.36824870735870285,-0.2514486950528732,0.315,-0.19078951991558707,0.5,0,-0.00019999999999997797,-0.6099999999999994,-0.006180001332035133,0.0
2021-07-30,0.03257022532996052,0.05327978825254109,0.015382590920854275,0.8174449210968281,0.6055691877697849,0.3609226515864147,-0.23984501804554587,0.33,-0.06900818724354824,0.53,0,-0.00039999999999995595,0.5399999999999991,0.0016699625652289005,0.0
2021-07-31,0.02773738465118003,-0.017797912555153794,0.01624309080001648,0.7688618644354589,0.583719294668523,0.36215533831636876,-0.22739692760868402,0.365,0.21514825565787524,0.6,0,-0.0006000000000000449,,,0.0
2021-08-01,0.009688009499400239,-0.03976527538307319,0.011238812944777203,0.7667495805599107,0.6061209598987561,0.36163146375609645,-0.21866480878578753,0.38166666666666665,0.350460847515696,0.6,0,-9.999999999998899e-05,,,-0.010000000000000009
2021-08-02,0.01985103789973777,-0.017663231962589804,-0.004951784319983064,0.7620934803772187,0.606763187300653,0.36325327301709265,-0.2225242486911165,0.32166666666666666,-0.13666448317245886,0.48,0,-9.999999999998899e-05,,,0.0
2021-08-03,-0.03827307394071198,-0.024324684058787516,-0.005204686162218848,0.7647568383890933,0.6125580021105312,0.3506557781382086,-0.22656025379459852,0.32166666666666666,-0.13666448317245886,0.48,0,0.0,-1.4200000000000017,0.0013632420836703094,0.0
2021-08-04,0.0824874810472735,0.03891484283709042,0.00483115654013923,0.7837412112948194,0.5988155022535206,0.3484046191881411,-0.222814604683021,0.29166666666666663,-0.3802271485165365,0.42,0,-9.999999999998899e-05,-0.07000000000000028,0.0006423942297335751,0.0
2021-08-05,0.03682485047539158,0.028276896761954197,0.03515505438603864,0.7716555496518142,0.6031250259837525,0.36419983788122606,-0.19500667914964973,0.33166666666666667,-0.0554769280577663,0.5,0,-0.00039999999999995595,-0.6899999999999977,-0.0011335503270615017,0.0
2021-08-06,0.02259052414762768,0.04718738719477047,0.022415089544064463,0.7729037359112174,0.6167720950881632,0.34967635622368604,-0.17675893337364101,0.3416666666666667,0.02571062705692625,0.52,0,-0.00039999999999995595,-1.1300000000000026,0.004789544719560559,0.0
2021-08-07,0.08886705851891687,0.03971879398871793,0.02536596126601472,0.7396468988799839,0.6112141567705804,0.35697438028286993,-0.1556095288822323,0.42666666666666664,0.715804845531812,0.69,0,-0.0007000000000000339,,,0.0
2021-08-08,-0.04811561615229547,-0.01761270403291667,0.025600965931514334,0.7700661036922991,0.6150617486791166,0.3484502429771952,-0.13371322990321152,0.45166666666666666,0.9187737333185434,0.74,0,-0.0004999999999999449,,,0.0
2021-08-09,0.048182063122100834,0.05462970446216788,-0.009343003771961072,0.7734650229252021,0.6318154526613,0.35073724518721716,-0.13875785543685595,0.4066666666666667,0.5534297353024273,0.65,0,-0.00019999999999997797,,,0.0
2021-08-10,-0.005985248375036194,-0.01455647910352678,0.024526784645960156,0.776424253086377,0.6363934469132969,0.355864202487446,-0.1096385549811014,0.43666666666666665,0.7969924006465046,0.71,0,-0.00029999999999996696,0.07000000000000028,0.00039832668072815257,0.0
2021-08-11,0.005978920282418204,-0.0016244406865866849,-0.00184145136043075,0.7408323290379105,0.6175370794876185,0.3552717769236663,-0.0974052234984843,0.43166666666666664,0.7563986230891583,0.7,0,-0.0006000000000000449,-0.7300000000000004,-0.0018987629354628094,0.0
2021-08-12,-0.03691412051983386,-0.02473710831782772,0.005139887356825369,0.7320330978287082,0.6254673453219415,0.3377846821935478,-0.09275404499134215,0.43166666666666664,0.7563986230891583,0.7,0,-0.00029999999999996696,-0.46999999999999886,-0.00011388159239960228,0.0
2021-08-13,0.08684721165506971,0.07380869283538957,0.004886203196376635,0.7728527522189135,0.6628586840348938,0.32729034715004185,-0.06111963127557448,0.43166666666666664,0.7563986230891583,0.7,0,-0.0006000000000000449,-0.14000000000000057,-0.001834485113548955,0.0
2021-08-14,-0.01796728302571902,-0.015421439567330678,0.03810524929923084,0.7575842697986221,0.6537319349525229,0.33315513288091747,-0.006594554101749785,0.46166666666666667,0.999961288433236,0.76,0,-0.0006000000000000449,,,0.0
2021-08-15,0.013372597588089221,-0.002013774690601655,0.0022402839265691574,0.743638688544071,0.6478983598102097,0.3169175204046794,0.0,0.42333333333333334,0.6887423271602482,0.71,0,-0.0008000000000000229,,,0.0
2021-08-16,-0.049768390285118105,-0.023097203992741226,0.0035262489376292837,0.7811387877338646,0.6597094872160131,0.31106638472931053,0.0,0.42833333333333334,0.7293361047175945,0.72,0,-0.00019999999999997797,,,0.0
2021-08-17,-0.043788914213628044,-0.02661032775885209,-0.022732531377297666,0.8063491475117629,0.6736099389169287,0.3332134555409224,-0.022476094216635427,0.42833333333333334,0.7293361047175945,0.72,0,9.999999999998899e-05,1.7899999999999991,0.003947317848476721,0.0
2021-08-18,0.0009392211792826106,0.00020894564849409231,-0.012084717932533892,0.7838245165934279,0.6583346695350012,0.33179035415447333,-0.03421810256064433,0.43333333333333335,0.7699298822749407,0.73,0,-0.00029999999999996696,3.66,0.0006906767278518153,0.0
2021-08-19,0.054725390405797096,0.0449495565754806,0.0142904000791442,0.784096974586403,0.64521930907611,0.29939847403837466,-0.020317607597156586,0.41833333333333333,0.6481485496029019,0.7,0,0.0,0.10000000000000142,0.003640813217257714,0.0
2021-08-20,0.031135900200595323,0.05333836243326847,0.03234901484509533,0.7129118794821042,0.6226445602996137,0.3057346930081745,0.0,0.41833333333333333,0.6481485496029019,0.7,0,-9.999999999998899e-05,-3.110000000000003,0.0034145297083421657,0.0
2021-08-21,-0.01886584590860062,-0.010201389940111036,0.022726985169835772,0.7235762780055967,0.6276303616663477,0.2774369566006627,0.0,0.45833333333333337,0.9728987700616721,0.78,0,-0.0008000000000000229,,,0.0
2021-08-22,0.004509845249292537,0.008512092205915797,-0.004800134309238071,0.7148018980488223,0.620169328572665,0.28351581415049515,-0.004788632075992393,0.44333333333333336,0.8511174373896333,0.76,0,-0.0007000000000000339,,,0.0
2021-08-23,0.025394395539343882,0.005056931265299252,0.014234392954397183,0.7141989849360888,0.6203755000442569,0.2796290343646674,0.0,0.45833333333333337,0.9728987700616721,0.79,0,-0.00019999999999997797,,,0.0
2021-08-24,-0.04642309843336153,-0.03736100600577641,-0.0016009636088840735,0.7438191533650325,0.6393702204461815,0.28176969380535305,-0.0015996827502728068,0.45833333333333337,0.9728987700616721,0.79,0,-9.999999999998899e-05,0.07000000000000028,-0.002304706247651357,0.0
2021-08-25,0.017585474802417882,0.026889274355853948,-0.013416652263767884,0.7438408830595685,0.6251363784418691,0.29262271616711694,-0.014905413850564724,0.42833333333333334,0.7293361047175945,0.73,0,-9.999999999998899e-05,-0.4299999999999997,-0.0004161686414090469,0.0
2021-08-26,-0.042306473411100186,-0.044455503018913885,-0.0048340735002777085,0.7641752366706981,0.6265696827978976,0.29373899634963274,-0.01965594203257449,0.43833333333333335,0.810523659832287,0.75,0,-0.00019999999999997797,2.0500000000000007,0.001372787629213847,0.0
2021-08-27,0.056638320858238035,0.04642565518730656,-0.0023953240590339174,0.7804346242131819,0.6419625983625682,0.29516356267537286,-0.022001373585017123,0.41833333333333333,0.6481485496029019,0.71,0,-0.0004999999999999449,-2.4499999999999993,-0.003944024516518849,0.0
2021-08-28,-0.008889383828903476,-0.0035635122599486395,0.02842063800791737,0.7789821667619794,0.6425473312330459,0.30336510668822564,0.0,0.45333333333333337,0.9323049925043259,0.78,0,-0.0004999999999999449,,,0.0
2021-08-29,-0.006496671711105125,-0.002611425769036323,-0.003947422825181891,0.7768329015320756,0.6207344003306943,0.3055567685139567,-0.003939641993146477,0.43666666666666665,0.7969924006465046,0.72,0,-0.0006000000000000449,,,0.0
2021-08-30,0.001912256843651099,-0.03728695560163383,-0.0065168871642884325,0.7742050407989431,0.633266744948684,0.3082595379462585,-0.010409749575894177,0.44166666666666665,0.8375861782038508,0.73,0,-0.00019999999999997797,,,0.0
2021-08-31,0.0599563219078398,0.0025079782457921107,0.002270377004261757,0.7950571044064616,0.6132044638590924,0.30843356400180666,-0.008160454219650245,0.44166666666666665,0.8375861782038508,0.73,0,-0.00029999999999996696,0.28999999999999915,-0.0012228656159825842,0.0
2021-09-01,0.10970717328448963,0.03565396658703159,0.04067992697612863,0.8678047187733232,0.6159676224913081,0.32656443871708457,0.0,0.43166666666666664,0.7563986230891583,0.71,0,-0.0004999999999999449,-0.370000000000001,-0.002074513268948183,-0.009999999999999995
2021-09-02,-0.010771663031670611,0.008895278543618722,0.05169043111589407,0.8526039624812438,0.6052708459980806,0.355324307091092,0.0,0.44666666666666666,0.8781799557611971,0.74,0,-0.0004999999999999449,0.3000000000000007,-0.0007701869790163152,0.0
2021-09-03,0.03943840471242703,0.015164663339698799,0.004886711156572154,0.8215550216285618,0.5958260430284501,0.3553132081837339,0.0,0.44666666666666666,0.8781799557611971,0.74,0,-0.00039999999999995595,0.0,-0.0021186345178063745,0.0
2021-09-04,-0.013444089791113096,-0.0016714247769793876,0.016817167461245456,0.8213616307057672,0.5919335238805837,0.34490263568225993,0.0,0.43666666666666665,0.7969924006465046,0.72,0,-0.00039999999999995595,,,0.0
2021-09-05,0.016532170943003768,0.036222989665486205,0.006686702169541787,0.8205200296821207,0.5836654383116986,0.34206455358437127,0.0,0.44166666666666665,0.8375861782038508,0.73,0,-0.0007000000000000339,,,0.0
2021-09-06,-0.005971788941050193,0.017372841164721087,0.014159064046530313,0.7715942975877661,0.5726652676014768,0.3376715905559512,0.0,0.4716666666666667,1.0811488435479286,0.79,0,-0.00029999999999996696,,,0.0
2021-09-07,-0.1339254691106614,-0.11668618261666851,-0.04124903075335066,0.8969456781031098,0.7107460440664645,0.37475701253931887,-0.04040986726345693,0.4716666666666667,1.0811488435479286,0.79,0,-0.0004999999999999449,,,0.0
2021-09-08,0.018585477497661956,-0.017552965928858206,-0.05505140124512115,0.8846096170456327,0.6880350939410926,0.42940998385098716,-0.09180887459658447,0.31166666666666665,-0.2178520382871514,0.47,0,0.0,-0.17999999999999972,0.0022315418651874305,0.0
2021-09-09,-0.021396179836424688,0.007503649579212201,0.009854426888819559,0.8882911616943125,0.686521767787266,0.42413249769233907,-0.08281492924494889,0.3016666666666667,-0.2990395934018435,0.45,0,-0.00019999999999997797,0.8399999999999999,-0.0016696508882210284,0.0
2021-09-10,-0.06516529967132847,-0.03385083421309653,-0.0016783885861404617,0.919287118885402,0.6969518185759853,0.42410098345563557,-0.08435303107173954,0.3066666666666667,-0.2584458158444972,0.46,0,0.0,2.1499999999999986,-0.0008894376552961499,0.0
2021-09-11,0.01802067583050709,0.007170959564001218,-0.021612570162026057,0.911075965671044,0.6918462728680063,0.4339472430058606,-0.10393019695528012,0.2316666666666667,-0.8673524792046909,0.31,0,-9.999999999998899e-05,,,0.0
2021-09-12,0.04107649122685121,0.018675103944809108,0.026747998895653692,0.8707348803699633,0.6434280060871054,0.44123457196761695,-0.07963869661410747,0.21833333333333332,-0.9756025526909478,0.32,0,0.0,,,0.0
2021-09-13,-0.03553970977302178,-0.023845431156868976,0.011709913480180925,0.8776348106066579,0.646425325942062,0.42532036134925383,-0.0687979974308481,0.2783333333333333,-0.4884772220027929,0.44,0,-0.00019999999999997797,,,0.0
2021-09-14,0.044360311577683144,0.047173046597374216,-0.010477117252211862,0.8900453075568654,0.668368839374358,0.42817800350770735,-0.07850337900707961,0.20833333333333331,-1.0567901078056403,0.3,0,-0.00029999999999996696,0.08999999999999986,-0.00024774354422975136,0.0
2021-09-15,0.05085716590548916,0.021209635319469546,0.03916413701368155,0.886635733610359,0.6668822036227213,0.4460965421151148,-0.041697732743938336,0.30333333333333334,-0.2855083342160616,0.49,0,-0.00019999999999997797,-1.2800000000000011,-0.00025488597973061055,0.0
2021-09-16,-0.012691059324419891,-0.00800323656818104,0.017230670482273093,0.8717795608223692,0.6601082622285894,0.4371059902148621,-0.0250424634978842,0.32333333333333336,-0.12313322398667646,0.53,0,-0.00029999999999996696,0.5100000000000016,0.0028840280038646094,0.0
2021-09-17,-0.048280061613189144,-0.009214083189828333,-0.011929040032594457,0.8918014537162929,0.6612822851297705,0.43702611124069674,-0.03660367679445854,0.29833333333333334,-0.32610211177340787,0.48,0,0.0,2.1199999999999974,0.002602881561210171,0.0
2021-09-18,0.010483677933386986,0.02077136613693967,-0.006808838555177027,0.8732941133442064,0.6466791595740095,0.43807077011912776,-0.04314100575904998,0.30833333333333335,-0.24491455665871528,0.5,0,-9.999999999998899e-05,,,0.0
2021-09-19,-0.031645421956531194,-0.0220032032815168,0.0017065895584163582,0.874869484463284,0.6230060867803952,0.4269890178840186,-0.04150664599661465,0.32833333333333337,-0.08253944642933018,0.53,0,0.0,,,0.0
2021-09-20,-0.1115476716565549,-0.09371472997414354,-0.058718935669488485,0.9565311901803651,0.7010121945001868,0.47414651216267517,-0.09616782770125634,0.31333333333333335,-0.204320779101369,0.5,0,0.00039999999999995595,,,0.0
2021-09-21,-0.07364405272892738,-0.054490852225822076,-0.07891956025783531,0.9875144486719565,0.7207766843522682,0.5506127782513749,-0.16475580367240616,0.19833333333333333,-1.1379776629203326,0.27,0,0.00019999999999997797,-1.3500000000000014,-0.0010914994535094376,0.0
2021-09-22,0.10656301735282846,0.06669051131367976,0.02228225725248811,1.057337240333793,0.7637986491300869,0.5541373961646688,-0.14593577998700888,0.16833333333333333,-1.38154032826441,0.21,0,-0.0006000000000000449,-3.4899999999999984,-0.0017200129811936386,0.0
2021-09-23,0.02426669220503795,0.029900811262542855,0.052546494171693284,1.0491356146383375,0.7631499995921696,0.5845401004830744,-0.09985767995003171,0.19833333333333333,-1.1379776629203326,0.27,0,-0.0004999999999999449,-2.240000000000002,-0.00096242203159651,0.0
2021-09-24,-0.07369519820941212,-0.04687874118217047,-0.0021626779995313245,1.0775964368021356,0.771307815495208,0.5823663781592446,-0.10180229439666821,0.22833333333333333,-0.8944149975762553,0.33,0,-0.0007000000000000339,-0.879999999999999,0.0021709611131727918,0.0
2021-09-25,-0.002324684052454036,-0.00327393879868255,-0.02041204075294631,1.0683345596913278,0.7577020559658423,0.5869657531643103,-0.11995049157912291,0.20333333333333334,-1.0973838853629865,0.28,0,-0.0006000000000000449,,,0.0
2021-09-26,0.04603310581959574,0.011423896898211428,0.0023720347820022913,1.061640019461748,0.7384937310935689,0.5868713323682458,-0.11786050575568148,0.18833333333333335,-1.219165218035025,0.27,0,-0.0004999999999999449,,,0.0
2021-09-27,-0.0447128426697441,-0.023763181042317418,0.007699273402481303,1.071763191403847,0.7416026635433715,0.5790809443696084,-0.11104245928889932,0.18333333333333335,-1.2597589955923714,0.26,0,-0.00019999999999997797,,,0.0
2021-09-28,-0.042124716846513546,-0.026952637413386934,-0.02782979915782021,1.0802100750414236,0.7454864671992859,0.5872206361252161,-0.13544089266580228,0.17833333333333334,-1.3003527731497175,0.25,0,0.0,4.489999999999998,0.004418620102611281,0.0
2021-09-29,0.01610542365492962,0.012059142038448096,-0.013030588355067376,1.0824252177817841,0.7390649266350245,0.5884994499135259,-0.14663352483908546,0.17333333333333334,-1.340946550707064,0.24,0,0.00019999999999997797,-0.6900000000000013,0.004038334233253031,0.0
2021-09-30,0.05133872477868343,0.053905577976211407,0.02219439205968903,1.076400820986117,0.7661129345810932,0.5938496380193399,-0.12748183077168526,0.15333333333333332,-1.503321660936449,0.2,0,9.999999999998899e-05,0.5800000000000018,-0.0006008297560946823,0.0
2021-10-01,0.09810539735495885,0.09396298154418624,0.04087171689175285,1.061573015169816,0.8271366658681252,0.5940155460144777,-0.09108171460473852,0.18833333333333335,-1.219165218035025,0.27,0,-0.0004999999999999449,-1.990000000000002,-0.0022749104759393593,0.0
2021-10-02,0.023247937341022602,-0.01058119005719298,0.0399328217866951,1.0658030134128806,0.8271539680145995,0.5824305040735727,-0.05405160495773625,0.32333333333333336,-0.12313322398667646,0.54,0,-0.0006000000000000449,,,0.0
2021-10-03,0.008807651981751716,0.01179354266560912,0.016486324755659816,1.0555032364858894,0.8264024250465476,0.5851631416876835,-0.03832712926485642,0.305,-0.2719770750302796,0.49,0,-0.0004999999999999449,,,0.0
2021-10-04,-0.00923575503416948,0.02104117710619458,0.003218206322215977,1.0551676722958907,0.8300361960075485,0.5821450802469545,-0.03522728225411672,0.33,-0.06900818724354824,0.54,0,-0.00039999999999995595,,,0.0
2021-10-05,0.03737550299278515,0.04463737058465869,0.007579139462333629,1.062894000648978,0.8352199044668119,0.5822920616536026,-0.02788735524745501,0.355,0.13396070054318268,0.59,0,-0.0007000000000000339,-1.6600000000000001,0.0008003873777143284,0.0
2021-10-06,0.016818070473447688,0.07200634327060802,0.012237266855412005,1.0653018150479372,0.8706622454249285,0.5817226496404778,-0.01591826830921455,0.4,0.49930469855929915,0.68,0,-0.00039999999999995595,-0.3000000000000007,0.003082715805255241,0.0
2021-10-07,0.003512812239617455,-0.02804541125150523,0.010090704538064143,0.9550804082502857,0.7678759322675379,0.563784552826486,-0.005937920628634658,0.44,0.8240549190180689,0.76,0,-0.00029999999999996696,-1.4600000000000009,-0.0018680512484621512,0.0
2021-10-08,-0.006807846616126461,0.00308548914159256,0.017590397450175484,0.9534526203564962,0.7637480825845955,0.52842969372095,0.0,0.43,0.7428673639033764,0.74,0,-9.999999999998899e-05,-0.7699999999999996,0.0008223375975739108,0.0
2021-10-09,0.0032754531627249253,0.018334387918285084,0.005070971044330228,0.9501650680640503,0.7650782000011553,0.527980084396672,0.0,0.42,0.6616798087886838,0.72,0,-0.00019999999999997797,,,0.0
2021-10-10,-0.04596576239303148,-0.005304699876692706,0.006764896039459559,0.9354753900790368,0.7529152309449795,0.5277715511198836,0.0,0.41833333333333333,0.6481485496029019,0.71,0,-0.00029999999999996696,,,0.0
2021-10-11,0.03677635511606598,0.05017267734198954,-0.021238449914795177,0.941767441732428,0.7681182505519789,0.5275471020902225,-0.02101450227302727,0.41833333333333333,0.6481485496029019,0.71,0,-9.999999999998899e-05,,,0.0
2021-10-12,-0.014405431106841837,-0.02598969495671528,0.0158283956967947,0.9331510679292498,0.7760825661505155,0.5229056159815644,-0.005395446229887824,0.45333333333333337,0.9323049925043259,0.78,0,0.0,-0.14999999999999858,,0.0
2021-10-13,0.03267284855359334,0.024172357303921338,0.007685949858721296,0.9300048575819029,0.770475886258569,0.5222856930652086,0.0,0.41333333333333333,0.6075547720455556,0.7,0,0.00019999999999997797,-1.2100000000000009,-0.002475301700517165,0.0
2021-10-14,0.04958951913336564,-0.00033230196825961595,0.02389369521429603,0.9330973239445777,0.7578988383303924,0.5246832386673592,0.0,0.41333333333333333,0.6075547720455556,0.7,0,-9.999999999998899e-05,-1.7800000000000011,-0.0023194419251518334,0.0
2021-10-15,0.020411136536652923,0.07269990621610015,0.019981873271121026,0.9195076984696798,0.7909887485498296,0.5128092014880106,0.0,0.41833333333333333,0.6481485496029019,0.71,0,0.00029999999999996696,-0.5599999999999987,-0.0010057128486487179,0.0
2021-10-16,-0.010139131794052639,-0.013004884546981205,0.017089443384555817,0.9190278208448783,0.792474899461239,0.5127626758790658,0.0,0.45333333333333337,0.9323049925043259,0.78,0,0.0,,,0.0
2021-10-17,0.004400272314298231,0.010665774343540647,0.0017617615975443854,0.9006783689863591,0.7900371226197597,0.5097131433475187,0.0,0.47000000000000003,1.0676175843621465,0.79,0,0.00019999999999997797,,,0.0
2021-10-18,-0.026843695583821218,0.007795362977312687,0.0026016482966962563,0.9067481830135574,0.7888510141908349,0.5082115463723461,0.0,0.465,1.0270238068048003,0.78,0,0.0,,,0.0
2021-10-19,0.03465846059629758,0.035964637291379095,-0.014074323691159825,0.9044701220821919,0.7867031543115075,0.5122703388519245,-0.013975743422931971,0.45,0.9052424741327615,0.75,0,0.0,-0.6099999999999994,-0.003012694860596868,0.0
2021-10-20,0.0707220817771679,0.0264183860137485,0.02219573878957446,0.8289425738823274,0.6928555837028325,0.46300374489455404,0.0,0.485,1.189398917034185,0.82,0,-0.00029999999999996696,-0.20999999999999908,-0.0012211911167120076,0.0
2021-10-21,-0.026336598042769006,-0.05943124037142096,0.04826018990101922,0.7831903829681242,0.6992117507697092,0.37031619178397074,0.0,0.495,1.2705864721488775,0.84,0,0.00019999999999997797,-0.4800000000000004,0.0009730235512909296,0.0
2021-10-22,-0.020134782952406817,-0.024495255024330125,-0.015509074697899134,0.7137576440743388,0.685098340268706,0.3790750121547489,-0.015389428332294735,0.45,0.9052424741327615,0.75,0,0.00039999999999995595,0.41999999999999993,0.00045052814627070015,0.0
2021-10-23,0.04790505233930084,0.009814059457965237,-0.010708965552539279,0.7249981653831796,0.6817223345814302,0.352259039999324,-0.02587733149918254,0.445,0.8646486965754152,0.74,0,0.00019999999999997797,,,0.0
2021-10-24,-0.020557245877644018,-0.007115367573461971,0.026658119458640432,0.6700448424127904,0.6531868985471235,0.3565775072109127,0.0,0.44166666666666665,0.8375861782038508,0.73,0,9.999999999998899e-05,,,0.0
2021-10-25,0.03325489808536082,0.03593611946449075,-0.006513456547562161,0.6725796203146517,0.6561685990372821,0.34551340977091755,-0.006492289970257674,0.43666666666666665,0.7969924006465046,0.72,0,0.00029999999999996696,,,0.0
2021-10-26,-0.021277423925354973,-0.044574653976376374,0.02503736884230583,0.6710140582334473,0.6862744800541279,0.3490905136005013,0.0,0.45666666666666667,0.9593675108758897,0.76,0,-0.00019999999999997797,0.7400000000000002,0.0006071832603967589,0.0
2021-10-27,-0.052043650230062355,-0.03226376706842764,-0.008855416486277471,0.6789792209661205,0.6923331783675601,0.35502643641466086,-0.008816322767864721,0.44166666666666665,0.8375861782038508,0.73,0,-0.0006000000000000449,1.0,-0.0004593133785818606,0.0
2021-10-28,0.0887568356219197,0.03635095878154798,-0.03738042194566799,0.7060130066592413,0.6839562589710962,0.3688497252360059,-0.04518324685057311,0.4066666666666667,0.5534297353024273,0.66,0,-0.0004999999999999449,-0.4499999999999993,-0.0016110233039724948,0.0
2021-10-29,0.03052996993308751,0.027321172837900806,0.044362871035194686,0.7083093089871438,0.6857643955945418,0.38013818146440365,-0.001871214487867214,0.42666666666666664,0.715804845531812,0.7,0,0.0,-0.2699999999999996,0.006116716159972714,0.0
2021-10-30,-0.02201295305292249,-0.006357458874696461,-0.014950949592023062,0.7066498255045839,0.6731721522455009,0.38808569485067473,-0.016683185222440715,0.44166666666666665,0.8375861782038508,0.73,0,-0.0004999999999999449,,,0.0
2021-10-31,-0.008239408555731416,-0.009084092793678443,-0.01729497758966192,0.6378876517108029,0.6069782978618253,0.3819524754089324,-0.033543408642646814,0.45166666666666666,0.9187737333185434,0.74,0,-0.0006000000000000449,,,0.0
2021-11-01,0.007487277385632659,-0.006360992003154558,0.015492833240307147,0.6357050903594095,0.6055242726364248,0.36504704892599393,-0.018453668251654228,0.45166666666666666,0.9187737333185434,0.74,0,-0.0006000000000000449,,,0.0
2021-11-02,0.06073260953753246,0.03720496031871912,0.012668445869858555,0.6617036198345304,0.6138550479879863,0.36401063258638183,-0.005939904067263528,0.44666666666666666,0.8781799557611971,0.73,0,-0.0008000000000000229,-0.379999999999999,0.0006827390705283399,0.0
2021-11-03,0.00292824066767199,-0.005130348313391929,0.03662223075393451,0.6586457503586817,0.6142039795377262,0.3784082063218579,0.0,0.46166666666666667,0.999961288433236,0.76,0,-0.0004999999999999449,-0.9300000000000015,0.0006525428408104561,0.0
2021-11-04,-0.0155503496356356,-0.024161638804099172,0.014799955267016336,0.6570662256227487,0.6096547556554534,0.37920096584811247,0.0,0.44666666666666666,0.8781799557611971,0.73,0,-0.0008000000000000229,0.33999999999999986,-3.060576236789513e-05,0.0
2021-11-05,-0.012897444774280788,-0.007486048650989339,0.0017148307035758715,0.660481130867387,0.5623463916443433,0.37949918203957905,0.0,0.44666666666666666,0.8781799557611971,0.73,0,-0.0008000000000000229,1.040000000000001,-0.0024742930554006288,0.0
2021-11-06,0.009732913144382904,0.008716661568431403,-0.003776556865825503,0.6603672275169191,0.5511236556403546,0.3814564326681932,-0.003769434643591753,0.43666666666666665,0.7969924006465046,0.71,0,-0.0007000000000000339,,,0.0
2021-11-07,0.020720103325595696,0.02890884809094554,0.013740453992238675,0.6597425384334643,0.5576399227651585,0.38037044214310084,0.0,0.4533333333333333,0.9323049925043254,0.73,0,-0.0007000000000000339,,,0.0
2021-11-08,0.04148751611907041,0.06504216884637133,0.027843812733865953,0.6692526253396756,0.5939826557266672,0.38710290964146127,0.0,0.4633333333333333,1.013492547619018,0.75,0,-0.0006000000000000449,,,0.0
2021-11-09,-0.015859355851561986,-0.008599071276880508,0.02109048311619845,0.6454495201376085,0.5949428798267704,0.3898253839706037,0.0,0.5083333333333333,1.378836545635134,0.84,0,9.999999999998899e-05,0.5600000000000023,-0.0005589056842779302,0.0
2021-11-10,-0.02212434718279934,-0.03133425720348249,-0.007641833126702157,0.6483998611311501,0.5879742380482436,0.379608908487481,-0.007612708555525435,0.4633333333333333,1.013492547619018,0.75,0,-0.00029999999999996696,0.9499999999999993,0.0033908094604043902,0.0
2021-11-11,0.01930357828813424,-0.0016685606442103456,-0.026155443972075813,0.6437823728580548,0.5783803500913899,0.3975828089789102,-0.033232529320103524,0.47333333333333333,1.0946801027337105,0.77,0,-0.0006000000000000449,-1.0700000000000003,,0.0
2021-11-12,-0.01141047666102849,-0.010117196545531833,0.016399403601030545,0.6426408409936237,0.5763281798709413,0.39883392092683817,-0.017247404374549028,0.4583333333333333,0.9728987700616717,0.74,0,0.0,-1.370000000000001,,0.0
2021-11-13,-0.004550081214127238,0.004011920193832118,-0.005246500144985512,0.6266983102292901,0.5761437837752363,0.3968388020847612,-0.022389914124953683,0.4483333333333333,0.8917112149469791,0.72,0,-0.00019999999999997797,,,0.0
2021-11-14,-0.003835712162146753,0.01753867731607232,0.008510346659339968,0.6257610136409455,0.5228466999955872,0.3940040544117093,-0.014034610559973,0.455,0.9458362516901078,0.74,0,-0.00029999999999996696,,,0.0
2021-11-15,-0.013649415199348564,-0.029622263612827583,0.004407167525678197,0.6270162218241134,0.5319886445892177,0.39210824793036136,-0.00967970656728148,0.445,0.8646486965754152,0.72,0,-0.00029999999999996696,,,0.0
2021-11-16,-0.08074558856416793,-0.057394191714532264,-0.02143531745706703,0.6960231206907894,0.5688613246464064,0.40335337044272956,-0.030681640732801985,0.44,0.8240549190180689,0.71,0,-0.00039999999999995595,-0.11999999999999744,0.004774442345016265,0.0
2021-11-17,0.018368141946262656,0.004750691928607092,-0.04327595327708273,0.6894545816253935,0.5683808476090325,0.4372433193528705,-0.07173509614611981,0.34500000000000003,0.05277314542849059,0.52,0,-0.00039999999999995595,0.7399999999999984,-0.0009532404595080753,0.0
2021-11-18,-0.07025472023755505,-0.058927885424531284,0.01268407703837688,0.727770093411837,0.5869733887258144,0.4336023880808292,-0.05988592354779511,0.35500000000000004,0.13396070054318315,0.54,0,-0.0004999999999999449,0.4800000000000004,0.0003607219867871332,0.0
2021-11-19,0.07187661429380714,0.020195240460608506,-0.047218277396336834,0.7291717079749244,0.583294813438528,0.464371053075789,-0.10324477012088572,0.255,-0.6779148506037419,0.34,0,-0.0008000000000000229,0.3200000000000003,0.0013105416218301814,0.0
2021-11-20,0.026970956981331097,0.028114513307780045,0.0563778442042994,0.7276751723304062,0.5585136591277269,0.47525316964339015,-0.051235328486035445,0.3,-0.3125708525876259,0.43,0,-0.0004999999999999449,,,0.0
2021-11-21,-0.0354942639726857,-0.018347414213866074,0.0238860833671522,0.735704141915047,0.5557130302491399,0.4764171354365915,-0.02830023208238318,0.31833333333333336,-0.16372700154402273,0.49,0,-0.0007000000000000339,,,0.0
2021-11-22,-0.04131321373002092,-0.0413544874234942,-0.01134056175927427,0.7319328901909828,0.5714402030303039,0.4766630592233205,-0.03925760449874946,0.32333333333333336,-0.12313322398667646,0.5,0,-0.0006000000000000449,,,0.0
2021-11-23,0.060186153304300265,0.022746522987712518,-0.02762017009690392,0.7580210690282577,0.5780958139615445,0.48134586850343103,-0.06543036103341536,0.23833333333333334,-0.8132274424615628,0.33,0,0.0,0.2099999999999973,0.003139950408495748,0.0
2021-11-24,-0.016281374425884006,-0.007027959623695437,0.03260626624746331,0.7520123575842095,0.5619352661239375,0.4919657581703901,-0.034455288082419766,0.2833333333333333,-0.44788344444544664,0.42,0,-0.00019999999999997797,-0.8000000000000007,0.002232623302955566,0.0
2021-11-25,0.05812049432818608,0.0313908838384089,-0.004430221958443434,0.7739036593914383,0.5541205422373191,0.48620784829401276,-0.03872340413547645,0.23333333333333334,-0.853821220018909,0.32,0,-0.0004999999999999449,,,0.0
2021-11-26,-0.1130427498597328,-0.09295843321180253,0.025432870480514246,0.8536773361033931,0.632451376989678,0.49106344091716975,-0.013961836807382685,0.30833333333333335,-0.24491455665871528,0.47,0,-0.0006000000000000449,,,0.0
2021-11-27,0.013295855296929508,0.0183411757514558,-0.07356888273656109,0.7945724534559092,0.6214478326051761,0.5423942860182848,-0.08389940713708532,0.17833333333333334,-1.3003527731497175,0.21,0,-0.0004999999999999449,,,0.0
2021-11-28,0.04756279890436802,0.04561403694585218,0.009487082974733562,0.8053667969203298,0.6359321392940109,0.5214753258429998,-0.07516692741650159,0.21333333333333332,-1.0161963302482941,0.27,0,-0.0006000000000000449,,,0.0
2021-11-29,0.03427379481970036,0.008715658399547181,0.03652143134186997,0.810751499044599,0.637036889474998,0.532458292056085,-0.0407663441664893,0.24333333333333335,-0.7726336649042165,0.33,0,-0.0008000000000000229,,,0.0
2021-11-30,0.04093889543660272,-0.014394268550105557,0.020864747285833037,0.821824910973503,0.6380196692406679,0.5310488526641387,-0.020541921312652794,0.2783333333333333,-0.4884772220027929,0.4,0,-0.0008000000000000229,4.23,-0.0032123662810259394,0.0
2021-12-01,-0.010270126445922146,0.004091840063051094,0.01855974484733657,0.8228200298077875,0.6382555860931578,0.531992506631538,-0.0021936866964793527,0.24833333333333335,-0.7320398873468702,0.34,0,-0.00029999999999996696,3.9299999999999997,-0.002741107663376273,0.0
2021-12-02,-0.015777485369650516,-0.012382750098007033,0.002219990629925881,0.7969241845692902,0.623072514097789,0.5311180059118895,0.0,0.23833333333333334,-0.8132274424615628,0.32,0,-0.0007000000000000339,-3.1700000000000017,0.0011125150452998814,0.0
2021-12-03,-0.06774264277089759,-0.05232395555977342,-0.01138751407016486,0.8304327262617374,0.6457152613063334,0.5199857418298333,-0.011322921746305666,0.23333333333333334,-0.853821220018909,0.31,0,-0.0004999999999999449,2.7200000000000024,0.0018918809357912415,0.0
2021-12-04,-0.023637302670389607,-0.08664155778315352,-0.04790758923295154,0.8324559338375148,0.7028943160833769,0.5461096127751898,-0.057571385680124404,0.2033333333333333,-1.0973838853629867,0.25,0,-0.0010999999999999899,,,0.0
2021-12-05,0.01905108203737565,0.004949030282182365,-0.03916001022032834,0.8352268590267499,0.704215179855393,0.5628896864355811,-0.09376363054110484,0.16499999999999998,-1.4086028466359743,0.18,0,-0.0010000000000000009,,,0.0
2021-12-06,0.035385121775086834,0.020946445463868552,-0.005241456426029585,0.8445558167575661,0.7089265393033797,0.5629934066381073,-0.09850120224925264,0.155,-1.4897904017506667,0.16,0,-0.0010999999999999899,,,0.0
2021-12-07,-0.009519380320032963,0.0029105975984963822,0.027042454087505913,0.8412207443694614,0.6982605379819382,0.5693618201032111,-0.07378984038838779,0.2,-1.1244464037345505,0.25,0,-0.0009000000000000119,-5.289999999999999,-0.0025714500614597057,0.0
2021-12-08,0.02985589995078007,-0.002330494560926045,0.00380759821323139,0.8345541762555603,0.6479491453192165,0.5601754913982333,-0.07025648170329327,0.21500000000000002,-1.0026650710625118,0.28,0,-0.0008000000000000229,-1.990000000000002,-0.003577218075255352,0.0
2021-12-09,-0.07759655003333575,-0.05971363822672122,0.018245403067753976,0.8736930779150756,0.6709730108976728,0.5588032910129022,-0.05313723761424264,0.21999999999999997,-0.9620712935051658,0.29,0,-0.00039999999999995595,1.6799999999999997,0.0029115123832359016,0.0
2021-12-10,-0.05191342972413053,-0.008555687528783013,-0.04776448980876636,0.8872291952139211,0.6671519517748941,0.5811437683441877,-0.0973005395542098,0.195,-1.165040181291897,0.24,0,-0.00039999999999995595,-2.889999999999997,-0.0017739237922744008,0.0
2021-12-11,0.047942715502466884,0.0466144194002914,-0.031040077545218484,0.9028845667253863,0.6959662110497885,0.5838203973841862,-0.12488999623245971,0.155,-1.4897904017506667,0.16,0,-0.0004999999999999449,,,0.0
2021-12-12,0.00988648301255014,0.013352652721007085,0.021828762127553965,0.9039694806565207,0.7003096466953623,0.5864297793400874,-0.10557741005616085,0.20333333333333334,-1.0973838853629865,0.27,0,-0.0004999999999999449,,,0.0
2021-12-13,-0.08804294563350627,-0.06929737535263912,0.009933735641853595,0.9502619321230308,0.7301923112038958,0.5881309833847241,-0.09664817559553254,0.20833333333333334,-1.05679010780564,0.28,0,0.0,,,0.0
2021-12-14,0.020171029867780976,0.034524176232671906,-0.05753791633879518,0.9548975120433686,0.7407866630308809,0.6168043163548902,-0.14715810511450741,0.17333333333333334,-1.340946550707064,0.21,0,-0.0006000000000000449,1.5800000000000018,0.003427244709790929,0.0
2021-12-15,0.04064752951085382,0.010733758816394861,0.018175172556424236,0.9681461521388341,0.740798293922931,0.6212540845729142,-0.13151583664649122,0.20833333333333334,-1.05679010780564,0.28,0,-0.00029999999999996696,-2.6000000000000014,0.0015662235387839793,0.0
2021-12-16,-0.015286382109833728,-0.025548202428183887,0.030780139031518283,0.9291776467943889,0.7226042829426095,0.6298450802512479,-0.10436811128878835,0.21333333333333332,-1.0161963302482941,0.29,0,-0.00019999999999997797,1.2800000000000011,-0.006093847273444076,0.0
2021-12-17,-0.021112594579608644,-0.03202327139996514,-0.007308024783973891,0.9284605303958532,0.7259887644855633,0.6129014037121415,-0.11088955287611713,0.18333333333333335,-1.2597589955923714,0.23,0,-0.00029999999999996696,1.0,0.0006600272544038002,0.0
2021-12-18,0.021572304313848916,0.015130173120065147,-0.006999090831989369,0.9000153982344543,0.7075482530559097,0.6110366992822985,-0.1170907908262422,0.18833333333333332,-1.2191652180350252,0.24,0,-0.00019999999999997797,,,0.0
2021-12-19,-0.009079129396085642,-0.0032775271061218484,0.027725745045694274,0.8617777602338348,0.7011162399376635,0.5971341534889651,-0.09226896342470212,0.20666666666666667,-1.0703213669914222,0.29,0,-0.00019999999999997797,,,0.0
2021-12-20,0.005233291944611535,0.00497739217481098,-0.002041526290883698,0.8555732877222574,0.690992395069903,0.5619453323342909,-0.09412022985339866,0.18666666666666668,-1.232696477220807,0.25,0,-9.999999999998899e-05,,,0.0
2021-12-21,0.017445107992705444,0.041250873237454126,3.101310445093253e-06,0.8507514709758482,0.7107878341501276,0.5544689455960744,-0.09411742043464907,0.19666666666666668,-1.1515089221061146,0.27,0,-0.00039999999999995595,-1.8599999999999994,0.0008590455128765941,0.0
2021-12-22,-0.008666922744595622,-0.0061905422711137255,0.03261689453533199,0.8392924999140042,0.6992957000633142,0.5665531685400341,-0.06408319493435345,0.2866666666666667,-0.42082092607388233,0.45,0,-0.0004999999999999449,-2.3800000000000026,-0.0031088099000771527,0.0
2021-12-23,0.032607339228882204,0.04528015945422746,-0.0010528862006102377,0.8193119534078329,0.7147463258392913,0.558284610221896,-0.06506809024100214,0.2316666666666667,-0.8673524792046909,0.34,0,-0.00039999999999995595,-0.6699999999999982,-0.0018574716234851139,0.0
2021-12-24,-0.01594832381346089,-0.0003700613889668522,0.030813839194604353,0.8192386791659331,0.7147836197696943,0.5570011026731327,-0.035810798909312706,0.26666666666666666,-0.5831960363032674,0.41,0,-0.0006000000000000449,,,0.0
2021-12-25,0.011907490847253626,-0.008305548869195585,-0.004076757131507591,0.792113811192186,0.7034324419883532,0.5569674495416304,-0.03973356260054561,0.25666666666666665,-0.66438359141796,0.39,0,-0.0007000000000000339,,,0.0
2021-12-26,-0.007665765703513949,0.007429328815574095,0.00873083012115151,0.6866730156806685,0.6290768575752824,0.5503631274128911,-0.03131293341324457,0.24833333333333332,-0.7320398873468704,0.37,0,-0.0007000000000000339,,,0.0
2021-12-27,-0.0065006234506166825,-0.0014594452777345129,0.009043074829352635,0.6853859858019037,0.6248419280897352,0.48391447917023833,-0.022513295860842247,0.2633333333333333,-0.6102585546748318,0.4,0,-0.0004999999999999449,,,0.0
2021-12-28,-0.06246746360159126,-0.06430418312979821,-0.017390221471514485,0.6956991990265442,0.6357506569700528,0.48785950229951497,-0.03936505354218908,0.2683333333333333,-0.5696647771174855,0.41,0,-0.00019999999999997797,-0.14000000000000057,-0.00042618140380588595,0.0
2021-12-29,-0.043806361141283154,-0.02295810578396181,-0.03397834924765068,0.6947398378070302,0.6359928188018626,0.4857091091552583,-0.07145753096948813,0.19833333333333333,-1.1379776629203326,0.27,0,0.0,-0.5899999999999999,-0.0004454323757391908,0.0
2021-12-30,0.021550103255039157,0.01402397902343454,-0.01790713158404407,0.6811489059850037,0.6396961237339936,0.4824751095353553,-0.08793707212204394,0.17333333333333334,-1.340946550707064,0.22,0,-0.00029999999999996696,0.379999999999999,-0.000735310727912638,0.0
2021-12-31,-0.008947321214971451,-0.019369821492674983,0.008618045405052715,0.6810941968582505,0.6401263791777339,0.4782735172265199,-0.08004290511117879,0.20333333333333334,-1.0973838853629865,0.28,0,-9.999999999998899e-05,-0.10999999999999943,,0.0
2022-01-01,0.02400350671726048,0.03205994678177879,-4.2530960477849904e-05,0.6889867517140413,0.6541255243046501,0.47804522199330607,-0.0800820309379874,0.16833333333333333,-1.38154032826441,0.21,0,-0.00019999999999997797,,,0.0
2022-01-02,0.016521726756629256,-0.009188052743592882,0.020441613041604145,0.6558772676764629,0.6322989039564693,0.4836926873253294,-0.061083909198781275,0.31999999999999995,-0.15019574235824124,0.29,0,-0.00019999999999997797,,,0.0
2022-01-03,-0.016428782919867397,-0.01792557472959721,0.006796303462693911,0.6535298113319349,0.5609019755960883,0.45471729659463317,-0.054681017166686725,0.31999999999999995,-0.15019574235824124,0.29,0,0.00019999999999997797,,,0.0
2022-01-04,0.005090727455432364,-0.013309745191831738,0.0007552868744282917,0.6494094637529634,0.5617159860037154,0.43209140854168215,-0.05396676044639644,0.29,-0.39375840770231846,0.23,0,0.00019999999999997797,0.3099999999999987,-0.000865116445918258,0.0
2022-01-05,-0.06677027114101414,-0.0533458970167032,0.00010579271657863633,0.6699740339843714,0.582096214984685,0.4314539612217031,-0.05386667172577492,0.295,-0.3531646301449722,0.24,0,0.0,2.8200000000000003,-0.001504031790944445,0.0
2022-01-06,-0.03852830782695031,-0.00852438625717462,-0.039016619318041595,0.6790120586518391,0.5815132679699253,0.44379729317059663,-0.09007072311496252,0.25,-0.7185086281610882,0.15,0,9.999999999998899e-05,-0.120000000000001,0.0023214909602589867,0.0
2022-01-07,-0.06286308798825013,-0.03581839879060997,-0.0171436602510547,0.6911867753781819,0.5909764089595749,0.4471876461757303,-0.10553728593464953,0.265,-0.5967272954890493,0.18,0,0.00019999999999997797,-0.8499999999999979,-0.0031199892351722438,0.0
2022-01-08,-0.03767529061248328,0.0027210861918856148,-0.030398555853994567,0.6558250043462022,0.5594648720990764,0.4525988791817735,-0.13231854265718496,0.22499999999999998,-0.9214775159478196,0.1,0,0.00019999999999997797,,,0.0
2022-01-09,0.02278966319823475,0.00442591939892638,-0.01890233671918117,0.6468227189983545,0.5600801321415012,0.4270754600639419,-0.14856571124883466,0.27666666666666667,-0.5020084811885749,0.23,0,9.999999999998899e-05,,,0.0
2022-01-10,-0.02222830567176738,-0.0010068457032168852,0.012824619085828628,0.6173297782697561,0.5297733019703624,0.41675122198514286,-0.13757607247593823,0.27666666666666667,-0.5020084811885749,0.23,0,0.0,,,0.0
2022-01-11,0.049687557804675944,0.02145040043967803,-0.015851493415946008,0.6478520330486188,0.5341436227210421,0.41205521459267697,-0.15113899936666508,0.26666666666666666,-0.5831960363032674,0.21,0,-0.0004999999999999449,-0.9899999999999984,-0.0033765900039811362,0.0
2022-01-12,0.03979965540945987,0.027090276943410884,0.031081288277346086,0.6010603673737551,0.492954263591717,0.4259653421829394,-0.12434100511387418,0.27166666666666667,-0.5426022587459212,0.22,0,-0.0004999999999999449,-0.7899999999999991,-0.004172995764559084,0.0
2022-01-13,-0.03952497803790752,-0.03105748088409937,0.028190259551190023,0.607093313704134,0.4847016522500454,0.38592342298708987,-0.09930471905535788,0.26666666666666666,-0.5831960363032674,0.21,0,-0.0004999999999999449,2.6899999999999977,-0.0015577690301158673,0.0
2022-01-14,0.02040684557339173,0.011676133382902501,-0.014971948643610802,0.5914985414737134,0.48507923845893924,0.38556186024909717,-0.11268943488150773,0.26666666666666666,-0.5831960363032674,0.21,0,-0.00039999999999995595,-1.1199999999999974,0.0017982193291047276,0.0
2022-01-15,0.005613977894932952,0.0005648665034966843,0.00945011779646046,0.5920815651928397,0.4791405580240138,0.37155150179564667,-0.10426449990389389,0.27666666666666667,-0.5020084811885749,0.23,0,-0.0004999999999999449,,,0.0
2022-01-16,0.006246161427139561,-0.0002931892710942959,0.0093429387854553,0.5908649744902142,0.4678879986228443,0.3719664565376641,-0.09585648131865575,0.275,-0.5155397403743568,0.21,0,-0.00029999999999996696,,,0.0
2022-01-17,-0.04186044046482609,-0.020406631301085873,0.004574233591466594,0.5965121425274666,0.4676570562569657,0.3711964651568853,-0.09171124425045125,0.28,-0.47494596281701057,0.22,0,-9.999999999998899e-05,,,0.0
2022-01-18,-0.015643570001207946,0.0035598699462948903,-0.02597690811800765,0.5972388644759064,0.46830053549807643,0.3696915390241968,-0.11500195774174286,0.29000000000000004,-0.393758407702318,0.24,0,-0.00029999999999996696,,,0.0
2022-01-19,-0.02429061735337126,-0.016476803005825883,-0.005739562788812286,0.598367590596911,0.46953746841662125,0.370066970204843,-0.12006691036208998,0.29000000000000004,-0.393758407702318,0.24,0,-0.00019999999999997797,1.0600000000000023,-0.0011022542387306967,0.0
2022-01-20,-0.027128440411799574,-0.023782735226194826,-0.009195475210229485,0.5945053558558948,0.4448723279908948,0.37115227553929175,-0.12812122489588254,0.29000000000000004,-0.393758407702318,0.24,0,-9.999999999998899e-05,1.7399999999999984,-0.0012808028463553805,0.0
2022-01-21,-0.15591970501576202,-0.109946159879111,-0.025537271762716956,0.7832345519470252,0.5736324263400823,0.35956418362089465,-0.15010473596822102,0.265,-0.5967272954890493,0.19,0,0.0,3.2600000000000016,0.0012947630266862793,0.0
2022-01-22,-0.06265489239063485,-0.038426226985850784,-0.10896134271076251,0.7814521449026696,0.5465308179108556,0.5148672166190162,-0.23784360272418664,0.23500000000000001,-0.8402899608331268,0.13,0,9.999999999998899e-05,,,0.0
2022-01-23,0.05124333832710833,0.032902471390134344,-0.049926243481747554,0.8177318021088381,0.5676447603762051,0.5176226839631474,-0.27496093445478537,0.245,-0.7591024057184345,0.11,0,-9.999999999998899e-05,,,0.0
2022-01-24,-0.040067227918663954,0.011406764386201865,0.026426379574850913,0.8158728210291617,0.5730772912380132,0.5323714580717835,-0.25554536519848275,0.255,-0.6779148506037419,0.13,0,-0.00029999999999996696,,,0.0
2022-01-25,0.007978613695370262,0.008095001638556682,-0.02974290261517876,0.8200044812368751,0.5733456587022641,0.5336247692798359,-0.2773615601551425,0.25,-0.7185086281610882,0.12,0,-0.0006000000000000449,1.2600000000000016,-0.00032990578884511496,0.0
2022-01-26,0.0016904319908573088,-0.004039173875103207,0.03259956289225494,0.8217883485612635,0.5728991711792105,0.550146437211412,-0.25341567075668514,0.305,-0.2719770750302796,0.23,0,-0.0007000000000000339,0.8000000000000007,-0.0006358096537612812,0.0
2022-01-27,-0.01585386083831807,0.009483987687842301,0.008212826978950049,0.8048621242097769,0.5429936016861762,0.552465270567588,-0.24725885501085001,0.29000000000000004,-0.393758407702318,0.2,0,-9.999999999998899e-05,-1.4700000000000024,0.007666971674587171,0.0
2022-01-28,0.04860452251916326,0.014863650295472364,-0.05575952462086078,0.8273485368682898,0.5460849468592093,0.5702304170659396,-0.28808261019645753,0.31,-0.23138329747293335,0.24,0,-9.999999999998899e-05,-2.8299999999999983,0.0005284088852540702,0.0
2022-01-29,0.02193457311118982,0.011867820497437117,0.008375030290548527,0.8275448851882159,0.5450933743152351,0.5723444882233861,-0.2820952432996073,0.31,-0.23138329747293335,0.24,0,-0.00029999999999996696,,,0.0
2022-01-30,9.609637320470698e-05,-0.007497346048860223,0.011462068656387697,0.8285413913313844,0.5432792812051721,0.57346737115008,-0.2738192301819568,0.30333333333333334,-0.2855083342160616,0.29,0,-0.00029999999999996696,,,0.0
2022-01-31,0.03224560944220077,0.015328401493649993,-0.013295900379278185,0.8334737179466876,0.5312847870994867,0.5730495333776774,-0.28341055341913823,0.2583333333333333,-0.6508523322321781,0.2,0,-0.00019999999999997797,,,0.0
2022-02-01,0.036645271460084596,0.005901665736712944,0.02093926990223042,0.8447918168333394,0.5331732885885132,0.573366514429537,-0.2682474959314382,0.28833333333333333,-0.40728966688810037,0.26,0,-0.0004999999999999449,-2.8699999999999974,-0.0017104421223394627,0.0
2022-02-02,-0.038981507830389076,-0.04758689578779582,0.02137288898770816,0.8504014046888362,0.550791654826036,0.5804110781355594,-0.2524395013928909,0.29833333333333334,-0.32610211177340787,0.28,0,-0.0004999999999999449,0.129999999999999,-0.0018627270513927312,0.0
2022-02-03,0.005502112974112725,0.01119163707773322,-0.02811627339679444,0.8505025926597959,0.5542549828414451,0.5837670087368627,-0.2731653841174156,0.2583333333333333,-0.6508523322321781,0.2,0,-0.0004999999999999449,2.2600000000000016,-0.0021498719705284135,0.0
2022-02-04,0.10537201641158946,0.108176446956934,0.012757488285688798,0.9184750221150061,0.6599974162787928,0.587846214397868,-0.26383340024963814,0.2583333333333333,-0.6508523322321781,0.2,0,-0.0004999999999999449,-1.1300000000000026,0.0019970212168328796,0.0
2022-02-05,0.005879197444611901,-0.004620724246786973,0.057466003639769,0.9114586851557765,0.6596127491054498,0.6199806055555092,-0.2202896885596437,0.32333333333333336,-0.12313322398667646,0.33,0,-0.0008000000000000229,,,0.0
2022-02-06,0.013956229187492217,0.02383682019847353,0.015831926161429907,0.8882118743261216,0.6531574266428255,0.6226143893677492,-0.2078471376001686,0.33333333333333337,-0.04194566887198391,0.37,0,-0.0004999999999999449,,,0.0
2022-02-07,0.02737322953394406,0.033849333356895696,0.01373549254038439,0.8838715318441908,0.6633469022141484,0.6181211246408983,-0.19689145929341234,0.37333333333333335,0.28280455158678586,0.45,0,-0.0006000000000000449,,,0.0
2022-02-08,-0.007378007594245728,0.004619787837026135,0.01627718350347731,0.8806100294305689,0.66335733136154,0.6186072651703749,-0.18371214412075368,0.3883333333333333,0.40458588425882425,0.48,0,-0.0007000000000000339,-1.4199999999999982,0.0006901377507199622,0.0
2022-02-09,0.0400170991623015,0.007458663819307352,-0.0004683289363050603,0.887903570936585,0.6635811950400262,0.6164927553613768,-0.18409434583896853,0.41833333333333333,0.6481485496029019,0.54,0,-0.0006000000000000449,-1.4800000000000004,-0.0023139258142312502,0.0
2022-02-10,-0.05430033262362314,-0.019968761180241705,0.0165271330598967,0.891247637404917,0.6640067617788522,0.6175801595283957,-0.17049771737186473,0.3983333333333333,0.4857734393735168,0.5,0,-0.0006000000000000449,3.9499999999999993,-0.0023585749452883138,0.0
2022-02-11,-0.04832582784232588,-0.02612751026362113,-0.026433921926943552,0.8925257129610287,0.6632235539883756,0.6128130693656361,-0.19213744446816636,0.3983333333333333,0.4857734393735168,0.5,0,-0.0007000000000000339,3.4499999999999993,0.0025161961713592823,0.0
2022-02-12,-0.002962498874057581,-0.0036850036261710803,-0.025611453742047013,0.8836395279613698,0.6545196190118319,0.6074053558079561,-0.21256526917739665,0.36833333333333335,0.24221077402943958,0.44,0,-0.0004999999999999449,,,0.0
2022-02-13,-0.016494300553863334,-0.003897169253580327,-0.00023048968015437622,0.8804503517163923,0.6531951723098418,0.6063758840953037,-0.21274674384182432,0.35,0.09336692298583642,0.44,0,-0.0006000000000000449,,,0.0
2022-02-14,0.0202114146526657,0.011402943760908854,-0.004711696962266896,0.884070656173703,0.6545702653026088,0.6044346513561506,-0.2164473177798219,0.36,0.17455447810052896,0.46,0,-0.00039999999999995595,,,0.0
2022-02-15,0.08307040769222607,0.046147405647282806,0.007130143398724597,0.9346899327521834,0.6744322237960805,0.6038476344359135,-0.21084050987662029,0.36,0.17455447810052896,0.46,0,-0.0006000000000000449,-2.629999999999999,-0.002299624782456304,0.0
2022-02-16,-0.019417593123566165,-0.015184910543850608,0.03818008704604931,0.9257791697161016,0.672577798739617,0.6213513060896879,-0.18012775480958243,0.385,0.3775233658872603,0.51,0,-0.0004999999999999449,-1.4100000000000001,-0.002102617897120109,0.0
2022-02-17,-0.07666655802966413,-0.07962230741964704,-0.006007003019170788,0.9617641461871287,0.7292483992357373,0.616106491588668,-0.18503796726621483,0.39,0.4181171434446066,0.52,0,-0.0004999999999999449,3.8200000000000003,-0.00011422886157197403,0.0
2022-02-18,-0.0396394918488373,-0.013449303448535153,-0.044182214767506195,0.9675227998656575,0.7285407781804799,0.6328209521684005,-0.2202609505000664,0.28,-0.47494596281701057,0.3,0,-0.0004999999999999449,-0.35999999999999943,0.0010694036980582974,0.0
2022-02-19,-0.005718826867157603,0.0026164981129269994,-0.013402817769078923,0.9638073489391251,0.7241279758987956,0.6334231178051889,-0.23064192831210834,0.255,-0.6779148506037419,0.25,0,-0.00029999999999996696,,,0.0
2022-02-20,-0.05261146152787277,-0.04314075292804987,-0.004961476323941025,0.8126863961807677,0.6281757059929738,0.6287357512642968,-0.23444962645639159,0.2733333333333333,-0.5290709995601393,0.27,0,-0.00039999999999995595,,,0.0
2022-02-21,-0.020798397492321857,-0.03657756618202442,-0.02199872171024893,0.784239168053883,0.626719724051294,0.506382027225223,-0.25110686533935206,0.2633333333333333,-0.6102585546748318,0.25,0,-0.0006000000000000449,,,0.0
2022-02-22,0.02623745180416111,0.032490750766217165,-0.02155619947029599,0.7692183204073708,0.6264640796900001,0.4806023987771708,-0.2670774046524244,0.23833333333333334,-0.8132274424615628,0.2,0,-0.0004999999999999449,,,0.0
2022-02-23,-0.021695636248493144,-0.025976966353583753,0.013701213457490147,0.7594039050332367,0.6327714053776553,0.4739190890565871,-0.25696636715682125,0.2633333333333333,-0.6102585546748318,0.25,0,-0.0006000000000000449,2.210000000000001,-0.0002912363176575126,0.0
2022-02-24,0.006371847961708061,0.028507874523143458,-0.0046207660899230205,0.7592617837592722,0.639809008454255,0.4620706282312103,-0.26039183154140794,0.25333333333333335,-0.6914461097895239,0.23,0,-0.00039999999999995595,-0.6999999999999993,0.011058672068784635,0.0
2022-02-25,0.06425320773330942,0.02300557006710982,0.0006447184248507566,0.7898787227680785,0.643956035386597,0.4475854157510947,-0.25991483878154437,0.2733333333333333,-0.5290709995601393,0.27,0,-0.00029999999999996696,-2.7300000000000004,-0.005918712639284565,0.0
2022-02-26,0.00395821683492336,-0.0026156608014754846,0.02919579444020947,0.7866598156252903,0.6435959926820958,0.45845544121612136,-0.2379889501137536,0.2683333333333333,-0.5696647771174855,0.26,0,-0.0004999999999999449,,,0.0
2022-02-27,-0.0603118862715815,-0.03691457135600522,0.008184025343077295,0.8014999476912715,0.6555080676874028,0.41172830637741714,-0.2317270435195822,0.25333333333333335,-0.6914461097895239,0.26,0,-0.00039999999999995595,,,0.0
2022-02-28,0.10996053006015137,0.1352787146752529,-0.02708505481592566,0.8849998222634277,0.8074083207676372,0.42380400978474764,-0.25225648314261895,0.22333333333333333,-0.9350087751336015,0.2,0,-0.00029999999999996696,,,0.0
2022-03-01,0.018782092086540015,0.028802692569624658,0.06872985837590984,0.8863981594624666,0.810767877813722,0.48381623976384813,-0.19905691817564491,0.37833333333333335,0.32339832914413214,0.51,0,-0.00029999999999996696,3.1700000000000017,0.004967575597481775,0.12000000000000001
2022-03-02,-0.009801500906561036,-0.01196243454904842,0.007945893594875072,0.8819459772235737,0.8121099342084701,0.48032484804345604,-0.1834213012009329,0.38333333333333336,0.3639921067014784,0.52,0,-0.00029999999999996696,-2.580000000000002,-0.0002927985821482723,0.0
2022-03-03,-0.03920388433278596,-0.033333261588257904,0.0014424583468927328,0.8852930636661334,0.8226585689925281,0.47645648679237096,-0.17288079450648522,0.31833333333333336,-0.16372700154402273,0.39,0,0.0,-0.259999999999998,0.001615800669009192,0.0
2022-03-04,-0.07771008924118722,-0.0810549423019875,-0.033205503212635164,0.9168075248382833,0.856206498625456,0.488320350019049,-0.19989471641061282,0.28833333333333333,-0.40728966688810037,0.33,0,-0.00019999999999997797,1.5,0.006025818771395689,0.0
2022-03-05,0.016284817772527285,0.006347843793420254,-0.037213143092904355,0.9185009026756403,0.8557168081737259,0.49623243594458866,-0.22912195728022874,0.23333333333333334,-0.853821220018909,0.22,0,-0.00019999999999997797,,,0.0
2022-03-06,-0.043661227604156416,-0.025114798426121913,0.014291906328014728,0.8468509710508981,0.76911373018835,0.4967107872284957,-0.21802553486614876,0.21833333333333332,-0.9756025526909478,0.22,0,-9.999999999998899e-05,,,0.0
2022-03-07,-0.023866705063867934,-0.011328919506856962,-0.030559589781432986,0.84824386540721,0.7696880458441474,0.465228704463704,-0.24156090649966908,0.22333333333333333,-0.9350087751336015,0.23,0,-9.999999999998899e-05,,,0.0
2022-03-08,0.03349375366749058,0.019360439473765596,0.0005675870146715896,0.8568207699972011,0.7678906431046936,0.46102429768940323,-0.24113030412818184,0.21333333333333332,-1.0161963302482941,0.21,0,-9.999999999998899e-05,-1.3200000000000003,0.0024669574034983975,0.0
2022-03-09,0.05696860755825763,0.07965003732031377,0.01909779858307773,0.8771695436393523,0.8109653396365938,0.4637271634899613,-0.2264982886031689,0.21833333333333332,-0.9756025526909478,0.22,0,-0.00029999999999996696,-2.6799999999999997,-0.008722858457937136,0.0
2022-03-10,-0.0451097162386842,-0.06195676107004793,0.03723623392574034,0.8884215604548534,0.8374829446982656,0.4796208746785191,-0.19715303518713415,0.24833333333333335,-0.7320398873468702,0.28,0,-0.00039999999999995595,-2.2200000000000024,0.001234270707083359,0.0
2022-03-11,-0.0193051103831143,-0.017720645144228633,-0.02516728966839039,0.8737606677761158,0.8378675468065221,0.48675815595252175,-0.21710637834607735,0.21833333333333332,-0.9756025526909478,0.22,0,-9.999999999998899e-05,0.5199999999999996,0.002387927518807597,0.0
2022-03-12,0.0046589206451485956,0.002006528401358036,-0.007232820207705666,0.8584499944896884,0.8362771283654707,0.48232751559921794,-0.22274847840901799,0.21833333333333332,-0.9756025526909478,0.22,0,0.0,,,0.0
2022-03-13,-0.020907644329557794,-0.026900467390317852,0.0006229988923636592,0.8466689908756513,0.8365411558075333,0.4749073548008668,-0.22226410070425875,0.21166666666666667,-1.029727589434076,0.21,0,-0.00019999999999997797,,,0.0
2022-03-14,0.028898831069852558,0.04892031687140569,-0.012407760335556654,0.8549134713653653,0.8565387310714834,0.46884857126042845,-0.23185444098742455,0.22166666666666668,-0.9485400343193835,0.23,0,-0.00019999999999997797,,,0.0
2022-03-15,0.010877479473803332,-0.009905884169983963,0.016790976204205513,0.8552066741320372,0.8569560453477307,0.47320684214908487,-0.21884763428386003,0.21166666666666667,-1.029727589434076,0.21,0,-0.00029999999999996696,-1.9400000000000013,0.0008140050262478184,0.0
2022-03-16,0.05791429638892648,0.045624811430510115,0.0056912407100066596,0.87794000046509,0.8720117676764231,0.47357601141397604,-0.21438923325670764,0.22666666666666666,-0.9079462567620374,0.24,0,-0.0004999999999999449,-3.1599999999999966,-0.0037487231647783162,0.0
2022-03-17,0.013645697645398072,-0.004781075985047464,0.03185941263077503,0.8252638727788203,0.8551887129175705,0.48638579329093556,-0.18895716137581423,0.24166666666666667,-0.7861649240899986,0.27,0,-0.0004999999999999449,-1.0,-0.0065328721439056135,0.0
2022-03-18,0.044174642881809834,0.02031169524144141,0.0018875209777454017,0.8401201944308738,0.8576940973654137,0.4667502096391961,-0.18742485532909053,0.23166666666666666,-0.8673524792046912,0.25,0,-0.0006000000000000449,-1.8000000000000007,0.0007847208118961989,0.0
2022-03-19,0.004047708658660071,0.010567682574771557,0.02967924395320807,0.7958614861938036,0.8109131071062262,0.4784386039537066,-0.1629467909386998,0.24666666666666667,-0.7455711465326523,0.28,0,-0.0006000000000000449,,,0.0
2022-03-20,-0.030785849641907954,-0.022502352481311442,0.0013768410502666935,0.7908001600856117,0.8136041698241765,0.45092731105287853,-0.16179350795772038,0.27,-0.5561335179317031,0.31,0,-0.0004999999999999449,,,0.0
2022-03-21,0.009962856753148086,-0.006317702205992036,-0.013654918705169295,0.7910229214576107,0.8139853326419287,0.4510340845616941,-0.1731613592879321,0.265,-0.5967272954890493,0.3,0,-0.00029999999999996696,,,0.0
2022-03-22,0.027173850653313385,0.03267507037255884,0.028409151600986497,0.7710436608346337,0.8054348780017186,0.4598182839484116,-0.14933473031495062,0.245,-0.7591024057184345,0.26,0,-0.0004999999999999449,-0.5899999999999999,0.0012291928785669011,0.0
2022-03-23,0.022100126186770305,0.012167866742905374,0.01216507298891599,0.7680868581983964,0.7929188636305,0.45204583544930016,-0.13892312464860793,0.27,-0.5561335179317031,0.31,0,-0.00039999999999995595,0.629999999999999,-0.0006669901327643004,0.0
2022-03-24,0.02432620979389752,0.02552564380828476,0.010031852334794514,0.7674685869375402,0.7902373396528279,0.4429997942997415,-0.13024145477985175,0.315,-0.19078951991558707,0.4,0,-0.0004999999999999449,-1.8999999999999986,-0.0003888519389638321,0.0
2022-03-25,-0.0027748734185679743,0.007286174227543661,0.008134899085189825,0.761841859571199,0.7824756505337049,0.4420397553583593,-0.1231371997650945,0.35,0.09336692298583642,0.47,0,-0.00039999999999995595,-0.860000000000003,-0.001448099945829631,0.0
2022-03-26,0.013721694243691004,0.004460717136023095,-0.006874585278799607,0.7623003561745685,0.7781713118093311,0.4427112269296683,-0.12914459502852774,0.37,0.25574203321522154,0.51,0,-0.0004999999999999449,,,0.0
2022-03-27,0.046789526935948046,0.05073377393082759,0.012281997821445872,0.7479147935319266,0.7921378178506391,0.44323472684872545,-0.1029171941622312,0.37166666666666665,0.26927329240100345,0.49,0,-0.00029999999999996696,,,0.0
2022-03-28,0.01124537954894856,0.006268250306015814,0.022130784964031074,0.7481195964633174,0.7915402044839318,0.4390608458482997,-0.06878524010491018,0.42666666666666664,0.715804845531812,0.6,0,-0.0004999999999999449,,,0.0
2022-03-29,0.02007662373594018,0.006611696768465159,0.009653121795662424,0.7099391880848536,0.7761056743135929,0.43923160439908254,-0.059752584085922364,0.4066666666666667,0.5534297353024273,0.56,0,-0.00039999999999995595,-0.7300000000000004,-0.005378013385184969,0.0
2022-03-30,-0.00433815866831539,-0.007762984396878372,0.015197550692266727,0.6096809411136015,0.6259029193014236,0.425024703319367,-0.04535399178156957,0.40166666666666667,0.5128359577450811,0.55,0,-0.00029999999999996696,0.4299999999999997,-0.004215056162649444,0.0
2022-03-31,-0.031283579391062265,-0.03365359925692603,0.006951344046866668,0.6202747210674995,0.6312476954347039,0.3605423952447446,-0.03869480058591659,0.38666666666666666,0.3910546250730423,0.52,0,-0.00019999999999997797,1.2300000000000004,0.0012157866159707422,0.0
2022-04-01,0.051579554534772795,0.01684575714059203,-0.024410524928154008,0.6406313110993367,0.6319102580542806,0.3737756802519829,-0.061876673169516665,0.37666666666666665,0.30986706995834973,0.5,0,-0.00029999999999996696,-0.9299999999999997,0.002250511562635845,0.13
2022-04-02,-0.003316435323907816,-0.010261073071446306,0.026244873305651374,0.6211880434621053,0.6208068758509168,0.3822576657938016,-0.03692981364753566,0.38666666666666666,0.3910546250730423,0.52,0,-0.00029999999999996696,,,0.0
2022-04-03,0.02243665456009444,0.012933614904539842,0.00044956967088354455,0.5437098398468272,0.5432388643237518,0.35832094081301985,-0.03649674916178436,0.3516666666666667,0.10689818217161881,0.48,0,-0.00029999999999996696,,,0.0
2022-04-04,-0.0006845220187730097,0.0037243614415168034,0.00679415243052157,0.5443973470337231,0.5432747187073833,0.32415213726080777,-0.029928272860670457,0.3716666666666667,0.2692732924010039,0.52,0,-0.00019999999999997797,,,0.0
2022-04-05,-0.032489730525075915,-0.023523734948063195,-0.003217256401873529,0.5319796141618548,0.5421704290399894,0.3246585522240369,-0.0032120865781980657,0.3766666666666667,0.30986706995835017,0.53,0,-9.999999999998899e-05,2.460000000000001,0.0027584887692255118,0.0
2022-04-06,-0.07256775769697918,-0.052501781655002897,-0.02377562651974545,0.5940850028426437,0.5763296220489297,0.3157869803113526,-0.026631830962762476,0.3516666666666667,0.10689818217161881,0.48,0,-9.999999999998899e-05,1.0700000000000003,0.0023259888922609914,0.0
2022-04-07,0.01835034370763697,0.006320429156202368,-0.040252840837847935,0.5882309802615332,0.5738195918094308,0.35468293964355796,-0.06503457011262304,0.2816666666666667,-0.4614147036312286,0.34,0,-9.999999999998899e-05,-0.5500000000000007,0.0030273226515051574,0.0
2022-04-08,-0.010841936976364482,-0.027825199218427053,0.015114272096226157,0.5635091429489824,0.5144667012159484,0.3529376739539513,-0.05079591581399587,0.29666666666666663,-0.3396333709591902,0.37,0,-0.00019999999999997797,-0.39000000000000057,0.0005705232127422062,0.0
2022-04-09,0.020518596261411837,0.011810129932037259,-0.017611586982949675,0.5354864693301749,0.46408876638566104,0.3409944542016763,-0.06736656013058849,0.26166666666666666,-0.6237898138606137,0.3,0,-0.00019999999999997797,,,0.0
2022-04-10,-0.01718808999540962,-0.014017429746878484,0.010088207038844603,0.5342050359297891,0.46221338798034417,0.32633587752971743,-0.057910342957492644,0.26833333333333337,-0.5696647771174851,0.34,0,-0.00019999999999997797,,,0.0
2022-04-11,-0.0722643104524599,-0.06437336581826365,-0.012656253430804015,0.6024030261194013,0.5182892844735608,0.32923566046978114,-0.06975853340713364,0.25833333333333336,-0.6508523322321776,0.32,0,-9.999999999998899e-05,,,0.0
2022-04-12,0.015953995545066883,0.013679940298762482,-0.049018881496736534,0.5961805086229138,0.510442802102546,0.37743984669830677,-0.1142583537331032,0.19833333333333336,-1.1379776629203324,0.2,0,-0.00019999999999997797,-0.10999999999999943,-0.0013180113934648664,0.0
2022-04-13,0.029491523824412797,0.02641901842530263,0.013094332926138291,0.5964683535612195,0.49001797689457255,0.3754644633925392,-0.10258388988180392,0.22333333333333333,-0.9350087751336015,0.25,0,-9.999999999998899e-05,-2.4400000000000013,-0.0009197726832976744,0.0
2022-04-14,-0.03136932206332718,-0.029732304130666604,0.015153653942758015,0.610335908703973,0.5004516740897215,0.3747549715867813,-0.08888119598083626,0.23833333333333334,-0.8132274424615628,0.28,0,0.0,0.879999999999999,0.004086938403634177,0.0
2022-04-15,0.006129463284808756,0.015144719601020222,-0.015733985521578835,0.579553808314421,0.47663050352705016,0.38025163424804,-0.10310453770105035,0.20833333333333334,-1.05679010780564,0.22,0,-0.00019999999999997797,,-0.00046346766300843137,0.0
2022-04-16,0.006144422645443129,-0.004279969331170057,0.006990049355408,0.5784189685052493,0.4765765116313986,0.36554291590107363,-0.09681323149900314,0.23833333333333334,-0.8132274424615628,0.28,0,-9.999999999998899e-05,,,0.0
2022-04-17,-0.023561784234964658,-0.017502763604226226,0.0035497891630963414,0.5655639083051589,0.4740964918555769,0.365611793919229,-0.09360141162691701,0.23333333333333334,-0.853821220018909,0.28,0,-0.00019999999999997797,,,0.0
2022-04-18,0.02233853449045376,0.027909874843025737,-0.016989016133512693,0.5705629796264386,0.4835113003417647,0.35653434102707143,-0.10887016408162094,0.21333333333333332,-1.0161963302482941,0.24,0,-9.999999999998899e-05,,,0.0
2022-04-19,0.015010034412271363,0.01681929927737526,0.02417881717831382,0.5605613776366302,0.4810769295682291,0.3663880172985776,-0.08706110252273318,0.22833333333333333,-0.8944149975762553,0.27,0,-0.00029999999999996696,-0.8000000000000007,0.002464351299420929,0.0
2022-04-20,-0.008329860832956325,-0.0032586092287824916,0.006523802936169272,0.5612048534441695,0.48067456878053594,0.3631510200441707,-0.08108579940521234,0.22833333333333333,-0.8944149975762553,0.27,0,-0.00019999999999997797,-1.0500000000000007,-0.0034362032074687476,0.0
2022-04-21,-0.030519133695049935,-0.02146219513885801,-0.0014004073135079288,0.5648036451832518,0.4717741093931624,0.3499113038074735,-0.08237175293268796,0.22833333333333333,-0.8944149975762553,0.27,0,-9.999999999998899e-05,2.3599999999999994,0.0035284023097878745,0.0
2022-04-22,-0.007127546794771479,-0.019225876795201286,-0.018371738513649642,0.5596889482022402,0.4730198232230324,0.35321357644600376,-0.09907626384664493,0.22333333333333333,-0.9350087751336015,0.26,0,-9.999999999998899e-05,5.530000000000001,0.0074451211344893405,0.0
2022-04-23,-0.0099603565921431,-0.006761298356655494,-0.004217959935165591,0.5530397694268936,0.46217112643070096,0.3513113779900152,-0.10286832107554984,0.21333333333333332,-1.0161963302482941,0.24,0,-0.00019999999999997797,,,0.0
2022-04-24,-0.0041099949724494895,0.0002162457340772487,-0.0034218340040911353,0.5530841038428109,0.4607232779741128,0.34981110738571136,-0.10593291051221017,0.20833333333333331,-1.0567901078056403,0.24,0,-0.00019999999999997797,,,0.0
2022-04-25,0.02889050081606422,0.02443777865032932,-0.006698746295401053,0.5609872571101653,0.47043930869366435,0.3497773356407664,-0.11190202400621785,0.20333333333333334,-1.0973838853629865,0.23,0,-9.999999999998899e-05,,,0.0
2022-04-26,-0.06774948549478285,-0.05892887322404605,0.022651491908505114,0.5788732298915291,0.4676760231883486,0.35670124580427803,-0.09155571268602858,0.22333333333333333,-0.9350087751336015,0.27,0,0.0,6.5000000000000036,0.0028225171785802097,0.0
2022-04-27,0.027829537040039223,0.02904130834995406,-0.03972920411552782,0.5876691407238365,0.4822436457370563,0.37096997225331413,-0.1269399336256437,0.19333333333333333,-1.178571440477679,0.21,0,0.0,-1.9200000000000017,0.004264513251368239,0.0
2022-04-28,0.01646824232146928,0.012822767969639432,0.01501685777023144,0.5858814053457092,0.48478505945575195,0.373763393632612,-0.11373038002543882,0.20833333333333331,-1.0567901078056403,0.24,0,0.0,-1.610000000000003,0.0049820945897750294,0.0
2022-04-29,-0.041646181874155655,-0.02925883015250115,-0.0023753601577746163,0.5997314207802025,0.49157650975671346,0.36798609071003874,-0.11583309123287627,0.20333333333333334,-1.0973838853629865,0.23,0,9.999999999998899e-05,3.41,-0.004793781784073327,0.0
2022-04-30,-0.032641219258456255,-0.025328630177714796,-0.025535048569324453,0.6004663717824864,0.4866460949273571,0.37369860405738353,-0.1381245186247762,0.18833333333333335,-1.219165218035025,0.2,0,-0.00019999999999997797,,,0.0
2022-05-01,0.035363688743625235,0.02201296126766681,-0.0332087052433687,0.5832533659410226,0.4900660211694667,0.38074708843010685,-0.16627625888028702,0.20166666666666666,-1.1109151445487686,0.22,0,0.0,,,0.44
2022-05-02,0.01116999653563879,0.0014757090645608362,0.017238508154208684,0.5864954946110108,0.4905410550500787,0.372671453971381,-0.15177951322999894,0.2316666666666667,-0.8673524792046909,0.28,0,9.999999999998899e-05,,,0.0
2022-05-03,-0.026548850637668365,-0.02088383006942929,-0.0009635396245942912,0.5812238693710364,0.48848705416709215,0.37243216759566167,-0.15259641365822707,0.22666666666666668,-0.9079462567620372,0.27,0,9.999999999998899e-05,-3.0900000000000034,-0.0014875613586444914,0.0
2022-05-04,0.05556499313764938,0.05067156251954114,-0.0008430984205008929,0.6216778097232749,0.527249659994107,0.3702589346324894,-0.1533105571944529,0.19666666666666666,-1.1515089221061148,0.21,0,0.00019999999999997797,-3.8299999999999983,-0.0012128888676128313,0.0
2022-05-05,-0.06776478746508298,-0.08233682535055205,0.03339845643397198,0.6520379939273102,0.5890693167483362,0.3943999762732329,-0.12455491257763127,0.22666666666666668,-0.9079462567620372,0.27,0,9.999999999998899e-05,5.779999999999998,0.003736761650937468,0.0
2022-05-06,-0.0202623449546493,-0.014861076122788424,-0.04122928642448022,0.6101866612500225,0.5669288868872957,0.4096370455393396,-0.15991494560496924,0.20166666666666666,-1.1109151445487686,0.22,0,0.00019999999999997797,-1.009999999999998,-0.0012432020511870133,0.0
2022-05-07,-0.021587906387850193,-0.015146717920837932,-0.0082874033844782,0.6064940126528414,0.56598136522421,0.38960834966361585,-0.1668482998936515,0.20666666666666667,-1.0703213669914222,0.23,0,0.00029999999999996696,,,0.0
2022-05-08,-0.044868390391330004,-0.04126534832558704,-0.037995431929088753,0.6208249057532353,0.5741605496189693,0.4009592550312346,-0.19791041258837078,0.24666666666666665,-0.7455711465326526,0.18,0,0.00029999999999996696,,,0.0
2022-05-09,-0.12279266576677982,-0.12375148039084222,-0.03649062163507585,0.7299514731644531,0.6988259097414153,0.41328758432343876,-0.22665157955742346,0.21166666666666664,-1.0297275894340763,0.11,0,0.00019999999999997797,,,0.0
2022-05-10,0.049675464452423136,0.03080084662153245,-0.13940488340902682,0.7613208864290746,0.7142893774271236,0.6174580721627102,-0.32728295588397405,0.20666666666666667,-1.0703213669914222,0.1,0,0.00029999999999996696,-1.759999999999998,0.0022961703849233932,0.0
2022-05-11,-0.1162625551455644,-0.0636651051045502,-0.023322591848610897,0.8195364313775112,0.713617628230357,0.6188883101138718,-0.3427909150842559,0.21666666666666665,-0.98913381187673,0.12,1,0.006000000000000005,-0.4299999999999997,-0.0031654479554713046,0.0
2022-05-12,-0.06170734723479563,-0.00255239398280821,-0.1737897565722201,0.8310014837358485,0.7090103623176568,0.8306706160117118,-0.44763312553437123,0.21666666666666665,-0.98913381187673,0.12,0,0.0029999999999998916,-0.7900000000000027,0.007341385159921317,0.0
2022-05-13,0.024923769479372297,0.008824272580558484,-0.13586757914297085,0.828106352396872,0.7000007019500116,0.9229654198936847,-0.5178067949819031,0.20666666666666667,-1.0703213669914222,0.1,0,0.0018000000000000238,-2.8999999999999986,-0.0035965111180388675,0.0
2022-05-14,0.023015302058914555,0.02693910433173367,0.007155672617445298,0.8359710684506726,0.7091051074955982,0.9194693605451748,-0.5143440037438326,0.20166666666666666,-1.1109151445487686,0.09,0,0.0014000000000000679,,,0.0
2022-05-15,0.042278957997049504,0.040456131904645545,0.0036241373497342883,0.8555699266888023,0.7254600181025295,0.9233286776456203,-0.5125807264591066,0.16333333333333333,-1.4221341058217565,0.1,0,0.0012000000000000899,,,0.0
2022-05-16,-0.058366988252162674,-0.04755180340819563,0.02419942858726476,0.8682035248978328,0.7378120272629112,0.9316506947227563,-0.5006415809442534,0.18333333333333335,-1.2597589955923714,0.14,0,0.0013000000000000789,,,0.0
2022-05-17,0.03260075113412737,0.018930606202495235,-0.0355571841325121,0.8822239709108086,0.7440939217753673,0.9293223410827174,-0.5180853958966793,0.15333333333333335,-1.5033216609364488,0.08,0,0.001100000000000101,-1.3699999999999974,-0.006659065106485986,0.0
2022-05-18,-0.08773344202251154,-0.05848869957421896,0.020596233182808187,0.911509992804053,0.7513945420064349,0.9405722212031761,-0.5080568497091155,0.17333333333333334,-1.340946550707064,0.12,0,0.0015000000000000568,4.859999999999999,0.0011695834640535043,0.0
2022-05-19,0.05309965208226872,0.05435138641776955,-0.04751365302332636,0.936923302358391,0.7801829795587271,0.9315768676941156,-0.5308842645885562,0.17833333333333334,-1.3003527731497175,0.13,0,0.001100000000000101,-1.6099999999999994,-0.005008045372907999,0.0
2022-05-20,-0.03039973902804933,-0.03757886695618367,0.027973380572514403,0.9383138423642747,0.7853638853843486,0.9428355989172932,-0.5175762442237951,0.17833333333333334,-1.3003527731497175,0.13,0,0.0013000000000000789,0.0799999999999983,-0.0005033595797992318,0.0
2022-05-21,0.008128865472563522,0.008322856374715153,-0.023421405303624868,0.939971120465162,0.7875261680041209,0.9400579146498551,-0.5287439938285505,0.17833333333333334,-1.3003527731497175,0.13,0,0.0014000000000000679,,,0.0
2022-05-22,0.03390847123771363,0.028421538420796314,0.0075276622427751854,0.9543978981203142,0.7984263004980987,0.9457136764330435,-0.5251831521924267,0.165,-1.4086028466359741,0.14,0,0.0009999999999998899,,,0.0
2022-05-23,-0.034794908552463054,-0.039895134769211214,0.03336234758977589,0.9575305837884712,0.8055786066377405,0.9632048124820907,-0.5090749376188126,0.14500000000000002,-1.570977956865359,0.1,0,0.001100000000000101,,,0.0
2022-05-24,0.0030814170554417973,0.018564024573910418,-0.011156311804292654,0.9587186645333299,0.8110666812425296,0.9618964393455512,-0.5145214129085917,0.155,-1.4897904017506667,0.12,0,0.001100000000000101,0.9699999999999989,-0.0007786252602215835,0.0
2022-05-25,-0.018756095416388646,-0.003798525195082192,0.007211947622181625,0.9468656153355958,0.8021205547099204,0.9655987786864308,-0.5110075109588564,0.15,-1.530384179308013,0.11,0,0.0009999999999998899,-1.0799999999999983,0.0028225789550057113,0.0
2022-05-26,-0.08058207055617697,-0.011603116040031471,0.0006162851814015101,0.9569430347786535,0.7828796735730017,0.9563947917696635,-0.5107060592534755,0.155,-1.4897904017506667,0.12,0,0.0012000000000000899,-0.870000000000001,-0.0016077167118136665,0.0
2022-05-27,-0.03691852711164214,-0.0197668076759755,-0.04229040409419309,0.9470804880156792,0.7715545450399305,0.9570801653954478,-0.5309670552681482,0.155,-1.4897904017506667,0.12,0,0.0013000000000000789,-1.7800000000000011,-0.004094464280128234,0.0
2022-05-28,0.03691294745507008,0.013927458255286653,-0.018088879191161252,0.9588252336587738,0.7719844206382453,0.9484529989963553,-0.5393750605835644,0.16,-1.4491966241933205,0.13,0,0.001100000000000101,,,0.0
2022-05-29,0.011880800673498414,0.014932730664861931,0.014826055791739208,0.9593091206826811,0.7738325960596724,0.9547671290980255,-0.5324949329822567,0.15833333333333333,-1.4627278833791026,0.14,0,0.0009999999999998899,,,0.0
2022-05-30,0.09720111888622697,0.07408727158891816,0.003457540262038245,1.0328044754469214,0.8235230994158199,0.9584745650522218,-0.5308757177524979,0.13833333333333334,-1.6251029936084875,0.1,0,0.0007999999999999119,,,0.0
2022-05-31,-0.028870119196813194,0.002103399738536469,0.04865124353427349,1.0212575469612275,0.8180059067205921,0.9866869403216753,-0.5074879284826225,0.16833333333333333,-1.38154032826441,0.16,0,0.0007999999999999119,-0.34999999999999787,,0.0
2022-06-01,-0.06595738261063266,-0.06479498169315473,-0.005495930867514646,1.034118822429518,0.842331029022789,0.9797616825757898,-0.5101873161604296,0.17333333333333334,-1.340946550707064,0.17,0,0.0008999999999999009,-0.5,0.005279490971410356,0.43999999999999995
2022-06-02,0.008833500757757908,0.021468021186670065,-0.0366237531900932,1.0365344598368464,0.8474664630945041,0.9797137600145973,-0.5278015760602901,0.15333333333333332,-1.503321660936449,0.13,0,0.0006999999999999229,-0.9700000000000024,-0.005318451537393777,0.0
2022-06-03,-0.03267496710853838,-0.025017916656657774,0.006245681587392623,1.0074105178540353,0.8232556356259612,0.9817221011392713,-0.5248431459691166,0.13833333333333334,-1.6251029936084875,0.1,0,0.0009999999999998899,0.07000000000000028,0.001265442051438581,0.0
2022-06-04,0.01645985145239517,0.005500964525962497,-0.022073236125740008,0.9965866882217191,0.7816247419993769,0.9631675000633924,-0.5352164876168605,0.15833333333333333,-1.4627278833791026,0.14,0,0.0008999999999999009,,,0.0
2022-06-05,0.0009139224245239042,0.001845667997686214,-0.0046959736805659655,0.9976533891649979,0.7816114958220446,0.9619894346870913,-0.5373939820284116,0.13833333333333334,-1.6251029936084875,0.1,0,0.0008999999999999009,,,0.0
2022-06-06,0.029248662366728604,0.047450088834951915,0.0027642863494317486,1.0080499565512182,0.8027832670775475,0.9644360267135124,-0.5361134374472314,0.15333333333333332,-1.503321660936449,0.13,0,0.0008999999999999009,,,0.0
2022-06-07,-0.02532552855691377,-0.007928880711022794,0.004820725807402388,1.0022244860129634,0.7917000045107062,0.9656747026616851,-0.533871768629316,0.16333333333333333,-1.4221341058217565,0.15,0,0.0006999999999999229,-1.0500000000000007,0.0011260848625750822,0.0
2022-06-08,-0.011899585937941203,-0.030022098209930834,0.0006925997743354431,0.9175579055888003,0.669875477917434,0.9654678658795313,-0.5335488164960798,0.17333333333333334,-1.340946550707064,0.17,0,0.0007999999999999119,-0.05999999999999872,-0.00039098703611842447,0.0
2022-06-09,-0.0017147537219068558,-0.00314484124646771,-0.005599750891904022,0.8946391345511715,0.6607232054517093,0.8585903363457489,-0.5361535272548699,0.14333333333333334,-1.5845092160511414,0.11,0,0.0008999999999999009,2.129999999999999,0.004445524870118694,0.0
2022-06-10,-0.07298151461854453,-0.0343959202434377,-0.008819058574101663,0.8404106419119347,0.6330878615053183,0.8577564642819248,-0.5402262313629089,0.15333333333333332,-1.503321660936449,0.13,0,0.001100000000000101,1.6600000000000001,0.009003047994863515,0.0
2022-06-11,-0.08141423709847077,-0.023200611947273582,-0.03879936645151014,0.8590029046922174,0.63820604111596,0.6382597514568478,-0.557723525368925,0.14833333333333332,-1.5439154384937952,0.12,0,0.0012000000000000899,,,0.0
2022-06-12,-0.0661014978485426,-0.06730524721449922,-0.04142597505973835,0.8733866645745915,0.677912510609314,0.4588089670205502,-0.5756709482553695,0.26,-0.6373210730463956,0.14,0,0.0012000000000000899,,,0.0
2022-06-13,-0.17058175652519614,-0.16699764123151092,-0.04294494010902904,1.0256298244158673,0.8774068108043066,0.47607400425324753,-0.5935079874077297,0.245,-0.7591024057184345,0.11,0,0.0015000000000000568,,,0.0
2022-06-14,-0.0007607329863464822,-0.01573183286725236,-0.14093376709541242,1.004733525959633,0.8586662310335635,0.6679239968664998,-0.6469426485336442,0.23,-0.8808837383904731,0.08,0,0.001100000000000101,-1.3300000000000054,0.004238550908761093,0.0
2022-06-15,0.023398521720463156,0.020005528538409763,-0.032616710977265574,1.0050118883208925,0.8553704457751551,0.6598583100855262,-0.65827244338718,0.225,-0.9214775159478193,0.07,0,0.0012000000000000899,-3.0699999999999967,-0.00021865362065720876,0.0
2022-06-16,-0.14685358116920716,-0.10163017824163617,-0.00550045222363938,1.0865274151078113,0.9070549406322886,0.6550328786236502,-0.6601469394716849,0.225,-0.9214775159478193,0.07,0,0.0013000000000000789,3.330000000000002,-0.007997180192446121,0.0
2022-06-17,0.01711061304646468,0.0033031496542327322,-0.06992176070290737,1.0685452074615773,0.8938587835830396,0.6747589187412918,-0.6830983134919907,0.235,-0.840289960833127,0.09,0,0.0012000000000000899,-1.8200000000000038,0.004675333835945747,0.0
2022-06-18,-0.08824830591513726,-0.0760018363469714,0.014001843855502925,1.0624312032501024,0.8890154109300301,0.6711669170794696,-0.6786298955177292,0.22,-0.9620712935051656,0.06,0,0.0016000000000000458,,,0.0
2022-06-19,0.1257977979747236,0.08112771492687064,-0.0539671933823376,1.18272177812765,0.9466805484078243,0.6696634966644804,-0.6955136559404399,0.16166666666666665,-1.4356653650075386,0.06,0,0.0013000000000000789,,,0.0
2022-06-20,-0.0002570044812685736,-5.346568195921985e-06,0.037094285057434645,1.1807156534747354,0.9449106207099623,0.6933213954218403,-0.6840068538014239,0.17666666666666664,-1.3138840323354999,0.09,0,0.0012000000000000899,,,0.0
2022-06-21,-0.00212059047831573,0.007246490991842595,0.013284932101906025,1.1671341709578085,0.9363718391967958,0.6957870084974697,-0.6797808976923837,0.17666666666666664,-1.3138840323354999,0.09,0,0.0012000000000000899,-0.8399999999999999,,0.0
2022-06-22,-0.06956720574305485,-0.03613769395083157,0.006375723115210608,1.1789743558565848,0.9350869516980588,0.6792618261074577,-0.6777327470773382,0.18666666666666665,-1.2326964772208073,0.11,0,0.001100000000000101,-1.240000000000002,-0.0010200596002141842,0.0
2022-06-23,0.0861889654358654,0.05462142687846785,-0.010230204758753414,1.2346841061330731,0.9583470743897811,0.6793188234423416,-0.6810128006452798,0.18666666666666665,-1.2326964772208073,0.11,0,0.0008999999999999009,0.10000000000000142,0.002010097580063982,0.0
2022-06-24,0.06779710477768376,0.0060244133369918825,0.030009903696414705,1.2706291023648955,0.9599297180211136,0.6927989979329511,-0.671294938772778,0.18666666666666665,-1.2326964772208073,0.11,0,0.0007999999999999119,-1.8200000000000003,-0.0022955688377857635,0.0
2022-06-25,0.01405562618985872,0.011865650317023644,0.022260349137315484,1.2522433265584803,0.9632293374164884,0.7022956866847876,-0.6638958011881527,0.20166666666666666,-1.1109151445487686,0.14,0,0.0006999999999999229,,,0.0
2022-06-26,-0.03653460440968186,-0.02130943009010775,0.0032102733284397876,1.2521487132962494,0.9634367975400722,0.6959223591843287,-0.6628150810677867,0.17,-1.368009069078628,0.14,0,0.0005999999999999339,,,0.0
2022-06-27,-0.004417862684769171,-0.014146025460121855,-0.015570594586674405,1.2399841905066589,0.9595306797567249,0.695654944990809,-0.6680245879310773,0.16,-1.4491966241933205,0.12,0,0.0009999999999998899,,,0.0
2022-06-28,-0.041485731193213714,-0.022488841996465433,-0.008600683101992987,1.2401646662179442,0.95557014553792,0.6895156862563895,-0.6708675599721925,0.15000000000000002,-1.5303841793080128,0.1,0,0.0013000000000000789,1.4100000000000001,0.003707743988227925,0.0
2022-06-29,-0.039073527621807665,-0.007834849739538354,-0.020813280313912687,1.1738108650581562,0.9034959339060594,0.6879966388256434,-0.6776470888543171,0.165,-1.4086028466359741,0.13,0,0.0012000000000000899,-0.1999999999999993,0.002828031834126916,0.0
2022-06-30,-0.02689894218423035,-0.009025345538186133,-0.01363261636900432,1.1736414228862493,0.9016478115050162,0.6516522599452379,-0.6820117837246721,0.155,-1.4897904017506667,0.11,0,0.0013000000000000789,0.5500000000000007,2.976106822614655e-05,0.0
2022-07-01,-0.010587969793218431,-0.03378067520510561,-0.009087502407395576,1.1620888791368162,0.8866961768067849,0.6511420872382586,-0.6848884119261281,0.155,-1.4897904017506667,0.11,0,0.0012000000000000899,-2.0100000000000016,0.004459097341567286,0.47
2022-07-02,0.006846185649962798,-0.001400891578015631,-0.0009986802407720367,1.1615320755626974,0.8785642636359823,0.6478963066295607,-0.6852029505548767,0.17,-1.368009069078628,0.14,0,0.0013000000000000789,,,0.0
2022-07-03,0.006771708102821149,0.003267942871976135,0.020396397695829124,1.1634313497182638,0.8801583365125704,0.6551679698760619,-0.6776809808433838,0.15,-1.530384179308013,0.11,0,0.0012000000000000899,,,0.0
2022-07-04,0.06899907728999789,0.04657331482099153,0.00512293131842052,1.1962720003782639,0.9031707991670203,0.6573146698699963,-0.668230531532287,0.165,-1.4086028466359741,0.14,0,0.001100000000000101,,,0.0
2022-07-05,-0.01620355136469359,-0.0030129284649952903,0.02706542545529816,1.1948970096665845,0.9023261450425303,0.6710333129091709,-0.6504507910719107,0.19,-1.205633958849243,0.19,0,0.001100000000000101,0.00999999999999801,,0.0
2022-07-06,0.046639213828519155,0.019081421173606727,0.003826676983972105,1.2046054078087947,0.8835839035529918,0.6713193301240554,-0.6491106165873112,0.185,-1.2462277364065895,0.18,0,0.0009999999999998899,-0.8099999999999987,0.0031511142903078017,0.0
2022-07-07,0.04201834241640652,0.05028235345384914,0.015286722797096922,1.2201294747463498,0.9115702983952502,0.6754123220050283,-0.6410148116477448,0.185,-1.2462277364065895,0.18,0,0.0005999999999999339,-0.6500000000000021,-0.0022919194676166007,0.0
2022-07-08,-0.019131493596315344,-0.0013988983702488548,0.010337397341373011,1.2203278224850154,0.9099689195631431,0.6782906176174859,-0.637284591952602,0.195,-1.165040181291897,0.2,0,0.0006999999999999229,-1.4399999999999977,-0.0021167101922208143,0.0
2022-07-09,0.0024516067004322632,-0.00013522719346830976,-0.002979773158900117,1.2208981737353313,0.9103640771607625,0.6785841716502521,-0.6337577472601895,0.215,-1.002665071062512,0.24,0,0.0005999999999999339,,,0.0
2022-07-10,-0.04080419162975006,-0.03436315139820555,0.002217087180319038,1.206015970986136,0.9103535232393307,0.6799748274350654,-0.6284202423328987,0.20666666666666667,-1.0703213669914222,0.24,0,0.0006999999999999229,,,0.0
2022-07-11,-0.06356897064785066,-0.04404073474684607,-0.021386560451091788,1.194597122722177,0.9167247147035815,0.6733463649160542,-0.6362826803518599,0.19666666666666666,-1.1515089221061148,0.22,0,0.0007999999999999119,,,0.0
2022-07-12,-0.05417768989552516,-0.032317491445751946,-0.030218188250891634,1.1884042200857952,0.8979832149227911,0.667735404174912,-0.6471091567095721,0.16666666666666666,-1.3950715874501922,0.16,0,0.0009999999999998899,1.1199999999999974,0.001256333503713817,0.0
2022-07-13,0.0710000093611134,0.045813728987704215,-0.02221931666162568,1.0726350539282352,0.7208550085551052,0.6583071668371854,-0.6548636809585505,0.16166666666666665,-1.4356653650075386,0.15,0,0.0007999999999999119,-0.46999999999999886,-0.0013698865460839663,0.0
2022-07-14,0.06796872989362288,0.017341827629275455,0.021819124793665944,1.1006401818471363,0.7230299688534891,0.4605964593541601,-0.6472503525007464,0.17666666666666664,-1.3138840323354999,0.18,0,0.0007999999999999119,-0.4200000000000017,0.006297282617177474,0.0
2022-07-15,0.03120677869845652,0.011646994153803221,0.0220660774618006,1.1031020248139414,0.7203504765104992,0.45557999849282965,-0.639380037305198,0.16166666666666665,-1.4356653650075386,0.15,0,0.00029999999999996696,-2.169999999999998,-0.004732198181526791,0.0
2022-07-16,0.09639865042623087,0.01739743738897494,0.009483507204251198,1.019103516944494,0.6283664991577221,0.45672392342463897,-0.6359438273836817,0.19166666666666665,-1.1921026996634612,0.21,0,0.00019999999999997797,,,0.0
2022-07-17,-0.012766920485781647,-0.018929091711402925,0.024126120988490173,1.0210460099678924,0.6322357466391528,0.3897712368703698,-0.6270537538375793,0.23666666666666664,-0.8267587016473451,0.24,0,0.00039999999999995595,,,0.0
2022-07-18,0.16642121490543102,0.07564984518217717,-0.0033196090715965766,1.1051625327138446,0.6223908245596893,0.3880781157318595,-0.6282897369541508,0.21666666666666667,-0.9891338118767298,0.2,0,0.00029999999999996696,,,0.0
2022-07-19,-0.024795082040965585,0.04207720104807247,0.05843677745927047,1.038715533473513,0.5759060155607444,0.38193951642086343,-0.6053687151851186,0.26666666666666666,-0.5831960363032674,0.3,0,-9.999999999998899e-05,-0.8000000000000007,-0.0023714143284464884,0.0
2022-07-20,-0.013538507645356856,-0.007435482451242203,0.0030501667793176855,1.0414620554702083,0.5771845019331024,0.36488687887789745,-0.6001614556839515,0.27166666666666667,-0.5426022587459212,0.31,0,0.0,-0.620000000000001,0.0009613125511813342,0.0
2022-07-21,0.03479167709103766,-0.003066708544995841,-0.011685910147710752,1.0440242135822955,0.5775837713200668,0.36782789229565305,-0.6048067379474654,0.2866666666666667,-0.42082092607388233,0.34,0,-9.999999999998899e-05,-0.7699999999999996,0.0024724771447633942,0.0
2022-07-22,-0.025834684417970613,-0.02039295734074819,0.013524301173145422,1.0120982104646687,0.5664207560195599,0.3692973180381724,-0.599425720014745,0.2816666666666667,-0.4614147036312286,0.33,0,-9.999999999998899e-05,-0.0799999999999983,-0.0036861036983831864,0.0
2022-07-23,0.008690236730156871,-0.010358144626696868,-0.0012440371531725004,0.9767137241513317,0.5382946884624304,0.3662414192373938,-0.5999237394600765,0.27166666666666667,-0.5426022587459212,0.31,0,0.0,,,0.0
2022-07-24,0.031168596984445608,0.005712112265188854,0.0008922882945213313,0.9576383799068903,0.538266789116061,0.35445730565758155,-0.5995665967824613,0.2533333333333333,-0.6914461097895244,0.3,0,-9.999999999998899e-05,,,0.0
2022-07-25,-0.10337352078442748,-0.05783170787580325,0.010032327913498834,1.0341507248004258,0.5758463895734834,0.34877972720638767,-0.5854091447986064,0.2533333333333333,-0.6914461097895244,0.3,0,-9.999999999998899e-05,,,0.0
2022-07-26,0.005764901377539924,-0.002642042980227913,-0.04336964059719311,1.0232674647297355,0.5709267772329627,0.38440198535757847,-0.6030054700049551,0.23333333333333334,-0.853821220018909,0.26,0,-9.999999999998899e-05,1.3300000000000018,0.002436205798807011,0.0
2022-07-27,0.12113882570088544,0.07684804868982513,-0.002308040134858216,1.0976553470459942,0.6273056038930984,0.37978034046880343,-0.6029787434244913,0.24333333333333335,-0.7726336649042165,0.28,0,-0.00039999999999995595,-1.4500000000000028,0.0004788761162470684,0.0
2022-07-28,0.05285344954663206,0.03806305270838894,0.0489128682522862,1.0906852756254668,0.6314268100304422,0.411500504811386,-0.5789228303201562,0.2633333333333333,-0.6102585546748318,0.32,0,-0.00029999999999996696,-0.9100000000000001,-0.005722396837952968,0.0
2022-07-29,-0.001648192584826196,-0.0029057065160629104,0.027972854028806664,1.0756105858184686,0.6303603229432422,0.4099890113397742,-0.5669778108602822,0.29833333333333334,-0.32610211177340787,0.39,0,-0.00039999999999995595,-1.0,-0.002856279047493593,0.0
2022-07-30,-0.014438572055103257,-0.0054933721401181045,-0.0075256278092476715,1.0703776084058894,0.6294516648902454,0.4069622821085473,-0.5702243432693171,0.31333333333333335,-0.204320779101369,0.42,0,-0.00019999999999997797,,,0.0
2022-07-31,-0.011187867057264347,-0.014922034485878831,0.0011861766714793207,1.0705625474044285,0.6179046465589147,0.40385905847707126,-0.5697142509413325,0.28500000000000003,-0.4343521852596643,0.39,0,-0.00039999999999995595,,,0.0
2022-08-01,-0.028922339987396926,-0.001087168364516185,-0.005044098046283525,1.0813424535653815,0.6178563796218258,0.4049800680244564,-0.5718791897754352,0.255,-0.6779148506037419,0.33,0,-0.00029999999999996696,,,0.6500000000000001
2022-08-02,0.000386362038297038,-0.012116250420426194,-0.009395028549218842,1.082118410837783,0.6211325715433698,0.4048114673866269,-0.5758825616664591,0.245,-0.7591024057184345,0.31,0,-9.999999999998899e-05,1.0899999999999999,0.004418984054379411,0.0
2022-08-03,-0.00784843998302193,-0.007397292091435454,-0.017351798826118214,1.0659633739159673,0.6048581407410563,0.4121258041122088,-0.5656338327686158,0.26,-0.6373210730463956,0.34,0,-0.00019999999999997797,-1.9800000000000004,0.0036032181423412903,0.0
2022-08-04,-0.006323406437222392,-0.008599709479179367,0.011654612315544684,1.063302173837472,0.6059865365307048,0.4047440736752544,-0.5568847486008484,0.24,-0.7996961832757807,0.3,0,-9.999999999998899e-05,-0.509999999999998,-0.0045491456996977,0.0
2022-08-05,0.07708380245522739,0.030020061930577643,0.013031550948760533,1.0810533748202014,0.6106380494373247,0.40609187233784333,-0.5336870942953102,0.245,-0.7591024057184345,0.31,0,0.0,-0.2900000000000027,0.003995019941474097,0.0
2022-08-06,-0.0269666017680178,-0.01548490381388308,0.017817136938606468,1.0842803329560005,0.5909157137535451,0.40708226259066627,-0.507662410441743,0.245,-0.7591024057184345,0.31,0,-0.00019999999999997797,,,0.0
2022-08-07,0.005656514010153265,0.009546427689530375,-0.009029423311556602,1.0792185794379607,0.5913591783951466,0.40885896734910393,-0.43910142332922975,0.255,-0.6779148506037419,0.3,0,-9.999999999998899e-05,,,0.0
2022-08-08,0.04421467656389727,0.02705787086036656,0.018006995677116604,1.0847620656794654,0.5974940111276336,0.4113445028334815,-0.4154340029841258,0.255,-0.6779148506037419,0.3,0,-0.00019999999999997797,,,0.0
2022-08-09,-0.04270422211195693,-0.028113039796074532,0.0040445355719999874,1.085959378949086,0.5929208669170627,0.41129394800003755,-0.30166147460062004,0.315,-0.19078951991558707,0.42,0,-0.00019999999999997797,0.4800000000000004,-0.000138672526692026,0.0
2022-08-10,0.08486304530864872,0.03414479115449657,-0.028118624361827518,1.0783949243442998,0.5765646844416812,0.4171657351145463,-0.24894889792151137,0.26,-0.6373210730463956,0.31,0,-0.00029999999999996696,-2.030000000000001,-0.00912643068314357,0.0
2022-08-11,0.014259326281607759,-0.0008210750278983731,0.04441043896868203,1.0471074935806775,0.5604087396491653,0.421670241025468,-0.2148426576634318,0.31,-0.23138329747293335,0.41,0,-0.00039999999999995595,0.46000000000000085,-0.00031473811150244563,0.0
2022-08-12,0.04069370138366628,0.01941760376984897,-0.0033827974815514934,1.0337006291830801,0.5448189186911404,0.4105927701960094,-0.21749419860216948,0.315,-0.19078951991558707,0.42,0,-0.00039999999999995595,-0.6699999999999982,0.0024961303104219664,0.0
2022-08-13,0.012821631671543106,0.0015436569219570487,0.00809062705471083,1.0184529977527406,0.543554010183138,0.4071157782528341,-0.2111375560573552,0.335,-0.028414409686201965,0.46,0,-0.00039999999999995595,,,0.0
2022-08-14,-0.024620648251884012,-0.005585632561017508,0.002398096624406482,1.0271858611887847,0.5445107253405953,0.4034135373876874,-0.19825131247231817,0.3383333333333333,-0.0013518913146380812,0.47,0,-0.00029999999999996696,,,0.0
2022-08-15,-0.018908493460727118,-0.008695085325241067,-0.015098059398166186,0.9903674545344934,0.5447260823570719,0.4096848883730625,-0.21026524006769431,0.32833333333333337,-0.08253944642933018,0.45,0,-0.00019999999999997797,,,0.0
2022-08-16,-0.011860097226792179,-0.01001393990872997,-0.01063436813435086,0.9900959048426035,0.5408202042523923,0.4072198289169121,-0.21861907264024025,0.32333333333333336,-0.12313322398667646,0.44,0,-9.999999999998899e-05,-0.259999999999998,0.002050082943422715,0.0
2022-08-17,-0.022863251068879646,-0.021700351923622782,0.002582974790180629,0.8227433672011518,0.4833303985665861,0.40642877962760904,-0.21659817656511174,0.30833333333333335,-0.24491455665871528,0.41,0,-9.999999999998899e-05,0.2099999999999973,0.003203261135471794,0.0
2022-08-18,0.006596702760469762,-0.0065096914314182845,-0.018295385115354633,0.8157144448622468,0.46096501457326405,0.3630325897563418,-0.23080049998739954,0.2533333333333333,-0.6914461097895244,0.3,0,9.999999999998899e-05,-0.33999999999999986,0.0023859232097270134,0.0
2022-08-19,-0.13761329834110575,-0.10716790958304105,-0.01294870282607144,0.9558810436315245,0.5928187190293596,0.3664481797489395,-0.2406964277436126,0.2683333333333333,-0.5696647771174855,0.33,0,9.999999999998899e-05,1.0400000000000027,0.005602004440604717,0.0
2022-08-20,-0.020703711207068178,0.014565304906857087,-0.05150766209030684,0.9514084120699441,0.5962057972233975,0.40775618920676887,-0.2788162214379553,0.24833333333333332,-0.7320398873468704,0.29,0,0.0,,,0.0
2022-08-21,0.026355789690766056,0.017608426506096567,-0.006157484136173823,0.9509790274084666,0.5970115039568132,0.4050938886756177,-0.28324325543049683,0.22333333333333333,-0.9350087751336015,0.27,0,0.0,,,0.0
2022-08-22,0.004027401605630431,-0.005395740129964921,0.014883390250193045,0.950689898724769,0.5963629703802843,0.4088661998379212,-0.2724957034765001,0.23333333333333334,-0.853821220018909,0.29,0,9.999999999998899e-05,,,0.0
2022-08-23,0.024772776244363897,0.00602345926973469,0.00020369291503556333,0.9484450230405347,0.5964119950052115,0.40884427157337994,-0.2723475009122466,0.22833333333333333,-0.8944149975762553,0.28,0,0.0,0.3099999999999987,-0.004462025316855413,0.0
2022-08-24,-0.00532817631539061,-0.007508217623966096,0.0033881629957154694,0.8706091984174739,0.5614903967085068,0.40734450988892346,-0.2698779143226472,0.21333333333333332,-1.0161963302482941,0.25,0,-9.999999999998899e-05,-1.2899999999999991,0.0004411698465753315,0.0
2022-08-25,0.02300447243224016,0.008896998430986994,0.002935509267703892,0.8729601491732586,0.5622260085465919,0.3772310818034352,-0.26773148528377105,0.21333333333333332,-1.0161963302482941,0.25,0,0.0,-1.0399999999999991,-0.0004094771261872845,0.0
2022-08-26,-0.11684400962412589,-0.06308249760374372,0.0065302281504402825,0.8699099159281427,0.5341431288489051,0.3775670157290511,-0.2629339573881867,0.22333333333333333,-0.9350087751336015,0.27,0,0.0,3.7799999999999976,5.688185072324667e-05,0.0
2022-08-27,-0.011416349436118464,-0.010102211978267828,-0.048287254167769925,0.8468251477406309,0.5121568499493758,0.37491986266847277,-0.297679225027654,0.22833333333333333,-0.8944149975762553,0.28,0,9.999999999998899e-05,,,0.0
2022-08-28,-0.044081137075116225,-0.024348306776797283,-0.005923758742876339,0.8576718340506452,0.5160801006841609,0.35897915024403815,-0.3018273056143901,0.22500000000000003,-0.9214775159478191,0.28,0,9.999999999998899e-05,,,0.0
2022-08-29,0.08400940813119989,0.03665548140456874,-0.018652944754480136,0.9128308974774424,0.5376173358938428,0.36272544237626536,-0.31095300830817063,0.20500000000000002,-1.0838526261772043,0.24,0,0.0,,,0.0
2022-08-30,-0.017690026024654703,-0.023647029931174457,0.02926721619010941,0.913847799233526,0.540476223175492,0.38021379370196956,-0.2686042029697977,0.22000000000000003,-0.9620712935051654,0.27,0,-9.999999999998899e-05,0.0,0.0017495211892360276,0.0
2022-08-31,0.019171078486372013,0.011959497995954903,-0.003081306904708702,0.9122043490654432,0.5436917946377188,0.38012221179727324,-0.2708543893514874,0.2,-1.1244464037345505,0.23,0,9.999999999998899e-05,-0.33999999999999986,-0.0012118771905292795,0.0
2022-09-01,0.020419400908740976,0.004053614327647557,-0.006002447419812162,0.9154227337771145,0.543939102513849,0.3795449920737453,-0.26169087698314797,0.185,-1.2462277364065895,0.2,0,0.0,-0.3100000000000023,0.006982486717248456,0.22999999999999998
2022-09-02,-0.0068385310360521735,-0.008961393513317224,0.010143616846264041,0.9153334064710872,0.5440741036338312,0.3781247056548805,-0.25416363996257235,0.21000000000000002,-1.043258848619858,0.25,0,-9.999999999998899e-05,-0.08999999999999986,-0.005047257636225203,0.0
2022-09-03,-0.011421180645425143,-0.006030619708257377,-0.0020525515335277624,0.9158865521030506,0.5439027240941909,0.3750918942784589,-0.2556929375092089,0.19,-1.205633958849243,0.21,0,-9.999999999998899e-05,,,0.0
2022-09-04,0.013912757808582676,0.008455521077103931,-0.004796287338075588,0.8735746471202266,0.5317984829140558,0.3712056815707497,-0.25925430056117665,0.19166666666666665,-1.1921026996634612,0.2,0,-9.999999999998899e-05,,,0.0
2022-09-05,0.02409815462643991,-0.010224944437388826,-0.0006514197990966463,0.8742248351398613,0.5308222642570151,0.36391213544989165,-0.25973667984312127,0.20666666666666667,-1.0703213669914222,0.23,0,9.999999999998899e-05,,,0.0
2022-09-06,-0.03701619717846296,-0.052165052029039496,0.012169364835554527,0.8824805675329257,0.552824122244144,0.36717807796510965,-0.24646529403539214,0.20166666666666666,-1.1109151445487686,0.22,0,0.0,0.9200000000000017,,0.0
2022-09-07,0.044529010395418796,0.02637676564806005,-0.04391151114519011,0.882692397728477,0.5523010110990929,0.3865523782249622,-0.2724500735532714,0.21166666666666667,-1.029727589434076,0.24,0,0.0,-2.2699999999999996,0.0005913276920869791,0.0
2022-09-08,0.0032890636228218167,0.0013948813284810479,0.018145868352243598,0.871076960657188,0.5476831880481874,0.39359361985411884,-0.22981722338025654,0.19166666666666665,-1.1921026996634612,0.2,0,-9.999999999998899e-05,-1.0300000000000011,-0.00210729982865443,0.0
2022-09-09,0.04942561276059681,0.10039623993986292,0.00034204333931121757,0.8349560839334793,0.6483496806947562,0.384182069293022,-0.19696694513748916,0.20166666666666666,-1.1109151445487686,0.22,0,-0.00029999999999996696,-0.8200000000000003,-0.006366447744805467,0.0
2022-09-10,0.03200983414051685,0.013403613252505489,0.024974145638833566,0.841715980624543,0.651070736275397,0.3590264608774719,-0.1405308226327561,0.2316666666666667,-0.8673524792046909,0.28,0,-0.00029999999999996696,,,0.0
2022-09-11,-0.004525137444914798,0.008213002469083833,0.012557057670475677,0.8275505729063474,0.6473021477798125,0.36356081932952194,-0.1040564518275696,0.30000000000000004,-0.31257085258762546,0.26,0,-0.00029999999999996696,,,0.0
2022-09-12,-0.028567792358462483,0.02572898259027063,-0.011160648275775087,0.8299017515777999,0.6552259837343397,0.36215933105462006,-0.11400017025606418,0.29500000000000004,-0.35316463014497174,0.25,0,-0.00019999999999997797,,,0.0
2022-09-13,-0.0863373482233775,-0.10449743036114226,-0.0084233166680876,0.8751209352893815,0.7449880930478706,0.36173696320298104,-0.12143188361102623,0.34,0.012179367871144311,0.34,0,0.0,3.3999999999999986,0.008807059259403293,0.0
2022-09-14,0.039839805012948044,0.002630676354029713,-0.05508342937203738,0.8888417872957827,0.7455599234325871,0.40144628157597184,-0.16851769931240526,0.30500000000000005,-0.2719770750302792,0.27,0,-0.00019999999999997797,-1.1099999999999994,0.00021456545956146378,0.0
2022-09-15,-0.1065826509091404,-0.026289945533484776,-0.019300552264350554,0.9569471372055285,0.7488628509543698,0.40393141096748575,-0.18441189018875195,0.31000000000000005,-0.2313832974729329,0.28,0,9.999999999998899e-05,0.10999999999999943,0.003476448062646446,0.0
2022-09-16,-0.02673339668080316,0.00513452781707948,-0.020067859140406447,0.957794528717021,0.7478001651799258,0.4056413035472288,-0.200615864159132,0.27,-0.5561335179317031,0.2,0,9.999999999998899e-05,0.030000000000001137,-3.9237086899520387e-05,0.0
2022-09-17,0.024068160773249497,0.0155486070502051,0.005281963315983075,0.9631174968102784,0.751368009917662,0.40548945830615485,-0.1963823757555698,0.28,-0.47494596281701057,0.22,0,-9.999999999998899e-05,,,0.0
2022-09-18,-0.09590198223450286,-0.03529045844411419,0.011868951148393465,0.9012654767062802,0.6649031348149982,0.4092869029628707,-0.18678744921199314,0.23833333333333334,-0.8132274424615628,0.27,0,0.0,,,0.0
2022-09-19,0.030602021244195365,0.006204388221696427,-0.028676038554099007,0.9086360869154966,0.6628624521840061,0.3836329258339148,-0.20977597839995213,0.20833333333333331,-1.0567901078056403,0.21,0,-9.999999999998899e-05,,,0.0
2022-09-20,-0.039317230841676196,-0.03447283217250921,0.007386986886952533,0.909419169891046,0.6677253789596679,0.38571885569861913,-0.20391699042350103,0.21833333333333332,-0.9756025526909478,0.23,0,-9.999999999998899e-05,1.3999999999999986,0.0009147053911356923,0.0
2022-09-21,-0.060087133912322815,-0.022158395968022992,-0.0029015997410679942,0.9272111775770658,0.6706048870903853,0.37978058420862465,-0.20622355669360853,0.21833333333333332,-0.9756025526909478,0.23,0,-9.999999999998899e-05,0.8299999999999983,0.004903848430217921,0.0
2022-09-22,0.06275189983117246,0.049677183991239306,-0.020964151587507165,0.9536327185263702,0.6963659277646436,0.3836668648520713,-0.22269118829842796,0.21333333333333332,-1.0161963302482941,0.22,0,0.0,-0.639999999999997,0.0033885607474247624,0.0
2022-09-23,0.000595392882671749,-0.005774921881411174,0.03270912396647182,0.9540329281429546,0.6962656043129337,0.4049357830998566,-0.1968457108230505,0.20333333333333334,-1.0973838853629865,0.2,0,0.0,2.5700000000000003,0.008826975230126231,0.0
2022-09-24,-0.007654005404383535,-0.019336170941039267,0.0037649689225081806,0.9477128358656459,0.6969483900542184,0.40512971259436253,-0.1938161603813423,0.22333333333333333,-0.9350087751336015,0.24,0,-9.999999999998899e-05,,,0.0
2022-09-25,-0.01723018703557612,-0.0059966443373075,-0.0036568001227049703,0.8642842638869348,0.6640708907851197,0.4033006410086081,-0.19675882988871482,0.19333333333333333,-1.178571440477679,0.24,0,0.0,,,0.0
2022-09-26,0.031582372486728946,0.02210884264131569,-0.003710369504945694,0.8732890843444558,0.6688856889628828,0.37107021320431643,-0.19973362921625995,0.17833333333333334,-1.3003527731497175,0.21,0,-9.999999999998899e-05,,,0.0
2022-09-27,-0.006118201346611302,-0.00776312114359553,0.014392141569579225,0.861125552367682,0.6642015176563202,0.3758010467492906,-0.18813280218495287,0.17333333333333334,-1.340946550707064,0.2,0,,0.3400000000000034,-0.00011911597277525268,0.0
2022-09-28,0.006888764382004825,0.01733860506675769,-0.0008337397972251804,0.8038471445549912,0.6538194825802457,0.37117486144366046,-0.18880940608284114,0.17333333333333334,-1.340946550707064,0.2,0,,-2.4200000000000017,-0.0027303185828486086,0.0
2022-09-29,-0.0011223765628838153,0.009162636565833372,0.004566375776715105,0.8026215291275081,0.64981370391029,0.3548421082314302,-0.18509673472952864,0.18333333333333335,-1.2597589955923714,0.22,0,,1.6600000000000001,-0.004261599575079181,0.0
2022-09-30,-0.005239426192316352,-0.008658457767896248,-8.091051940423571e-05,0.7980988795148649,0.6488679061178504,0.35494155774721226,-0.18516266630867073,0.17833333333333334,-1.3003527731497175,0.21,0,,-0.21999999999999886,-0.00022661467956320845,0.0
2022-10-01,-0.012823456073443866,-0.00576555882359139,-0.0017873024584438056,0.7930634783467339,0.6487979212099593,0.3547173694699305,-0.18661772637484925,0.17333333333333334,-1.340946550707064,0.2,0,,,,0.52
2022-10-02,-0.027098327626368574,-0.013248299277497894,0.007027964302614411,0.7963683507472256,0.6495996437081285,0.3535033342829094,-0.18088117024737094,0.18666666666666665,-1.2326964772208073,0.24,0,,,,0.0
2022-10-03,0.03567562092116324,0.029588146889959064,-0.009737579005058153,0.8099106686057178,0.6583161507621417,0.3544154797619127,-0.18881869570611287,0.18666666666666665,-1.2326964772208073,0.24,0,,,,0.0
2022-10-04,0.028609778234496886,0.0354700667521785,0.014868274226458844,0.8159299329443537,0.6695088945705584,0.3595415591806924,-0.17666772146394022,0.16666666666666669,-1.395071587450192,0.2,0,,-1.0300000000000011,-0.007102522442355675,0.0
2022-10-05,-0.0068467925900135215,-0.008868076947532767,0.009290675370449674,0.8091772869725428,0.6692505265882757,0.3616872900691163,-0.16898276460055286,0.19166666666666665,-1.1921026996634612,0.25,0,,-0.5199999999999996,0.005372211771612774,0.0
2022-10-06,-0.0001035403401485927,-0.009850292500254246,0.0012379537618808741,0.8015642419665864,0.6430197742485627,0.35840701315450724,-0.16795336664573207,0.19666666666666666,-1.1515089221061148,0.26,0,,1.9699999999999989,0.003051425978416022,0.0
2022-10-07,-0.015623687263455519,-0.02180748428132239,-0.0023372335511076658,0.7822497652882492,0.6420058933615648,0.3250982791832026,-0.16989578312857684,0.18166666666666667,-1.2732902547781535,0.23,0,,0.8399999999999999,0.00048554292980452384,0.0
2022-10-08,-0.011804050032933833,-0.005757942171450429,-0.011156222261639757,0.7815824993195367,0.6423521237859252,0.31976802009966265,-0.17910514391718005,0.18666666666666665,-1.2326964772208073,0.24,0,,,,0.0
2022-10-09,0.005798523794401447,0.001083975237505919,-0.004383167120340854,0.7561620588826149,0.5310876709403348,0.31982161143818855,-0.18269538918907743,0.17333333333333334,-1.340946550707064,0.22,0,,,,0.0
2022-10-10,-0.02533466791518214,-0.015926855342589977,0.0017087136745060983,0.7436471127115456,0.5294386636741194,0.3052617129741719,-0.18129765580135188,0.17333333333333334,-1.340946550707064,0.22,0,,,,0.0
2022-10-11,-0.007719462178011686,-0.003763632670309744,-0.013257492819240707,0.7434009602799608,0.5275723532473313,0.30241009144878767,-0.19207996513097422,0.18333333333333332,-1.2597589955923716,0.24,0,,1.1799999999999997,,0.0
2022-10-12,0.011132157454090616,0.00499954855969873,-0.0004807021965057423,0.7443066562905436,0.51747209857864,0.30127381223165334,-0.19246824073639188,0.16333333333333333,-1.4221341058217565,0.2,0,,-0.060000000000002274,0.0037840304530297637,0.0
2022-10-13,-0.0057020824489079506,0.011398838108565434,-0.006274149392083988,0.6906109135033573,0.37621445926706293,0.3008880818550403,-0.1975189545977983,0.16333333333333333,-1.4221341058217565,0.2,0,,-1.629999999999999,-0.0032789259502674505,0.0
2022-10-14,0.0071148228207480535,-0.010282290815579725,-0.009461853498607328,0.672027819296242,0.37719145396027265,0.2367825700442784,-0.2050761039841709,0.18333333333333332,-1.2597589955923716,0.24,0,,0.08000000000000185,0.004716851717538679,0.0
2022-10-15,-0.016607478021246645,-0.0056235623928088925,-0.0003918872537675582,0.5713158572689956,0.3670386007829322,0.22790963244299273,-0.2053875634942427,0.18333333333333332,-1.2597589955923716,0.24,0,,,,0.0
2022-10-16,0.024047313738358313,0.010100687533673864,-0.0028352918889129348,0.5742381485503826,0.3685040491487377,0.21731872926438173,-0.20763733080965224,0.175,-1.3274152915212818,0.24,0,,,,0.0
2022-10-17,0.01930027490231382,0.014783006060808625,0.008186015737147952,0.5716322792816235,0.3680827916231709,0.2184894914802487,-0.20112441649019625,0.155,-1.4897904017506667,0.2,0,,,,0.0
2022-10-18,-0.0156620450592596,-0.011442277457683746,0.007688567722857837,0.46691099914190315,0.3489813806570293,0.21605680808928984,-0.1949585344375477,0.165,-1.4086028466359741,0.22,0,,-0.870000000000001,0.002116919667953468,0.0
2022-10-19,-0.019740220320127733,-0.010583325769578811,-0.008551531833669222,0.45749344566026257,0.35004354050927905,0.19300710889847691,-0.2018135200691751,0.17,-1.368009069078628,0.23,0,,0.26000000000000156,0.0037571426897852053,0.0
2022-10-20,-0.0019628773350881907,-0.004299657437842867,-0.01119053530837476,0.4375487890678616,0.328580371176785,0.1953268554487184,-0.2106958622804118,0.17,-1.368009069078628,0.23,0,,-0.7800000000000011,-0.0030545807324754135,0.0
2022-10-21,0.013306060811697405,0.006409961253210738,-0.010891766366906145,0.3845561734255074,0.31898115153679873,0.1986343468270486,-0.21924613025355053,0.17,-1.368009069078628,0.23,0,,-0.28999999999999915,-0.002594664210131594,0.0
2022-10-22,0.010607134072841059,0.0020839900038091583,0.0009015133205301188,0.3169422635736043,0.26699302493889937,0.18449162512671682,-0.21854195287496714,0.155,-1.4897904017506667,0.2,0,,,,0.0
2022-10-23,0.03778910388395278,0.018881404774908718,0.002340596839379875,0.34372179228244426,0.2744248455010806,0.14279017293735244,-0.21671073240134403,0.18833333333333335,-1.219165218035025,0.23,0,,,,0.0
2022-10-24,-0.015208154818900862,-0.012374412787988572,0.01695331375512773,0.34708568113270877,0.26912039245383235,0.15502342637760755,-0.20331818038521862,0.18333333333333335,-1.2597589955923714,0.22,0,,,,0.0
2022-10-25,0.08289831625036694,0.03808397301398036,-0.011351571076082983,0.44423802967283943,0.2976935184225719,0.15932482847716475,-0.21231063488003374,0.17333333333333334,-1.340946550707064,0.2,0,,-1.3900000000000006,-0.005115757562255494,0.0
2022-10-26,0.07033011482030309,0.033858406805051616,0.032362716091977946,0.49245949828618274,0.3101524551132736,0.1960588698042588,-0.18640189015733602,0.23833333333333334,-0.8132274424615628,0.33,0,,-1.1799999999999997,-0.0071286663010835805,0.0
2022-10-27,-0.03380027292123538,-0.023206217347907374,0.023576518974136648,0.5096970063067728,0.32111480885701643,0.20655606877484176,-0.16699217114872864,0.23333333333333334,-0.853821220018909,0.32,0,,0.10999999999999943,0.0018208746728001957,0.0
2022-10-28,0.026307872841872658,0.014514910485440964,-0.01235758061110027,0.5153740021507013,0.3195711210852756,0.21159288300217605,-0.17722278950527362,0.22333333333333333,-0.9350087751336015,0.3,0,,-1.6400000000000006,0.004022590819465224,0.0
2022-10-29,0.04105228046823375,0.01052290170330112,0.010322916753946922,0.5298425694560144,0.31999165033441407,0.21393437242927107,-0.16868533897300722,0.24333333333333335,-0.7726336649042165,0.34,0,,,,0.0
2022-10-30,-0.01813762536979552,-0.008793615102669194,0.01623158753403552,0.5352978717130192,0.3200487112746153,0.22067917439530987,-0.15508167643672582,0.23833333333333334,-0.8132274424615628,0.34,0,,,,0.0
2022-10-31,-0.011223178506764802,-0.006651090639639452,-0.0063651116409458005,0.534618539007891,0.3203341358416488,0.22203484637492701,-0.1604425963671236,0.22333333333333333,-0.9350087751336015,0.31,0,,,,0.0
2022-11-01,0.003674829676506621,-0.00034753441282134187,-0.010111978817120747,0.5212135170125679,0.31574457733959055,0.2242700383888986,-0.16888940410276118,0.21833333333333332,-0.9756025526909478,0.3,0,,-0.07000000000000028,-0.0017504472736053847,0.6999999999999997
2022-11-02,-0.03884472586553249,-0.016329943003790245,-0.00317521126639172,0.5343899926547085,0.30647924349253103,0.22165833839982588,-0.17152417064662911,0.21833333333333332,-0.9756025526909478,0.3,0,,0.05000000000000071,-0.0006846997364591352,0.0
2022-11-03,0.008310015519320951,0.002774058844848819,-0.014827262085046155,0.5275523244705531,0.2801141341058445,0.22197472667682241,-0.18371757808544417,0.21833333333333332,-0.9756025526909478,0.3,0,,-0.5599999999999987,0.006754217103540541,0.0
2022-11-04,0.07167898833885042,0.04550026847944526,0.006909866035788423,0.5762541251200971,0.32028647596024473,0.2208342526120623,-0.17805764372859195,0.21833333333333332,-0.9756025526909478,0.3,0,,-0.75,-0.008048731945460862,0.0
2022-11-05,-0.010881101073359998,0.007107568128679593,0.0327096125834368,0.5790349465974464,0.31811165123170304,0.24917687676328307,-0.15072768825383068,0.2583333333333333,-0.6508523322321781,0.38,0,,,,0.0
2022-11-06,-0.036739681791493305,-0.018661385830795497,-0.002154899999755023,0.593540703879889,0.31530468623986196,0.24914987054738597,-0.15255581473590354,0.2966666666666667,-0.3396333709591898,0.4,0,,,,0.0
2022-11-07,-0.0001211584020051137,-0.015155708438383623,-0.018724771047660484,0.5906541315840461,0.31998498313591206,0.25500854813606216,-0.16827637184243419,0.26166666666666666,-0.6237898138606137,0.33,0,,,,0.0
2022-11-08,-0.16110570303953478,-0.10453994878635704,-0.00390967246913523,0.8294808622039112,0.49035059166756784,0.2549012312331348,-0.1715217904175476,0.25166666666666665,-0.7049773689753063,0.31,0,,1.1899999999999977,-0.005344159243320494,0.0
2022-11-09,-0.19097006900385916,-0.15256777937932994,-0.10144484351204412,1.0623939080768534,0.7190283775023658,0.4372349022336514,-0.2514442435791726,0.24166666666666664,-0.7861649240899988,0.29,0,,0.5500000000000007,0.0028066250279485017,0.0
2022-11-10,0.16402134152275558,0.10021156844027021,-0.11948024282900783,1.2152241883034824,0.8091361502681726,0.5965898109006081,-0.33574544024511793,0.20666666666666667,-1.0703213669914222,0.22,0,,-2.5599999999999987,-0.010225446659001122,0.0
2022-11-11,-0.007726341863364996,-0.030623543661599414,0.04024527201072567,1.2149269262607842,0.8144185372907747,0.618301838510233,-0.30846710453598536,0.22166666666666668,-0.9485400343193835,0.25,0,,-1.0100000000000016,,0.0
2022-11-12,-0.02515712695090829,-0.015243021519595541,-0.02220247712955996,1.2179407966679032,0.8134447790901032,0.621149805289223,-0.3133626325713923,0.20166666666666666,-1.1109151445487686,0.21,0,,,,0.0
2022-11-13,-0.028855371043540967,-0.02910295424526251,-0.016445699917269456,1.2214629661495053,0.817699597538661,0.6221590101236173,-0.31910235294810907,0.19166666666666665,-1.1921026996634612,0.22,0,,,,0.0
2022-11-14,0.017681623598823245,0.017579576532614275,-0.020580375962050347,1.2221504211143916,0.8216004873700681,0.6238788453681418,-0.33297226892448084,0.20166666666666666,-1.1109151445487686,0.24,0,,,,0.0
2022-11-15,0.007971169901038475,0.01677305124617919,0.004301525803665525,1.2193136147763275,0.8234290520215563,0.6249174969438337,-0.3177279137040727,0.19166666666666665,-1.1921026996634612,0.22,0,,0.8099999999999987,-0.0031541812525593847,0.0
2022-11-16,-0.030017642122180853,-0.014171059886846265,0.007492280589046956,1.2209228512072745,0.8211467617810444,0.6247188002842278,-0.30363808694300204,0.19666666666666666,-1.1515089221061148,0.23,0,,-0.4299999999999997,0.0019706023776257134,0.0
2022-11-17,-0.013026750462845106,0.0017868218880000477,-0.015696499485872636,1.2206139047392646,0.8212031668446751,0.623409188083404,-0.2938009216764763,0.18166666666666667,-1.2732902547781535,0.2,0,,-0.17999999999999972,0.005624083866108319,0.0
2022-11-18,0.01007049509316885,0.00047255399539148176,0.002624314077882812,1.2198753104447713,0.8211431416110244,0.6243157087996372,-0.2919451995596396,0.19666666666666666,-1.1515089221061148,0.23,0,,-0.8099999999999987,-0.0010055305020187607,0.0
2022-11-19,0.004188875582935169,1.377198915139681e-05,-0.0025117227277479423,1.220062309467933,0.8212953278797681,0.6242810950505632,-0.29372140529243934,0.19666666666666666,-1.1515089221061148,0.23,0,,,,0.0
2022-11-20,-0.06397421437289094,-0.025497948917879515,-0.006123091394260338,1.2377247098483242,0.8235606361586716,0.6240812561328963,-0.2980328006733493,0.19,-1.205633958849243,0.24,0,,,,0.0
2022-11-21,-0.031004239269978077,-0.031126427112839597,-0.029808788797670474,1.239922289958174,0.8278791707577793,0.6287658592197026,-0.31864879718809164,0.175,-1.3274152915212818,0.21,0,,,,0.0
2022-11-22,0.02871658066714913,0.02784776288354211,-0.006231350765818825,1.2363163794904766,0.8319258641144572,0.6278092412370244,-0.3228813346191616,0.18,-1.2868215139639356,0.22,0,,-1.0700000000000003,-0.0037310628192950513,0.0
2022-11-23,0.038660305594043654,0.02291720320295262,-0.00016300222151386065,1.2455088814974618,0.8377403236861488,0.6221771514146885,-0.3229916974709078,0.18,-1.2868215139639356,0.22,0,,-0.9399999999999977,-0.0038638095214530896,0.0
2022-11-24,0.016087440010925196,-0.00025058686248794284,0.013134105469890541,1.2079396588029034,0.8234362666511092,0.6264779925678645,-0.296141169673421,0.17,-1.368009069078628,0.2,0,,0.07000000000000028,,0.0
2022-11-25,-0.0036870159910469204,-0.004638140695062483,-0.006458091576337852,1.1759078256732656,0.8106279674815025,0.6098694093807735,-0.3006721081012143,0.17,-1.368009069078628,0.2,0,,0.0799999999999983,,0.0
2022-11-26,0.005239315074610342,-0.003854985458206651,-0.0012921030919990377,1.1733828826548307,0.8087558756828191,0.5993790601430303,-0.30157512830942135,0.18,-1.2868215139639356,0.22,0,,,,0.0
2022-11-27,-0.009768860923016917,-0.0018116393171025897,0.012390238751036097,1.1669941571940077,0.8052908707845302,0.6041103590214673,-0.2928676448963221,0.19,-1.205633958849243,0.26,0,,,,0.0
2022-11-28,-0.02211256020017287,-0.013226836427965193,-0.006208023614701887,1.1537582740144734,0.8028474785150477,0.6002944753056734,-0.29724394112532404,0.2,-1.1244464037345505,0.28,0,,,,0.0
2022-11-29,0.04087371569654329,0.014063432280211978,-0.016350513725917944,1.1673808338400915,0.8066276535247219,0.593599175539755,-0.30864093644347096,0.19,-1.205633958849243,0.26,0,,-0.3200000000000003,0.00047155943473005363,0.0
2022-11-30,0.06212395686716445,0.04292192204564575,0.025243523383006953,1.1933176446705167,0.8256390244323613,0.6063706021133504,-0.29096645319832654,0.205,-1.0838526261772046,0.29,0,,-1.3100000000000023,-0.0011651476564824628,0.0
2022-12-01,-0.014042169844776358,-0.010911911994265286,0.013246867269254978,1.1930183589222494,0.8255661729524698,0.61142742009568,-0.2815114938810571,0.195,-1.165040181291897,0.27,0,,-0.7399999999999984,-0.012324917135421883,0.31999999999999984
2022-12-02,0.014914739927744848,0.006772531170246441,0.0012531604101400202,1.189735326959642,0.8259515396490364,0.6121090408385943,-0.2806105481331814,0.195,-1.165040181291897,0.27,0,,-0.7800000000000011,4.671849688592587e-05,0.0
2022-12-03,-0.0434436044707897,-0.012216313353321956,-0.012443110016799323,1.1959691906059473,0.8257192460137296,0.6118488612645705,-0.2895065286149407,0.195,-1.165040181291897,0.27,0,,,,0.0
2022-12-04,0.030876448784335594,0.012974242698661298,-0.0005105678227805265,1.1703730236386685,0.8077918405090224,0.6100736902348748,-0.28986919112994197,0.185,-1.2462277364065895,0.26,0,,,,0.0
2022-12-05,-0.015755676837173074,-0.008179770631694087,0.014729592493620056,1.1706279497411147,0.8061727443512136,0.5978754805146536,-0.2793318387603664,0.185,-1.2462277364065895,0.26,0,,,,0.0
2022-12-06,0.009412373448134082,0.007200670308000258,-0.012766040174232253,1.1676982310359982,0.8067459390266369,0.5974615579698325,-0.28847344226860633,0.18,-1.2868215139639356,0.25,0,,1.4200000000000017,0.0030994397058261933,0.0
2022-12-07,-0.032082671682039744,-0.014875177009226765,0.009246028300077772,1.170647422517161,0.8067096092695363,0.5999806075139369,-0.28186413976574876,0.19999999999999998,-1.1244464037345507,0.29,0,,0.509999999999998,-0.002101881358853118,0.0
2022-12-08,0.03902763394865509,0.022752101931693153,-0.000805643845743623,1.0424619551076317,0.7310601966499198,0.6003807978945672,-0.2824424685071777,0.18,-1.2868215139639356,0.25,0,,-0.39000000000000057,-0.002819201136321257,0.0
2022-12-09,-0.01343167624696493,-0.005562320142259912,0.003555183988518879,0.7892914033879921,0.49186672857724995,0.49880835336084267,-0.2798868793573045,0.185,-1.2462277364065895,0.26,0,,0.5399999999999991,4.002690789000891e-05,0.0
2022-12-10,0.0025697300112286145,-6.247071687181942e-05,-0.0008554892953260613,0.540292102480412,0.3427257142234336,0.2793439739919804,-0.2724276308060103,0.19,-1.205633958849243,0.27,0,,,,0.0
2022-12-11,-0.002640985815637715,-0.0024809629316508166,0.00695935133982997,0.5397691014913909,0.32564845944259513,0.23865149100865485,-0.261149102066353,0.185,-1.2462277364065895,0.26,0,,,,0.0
2022-12-12,0.009762093905650984,0.007276920090016073,-0.010875784509930186,0.5335505277734491,0.3218072775211611,0.229753017393884,-0.24393003595112642,0.19,-1.205633958849243,0.27,0,,,,0.0
2022-12-13,0.03489447239766374,0.032295365713004065,-0.0008919649063154053,0.5357705004581498,0.32131093233042707,0.22353719295227137,-0.24460412315002247,0.19,-1.205633958849243,0.27,0,,-2.4499999999999993,-0.00753905427849529,0.0
2022-12-14,-0.010083300494032527,0.0015993100237424041,0.0027511326164853865,0.5346872305881365,0.31687997844968235,0.21264376525364476,-0.2425230675975372,0.205,-1.0838526261772046,0.3,0,,-1.4100000000000001,-0.00021914714094531886,0.0
2022-12-15,-0.03178225373876851,-0.025417550422032496,-0.002170639331096384,0.5466439385360938,0.32663767037826485,0.21202656889665045,-0.2441654936172684,0.21,-1.0432588486198582,0.31,0,,1.6899999999999977,0.005968725584295662,0.0
2022-12-16,-0.08199810303572418,-0.042622091974556034,-0.016122849702220426,0.609451900616481,0.35682618101439756,0.216562694561881,-0.2562539874169821,0.19999999999999998,-1.1244464037345507,0.29,0,,-0.2099999999999973,0.0008042336071300613,0.0
2022-12-17,0.017273230112821638,0.008644524244231441,-0.04573096139628096,0.6113254879664461,0.3580728125866446,0.26201959859477203,-0.28950022261445413,0.195,-1.165040181291897,0.28,0,,,,0.0
2022-12-18,-0.0034595979186281527,-0.0022861599473239873,0.005649303269876613,0.61023771265133,0.3581724883958285,0.2629661491689582,-0.28547503485081754,0.18333333333333335,-1.2597589955923714,0.26,0,,,,0.0
2022-12-19,-0.01296553928147506,-0.018044869047170384,0.0026945070740643138,0.6113974270611683,0.3637076014078418,0.2635494202473252,-0.28354714608910603,0.1983333333333333,-1.1379776629203329,0.29,0,,,,0.0
2022-12-20,0.041200748287920794,0.027401604731458414,-0.015831738549870616,0.5854130088330045,0.3647985454185729,0.2675301438777375,-0.2948005250306365,0.1983333333333333,-1.1379776629203329,0.29,0,,-0.9400000000000013,-0.0032027729132589624,0.0
2022-12-21,-0.002600054124051634,-0.004204603849787203,0.014891673344418141,0.5734508781639807,0.3463584100412568,0.25522931946283867,-0.284220342014805,0.18333333333333335,-1.2597589955923714,0.26,0,,-1.4100000000000001,0.001203673353369077,0.0
2022-12-22,0.0032325885956782634,-0.00019259290140687945,-0.0003458233623966649,0.5659402508897495,0.33373712388523485,0.2545353222944251,-0.28446783254639413,0.19333333333333336,-1.1785714404776788,0.28,0,,1.8999999999999986,-0.00033452653561308093,0.0
2022-12-23,0.0018706162898215746,-0.002555363857047274,-0.00023026188991253407,0.5504538747003993,0.3245754450025021,0.2545333032404545,-0.28463257336807085,0.18833333333333335,-1.219165218035025,0.27,0,,-1.0999999999999979,-0.0021915016866182247,0.0
2022-12-24,0.000344205871288915,0.003428273556819251,-0.0015088617227006858,0.5477493504381445,0.32474334474838584,0.2495156520572572,-0.2857111499796709,0.1983333333333333,-1.1379776629203329,0.29,0,,,,0.0
2022-12-25,-0.0015580670004475847,-0.00023820676162420736,0.0012269806376069214,0.5475968606505494,0.32423401382938855,0.2489526424329222,-0.28483419349674527,0.19666666666666666,-1.1515089221061148,0.29,0,,,,0.0
2022-12-26,0.007847601399340806,0.005171929813683699,-0.00974461018352522,0.5479546629485439,0.32419492489688007,0.25080070429887175,-0.2917693603701229,0.19166666666666668,-1.192102699663461,0.28,0,,,,0.0
2022-12-27,-0.013575870686164657,-0.01267081627317635,0.00494407323169615,0.5490226834850581,0.32754219472882207,0.24699400517581216,-0.28825914599465896,0.18666666666666668,-1.232696477220807,0.27,0,,,,0.0
2022-12-28,-0.017821181974358467,-0.00956593439752758,-0.005278258914282129,0.5469994234987308,0.32584747925288976,0.24679531826694212,-0.29200600136663707,0.19166666666666668,-1.192102699663461,0.28,0,,0.490000000000002,0.002080723949689299,0.0
2022-12-29,0.008650457182000732,0.005193379640446887,-0.006598490268151077,0.5283943287481606,0.3227161018490713,0.2417193401437295,-0.2966623136661622,0.19166666666666668,-1.192102699663461,0.28,0,,-0.6999999999999993,-0.0028711546851896523,0.0
2022-12-30,-0.00041658335602117456,-0.0015637342071172207,-0.00018884624493335707,0.4777991024795038,0.2838832589129751,0.22217536805832191,-0.2967951238064036,0.19166666666666668,-1.192102699663461,0.28,0,,0.23000000000000043,-0.0019096340269635936,0.0
2022-12-31,-0.003221878152229308,-0.003926414431065476,-0.0029249259801486095,0.4760039406139696,0.2818824353378608,0.2152052237869368,-0.2988489409223958,0.17666666666666667,-1.3138840323354997,0.25,0,,,,0.0
2023-01-01,0.0035135047223095435,0.004484440922006132,-0.012042758160701625,0.4725032804257188,0.28121432849315864,0.21719890163849825,-0.30724209376939676,0.18333333333333335,-1.2597589955923714,0.26,0,,,,0.23000000000000043
2023-01-02,0.011315842641327302,0.00337162473850112,0.007386898294496381,0.45096235125755296,0.27859233812334133,0.2174080003536126,-0.3021058143421037,0.18833333333333335,-1.219165218035025,0.27,0,,,,0.0
2023-01-03,0.00045294518078942554,0.00013853883532594145,0.005282711975838333,0.4363836956991374,0.2743899952958653,0.21896837357096363,-0.29840928511665354,0.18333333333333335,-1.2597589955923714,0.26,0,,,,0.0
2023-01-04,0.03427473413055879,0.010450635209181243,0.0010311276518378332,0.45080586501103426,0.27581735332209323,0.2107062320261212,-0.29768548242791165,0.1983333333333333,-1.1379776629203329,0.29,0,,-0.889999999999997,-0.004841725890815601,0.0
2023-01-05,-0.004513312341289764,-0.0010990966366733739,0.016538575995125832,0.44973613559805914,0.2745198569702565,0.21766499409630793,-0.28597361858706477,0.1983333333333333,-1.1379776629203329,0.29,0,,0.4499999999999993,0.004933456912591385,0.0
2023-01-06,0.01420444612878775,0.007033256255153627,-0.002926181834449501,0.4376831977792277,0.27069558203215355,0.21409601088207247,-0.28805993565344185,0.18333333333333335,-1.2597589955923714,0.26,0,,-1.3300000000000018,-0.008359873990302615,0.0
2023-01-07,-0.004002831798053262,-0.0004177703515806188,0.0020939166479937194,0.41583298218712217,0.2582032523871344,0.2145502942750812,-0.2865676306644519,0.17833333333333334,-1.3003527731497175,0.25,0,,,,0.0
2023-01-08,0.020429567752023686,0.010816215147354305,0.0025896309641685977,0.4192591546877058,0.2605093215809118,0.21426326877096344,-0.28471770983767963,0.2833333333333333,-0.44788344444544664,0.25,0,,,,0.0
2023-01-09,0.02316090581551178,0.0029400048985379155,0.018540451513763483,0.4265004008788134,0.2607108998270895,0.22593892482284467,-0.27133235135399325,0.2833333333333333,-0.44788344444544664,0.25,0,,,,0.0
2023-01-10,0.011468456012886432,0.015159630933365425,0.008849832333802687,0.42765869677729185,0.265726976970125,0.2269093061386866,-0.264855146020064,0.28833333333333333,-0.40728966688810037,0.26,0,,-1.3900000000000006,0.0008111511677538257,0.0
2023-01-11,0.039469198380846296,0.02841029515457346,0.004890768777270685,0.4466944527769191,0.28204708764525177,0.22519114203860566,-0.26125091597788425,0.28833333333333333,-0.40728966688810037,0.26,0,,0.5100000000000016,-0.0007229325920270073,0.0
2023-01-12,0.018914694600993435,0.04911903051513352,0.026404886491027492,0.43560792490143957,0.3099707503488864,0.24432474248009556,-0.241484513911799,0.30833333333333335,-0.24491455665871528,0.3,0,,-2.2600000000000016,-0.0061740752224042645,0.0
2023-01-13,0.02461130387837389,0.055893048509553726,0.006273947634662361,0.43996176328359243,0.3625809973194797,0.24510681955257907,-0.2367106677005962,0.31333333333333335,-0.204320779101369,0.31,0,,-0.4799999999999969,-0.002133375720226239,0.0
2023-01-14,0.06579961234213291,0.050146827684418194,0.05068593215720368,0.47202693187518857,0.38135728069763514,0.3013995318523437,-0.1970253895325122,0.3883333333333333,0.40458588425882425,0.46,0,,,,0.0
2023-01-15,0.0016890044693156662,-0.003988871656173911,-0.0003935420334798482,0.3479996402782016,0.34063920531594677,0.2943969998929812,-0.1973413316212246,0.435,0.7834611414607227,0.52,0,,,,0.0
2023-01-16,0.015606843142374753,0.014939473685250641,0.008616060489042891,0.3475806298499844,0.34159585429225786,0.23783775364724774,-0.1903956969464186,0.4,0.49930469855929915,0.45,0,,,,0.0
2023-01-17,-0.007236285399048734,-0.0024026215431750143,0.0008969683119738792,0.3495918539889712,0.34163927957159956,0.23808916747918718,-0.1896691817595014,0.43,0.7428673639033764,0.51,0,,-0.129999999999999,,0.0
2023-01-18,-0.0351937523795323,-0.021876742420547574,0.0032663486725287663,0.3751076024148318,0.3455235024305878,0.2380521861395694,-0.18701803133329548,0.435,0.7834611414607227,0.52,0,,0.9800000000000004,-0.0011465138342349882,0.0
2023-01-19,0.025901687036221963,0.018880985981668756,-0.022110278643288534,0.36193560884434817,0.3406356422905255,0.24559413516797363,-0.2047960267299636,0.4,0.49930469855929915,0.45,0,,0.17999999999999972,0.004484556685400214,0.0
2023-01-20,0.06696772883159907,0.0729936990967774,0.015585823628819459,0.4137204040463197,0.4075081258205171,0.24599306485228112,-0.19230502946972694,0.43,0.7428673639033764,0.51,0,,-0.6699999999999982,-0.0021936798869693895,0.0
2023-01-21,-0.019396805593906385,0.0051193975233281225,0.0445591202617889,0.4260062780052618,0.40626575285548205,0.28302498494204975,-0.15550096311827366,0.44,0.8240549190180689,0.53,0,,,,0.0
2023-01-22,0.0004793952336671706,-0.0033267835189935463,-0.002918080872291321,0.42635361003865485,0.4065772984095138,0.2838667978459261,-0.1579616875618722,0.42500000000000004,0.7022735863460305,0.53,0,,,,0.0
2023-01-23,-0.0007068810552112466,0.009142992475145141,0.0021031774108321074,0.42665663220707356,0.4058873506789486,0.2830332072118401,-0.1561888679805329,0.41000000000000003,0.5804922536739917,0.5,0,,,,0.0
2023-01-24,-0.04420220164166934,-0.012450835212587299,0.0056386900341582466,0.4648733608880717,0.4120582078275453,0.28260217551236466,-0.15141743889711504,0.42000000000000004,0.6616798087886843,0.52,0,,-0.6099999999999994,-0.0003995983921487433,0.0
2023-01-25,0.035339277183372556,0.018736119160646474,-0.015770628678238988,0.4744408588122807,0.41282705010688114,0.2874871275422022,-0.164695145289086,0.41500000000000004,0.621086031231338,0.51,0,,-0.120000000000001,-0.0010686185091481535,0.0
2023-01-26,-0.006753775247761214,-0.0022265840828143047,0.02574372852658137,0.4709269828025338,0.40707272171164793,0.2960083099809239,-0.14291209847795958,0.43000000000000005,0.7428673639033768,0.54,0,,-0.34999999999999787,0.00044035538398962967,0.0
2023-01-27,-0.0021696254810138083,0.0027996835390564157,-0.006263478940542383,0.46267714013254274,0.4015836743602901,0.2965084331672645,-0.1482636732656463,0.43500000000000005,0.7834611414607231,0.55,0,,-0.21999999999999886,-0.0008296094545286085,0.0
2023-01-28,-0.01610271660394524,-0.002237034511835935,0.010404852702378885,0.4714342127923634,0.4037855669933127,0.2932121801367729,-0.1393552170269155,0.42000000000000004,0.6616798087886843,0.52,0,,,,0.0
2023-01-29,0.04515785174820973,0.03078192520585222,-0.003292046529651035,0.4865490731592678,0.4070338142044301,0.2943312212903151,-0.14218384116221283,0.42333333333333334,0.6887423271602482,0.55,0,,,,0.0
2023-01-30,-0.0489178536288406,-0.0393514588233174,0.020167770634275946,0.527190016175502,0.4416671565584882,0.29591860498620787,-0.12470796927564111,0.45333333333333337,0.9323049925043259,0.61,0,,,,0.0
2023-01-31,0.012140284216281837,0.013013096440887308,-0.03164970287623066,0.5269217404233225,0.4411501373544823,0.31912130359629415,-0.15197689897237757,0.4033333333333333,0.5263672169308631,0.51,0,,-0.5400000000000027,0.0007138188136647707,0.0
2023-02-01,0.03492752019938955,0.025932253556535844,0.010013105126029216,0.5344565554145954,0.4432428590464558,0.3193196274342006,-0.14344289990062173,0.42833333333333334,0.7293361047175945,0.56,0,,-1.5299999999999976,-0.0029822488782034686,0.2400000000000002
2023-02-02,0.0008767657648843299,-0.010322486493569127,0.035793224544774814,0.5343627059931494,0.448172179204891,0.3348189169333164,-0.11222866263121174,0.44833333333333336,0.8917112149469796,0.6,0,,0.8599999999999994,-0.0023952612646988653,0.0
2023-02-03,0.012338965732266772,-0.002431330219096245,-0.008958989748407684,0.5272900741568456,0.4507679289375811,0.33916310035846853,-0.11824863504580002,0.44833333333333336,0.8917112149469796,0.6,0,,-0.40000000000000213,0.009816283549497136,0.0
2023-02-04,0.0017177697247712745,-0.004493712909870792,0.004319661864160666,0.5256746537124823,0.45206749930573925,0.33774526891889056,-0.09769324081630523,0.43833333333333335,0.810523659832287,0.58,0,,,,0.0
2023-02-05,-0.02267500195691283,-0.017031632139821246,-0.001376879545168859,0.537179012633398,0.4623200601204096,0.33720891367310457,-0.09540498802943356,0.43,0.7428673639033764,0.58,0,,,,0.0
2023-02-06,-0.009083375488667503,-0.007457673107036351,-0.008612326562611804,0.5389354922152325,0.4649756532095596,0.3412754000336765,-0.014522056822592437,0.42000000000000004,0.6616798087886843,0.56,0,,,,0.0
2023-02-07,0.03454497124674816,0.020779401555923737,-0.004237368726113953,0.5451954466471637,0.46653476884410977,0.34316105701482813,-0.018689055449483946,0.41000000000000003,0.5804922536739917,0.54,0,,-0.7699999999999996,-0.0016065527546463617,0.0
2023-02-08,-0.012404342752227635,-0.01201050031064175,0.024365479952227688,0.5473680684467311,0.47233062950044263,0.3463050940208361,0.0,0.43,0.7428673639033764,0.58,0,,0.9699999999999989,-0.0016956972533090674,0.0
2023-02-09,-0.0657854381103781,-0.052141700352517424,-0.009784800170741697,0.6036427282592749,0.5185677022327569,0.35096275749031997,-0.00973708476892496,0.41500000000000004,0.621086031231338,0.55,0,,1.0800000000000018,-0.00137846788696369,0.0
2023-02-10,-0.021116331578965423,-0.007883685677702989,-0.044349923190835104,0.5968789152073948,0.5155312396510238,0.39272103863672503,-0.05269552613871315,0.38,0.33692958832991404,0.48,0,,-0.17999999999999972,0.0013643180527038647,0.0
2023-02-11,0.01668032526444855,0.010916288456747329,-0.004419786798114803,0.5961721207802284,0.4922158439236988,0.3857415362689452,-0.056873170995600776,0.385,0.3775233658872603,0.49,0,,,,0.0
2023-02-12,-0.015511194152279386,-0.0036204886304742638,0.010948876978152266,0.5940924208074666,0.45721812253798133,0.386512137290629,-0.04649025445541854,0.3933333333333333,0.4451796618161705,0.5,0,,,,0.0
2023-02-13,-0.006350867518422775,-0.00043941906477148134,-0.005189243750800735,0.5471510495951674,0.42438342876051766,0.3481306370674743,-0.051425432947101134,0.3833333333333333,0.36399210670147797,0.48,0,,,,0.0
2023-02-14,0.032979679139187305,0.01936986197704005,-0.007568407745376312,0.559807781634364,0.4285357230226685,0.3495883206010786,-0.058577532903300304,0.3933333333333333,0.4451796618161705,0.5,0,,-1.4299999999999997,-0.0004993628850397103,0.0
2023-02-15,0.07383336987757323,0.09138049119365944,0.01700382050403384,0.6143357784589817,0.5287008763125502,0.352936224319814,-0.04243288287865884,0.4083333333333333,0.5669609944882094,0.53,0,,-0.6799999999999997,0.004433014191208383,0.0
2023-02-16,-0.02238710238021172,-0.033711393282664585,0.05657765590547022,0.6194573279586109,0.5449527182489855,0.40125383669901515,0.0,0.45333333333333337,0.9323049925043259,0.62,0,,1.9400000000000013,7.803394314456076e-05,0.0
2023-02-17,0.03363755128252365,0.043770785975072134,-0.01818306647482615,0.6146422883516759,0.554410241210587,0.4084338430983695,-0.018018751942863554,0.44833333333333336,0.8917112149469796,0.61,0,,-0.15000000000000213,0.0007260877839609101,0.0
2023-02-18,-0.0013292021723714732,0.002519415209186526,0.026425776820105704,0.6096360235771258,0.5524665985507962,0.40602992075127337,0.0,0.44333333333333336,0.8511174373896333,0.6,0,,,,0.0
2023-02-19,-0.007041676854215978,-0.014730846119734737,0.006019836583131078,0.5647326422146284,0.4991524503030677,0.4041297485833045,0.0,0.43833333333333335,0.810523659832287,0.6,0,,,,0.0
2023-02-20,0.013904960042027494,0.023230285350592204,-0.0057401172350246285,0.5619612096508266,0.5044189156910999,0.378240113850155,-0.005723674238707902,0.42833333333333334,0.7293361047175945,0.58,0,,,,0.0
2023-02-21,-0.02587691925740261,-0.015825264394064464,0.013041801576043639,0.5700453883916285,0.5082252284747635,0.37941841973937984,0.0,0.43833333333333335,0.810523659832287,0.6,0,,1.6400000000000006,,0.0
2023-02-22,-0.010063968196039556,-0.011101316717520895,-0.0206128180834387,0.5712599167510823,0.5097813659467212,0.38834236238682923,-0.020401826148354143,0.43333333333333335,0.7699298822749407,0.59,0,,-0.5800000000000018,0.001766719790951176,0.0
2023-02-23,0.004487403049425096,-0.01005818454576867,-0.0050455095334780535,0.5482556528656337,0.5090077202220042,0.3889906829984855,-0.025331950120837037,0.41833333333333333,0.6481485496029019,0.56,0,,-1.1499999999999986,0.002072513901721014,0.0
2023-02-24,-0.026229663544409202,-0.032041028461487375,0.0005133654905860142,0.5431229656350747,0.5185583376515093,0.38374313118256387,-0.02483146072325155,0.4033333333333333,0.5263672169308631,0.53,0,,0.5300000000000011,0.003943832157051684,0.0
2023-02-25,-0.008256406234486072,-0.0012178923770018468,-0.0195960561246287,0.5433803870685169,0.518511370555211,0.3818134809920219,-0.043754900204094054,0.3983333333333333,0.4857734393735168,0.52,0,,,,0.0
2023-02-26,0.02891478779857588,0.01703161058168721,-0.005531294008668195,0.5526542991124588,0.5217711177027405,0.38164609979201014,-0.04902957166777967,0.38666666666666666,0.3910546250730423,0.51,0,,,,0.0
2023-02-27,-0.004830824006812237,-0.0026679753126395687,0.020846032671258445,0.5496800502000683,0.5218036806752367,0.38657383835341547,-0.028997542296417562,0.38166666666666665,0.350460847515696,0.5,0,,,,0.0
2023-02-28,-0.01742729397311297,-0.015033201397948169,0.0001038511123112042,0.5297844616076878,0.5129261048799683,0.38623680426186885,-0.02889669737479014,0.39666666666666667,0.47224218018773484,0.53,0,,-0.25,-0.00049438014389793,0.0
2023-03-01,0.036690198339970156,0.020842934243896633,-0.006481993729260696,0.5159142903898779,0.49884369551152186,0.38118635842944015,-0.03517102584534343,0.38166666666666665,0.350460847515696,0.5,0,,-0.120000000000001,-0.005780926696138161,0.08000000000000007
2023-03-02,-0.010479770413468176,-0.006949915104728103,0.017895416382599207,0.5163755526823596,0.4977282613112185,0.3673166897958694,-0.017749592640362168,0.38666666666666666,0.3910546250730423,0.51,0,,-0.9899999999999984,0.004099029212131815,0.0
2023-03-03,-0.04875223690936088,-0.048503100831987105,-0.007697353868014927,0.5300778498192825,0.5171718382957166,0.36781372729753475,-0.02528129732741968,0.38166666666666665,0.350460847515696,0.5,0,,-1.1000000000000014,-0.002943313614842268,0.0
2023-03-04,-0.0017345947503006707,-0.00034764393289772876,-0.030964609457497388,0.5300087453838567,0.5163198174338178,0.36357543588709174,-0.05500058368836614,0.38166666666666665,0.350460847515696,0.5,0,,,,0.0
2023-03-05,-0.0013732273954761825,0.003737206709584325,-0.001817332933022016,0.5276268853783207,0.5166523300928381,0.36234605772517625,-0.05671640266990861,0.36166666666666664,0.1880857372863109,0.47,0,,,,0.0
2023-03-06,0.0008050038448790274,-0.000902760617454153,0.0016388325606716244,0.5275545806448018,0.5165384359409236,0.36203594538640893,-0.055169251381977764,0.36666666666666664,0.22867951484365717,0.48,0,,,,0.0
2023-03-07,-0.002480978317154744,-0.009506895048812334,-0.0013497956694900068,0.5223058678088024,0.5143228184773821,0.3620350325136614,-0.05644371950558506,0.37166666666666665,0.26927329240100345,0.49,0,,0.9800000000000004,0.008078662710991976,0.0
2023-03-08,-0.019119360558395224,-0.022437472391169118,-0.004343991539406032,0.5253280844277559,0.5192887464130046,0.3611204027355864,-0.060533630304580206,0.37666666666666665,0.30986706995834973,0.5,0,,-0.4800000000000004,-9.221393309661314e-05,0.0
2023-03-09,-0.06404181387886924,-0.06388169730657518,-0.020293611840493928,0.5515296946019349,0.5560610733574891,0.3676352801843946,-0.07940664760187954,0.3466666666666667,0.06630440461427253,0.44,0,,3.5,-4.3639914719587e-05,0.0
2023-03-10,-0.007598438659315794,-0.010442692083692516,-0.04903933460350315,0.5509745238792036,0.5558180923455515,0.3927315658965127,-0.12346286063955923,0.29666666666666663,-0.3396333709591902,0.34,0,,2.1900000000000013,-0.00167869966187944,0.0
2023-03-11,0.03141980986582175,0.015024507857790617,-0.009445723697646959,0.5190959220190632,0.5320021727726709,0.39266214574779595,-0.13170340803224598,0.29166666666666663,-0.3802271485165365,0.33,1,-0.04079999999999995,,,0.0
2023-03-12,0.07103204632577907,0.07264804225261712,-0.038152628025366744,0.5723214281516268,0.5918102359133766,0.385012752656452,-0.16420720951966747,0.32,-0.1501957423582408,0.33,1,-0.015199999999999991,,,0.0
2023-03-13,0.05725367773066491,0.0918599391330703,0.0771676831855201,0.6026074480017133,0.671593718546376,0.47574976964179877,-0.09715724027788132,0.4,0.49930469855929915,0.49,1,-0.005099999999999993,,,0.0
2023-03-14,0.015387883866641848,0.022833529552860565,0.01940987341591334,0.6004227509635836,0.674511967928819,0.4791698450086482,-0.07946200096286483,0.43500000000000005,0.7834611414607231,0.56,0,-0.0039000000000000146,-2.789999999999999,0.001028508117409941,0.0
2023-03-15,-0.029524202392909437,-0.015718497080592527,0.009584005436403106,0.6107218804902311,0.677916813558488,0.47993166570148504,-0.070597147227781,0.405,0.5398984761166454,0.5,0,-0.0040000000000000036,2.41,0.00899801235494337,0.0
2023-03-16,0.014303623541625463,0.028940970979109415,-0.02480257368378335,0.6026267389616085,0.6815245736073253,0.4872773265954999,-0.09336520952486582,0.41500000000000004,0.621086031231338,0.52,0,-0.0024999999999999467,-3.150000000000002,-0.0031645024972521553,0.0
2023-03-17,0.06675304670589965,0.0915382366931726,-0.0021432625294601575,0.5924897445256743,0.6817794270959853,0.4833818830252112,-0.0953062850389485,0.41000000000000003,0.5804922536739917,0.51,0,-0.0022999999999999687,2.520000000000003,-0.0012972366900009062,0.0
2023-03-18,-0.017153214596847183,-0.017960573857961144,0.05297706690863107,0.5900320834370784,0.6729814945867293,0.47814361248826703,-0.04608600363958969,0.475,1.1082113619194924,0.64,0,-0.0029000000000000137,,,0.0
2023-03-19,0.012340812978825897,0.03883042537639571,-0.0038520199491255446,0.5804282741993227,0.6695639257648711,0.4742031755514657,-0.049753431346185345,0.4766666666666667,1.1217426211052748,0.63,0,-0.0030999999999999917,,,0.0
2023-03-20,-0.027268258638845883,-0.009188807742989342,0.0036722520833475324,0.5891000237192728,0.6712044737987747,0.46456051647027713,-0.04625747131020096,0.4916666666666667,1.2435239537773137,0.66,0,-0.0040999999999999925,,,0.0
2023-03-21,0.03874270968448265,0.013917915171174959,-0.00041347108772290533,0.6029126092928185,0.668611530295139,0.4638549417291583,-0.04665173475706091,0.5016666666666667,1.3247115088920063,0.68,0,-0.0030999999999999917,-2.7699999999999996,-0.0009780501701691841,0.0
2023-03-22,-0.03784859319942085,-0.030875102511240874,0.016509990657737714,0.617258860112953,0.6765182631907225,0.46768084373764524,-0.03078131405022027,0.4716666666666667,1.0811488435479286,0.62,0,-0.0028000000000000247,0.8800000000000026,-0.0022698157912507256,0.0
2023-03-23,0.0447974070589959,0.037610483876124916,-0.017165111679625786,0.628228851023377,0.6833602955674137,0.4684531097964812,-0.047276088710771755,0.44666666666666666,0.8781799557611971,0.57,0,-0.0020999999999999908,0.34999999999999787,-0.007180316762936693,0.0
2023-03-24,-0.03604853527210302,-0.030170604453767236,0.020964606060551404,0.6414079131920056,0.6921489729701092,0.46967725930884724,-0.02709176833352745,0.4666666666666667,1.0405550659905822,0.61,0,-0.0011999999999999789,-0.870000000000001,0.0058372023029852746,0.0
2023-03-25,-0.004405053737011967,0.00030882732901125104,-0.02128955526130607,0.6417398298848919,0.6903977308928971,0.4751598149917377,-0.04758562528972932,0.4816666666666667,1.1623363986626212,0.64,0,-0.0010000000000000009,,,0.0
2023-03-26,0.01820424813649747,0.01822496367160109,-0.0019963090799327405,0.6360070888279031,0.6790125956403463,0.4751551451084566,-0.049485042211394034,0.46499999999999997,1.0270238068047999,0.64,0,-0.0009000000000000119,,,0.0
2023-03-27,-0.033627885582368316,-0.030610293346195108,0.00576414316168247,0.6478446004829075,0.690720985788609,0.4707785931118344,-0.04399031693950013,0.46499999999999997,1.0270238068047999,0.64,0,-0.0004999999999999449,,,0.0
2023-03-28,0.033126034644116106,0.005007183266062188,-0.019263521357490775,0.6501737209139626,0.6894164915653083,0.4752220378079042,-0.06223018381559869,0.43999999999999995,0.8240549190180685,0.59,0,-0.00029999999999996696,-0.6300000000000026,-0.004503109899420484,0.0
2023-03-29,0.011261847656573554,0.039117969089514086,0.010997717732456457,0.6502908107142725,0.6990057721778336,0.47088497200991325,-0.051859936073511366,0.42999999999999994,0.7428673639033759,0.57,0,-0.00019999999999997797,-0.8499999999999979,0.00010023404658241539,0.0
2023-03-30,0.000301114124527503,-0.011354726247076305,0.013374011510156122,0.6461717528927646,0.6977117456543057,0.47347140094524764,-0.039094326516034394,0.44499999999999995,0.8646486965754148,0.6,0,0.0,-0.10000000000000142,-0.0026596027279093175,0.0
2023-03-31,0.015440968668430453,0.01546498944228887,0.002966964463354404,0.636698217030967,0.6965604811081786,0.4730786159194288,-0.036239119976505293,0.45999999999999996,0.9864300292474536,0.63,0,-0.00029999999999996696,-0.3200000000000003,-0.0003987134007118146,0.0
2023-04-01,-0.0004008445243675286,-0.00044379564413691034,0.007479089478454085,0.6349826933472797,0.6953824268416361,0.4694907093977281,-0.029004043954037793,0.44999999999999996,0.905242474132761,0.61,0,-0.00029999999999996696,,,0.17999999999999972
2023-04-02,-0.01453846867051438,-0.009920151427765776,-0.0008191847967607457,0.6104037222546499,0.6695684512988798,0.46875463683531643,-0.029799143367807493,0.45666666666666667,0.9593675108758897,0.63,0,-0.0004999999999999449,,,0.0
2023-04-03,0.008876569371509933,-0.01328794166506373,-0.00942752290897904,0.6101689613146907,0.6730408293879694,0.45680538398457027,-0.038902754492861936,0.45666666666666667,0.9593675108758897,0.63,0,-0.00029999999999996696,,,0.0
2023-04-04,0.03252769871276309,0.01306073888880465,0.002350212562619121,0.6172547021862779,0.6732090272789003,0.45676334823426606,-0.036641315282072304,0.45166666666666666,0.9187737333185434,0.62,0,-0.00039999999999995595,0.4499999999999993,-0.0014962529378476756,0.0
2023-04-05,0.020280870614801574,0.00016117729039769833,0.024757231308242582,0.6189471966177069,0.6730503148798017,0.4644142179979317,-0.012493538824374624,0.45166666666666666,0.9187737333185434,0.62,0,-0.00029999999999996696,0.0799999999999983,0.0012858728153948766,0.0
2023-04-06,-0.019190771703289936,-0.0048462984303144436,-0.00319672100066178,0.624749865791956,0.6717522685395132,0.4646001338874099,-0.01564528116266583,0.45666666666666667,0.9593675108758897,0.63,0,-0.0006000000000000449,-0.6799999999999997,9.974748805965483e-05,0.0
2023-04-07,-0.0046518807808922,-0.004558093631494347,-0.0036062666333007577,0.6194314920222257,0.664485060558255,0.4644922321926432,-0.01918873358316305,0.46166666666666667,0.999961288433236,0.64,0,-0.0007000000000000339,,0.00039805264792731556,0.0
2023-04-08,-0.008026892640481205,0.0011478259451552448,-0.005611711441711135,0.567775380625251,0.6121343371132661,0.45863384148405506,-0.024677348723252845,0.44666666666666666,0.8781799557611971,0.61,0,-0.0006000000000000449,,,0.0
2023-04-09,0.00544807617683312,0.013699657615021985,0.0014890564342530954,0.5649674800687601,0.6074913698145967,0.42022054505239836,-0.02322395643087346,0.4983333333333333,1.2976489905204414,0.61,0,-0.0007000000000000339,,,0.0
2023-04-10,0.027212274694365286,0.04533402443678367,0.0026405689837127404,0.5630370921851973,0.6188920317241076,0.41760115644852486,-0.02064130357032288,0.5033333333333333,1.3382427680777877,0.62,0,-0.0008000000000000229,,,0.0
2023-04-11,-0.010705196364642943,0.018820778757940998,0.016462201316249106,0.5196338347151128,0.5801633001481731,0.3907858919911839,-0.004385467238578368,0.5333333333333333,1.5818054334218654,0.68,0,-0.0010999999999999899,0.13000000000000256,-0.0022563978425080102,0.0
2023-04-12,0.01446213399745325,-0.010396427448109471,-0.003726756066889305,0.48687632323987245,0.5045311839119891,0.29507806564806666,-0.008088974418493752,0.5183333333333333,1.4600241007498265,0.65,0,-0.0007000000000000339,-0.010000000000001563,-0.004375178342866307,0.0
2023-04-13,0.048169336152757536,0.01612230751029388,0.00053649341558153,0.5089971090114351,0.5024452511334608,0.28926360735523543,-0.007556677910408102,0.4983333333333333,1.2976489905204414,0.61,0,-0.0010000000000000009,-1.2899999999999991,-0.005151773545493657,0.0
2023-04-14,0.04279836040920956,0.003060121449609667,0.043643442061488645,0.508644807479138,0.4960185575489928,0.3222651091065382,0.0,0.5333333333333333,1.5818054334218654,0.68,0,-0.0010000000000000009,-0.7300000000000004,0.003921636465114876,0.0
2023-04-15,-0.004481476696807716,-0.005656179900882534,0.002624526677543449,0.5099517288919447,0.4919101734277649,0.30556268897531047,0.0,0.5333333333333333,1.5818054334218654,0.68,0,-0.0008000000000000229,,,0.0
2023-04-16,0.013337427205203917,0.00031551290745832457,0.0011684365707488973,0.4636558011021915,0.3843580498231489,0.3048663130400789,0.0,0.49833333333333335,1.2976489905204418,0.68,0,-0.0007000000000000339,,,0.0
2023-04-17,-0.021309423514337927,-0.029277429572032238,-0.00632289507983391,0.4664448228747256,0.39416271722027335,0.2522177867034358,-0.00630294764273212,0.5033333333333333,1.3382427680777877,0.69,0,-0.0006000000000000449,,,0.0
2023-04-18,0.014123514241102865,0.031761089816271876,-0.014967131571203988,0.4668154687391158,0.3867737307640334,0.2587420778276593,-0.021064993847722494,0.4483333333333333,0.8917112149469791,0.58,0,-0.00039999999999995595,-0.120000000000001,-0.0014581542588890924,0.0
2023-04-19,-0.0841518437953626,-0.053510138704066394,0.01346582435163499,0.5516179584308891,0.4322216524479547,0.2616253578195144,-0.0077936729032042455,0.47333333333333333,1.0946801027337105,0.63,0,-0.0004999999999999449,-0.36999999999999744,0.0016618580642022039,0.0
2023-04-20,0.004772096728467839,-0.01940603406257386,-0.04585183783549176,0.5369548900020609,0.43556908051179033,0.3115564136580244,-0.0522609137989168,0.41833333333333333,0.6481485496029019,0.52,0,-9.999999999998899e-05,0.7100000000000009,-0.001535926590906112,0.0
2023-04-21,-0.049696914889803157,-0.03534405077145466,-0.010706713103524666,0.5496089823009647,0.43983527775855635,0.3091019231545287,-0.06235395622037418,0.4083333333333333,0.5669609944882094,0.5,0,9.999999999998899e-05,-0.40000000000000213,0.0016088474964820055,0.0
2023-04-22,0.013634596948651654,0.02011734939753183,-0.03234117617589748,0.529542543814047,0.4249976654831624,0.32402047082712904,-0.09219340976071502,0.42333333333333334,0.6887423271602482,0.53,0,9.999999999998899e-05,,,0.0
2023-04-23,-0.006509380185517005,-0.008166817188415205,0.0017454396043118166,0.5132399668023183,0.4124530221207058,0.31496772381456173,-0.09060750453679234,0.4166666666666667,0.6346172904171199,0.56,0,0.0,,,0.0
2023-04-24,-0.010886106900897575,-0.002891754748673293,-0.0006660411318952243,0.5147656383229092,0.4125900258555834,0.30627741395970876,-0.09121299568042078,0.40166666666666667,0.5128359577450811,0.53,0,0.0,,,0.0
2023-04-25,0.01308561960331121,0.028306339200071688,-0.009624382995811151,0.5130268085017071,0.4196156668389165,0.3079806451193246,-0.09991755467588749,0.40166666666666667,0.5128359577450811,0.53,0,0.0,1.870000000000001,0.0034260590449320615,0.0
2023-04-26,-4.823008969043831e-05,0.004037661120266265,0.012423477273396526,0.4970538634025358,0.4045267096693944,0.31054763559061527,-0.08866565171231172,0.4166666666666667,0.6346172904171199,0.56,0,-0.00029999999999996696,0.0799999999999983,-0.00242910558145787,0.0
2023-04-27,0.02260944219517275,0.0365394056503652,0.013024587028290383,0.490287990809167,0.42247333815648663,0.30607838651568847,-0.07671826216939086,0.43166666666666664,0.7563986230891583,0.59,0,-0.00039999999999995595,-1.8099999999999987,0.0008963253775132403,0.0
2023-04-28,-0.009337843733620253,-0.005480032501360423,0.000922276498311302,0.4908972417784042,0.40210291754253535,0.30386686148606823,-0.0758663483316002,0.45666666666666667,0.9593675108758897,0.64,0,-0.0008000000000000229,-1.2500000000000018,-0.0017179643754595697,0.0
2023-04-29,0.00887668579981968,-0.0027757795765594477,-0.006530920805652799,0.4914849296919023,0.3998620070914312,0.30115065982485173,-0.08188212635702141,0.45666666666666667,0.9593675108758897,0.64,0,-0.0004999999999999449,,,0.0
2023-04-30,-0.019964187678360883,9.441762633578723e-05,0.004597230424093578,0.4948542504082824,0.39663831542488354,0.30141932578667396,-0.07765161005711174,0.42666666666666664,0.715804845531812,0.6,0,-0.0004999999999999449,,,0.0
2023-05-01,-0.02127176363574112,-0.040665991207925405,-0.008321459678010176,0.5008511817811797,0.42231879005482775,0.30143397487703,-0.08529504860341539,0.44166666666666665,0.8375861782038508,0.63,0,-0.00029999999999996696,,,0.22999999999999954
2023-05-02,0.02126641628521955,0.021206996165195773,-0.02356010364743146,0.5031723654208554,0.4274621344838032,0.3118400543765204,-0.10659370756562436,0.40166666666666667,0.5128359577450811,0.55,0,-0.0006000000000000449,1.7000000000000028,0.001397174087584157,0.0
2023-05-03,0.01856378802063968,0.012351095602062214,0.012299123016973263,0.5061160394288073,0.4263435291985276,0.314019493508913,-0.09553774370890065,0.44666666666666666,0.8781799557611971,0.64,0,-0.00019999999999997797,0.5599999999999987,-0.004081539156614328,0.0
2023-05-04,-0.014832948258200517,-0.006497982228264741,0.015247970478000387,0.4966778700172598,0.42508951475522844,0.3187808707802741,-0.08164084946188299,0.44666666666666666,0.8781799557611971,0.64,0,-0.00039999999999995595,1.75,-0.0006449180598202811,0.0
2023-05-05,0.06007950628405556,0.02288090465334252,-0.003571768479651493,0.5349379402936973,0.4319995166585265,0.3058446312713003,-0.08491516469978115,0.43166666666666664,0.7563986230891583,0.61,0,-0.0010000000000000009,-2.8999999999999986,-0.0041388721518974,0.0
2023-05-06,-0.04987111742589557,-0.02253281543081646,0.033629754364991916,0.5599540025969383,0.4396300136117537,0.3289376831079583,-0.05361777431007941,0.42666666666666664,0.715804845531812,0.6,0,-0.0018000000000000238,,,0.0
2023-05-07,-0.013768127585020303,-0.01459915625864984,-0.026377611749348547,0.5618934167401617,0.44259980456184145,0.3414465508017069,-0.07825471690148246,0.43833333333333335,0.810523659832287,0.64,0,-0.0013999999999999568,,,0.0
2023-05-08,-0.012286462103440952,-0.027143379896367045,-0.009811586221488639,0.562866256942703,0.4530526206843513,0.34251304295539864,-0.08725427803904402,0.41833333333333333,0.6481485496029019,0.6,0,-0.0008000000000000229,,,0.0
2023-05-09,-0.0005630630779391869,-0.0014655392981985705,-0.026365055226540337,0.562521321734421,0.4502240017570588,0.35368380451220455,-0.11100440693413857,0.37333333333333335,0.28280455158678586,0.51,0,-0.0006000000000000449,0.7300000000000004,0.002089303278384184,0.0
2023-05-10,-0.0030807973686073453,-0.0010690420309266652,0.0032098936028939983,0.5537818974168524,0.41830349709443904,0.35377954465969635,-0.10814624091662024,0.37833333333333335,0.32339832914413214,0.52,0,-0.0007000000000000339,-0.7699999999999996,-0.0020007563212425866,0.0
2023-05-11,-0.02560701544919554,-0.0230965139643067,-0.00552764943055954,0.5594009137516084,0.41712100593033713,0.3477629866066675,-0.11306249565583532,0.37833333333333335,0.32339832914413214,0.52,0,-0.0004999999999999449,-0.010000000000001563,0.003736273724817981,0.0
2023-05-12,0.007302038414395143,-0.00645829172740886,-0.01665140590674001,0.5573461976154991,0.4165597224137138,0.35123019030093716,-0.1277089714313278,0.36333333333333334,0.2016169964720933,0.49,0,-0.0004999999999999449,0.10000000000000142,0.00282553605093436,0.0
2023-05-13,-0.00685071075121409,-0.0007366023552270455,0.0011402471229815907,0.5272815597536409,0.41060042747516906,0.35131204042608155,-0.1267137768195296,0.35833333333333334,0.16102321891474702,0.48,0,-0.00039999999999995595,,,0.0
2023-05-14,0.0022813782736472547,0.005302016968638717,-0.00171433478770419,0.5004702824362168,0.4111736519672682,0.30865699549698,-0.12820959923500436,0.3466666666666667,0.06630440461427253,0.48,0,-0.0004999999999999449,,,0.0
2023-05-15,0.009398726600278533,0.0090430011641092,-0.0011654029271343349,0.5030398630508202,0.4136754551847233,0.3078461493065752,-0.12922499453265468,0.3566666666666667,0.1474919597289651,0.5,0,-0.00029999999999996696,,,0.0
2023-05-16,0.0044006103303645,-0.004734677357132959,0.011056778198843667,0.4999653062369769,0.4134428647723985,0.3120707133114254,-0.11954360457625346,0.3766666666666667,0.30986706995835017,0.54,0,-0.00029999999999996696,0.8699999999999974,0.00011328587366650273,0.0
2023-05-17,-0.0011463582445248271,0.013658322391184448,0.000975905445867707,0.49661624407696325,0.40722930400793206,0.3124968723252349,-0.11868394297912106,0.3566666666666667,0.1474919597289651,0.5,0,-0.00019999999999997797,-1.1199999999999974,0.003624240873389047,0.0
2023-05-18,-0.011902930731227146,-0.021552134669642054,0.002627313456151613,0.4927357452963841,0.3931977317772853,0.3107468690849483,-0.1163654050140861,0.3616666666666667,0.18808573728631137,0.51,0,-9.999999999998899e-05,-0.8200000000000003,0.004018435449510212,0.0
2023-05-19,0.0065100648420629,0.002196585934586688,-0.005945650672877565,0.4032040613314138,0.3509249595706748,0.30479502068795516,-0.12160359996849157,0.3466666666666667,0.06630440461427253,0.48,0,-0.00019999999999997797,0.759999999999998,-0.002613986013807763,0.0
2023-05-20,0.0039099765100741425,0.008231203535191795,0.002044934145722676,0.4030286453249158,0.3471859860669963,0.2653778844017783,-0.11980549930446611,0.3466666666666667,0.06630440461427253,0.48,0,-0.00029999999999996696,,,0.0
2023-05-21,-0.008007039934466744,-0.013171912518513606,0.01011044428711077,0.3656816662963783,0.32796368816960686,0.26716820568225225,-0.11086120262792327,0.36333333333333334,0.2016169964720933,0.52,0,-0.00019999999999997797,,,0.0
2023-05-22,0.006868667024691615,0.0037871532594394926,-0.009197160183489511,0.36307235173843777,0.31980265128214985,0.2451239647238972,-0.11900126446734008,0.34833333333333333,0.07983566380005447,0.49,0,-0.00029999999999996696,,,0.0
2023-05-23,0.019993039425737928,0.01369903691712277,0.007674626723749299,0.3697418473960871,0.32287027000781576,0.2468260906865898,-0.11221391616015693,0.35333333333333333,0.12042944135740075,0.5,0,-0.00019999999999997797,1.3200000000000003,0.001937540928231925,0.0
2023-05-24,-0.02964688357265533,-0.03326629631528951,0.012008372622322792,0.3821844430389916,0.34254393215277523,0.25084020722628736,-0.1014887832411808,0.35333333333333333,0.12042944135740075,0.5,0,0.0,1.5,0.0012857379563852391,0.0
2023-05-25,0.0031673945975410098,0.005483813844004058,-0.027964490622442394,0.3792136980704559,0.3264517114035083,0.2669858194228859,-0.1262671202234235,0.35833333333333334,0.16102321891474702,0.51,0,0.0,-0.8900000000000006,0.0030341918672735484,0.0
2023-05-26,0.012214640261706482,0.008730076726596555,0.0008935190442995384,0.3820430075074646,0.32799130459159476,0.26268929369557165,-0.12548607436800335,0.34833333333333333,0.07983566380005447,0.49,0,-0.00019999999999997797,-1.1900000000000013,-0.0017467889912243274,0.0
2023-05-27,0.001148268974181205,0.005539576292267746,0.006424685882007101,0.37279170087346863,0.2985688451623298,0.2591204232925072,-0.1198495099064835,0.3433333333333333,0.0392418862427082,0.48,0,-0.00029999999999996696,,,0.0
2023-05-28,0.0421350907944223,0.04409840842612671,0.006209750625623555,0.4011614097399799,0.3407062226947098,0.26041994934149404,-0.11436698992665606,0.3566666666666667,0.1474919597289651,0.5,0,-9.999999999998899e-05,,,0.0
2023-05-29,-0.008439401459503443,-0.011777618425209708,0.024278737197781574,0.4010545423601941,0.34258915278043084,0.2745953313277005,-0.09260179219044591,0.3666666666666667,0.22867951484365764,0.52,0,-0.00029999999999996696,,,0.0
2023-05-30,0.00421281919287129,-0.0015154032789555,-0.011315601335620398,0.39492872433062304,0.34252614956568206,0.276559429357659,-0.10281167414412061,0.3616666666666667,0.18808573728631137,0.51,0,-0.00029999999999996696,0.0,,0.0
2023-05-31,-0.014286638596147112,-0.017632811059524262,-0.0008388172745344631,0.39080333548597357,0.3181915070911933,0.27526819205007386,-0.10356393566127287,0.3616666666666667,0.18808573728631137,0.51,0,-9.999999999998899e-05,0.4800000000000004,0.0034084053917577033,0.0
2023-06-01,-0.006344706338571053,-0.014526721963616974,-0.027706733797500764,0.38439362106265706,0.31108666334509516,0.27994785786817244,-0.12806032651102436,0.3666666666666667,0.22867951484365764,0.52,0,-0.00019999999999997797,-2.290000000000001,-0.007610341968545233,0.020000000000000462
2023-06-02,0.023830490355990427,0.015710863858149307,-0.0026362446425175655,0.3880421365016962,0.3132811413211412,0.2759637678938401,-0.13035594556763372,0.3566666666666667,0.1474919597289651,0.5,0,-0.00019999999999997797,-1.0500000000000007,-0.0003682504811374015,0.0
2023-06-03,-0.0076973271057092845,-0.0063842684993772065,0.018079274711913115,0.3853919875620602,0.3132613629523562,0.278268806476795,-0.11449042540544185,0.3716666666666667,0.2692732924010039,0.53,0,-0.00039999999999995595,,,0.0
2023-06-04,-0.0010840625375848512,0.0016975360281114345,-0.004578224526494875,0.31929608786943964,0.30044332153849357,0.27839824419052756,-0.11853522100213963,0.37666666666666665,0.30986706995834973,0.52,0,-0.00029999999999996696,,,0.0
2023-06-05,-0.042979069839285816,-0.05250715845555731,-0.001094715824901858,0.3068933163336059,0.3406966221195287,0.24837401868972878,-0.11949964646258128,0.38166666666666665,0.350460847515696,0.53,0,-0.00029999999999996696,,,0.0
2023-06-06,0.04013377100477853,0.05673457801927024,-0.037620305955054355,0.3360749992817877,0.3982717656432359,0.26459747934405703,-0.15200899917573457,0.33666666666666667,-0.014883150500420023,0.44,0,-0.00019999999999997797,-0.7699999999999996,-0.0002750268168480559,0.0
2023-06-07,-0.028257596795300086,-0.03325860556385626,0.025730588884062672,0.34798137207311947,0.4037727232389811,0.28122989300991136,-0.12990655634225454,0.38166666666666665,0.350460847515696,0.53,0,-9.999999999998899e-05,-0.02000000000000135,-0.0009406632368951577,0.0
2023-06-08,0.007346876378127145,0.00602863973269374,-0.02705795135404063,0.34899257695831515,0.4046589885509994,0.2820073157336055,-0.15313384390161633,0.36666666666666664,0.22867951484365717,0.5,0,-9.999999999998899e-05,-0.28999999999999915,-0.0024040420849976304,0.0
2023-06-09,-0.0028594624490205275,-0.0007852550651334101,0.0016270781608020157,0.34896896504962166,0.4046630461314969,0.28172013669575446,-0.1517548048760027,0.36666666666666664,0.22867951484365717,0.5,0,0.0,0.17999999999999972,-0.0011631635003659063,0.0
2023-06-10,-0.049476946677575705,-0.024336519277700846,-0.01239041056739731,0.37959557179195313,0.40552272462085426,0.28391105261174826,-0.1622000669313793,0.36166666666666664,0.1880857372863109,0.49,0,-0.0004999999999999449,,,0.0
2023-06-11,0.0007019967243075934,0.003258464490493794,-0.0432733853009946,0.3785181985186833,0.40542065422043816,0.31482371532459524,-0.1976812736478615,0.34833333333333333,0.07983566380005447,0.47,0,-0.00039999999999995595,,,0.0
2023-06-12,-0.005830653396786247,-0.0007856342026842933,-3.1350677455864406e-05,0.3783372524034308,0.40542013781019937,0.3146662406339968,-0.1977064264891868,0.34833333333333333,0.07983566380005447,0.47,0,-9.999999999998899e-05,,,0.0
2023-06-13,-0.00140695864642246,0.0011211542039807445,-0.005963505252384211,0.3781545246937539,0.40485092036222176,0.314826270444093,-0.2024766706036921,0.3383333333333334,-0.0013518913146376304,0.45,0,9.999999999998899e-05,-0.40000000000000036,-0.003749153882292476,0.0
2023-06-14,-0.05260319656222012,-0.03155784923802867,0.004933859714076478,0.4163726376288952,0.4164734585046535,0.31598250059439575,-0.19853207934972883,0.3433333333333334,0.03924188624270865,0.46,0,9.999999999998899e-05,-0.7299999999999986,-0.003478653180010578,0.0
2023-06-15,0.009650728476360676,0.018526725673652867,-0.03443746743663037,0.4179753006008219,0.42282375071227957,0.33045172689686725,-0.22566276744885297,0.31833333333333336,-0.16372700154402273,0.41,0,0.0008999999999999009,0.6199999999999992,-0.0018868399184651292,0.0
2023-06-16,0.03011264842388073,0.028745138290379006,-0.0012280931665854065,0.4336520393103686,0.4329282551769387,0.33009966130009155,-0.2266131420190767,0.34833333333333333,0.07983566380005447,0.47,0,0.0006999999999999229,-0.9600000000000009,-0.0011284106180878429,0.0
2023-06-17,0.0057115151433317,0.006507155969033793,0.0179805168816252,0.43292219544034105,0.4274488725140265,0.3384258558134478,-0.21258147629515015,0.34833333333333333,0.07983566380005447,0.47,0,0.00039999999999995595,,,0.0
2023-06-18,-0.00394930791589547,-0.006698102267960423,0.007263568114075519,0.43206065450699543,0.42789968039211085,0.3405227222653404,-0.20684118595684606,0.36333333333333334,0.2016169964720933,0.49,0,0.00019999999999997797,,,0.0
2023-06-19,0.0093463488990178,0.0189678131440085,-0.001966931744135009,0.4333670809979566,0.4323287937725774,0.34000209118287295,-0.20839974191725022,0.35333333333333333,0.12042944135740075,0.47,0,0.00019999999999997797,,,0.0
2023-06-20,0.031103921349883094,0.05308872645011515,0.006372935693979597,0.4472741692160672,0.46785424957449834,0.338359973309383,-0.2033388150251595,0.36333333333333334,0.2016169964720933,0.49,0,-0.00019999999999997797,-0.3099999999999987,,0.0
2023-06-21,0.052779084512651064,0.057849597296170514,0.029779083688538186,0.4836459175497288,0.5069810990116603,0.35712541504901907,-0.17925820519708774,0.41333333333333333,0.6075547720455556,0.59,0,0.0,-0.6800000000000015,-0.0017756089911135447,0.0
2023-06-22,-0.00909309877120227,-0.0036396889082070654,0.034945331639207135,0.48011799332884403,0.5062803551175656,0.3787827366509543,-0.15007008701174582,0.44333333333333336,0.8511174373896333,0.65,0,-0.00029999999999996696,-0.28999999999999915,0.00023749148468847885,0.0
2023-06-23,0.01095467625486762,0.026533986237444202,-0.011090619380041244,0.46897886003690453,0.4950403867396655,0.37701603263900274,-0.15944425741196822,0.44333333333333336,0.8511174373896333,0.65,0,-0.0006000000000000449,0.5299999999999994,0.003335757538585846,0.0
2023-06-24,-0.009380070314859884,-0.005262367873937984,0.005584995290667029,0.4705159070790403,0.49635483786171736,0.3661910155113785,-0.15473662372886615,0.42833333333333334,0.7293361047175945,0.62,0,-0.00039999999999995595,,,0.0
2023-06-25,0.012634781833543817,-0.002123952410926466,-0.004748524072490297,0.470641328110006,0.4967028943198935,0.3663324054776549,-0.1587408625822679,0.435,0.7834611414607227,0.64,0,-0.00029999999999996696,,,0.0
2023-06-26,-0.021199536794378554,-0.00641095284669021,0.007613121229595239,0.4771250801022551,0.4981010856632074,0.36667079842888717,-0.15231181326977028,0.39,0.4181171434446066,0.55,0,-0.00019999999999997797,,,0.0
2023-06-27,0.01633201125366475,0.013925651745678577,-0.008681453523429375,0.45686149990300323,0.4782437872201581,0.36653531696271446,-0.15963912697838792,0.41,0.5804922536739913,0.59,0,-9.999999999998899e-05,-0.5099999999999998,-0.0015228749302992777,0.0
2023-06-28,-0.033121168263168056,-0.020241978544881276,0.0028913074431987,0.47028691370955256,0.48242496699514353,0.3548250020758472,-0.15720586937844266,0.425,0.7022735863460301,0.62,0,9.999999999998899e-05,-0.3100000000000005,0.0037215694346829265,0.0
2023-06-29,0.01302732275023142,0.012223257058951633,-0.019115326976836267,0.4725532819330162,0.48329302718132877,0.3583005112803534,-0.17316315450729297,0.385,0.3775233658872603,0.54,0,9.999999999998899e-05,0.10999999999999943,0.001580808249312787,0.0
2023-06-30,0.04322107124698339,0.0008105804662547625,0.010992102486643838,0.49407684294918847,0.4775540637969693,0.36144578131186195,-0.1640243438072112,0.395,0.4587109210019529,0.56,0,0.00019999999999997797,0.05000000000000071,-0.0013931240207724737,0.0
2023-07-01,-0.00481561414669504,0.0037308892745919983,0.02488433145373699,0.49381738644161394,0.4729723785472622,0.36151877712740005,-0.14296065754351128,0.41,0.5804922536739913,0.59,0,0.00019999999999997797,,,0.040000000000000036
2023-07-02,0.006721965869777927,0.001017271646457164,-0.0017829987925534496,0.48747261247726087,0.47131680983650753,0.36146978051568623,-0.1444873961652532,0.43166666666666664,0.7563986230891583,0.63,0,9.999999999998899e-05,,,0.0
2023-07-03,0.00927821051935302,0.01745687224902878,0.003377209267362018,0.4874609365884452,0.47210971355474884,0.35552388770420634,-0.14159326678170903,0.42666666666666664,0.715804845531812,0.62,0,-9.999999999998899e-05,,,0.0
2023-07-04,-0.009939080826960508,-0.012586501609656327,0.005358738957543967,0.48893660442723025,0.47586233972367653,0.35596714991809436,-0.13698094209432024,0.43666666666666665,0.7969924006465046,0.64,0,-0.00019999999999997797,0.129999999999999,,0.0
2023-07-05,-0.013435583330342312,-0.008542384639438915,-0.007075058080869423,0.46595818332652233,0.4326567979597966,0.3566600942789201,-0.14306530307015247,0.42166666666666663,0.6752110679744657,0.61,0,0.0,0.4800000000000004,,0.0
2023-07-06,-0.03417848312536383,-0.02017875019166179,-0.011624692996997263,0.46106166667983506,0.40039060220503936,0.33376993207659517,-0.1529692292606331,0.39666666666666667,0.47224218018773484,0.56,0,0.0,1.2599999999999998,0.0039386656795361834,0.0
2023-07-07,0.013311720667936329,0.014916247025860701,-0.021648683025774874,0.4524959224743248,0.38005589113069893,0.32860523323469404,-0.17110926749856464,0.39166666666666666,0.43164840263038856,0.55,0,-9.999999999998899e-05,-0.6099999999999994,-0.006221990022691867,0.0
2023-07-08,-0.0030352123725826893,-0.0019815498424806542,0.009904442962516797,0.4520247728832772,0.38073479291694867,0.3176990767083754,-0.16285877569990773,0.4066666666666666,0.5534297353024269,0.58,0,-0.00019999999999997797,,,0.0
2023-07-09,-0.0013089990173964256,-0.004100239112277894,0.0012083853200587373,0.45191846455542867,0.3814835238978194,0.3176690572420669,-0.16184657509263756,0.39666666666666667,0.47224218018773484,0.55,0,-9.999999999998899e-05,,,0.0
2023-07-10,0.009403788041753397,0.008283044133908972,-0.001997134168927866,0.415306695463382,0.36732530193416035,0.314786632679109,-0.16351880954223,0.40166666666666667,0.5128359577450811,0.56,0,-9.999999999998899e-05,,,0.0
2023-07-11,-0.0011174077306010499,0.006898842392956891,0.0026668780746576196,0.4154469373900347,0.3672741018388426,0.2734715118963842,-0.1612850389225156,0.4066666666666666,0.5534297353024269,0.57,0,-9.999999999998899e-05,-0.23000000000000043,-0.001854523160225053,0.0
2023-07-12,-0.0034558928510683502,-0.007937473335964864,0.003140091678138186,0.41494383246583516,0.3696662448111928,0.2734748224141138,-0.1586472577830189,0.44166666666666665,0.8375861782038508,0.64,0,0.0,-1.3000000000000007,-0.009272703024654431,0.0
2023-07-13,0.06847844472655594,0.034748976139702924,-0.0048029825540036345,0.47426706546154335,0.38322914451196466,0.27310137728935013,-0.16267857141139566,0.4066666666666666,0.5534297353024269,0.57,0,-0.00039999999999995595,0.07000000000000028,-0.003878694046287106,0.0
2023-07-14,-0.03382087398995878,-0.03698946968873567,0.038781816516524945,0.4495795184402245,0.3904072274768048,0.30223217974688016,-0.12956782786877769,0.42166666666666663,0.6752110679744657,0.6,0,-0.0006000000000000449,-0.2699999999999996,-0.0011680857787659236,0.0
2023-07-15,-0.0033184841941049197,-0.0007422255191403193,-0.023730905142060284,0.45028998377985996,0.3885627650409908,0.28760417769237384,-0.14458919449287483,0.40166666666666667,0.5128359577450811,0.56,0,-0.00029999999999996696,,,0.0
2023-07-16,-0.004826765168303919,-0.0019011428276580337,0.0034821142223564845,0.44209298995420626,0.38021005497060145,0.28717926329489957,-0.14031568243144002,0.3933333333333333,0.4451796618161705,0.57,0,-0.0004999999999999449,,,0.0
2023-07-17,-0.005692223930894661,-0.0031138012758330853,-0.005655252772708926,0.4432420697929993,0.3810786483168621,0.28374950608984967,-0.1451636932679582,0.37833333333333335,0.32339832914413214,0.54,0,-9.999999999998899e-05,,,0.0
2023-07-18,-0.007346931096489898,-0.00929617827722886,-0.0025145413704249476,0.44410519254537706,0.38212584044033604,0.28372350213200564,-0.10730293271798517,0.38833333333333336,0.4045858842588247,0.56,0,-0.00019999999999997797,-0.17999999999999972,-0.0008567044906476712,0.0
2023-07-19,-0.004532687429924358,0.0016758040032582482,-0.007925214132785201,0.44434589716456846,0.37844595167705564,0.28556727802323467,-0.11308000038181734,0.35833333333333334,0.16102321891474702,0.5,0,-9.999999999998899e-05,0.4599999999999991,0.0027289896384881467,0.0
2023-07-20,0.0015660467406395737,-0.00365806621063334,-0.0061872486113888495,0.432439867197138,0.3342354748445269,0.28647967647256806,-0.11855065332066407,0.38833333333333336,0.4045858842588247,0.56,0,0.0,0.23000000000000043,0.002115426412943676,0.0
2023-07-21,7.400907143141417e-05,0.0034076103143899864,0.0005163574246143144,0.3913699920206363,0.2661610409784359,0.2677377984506795,-0.11809539287764514,0.35833333333333334,0.16102321891474702,0.5,0,0.0,-0.39000000000000057,0.0029473160317993415,0.0
2023-07-22,-0.013416019757593498,-0.0036089728683473903,0.0012676119084024198,0.39292793263479014,0.26615592486292033,0.2373430726091388,-0.116976771256325,0.36833333333333335,0.24221077402943958,0.52,0,0.0,,,0.0
2023-07-23,0.011828910977324096,0.009678127907075769,-0.012094391790750034,0.3932491432358528,0.2509865217789431,0.23792851921134398,-0.127592077911012,0.3716666666666667,0.2692732924010039,0.54,0,0.0,,,0.0
2023-07-24,-0.020719006444616717,-0.030621568131757492,0.007541417159916358,0.3985810930130786,0.27157729653537466,0.2386650525682429,-0.12098801514013097,0.3766666666666667,0.30986706995835017,0.55,0,9.999999999998899e-05,,,0.0
2023-07-25,0.0041319920912332355,0.0017946972401168204,-0.02060103316095797,0.39616486077493857,0.2718094384396101,0.24839710634050782,-0.13891131703397966,0.3516666666666667,0.10689818217161881,0.5,0,9.999999999998899e-05,-0.05000000000000071,0.0003742538834335285,0.0
2023-07-26,0.007689746873933568,0.004201036310069169,-0.0006757795251380562,0.3901476375577226,0.2718567493828561,0.24642911053190356,-0.13949302655942494,0.3566666666666667,0.1474919597289651,0.51,0,9.999999999998899e-05,-0.6699999999999999,-0.000819127738470874,0.0
2023-07-27,-0.005742954969081114,-0.004410782171051959,0.005109797258303594,0.3862616319641711,0.2666389072881573,0.2459503584544806,-0.13508475729635544,0.3566666666666667,0.1474919597289651,0.51,0,0.00019999999999997797,1.2200000000000006,0.001135564241934345,0.0
2023-07-28,0.006912142997172488,0.0031214513568593983,-0.0006899013313941414,0.3685467195709949,0.25844691224478905,0.245576702803507,-0.1356812576869736,0.3616666666666667,0.18808573728631137,0.52,0,9.999999999998899e-05,-1.08,-0.0008978207660240036,0.0
2023-07-29,0.003339861679952561,0.0013213554199944793,0.006927683297833207,0.3660525090907974,0.25426621036399377,0.2380790375882668,-0.12967274265767456,0.3616666666666667,0.18808573728631137,0.52,0,0.0,,,0.0
2023-07-30,-0.009978037223819103,-0.002449433712539638,0.007093638842171084,0.33351066585820976,0.2541927570421042,0.2361678592620193,-0.12347700624196112,0.36,0.17455447810052896,0.52,0,9.999999999998899e-05,,,0.0
2023-07-31,-0.0030393279859110174,-0.0016693633056041337,-0.05326036606593078,0.3333301404596031,0.2535368996224122,0.2839270244961871,-0.1689395203578075,0.35,0.09336692298583642,0.5,0,9.999999999998899e-05,,,0.0
2023-08-01,0.009293263759436142,0.016076157104390566,-0.01666094846871702,0.3342192982275605,0.2607634588287513,0.2879291798879701,-0.18267106823734283,0.365,0.21514825565787524,0.53,0,0.0004999999999999449,0.29999999999999893,0.006342717201560786,0.20999999999999996
2023-08-02,-0.018081103995239624,-0.017659224099430867,-0.009221326080027648,0.33711797335437266,0.25822391137467515,0.2875727279582067,-0.19017328149324753,0.365,0.21514825565787524,0.53,0,0.0005999999999999339,2.16,0.004652920503259669,0.0
2023-08-03,-0.0022254213134208136,0.0002613924558795061,-0.010874455265843382,0.33591232582800407,0.2555807228899575,0.2866536203757986,-0.19893199647717036,0.36,0.17455447810052896,0.52,0,0.0007999999999999119,-0.16999999999999993,0.0022597401650555652,0.0
2023-08-04,-0.003044158988505136,-0.002732062666357572,0.011346726763992376,0.3333176422694277,0.2544379689793714,0.2915846732185272,-0.16813498983592157,0.37,0.25574203321522154,0.54,0,0.0014000000000000679,1.1800000000000015,-0.004830053219900956,0.0
2023-08-05,0.0034090539218758144,-0.0014388313646510047,-0.001207475806467614,0.3119340006998588,0.24541048737312768,0.29028506586523495,-0.16094665115465376,0.35,0.09336692298583642,0.5,0,0.0008999999999999009,,,0.0
2023-08-06,-0.003381735324192536,0.0005601735343276643,0.003011365110114525,0.3082626016256527,0.23876147194621986,0.28339128572212957,-0.15345649249571955,0.33999999999999997,0.01217936787114386,0.49,0,0.0015000000000000568,,,0.0
2023-08-07,-0.0006449180139251584,0.004207247848642796,0.0019377465447837307,0.30815053910874557,0.2395493762382645,0.2803352660213569,-0.15181451538509072,0.33999999999999997,0.01217936787114386,0.49,0,0.001100000000000101,,,0.0
2023-08-08,0.01476121663329752,0.01896787840738051,0.007848239262554211,0.3127828674031718,0.24935103164784617,0.28247938416453555,-0.1451315623585687,0.365,0.21514825565787524,0.54,0,0.00039999999999995595,0.22000000000000064,0.0046899905673684905,0.0
2023-08-09,-0.0005119017260491729,-0.006349552885029144,0.012297074883468088,0.3108907756721731,0.24813323340902574,0.28721177836540707,-0.1345542796358632,0.345,0.05277314542849014,0.5,0,0.0006999999999999229,-0.02999999999999936,-0.0013775702495553675,0.0
2023-08-10,-0.0015534737819997478,-0.004276592986209428,0.0001368645796446861,0.3109063306901535,0.24675802538146996,0.28681808725108116,-0.13443582266504334,0.36,0.17455447810052896,0.53,0,0.001100000000000101,-0.11000000000000121,-0.002664331611076434,0.0
2023-08-11,-0.0019614683254447346,-0.0010094804377126705,0.0068326743375797085,0.3107688485754664,0.24559107948951225,0.2879684608370609,-0.12850145380549668,0.35,0.09336692298583642,0.51,0,0.001100000000000101,-1.0099999999999998,0.003925713911866307,0.0
2023-08-12,0.0005893851369798252,0.0001406818655240356,0.0037463808598755797,0.18687932769300172,0.20901795307775367,0.28848921667900596,-0.12523036478588817,0.365,0.21514825565787524,0.54,0,0.0005999999999999339,,,0.0
2023-08-13,-0.0049855684653567585,-0.004301773191170979,0.00046948462898723637,0.1497751607129032,0.16756111784987848,0.24892894637054916,-0.12481957746662956,0.3766666666666667,0.30986706995835017,0.54,0,0.0007999999999999119,,,0.0
2023-08-14,0.0025880114167464037,0.0043275966976988696,-0.0031749835836607366,0.15039425177267587,0.16863753940214238,0.2375067441623069,-0.127593854468433,0.3566666666666667,0.1474919597289651,0.5,0,0.0009999999999998899,,,0.0
2023-08-15,-0.008991809076098535,-0.0078774528796102,0.00023054370631148412,0.15223842405807206,0.17033782358971436,0.23676756794389014,-0.12739270353608345,0.3716666666666667,0.2692732924010039,0.53,0,0.0009999999999998899,1.6400000000000006,0.001166946744201947,0.0
2023-08-16,-0.011642266459590973,-0.016209084961303622,-0.013869247271954347,0.1556016771441386,0.1781746096731124,0.23986682797045472,-0.1394115709223584,0.3666666666666667,0.22867951484365764,0.52,0,0.0012000000000000899,0.3200000000000003,0.0011838659756758078,0.0
2023-08-17,-0.07243586284279085,-0.07616872037641167,-0.02262305931508742,0.29113044927827153,0.31483291227186094,0.24966800913231604,-0.15866213958662692,0.3566666666666667,0.1474919597289651,0.5,0,0.00029999999999996696,1.1099999999999994,0.0014040229092216183,0.0
2023-08-18,-0.011905329843399048,-0.021619596661148415,-0.04281738983772442,0.2924256699380102,0.32015249423528747,0.28477915742869464,-0.19392569669512053,0.29166666666666663,-0.3802271485165365,0.37,0,0.00029999999999996696,-0.5899999999999999,-0.0007644540066824316,0.0
2023-08-19,0.004851026845808832,0.0017643901949644589,-0.008586609588716964,0.2934733169450195,0.32091105451368596,0.2850715595939972,-0.20081751103323095,0.30166666666666664,-0.29903959340184394,0.39,0,0.00029999999999996696,,,0.0
2023-08-20,0.009281984784250725,0.003441579224086804,0.004177967444018904,0.2968829484076115,0.32092150348416565,0.28619360223234785,-0.19747156785873807,0.2783333333333333,-0.4884772220027929,0.37,0,0.0,,,0.0
2023-08-21,-0.010552503530499763,-0.0024110762869472635,-0.004531793219640968,0.2958883497049952,0.32098670395446055,0.2854247219000102,-0.2011002323772541,0.2833333333333333,-0.44788344444544664,0.38,0,9.999999999998899e-05,,,0.0
2023-08-22,-0.01971879524303507,-0.0027181324335439115,-0.0047665071599147695,0.29543416238549286,0.31704249942474894,0.28418987536290186,-0.20489913290394943,0.2783333333333333,-0.4884772220027929,0.37,0,0.0004999999999999449,-0.16000000000000014,-0.0008911290895549487,0.0
2023-08-23,0.026924935486139112,0.01435456870308414,-0.012836441781516657,0.30954458707442706,0.30965030006316885,0.2822090097063936,-0.21504017221637292,0.2783333333333333,-0.4884772220027929,0.37,0,0.00019999999999997797,-0.9899999999999984,-0.0027014889585783076,0.0
2023-08-24,-0.011045470103193834,-0.009604966342235453,0.019116238216017052,0.3095340839705214,0.30984628810817877,0.28880982187528126,-0.19989035070785505,0.29833333333333334,-0.32610211177340787,0.41,0,0.00039999999999995595,1.2199999999999989,0.001703944497601907,0.0
2023-08-25,-0.0044404831995776915,-0.004595714908301547,-0.00721155153041323,0.3067826560456415,0.30854957363092844,0.2888053426771147,-0.20563962715541198,0.28833333333333333,-0.40728966688810037,0.39,0,0.0004999999999999449,-1.5199999999999996,0.00231195152100026,0.0
2023-08-26,-0.004095932823676615,-0.0016375635459644805,-0.005371354540263185,0.30672752374617485,0.3086507861504618,0.28692084720438243,-0.20989497961622985,0.2833333333333333,-0.44788344444544664,0.38,0,0.0005999999999999339,,,0.0
2023-08-27,0.0068313344079224,0.00323873624067934,-0.0009731910810272868,0.3066912151555782,0.3086845065775972,0.2868762202916611,-0.20168098632464232,0.2866666666666667,-0.42082092607388233,0.38,0,0.0004999999999999449,,,0.0
2023-08-28,-0.0031708573681733664,0.000698176287035663,0.006113938437318949,0.30554767790937,0.30856025422351896,0.28648460878244614,-0.19611112875050016,0.2916666666666667,-0.38022714851653605,0.39,0,0.0005999999999999339,,,0.0
2023-08-29,0.04514587765984236,0.059320826564098275,0.00022318844398336492,0.34992141266267,0.37930405826094665,0.2839904476881021,-0.18601012124861346,0.2916666666666667,-0.38022714851653605,0.39,0,0.0,-0.6300000000000008,-0.0004040195846502888,0.0
2023-08-30,-0.014086093183490871,-0.0151357950818478,0.029998404264450402,0.35226587097566747,0.3821298909640705,0.251358594137275,-0.1612217773176564,0.3416666666666667,0.02571062705692625,0.49,0,0.0,-0.5699999999999985,-0.003942342999021115,0.0
2023-08-31,-0.035497715393938846,-0.05107008806335594,-0.013098402749991496,0.3671991923188668,0.4121318984141316,0.24902318034143506,-0.17213679161433978,0.3566666666666667,0.1474919597289651,0.52,0,0.00019999999999997797,-0.3100000000000005,0.0035938905112329524,0.0
2023-09-01,-0.010162291872580201,-0.005246038619321044,-0.022893131730573116,0.36449285978298473,0.40941557644891646,0.2585430126021111,-0.1871610257566779,0.2966666666666667,-0.3396333709591898,0.4,0,0.00039999999999995595,-0.4800000000000004,0.00443183675291384,0.0
2023-09-02,0.004843632695716121,0.0024948459526167835,-0.004206006482780782,0.3657714071701134,0.40978925386732185,0.2567819380549157,-0.18968607394727882,0.2916666666666667,-0.38022714851653605,0.39,0,9.999999999998899e-05,,,0.0
2023-09-03,-0.0007271905406814061,0.003923561650647033,0.0025860023631827946,0.3659225208722272,0.410711039917652,0.2528288419465863,-0.1781908178993576,0.28500000000000003,-0.4343521852596643,0.4,0,0.00019999999999997797,,,0.0
2023-09-04,-0.0032635845704295906,-0.005606105973525642,0.0024041424204598047,0.36502016817573063,0.41066574538836237,0.25334124033664174,-0.17621269469096648,0.28500000000000003,-0.4343521852596643,0.4,0,0.00029999999999996696,,,0.0
2023-09-05,0.0024135070031771496,-0.0013142673496244822,-0.0045913212545346,0.3656958621534236,0.4104588343377335,0.2527622902225248,-0.1799862973150483,0.28500000000000003,-0.4343521852596643,0.4,0,0.00039999999999995595,0.1899999999999995,,0.0
2023-09-06,-0.0007956910690343726,-0.0012472832474370724,0.006269900142923945,0.3656800125292153,0.4095244878528243,0.25415616111922346,-0.17482874149940195,0.295,-0.3531646301449722,0.42,0,0.0005999999999999339,0.4399999999999995,0.0035560839376196523,0.0
2023-09-07,0.009118511581993099,0.019035486849342184,-0.003255415717560044,0.36259628517598635,0.40957267353748766,0.2515113788737046,-0.17751064925316518,0.29,-0.39375840770231846,0.41,0,0.0005999999999999339,-0.049999999999998934,0.000702977923699028,0.0
2023-09-08,-0.007106026156969444,-0.01320815513349337,0.009901863437312258,0.3625353628147982,0.4107251861509641,0.24985026009825956,-0.16932601734273486,0.315,-0.19078951991558707,0.46,0,0.00029999999999996696,-0.5600000000000005,-4.3460381154330944e-05,0.0
2023-09-09,-0.0005501256258888519,-0.0003431630206622342,-0.008033880623572215,0.3626439043955108,0.410971223370854,0.25028578074935887,-0.17597281740692702,0.29,-0.39375840770231846,0.41,0,0.00029999999999996696,,,0.0
2023-09-10,-0.011140737921668128,-0.0023191454606873935,-0.0017497022125305098,0.363358913243482,0.41086517514302445,0.24780910034922118,-0.17741335896460697,0.29000000000000004,-0.393758407702318,0.4,0,0.00039999999999995595,,,0.0
2023-09-11,-0.04138451952242031,-0.02663039767580389,-0.007012585162379684,0.3848799012049096,0.4177526915210158,0.24679174322984904,-0.18316163912960565,0.29000000000000004,-0.393758407702318,0.4,0,0.00029999999999996696,,,0.0
2023-09-12,0.026152430753237553,0.02657196307677719,-0.02963742124679038,0.40076404275084354,0.4322380357004088,0.2622916414928474,-0.20701539381032275,0.24,-0.7996961832757807,0.3,0,0.0,0.4299999999999997,-0.0003898942430359526,0.0
2023-09-13,0.009154626062353411,0.014671204201257093,0.0186887988390607,0.4029401527710676,0.43629116515399635,0.27465949923441263,-0.19205611393788624,0.295,-0.3531646301449722,0.41,0,0.0,-0.75,-0.0019509286713026341,0.0
2023-09-14,0.011657197827190198,0.011403348118842957,0.008891704158018536,0.4065286346104306,0.4392236085702975,0.2779584905973581,-0.18484008205941857,0.315,-0.19078951991558707,0.45,0,-9.999999999998899e-05,-0.6600000000000001,0.00152376642397032,0.0
2023-09-15,0.009070495757411094,0.0029091145916004006,0.007969888203190102,0.40798840005094034,0.4371571766599142,0.27829724161558156,-0.17831739061116136,0.315,-0.19078951991558707,0.45,0,0.0,0.9699999999999989,-0.00033410535353701137,0.0
2023-09-16,-0.004206753484545366,-0.0015173159554027868,0.0304394371715627,0.3228269174193087,0.34727867331065404,0.2922325616147421,-0.15292127358048763,0.305,-0.2719770750302796,0.43,0,-9.999999999998899e-05,,,0.0
2023-09-17,-0.007319921657535613,-0.0012115920994153866,-0.005721507634258193,0.3212602366430655,0.3385326949032399,0.25148126549519795,-0.15775400254913402,0.32166666666666666,-0.13666448317245886,0.46,0,-0.00019999999999997797,,,0.0
2023-09-18,0.008701736946528362,0.008819719840065637,-0.005220627994597393,0.3223906413971597,0.33973039916221626,0.2502930715826918,-0.1621395978402258,0.32166666666666666,-0.13666448317245886,0.46,0,-9.999999999998899e-05,,,0.0
2023-09-19,0.0039392937049882275,0.01659208048714994,0.005663813969396546,0.32085071025044143,0.34406899060037877,0.25064452609487264,-0.15738064820914044,0.32166666666666666,-0.13666448317245886,0.46,0,-0.00019999999999997797,0.10999999999999943,-0.00024179077128980245,0.0
2023-09-20,-0.012776634737105578,-0.003138296199427117,0.00574693437314573,0.3217901925143561,0.34417635196611407,0.2507465529412456,-0.1525242286969195,0.32666666666666666,-0.09607070561511258,0.47,0,-9.999999999998899e-05,1.0300000000000011,-0.00164953225637091,0.0
2023-09-21,-0.02390482489121464,-0.020745316649489014,-0.00790714488829475,0.3251818345899643,0.3524369583937549,0.25182655720615704,-0.15919891876248143,0.32666666666666666,-0.09607070561511258,0.47,0,9.999999999998899e-05,2.3999999999999986,0.004849142100980251,0.0
2023-09-22,0.005753835491244665,0.0004538251782273123,-0.01851905236751803,0.3102965763924297,0.34895115234978163,0.25634712737255594,-0.1746264653344316,0.30666666666666664,-0.25844581584449766,0.43,0,0.0,-0.33999999999999986,-0.00018265336145309016,0.0
2023-09-23,0.0004894977725181305,-0.0001572726369548166,0.004964504820173738,0.30855719777521007,0.34716643775294287,0.24787680162867273,-0.1705187063853434,0.32666666666666666,-0.09607070561511258,0.47,0,0.0,,,0.0
2023-09-24,-0.00828463395836899,-0.01240277490489352,-0.0020959722603587252,0.30932770156411776,0.3496678143410423,0.2466909743270979,-0.1722554554425134,0.30833333333333335,-0.24491455665871528,0.44,0,-9.999999999998899e-05,,,0.0
2023-09-25,0.004809036607637084,0.002147539347757194,-0.010140582434154308,0.30994842791628013,0.3496612508145876,0.2485484333589479,-0.18060685165478851,0.3233333333333333,-0.1231332239866769,0.47,0,0.00019999999999997797,,,0.0
2023-09-26,0.003569704074099457,-0.0031656440496646743,0.0058154670078021725,0.30909100696050185,0.3497126460172352,0.24939990492279948,-0.17582781513834603,0.31833333333333336,-0.16372700154402273,0.46,0,0.0004999999999999449,2.0400000000000027,0.002942904181908187,0.0
2023-09-27,0.002900413916830404,0.005754212215801185,0.000534202528634485,0.3093584349753973,0.3502561532729608,0.24845087192185553,-0.17538742265424634,0.30833333333333335,-0.24491455665871528,0.44,0,0.0006999999999999229,-0.7200000000000024,0.004198590316876971,0.0
2023-09-28,0.03343250142291594,0.024288394222757907,0.00022638191897987088,0.28936375184120755,0.2925446829886889,0.24845092976515096,-0.17520072414478577,0.31833333333333336,-0.16372700154402273,0.46,0,0.00019999999999997797,-0.879999999999999,-0.003708811181145852,0.0
2023-09-29,0.008709744136773601,-0.0042437853832940535,0.01907972713342681,0.2878113838448761,0.2882845240776582,0.23430071207077682,-0.15931269133801854,0.3283333333333333,-0.08253944642933063,0.48,0,9.999999999998899e-05,0.17999999999999972,-0.0018501740479210445,0.0
2023-09-30,0.0020609052508540116,0.002064247824862265,0.002764776306049392,0.2591203794465083,0.2231521705956434,0.23005736878307062,-0.15698516292115725,0.3233333333333333,-0.1231332239866769,0.47,0,-0.00019999999999997797,,,0.0
2023-10-01,0.036953345156396686,0.03748988079317705,0.00019194975351831078,0.28548244485644453,0.2549288984539751,0.21468172592616372,-0.15682333089965633,0.33166666666666667,-0.0554769280577663,0.48,0,9.999999999998899e-05,,,0.0
2023-10-02,-0.042047422395011,-0.017952769440012815,0.02455675533751471,0.3240134757952273,0.264929448355963,0.22918994123409633,-0.13586132165422357,0.3416666666666667,0.02571062705692625,0.5,0,-0.00019999999999997797,,,0.0
2023-10-03,-0.0033260255770674258,-0.0024781075361443865,-0.02265864175947321,0.3242653432555149,0.2652945433994873,0.24445262193205405,-0.155221365940597,0.3416666666666667,0.02571062705692625,0.5,0,0.0,2.1700000000000017,0.005917227369117125,0.0
2023-10-04,-0.006235906218074599,0.012756619276586195,-0.00761571269299946,0.3248562111827303,0.2665563881250063,0.2461787327079485,-0.161630521187234,0.33666666666666667,-0.014883150500420023,0.49,0,9.999999999998899e-05,-1.2000000000000028,-0.0015377192884985715,0.0
2023-10-05,-0.021355046922359133,-0.013342721522066095,0.004750203953979878,0.33340158157622884,0.2719304271462531,0.24586277332391024,-0.15763862151151453,0.33166666666666667,-0.0554769280577663,0.48,0,0.0,-0.08999999999999986,0.002462284152826917,0.0
2023-10-06,0.020413258487783748,0.018818266735082634,-0.009305232953766911,0.34125220169565235,0.2778312493368574,0.24757452527912321,-0.16544063430012648,0.3416666666666667,0.02571062705692625,0.5,0,-0.00039999999999995595,-1.0399999999999991,-0.004392223051333651,0.0
2023-10-07,-0.00699081722214893,0.0009154062279922295,0.01020449632265685,0.34060352238327213,0.2715376697139978,0.24953278059087988,-0.15688077608022524,0.33666666666666667,-0.014883150500420023,0.49,0,-0.0004999999999999449,,,0.0
2023-10-08,-0.000446973902329224,-0.0014181982742726472,-0.0019350003423164572,0.33971846420827884,0.26623807990738046,0.24752163370905675,-0.15851063467011234,0.335,-0.028414409686201965,0.5,0,-0.0004999999999999449,,,0.0
2023-10-09,-0.03281370787343065,-0.011779875664382407,-0.005255470178506866,0.35841394321721076,0.27071880599239717,0.24651336431333581,-0.16292145631210883,0.335,-0.028414409686201965,0.5,0,-0.00029999999999996696,,,0.0
2023-10-10,-0.007942197439895009,-0.007275373195296091,-0.01994409811943306,0.35746402912332254,0.27228570373731065,0.2565885943809389,-0.17945085306525946,0.335,-0.028414409686201965,0.5,0,-9.999999999998899e-05,-0.6699999999999982,,0.0
2023-10-11,-0.0004849258349932817,-0.01896652932854734,-0.016654535956830648,0.3264944167391991,0.2633294316459629,0.2620129318926762,-0.1930035481515828,0.32,-0.1501957423582408,0.47,0,0.00029999999999996696,-0.9400000000000013,-0.0012902024965365008,0.0
2023-10-12,-0.01755086126039427,-0.004321426540286491,-0.008598421084090238,0.31846372357714686,0.2489930167671915,0.24197968525464816,-0.1835467604592726,0.31,-0.23138329747293335,0.45,0,0.00029999999999996696,0.6000000000000014,0.0035807856626295063,0.0
2023-10-13,0.008118371630919484,0.0038182399293200187,-0.014963443368260798,0.3180625482749712,0.24441955212721378,0.23822877733001996,-0.19567276264365607,0.305,-0.2719770750302796,0.44,0,0.00029999999999996696,2.629999999999999,0.0031222992438672626,0.0
2023-10-14,0.0017894504469295222,-0.0003544668067039467,0.015107014519769646,0.31490031753314335,0.24142439059915285,0.24236974498358513,-0.17879853813365398,0.32,-0.1501957423582408,0.47,0,9.999999999998899e-05,,,0.0
2023-10-15,0.0018183517126618392,0.011171707530674917,0.0011744924574854515,0.3128459117108789,0.2442043419941857,0.24049120317171507,-0.17576350343042904,0.31833333333333336,-0.16372700154402273,0.45,0,-9.999999999998899e-05,,,0.0
2023-10-16,0.026385752136300226,0.04840156611029453,0.0009138258296503541,0.327659042169242,0.29526861328689613,0.2125835189808437,-0.168445750788503,0.3283333333333333,-0.08253944642933063,0.47,0,-0.00029999999999996696,,,0.0
2023-10-17,-0.02174884977866825,-0.0036863346095197267,0.017143180131027266,0.33509732645102885,0.2957702066657907,0.22206189363340575,-0.15033428258579015,0.35333333333333333,0.12042944135740075,0.52,0,-0.00029999999999996696,0.6699999999999982,-0.0016093255060878942,0.0
2023-10-18,-0.0010036920083754475,-0.0026768518861103275,-0.011356144796815789,0.3331916254657603,0.2952833777049362,0.2245243365819053,-0.15992862899944418,0.3433333333333333,0.0392418862427082,0.5,0,-9.999999999998899e-05,1.3399999999999999,0.005625786802002803,0.0
2023-10-19,0.0019999942769046096,0.01380644022600064,-0.00934764569942577,0.33285978440812536,0.2936927688303992,0.22479457664512584,-0.16774473055058953,0.35333333333333333,0.12042944135740075,0.52,0,-0.00039999999999995595,2.1799999999999997,-0.00013569573160825864,0.0
2023-10-20,0.023543412522501424,0.03272936881268124,0.006505928870007208,0.3414937324186724,0.31217889970249446,0.22512938903981247,-0.15848981957626668,0.35833333333333334,0.16102321891474702,0.53,0,-0.0004999999999999449,0.3100000000000023,-0.0015035773415912903,0.0
2023-10-21,0.015497567989964853,0.008082108028452294,0.01678501482527613,0.33492349510447444,0.30057277567466334,0.23296230475931304,-0.1442458505255832,0.4083333333333333,0.5669609944882094,0.63,0,-0.00039999999999995595,,,0.0
2023-10-22,0.021114541154504913,0.002759830846653565,0.01757115436240354,0.34191845679103045,0.300342793700759,0.2326636879563448,-0.1266032889896677,0.39166666666666666,0.43164840263038856,0.53,0,-0.00019999999999997797,,,0.0
2023-10-23,0.059367241974827685,0.09768020786547688,0.016945744596015062,0.39707391175802625,0.44313034269714785,0.23935656789027365,-0.11167681850215119,0.39166666666666666,0.43164840263038856,0.53,0,-0.00039999999999995595,,,0.0
2023-10-24,0.010995931028651353,0.02545906657086265,0.05248326573358205,0.39562032782868667,0.44163281811863625,0.29953448967461715,-0.06380958965648836,0.45666666666666667,0.9593675108758897,0.66,0,0.0,-1.4000000000000021,0.0028915542274758313,0.0
2023-10-25,0.0012149615310383514,0.016759533553249224,-0.0027615470256967863,0.39573227539990025,0.4419078417469724,0.2967078615210543,-0.06639135702291896,0.48666666666666664,1.202930176219967,0.72,0,-0.00019999999999997797,1.2200000000000024,0.0011760965221199093,0.0
2023-10-26,0.009040509641070294,-0.01003363081588025,0.010491806490450483,0.39612924903468977,0.4449336744743103,0.29776337365554983,-0.056544550736168896,0.48166666666666663,1.1623363986626207,0.71,0,-9.999999999998899e-05,0.48999999999999844,0.0017700226781996163,0.0
2023-10-27,-0.013386453030617656,-0.00763160546721126,-0.0005230788614260994,0.4008031230079345,0.44852515562187867,0.29789196265458,-0.05703792329074962,0.4766666666666666,1.1217426211052743,0.7,0,-9.999999999998899e-05,0.5899999999999999,-0.003120832945235321,0.0
2023-10-28,-0.001799977986263272,0.005560455807826632,-0.008278092401464512,0.3863443936759929,0.44489732939946836,0.30030759245701677,-0.023137418557005716,0.45166666666666666,0.9187737333185434,0.65,0,-9.999999999998899e-05,,,0.0
2023-10-29,0.010606762485537609,0.012969433130901344,0.011739275422643605,0.3867909707135657,0.4431109151218266,0.2962969695091212,-0.011602184491301735,0.4683333333333333,1.0540863251763641,0.72,0,-0.00029999999999996696,,,0.0
2023-10-30,0.007713304504797227,-0.0014828854979810758,0.009832777565594086,0.38721989830717973,0.4439122903280482,0.2974486172914513,-0.0018355507457394485,0.44833333333333336,0.8917112149469796,0.68,0,-0.00039999999999995595,,,0.0
2023-10-31,0.0031073151714650442,0.004775852062776867,0.015167045835679191,0.3669456829365346,0.4312225815047084,0.3005102578466543,0.0,0.43833333333333335,0.810523659832287,0.66,0,-0.00039999999999995595,-1.6099999999999994,0.0034686417460051432,0.0
2023-11-01,0.017653654013214524,0.022314560261213128,-0.007841424842018968,0.3354699653441353,0.4245990775130183,0.29249919652598333,-0.0078107610718052296,0.43833333333333335,0.810523659832287,0.66,0,-0.00029999999999996696,-1.2699999999999996,-0.00035698623236095817,0.0
2023-11-02,-0.02532627640689565,-0.013639193957310053,0.02156651977863618,0.3495920369116884,0.42996355496745814,0.28619763827940287,0.0,0.4683333333333333,1.0540863251763641,0.72,0,-0.00019999999999997797,-1.2100000000000009,-0.007381435689505633,0.0
2023-11-03,0.017564735146825508,-0.0064546666973641625,-0.018189171000333307,0.3517202685785235,0.43254335202183136,0.2936307109976788,-0.018024746454142954,0.43333333333333335,0.7699298822749407,0.65,0,-0.00029999999999996696,-0.75,-0.009200590413345013,0.0
2023-11-04,0.012380013060606685,0.00989677583723088,0.019279356996167625,0.3411560254653744,0.426041776784344,0.298974321463781,0.0,0.44833333333333336,0.8917112149469796,0.68,0,-0.0004999999999999449,,,0.0
2023-11-05,0.019305423108153284,-0.0014324869251003767,0.01783058946159118,0.3405348943562534,0.4255486458759113,0.2992162081189421,0.0,0.49666666666666665,1.2841177313346595,0.7,0,-0.0006000000000000449,,,0.0
2023-11-06,0.004872579288074975,0.0009766198683485855,-0.0009783361659270245,0.33793170405183864,0.42553672084341093,0.29907677595472537,-0.0009778577511297688,0.5166666666666666,1.4464928415640441,0.74,0,-0.00029999999999996696,,,0.0
2023-11-07,-0.00828271449710818,0.010022908737337355,0.004626357629706784,0.340631279769906,0.4243771691665049,0.29827659111126054,0.0,0.4866666666666667,1.2029301762199673,0.68,0,-0.00039999999999995595,-0.08000000000000007,0.003522810597425676,0.0
2023-11-08,0.0015105783085971145,0.0063528178351219345,8.140513265318486e-05,0.31284486987190946,0.41845755388313244,0.2966903536574501,0.0,0.4766666666666667,1.1217426211052748,0.66,0,-0.00029999999999996696,-0.3600000000000012,0.0001220459656110397,0.0
2023-11-09,0.11645691140702073,0.029766675983155067,0.011662215337122287,0.49264062903075717,0.4208005776708027,0.2840947328768955,0.0,0.49166666666666664,1.2435239537773133,0.69,0,-0.00019999999999997797,0.8399999999999999,0.00029072064939649226,0.0
2023-11-10,-0.02076739778150022,0.01623057053490802,0.0503350536353279,0.5030856436850132,0.4082881764820402,0.31275276830013055,0.0,0.49666666666666665,1.2841177313346595,0.7,0,-0.0006000000000000449,-1.1199999999999992,,0.0
2023-11-11,-0.011886198392189226,-0.004611757237879132,0.001731193842932078,0.49964152623658625,0.4084258852978645,0.3079692218452383,0.0,0.49666666666666665,1.2841177313346595,0.7,0,-0.00019999999999997797,,,0.0
2023-11-12,-0.004143642225854702,-0.0017756126342137468,-0.004124162810427762,0.5019231420081691,0.41011229316803627,0.2999430766586126,-0.004115670130061151,0.5016666666666667,1.3247115088920063,0.73,0,-0.0004999999999999449,,,0.0
2023-11-13,0.004377399732726625,-0.016353527492521336,0.0043965974657924735,0.5015241259011483,0.41925051371711775,0.29930817196059645,0.0,0.49666666666666665,1.2841177313346595,0.72,0,-0.00029999999999996696,,,0.0
2023-11-14,-0.03682998133401603,-0.0253224983929354,-0.016908265185844516,0.5262621694352808,0.43712736426447224,0.31103758889053246,-0.01676612272505299,0.48166666666666663,1.1623363986626207,0.69,0,-0.00019999999999997797,-0.5999999999999996,-0.008831100923184712,0.0
2023-11-15,0.03917912993641699,0.06287397140001015,-0.010214636912777518,0.533731351543316,0.45605877299984043,0.3164059832888677,-0.026758379263990446,0.43666666666666665,0.7969924006465046,0.6,0,-0.00039999999999995595,0.019999999999999574,-0.0022695698179968043,0.0
2023-11-16,-0.04812071941568879,-0.04579700167213188,0.037066905642925356,0.5597786409091114,0.4934616809110137,0.3315644242438497,0.0,0.48666666666666664,1.202930176219967,0.7,0,-9.999999999998899e-05,0.14000000000000057,0.0008297203823124699,0.0
2023-11-17,-0.0004843738543024243,0.012377896572665345,-0.03737356841508006,0.5596818985087842,0.4921310768447572,0.361594839723536,-0.03668379638373009,0.45166666666666666,0.9187737333185434,0.63,0,-0.00039999999999995595,-0.5199999999999996,-0.0027080076262167773,0.0
2023-11-18,0.0009073716921085151,-0.001252220312786142,0.002435059378129261,0.5598312029724875,0.49291376553428173,0.3572052941209306,-0.034335205909881025,0.48166666666666663,1.1623363986626207,0.69,0,-0.00039999999999995595,,,0.0
2023-11-19,0.024595673263129086,0.021420590373204398,0.00440254847237391,0.560222337518117,0.48733700944425257,0.3573452468606131,-0.03007444763039324,0.45666666666666667,0.9593675108758897,0.66,0,-0.00039999999999995595,,,0.0
2023-11-20,0.004924542605039942,0.0023772666332884944,0.021561310506399634,0.5595474464074738,0.4876843519605254,0.35932245013005765,-0.008934498092736795,0.4716666666666666,1.0811488435479282,0.69,0,-0.0007000000000000339,,,0.0
2023-11-21,-0.04471196713987043,-0.046657457238005864,0.0004329102466530217,0.5854475502373335,0.5229107103374491,0.3582278916517935,-0.008505362800026216,0.48166666666666663,1.1623363986626207,0.71,0,-0.00039999999999995595,-0.0600000000000005,-0.00024285026487727346,0.0
2023-11-22,0.06518464889455769,0.045576998787717926,-0.042626203660819456,0.5925553587441847,0.43129826581220354,0.39551736512989544,-0.049880909166637004,0.43666666666666665,0.7969924006465046,0.62,0,-0.00029999999999996696,-0.5,0.0037865703930376874,0.0
2023-11-23,-0.0004896483114064268,-0.003053710529443689,0.041811857854611785,0.5924944852274739,0.42495372913741963,0.3808414019919081,-0.009312453629588805,0.45666666666666667,0.9593675108758897,0.66,0,-9.999999999998899e-05,-0.049999999999998934,,0.0
2023-11-24,0.008998284241456845,0.011180012954367782,0.00011447643117972431,0.5925217151913581,0.42314792484935015,0.38027774172736595,-0.009199036763210863,0.45666666666666667,0.9593675108758897,0.66,0,-0.0008000000000000229,-0.33999999999999986,,0.0
2023-11-25,0.0010807099153864956,0.0017776195288349984,0.006142612450231009,0.5925011506978431,0.42057642670534856,0.37973908197704115,-0.0030941998024421897,0.49166666666666664,1.2435239537773133,0.73,0,-0.0004999999999999449,,,0.0
2023-11-26,-0.010015956671339116,-0.008859513391713852,-0.00275652767723607,0.5913140371999364,0.42100215099277355,0.38019095664301067,-0.005838414243108276,0.49,1.2299926945915312,0.73,0,-0.00029999999999996696,,,0.0
2023-11-27,-0.017032904579779306,-0.005482130309367848,-0.015922641639646722,0.5958621756553671,0.4220249886661564,0.3843198904973636,-0.021542733985006203,0.455,0.9458362516901078,0.66,0,0.0,,,0.0
2023-11-28,0.010128557208434865,0.01535223194675372,-0.012220310570019995,0.5958019230911595,0.4228175871740063,0.3874592259166254,-0.033427022908789225,0.465,1.0270238068048003,0.68,0,-0.0004999999999999449,0.0,-0.004859800508643007,0.0
2023-11-29,-0.009482649945161606,0.0009453771250752638,0.010688938817836034,0.5976129500188824,0.42257566924891304,0.38765022171586705,-0.023039969098524078,0.485,1.189398917034185,0.72,0,-9.999999999998899e-05,0.2900000000000009,0.0018838273402827853,0.0
2023-11-30,0.011346019670436606,-0.0034581251896556686,-0.004020332063343725,0.5981796522543473,0.42314461481362003,0.3860976353992469,-0.02695978806872746,0.495,1.2705864721488775,0.74,0,-9.999999999998899e-05,-0.0600000000000005,0.003561623748039286,0.0
2023-12-01,0.017047185146421714,0.025092382063089787,0.006560362733839038,0.5980103697405319,0.4248608929644275,0.3843816849580957,-0.020555306432367006,0.48,1.1488051394768386,0.71,0,-0.0004999999999999449,-0.28999999999999915,-0.0025063942795433853,0.0
2023-12-02,0.03645764277647056,0.019655100831166433,0.01260062796178938,0.598607939447485,0.42438458317599875,0.3802533362473222,-0.008135604546743508,0.495,1.2705864721488775,0.74,0,-0.00039999999999995595,,,0.0
2023-12-03,0.012947407494196705,0.013142794289187723,0.026758886649767204,0.597714362972473,0.4237866379969301,0.3811274061680327,0.0,0.5533333333333333,1.7441805436512505,0.73,0,-0.00029999999999996696,,,0.0
2023-12-04,0.022731530221834852,0.049271977534901416,0.009993801887056912,0.6001944544026793,0.45123221606992736,0.3779417116614331,0.0,0.5583333333333333,1.7847743212085967,0.74,0,0.0,,,0.0
2023-12-05,0.022025710207649485,0.04839691964470645,0.012684192564234736,0.601009271090254,0.4737964656010627,0.37601611399084084,0.0,0.5633333333333334,1.825368098765943,0.75,0,-9.999999999998899e-05,-0.23000000000000043,0.002641091793188795,0.0
2023-12-06,-0.02679329436545996,-0.007072982823143485,0.02271244932052474,0.6120812269199288,0.4760547898170123,0.3811415392249166,0.0,0.5483333333333333,1.7035867660939041,0.72,0,-9.999999999998899e-05,0.120000000000001,-0.002137370092505896,0.0
2023-12-07,0.05363904278121185,-0.011249508685349425,-0.016412976168842894,0.6324760454727448,0.4803450422157925,0.3882297304766944,-0.016279017165435523,0.5483333333333333,1.7035867660939041,0.72,0,-0.00019999999999997797,0.08999999999999986,0.0005631707240358664,0.0
2023-12-08,0.0012684408153208265,0.020536119557329653,0.02966796081394071,0.6325051121904515,0.48275953523282106,0.39801330403175506,0.0,0.5483333333333333,1.7035867660939041,0.72,0,-0.00029999999999996696,-0.7100000000000009,0.001320837772095685,0.0
2023-12-09,-0.0077587898612528645,-0.010408972260493799,0.015702835540346526,0.4968346566239686,0.4794162465048004,0.39910757590435625,0.0,0.5533333333333333,1.7441805436512505,0.73,0,-0.00039999999999995595,,,0.0
2023-12-10,0.00507152345936957,0.0017350244818206502,-0.015344361356684764,0.4892119622262048,0.4781221514446517,0.37027841655852983,-0.015227236478025942,0.5183333333333333,1.4600241007498265,0.74,0,-9.999999999998899e-05,,,0.0
2023-12-11,-0.05562098586873983,-0.05966075735492428,-0.007883358121932534,0.5293787628545069,0.5284582685254349,0.37220178327612186,-0.022960032593382997,0.5183333333333333,1.4600241007498265,0.74,0,0.00039999999999995595,,,0.0
2023-12-12,-0.009781994551532417,0.005776503301278852,-0.02701142968621917,0.5306573977366905,0.5281639774511689,0.3857698523932795,-0.04899803402238122,0.4833333333333334,1.1758676578484035,0.67,0,0.0004999999999999449,-0.5600000000000005,-0.0020379991955182717,0.0
2023-12-13,0.02540675504178913,0.032639616880829996,-0.0063519661341742625,0.5366333507430925,0.5323092833419549,0.3867154953807424,-0.05501962159732228,0.4733333333333334,1.094680102733711,0.65,0,-9.999999999998899e-05,0.11999999999999922,0.0039315495475323575,0.0
2023-12-14,0.024112299688721868,0.0035680023564587876,0.0241993383026527,0.5213086251332905,0.5207389220217852,0.38860717739154915,-0.031872782202530696,0.5083333333333333,1.378836545635134,0.72,0,-9.999999999998899e-05,0.2900000000000009,-0.013200294363103552,0.0
2023-12-15,-0.04181551117712235,-0.025470477640977214,0.022912061180986928,0.5313675991154038,0.4903512667828326,0.39168848400461637,-0.009434924956012175,0.4983333333333333,1.2976489905204414,0.7,0,0.0,-0.20000000000000107,0.0014199365963425696,0.0
2023-12-16,0.003802713225757799,0.008020387258140575,-0.03306473365547108,0.49895576934959013,0.45718369329390457,0.39359389174866816,-0.04165213348134713,0.4833333333333334,1.1758676578484035,0.67,0,0.0007999999999999119,,,0.0
2023-12-17,-0.01466081918858795,-0.021599191335207872,0.006240625372134464,0.5030842245304806,0.46575710686465893,0.36767358797709526,-0.03565274296659997,0.5066666666666666,1.3653052864493516,0.73,0,0.0008999999999999009,,,0.0
2023-12-18,0.01037611637258206,0.030541766708551847,-0.011297161395579729,0.5034868269231992,0.4743049425566451,0.37110598195111466,-0.04648582283003126,0.4666666666666667,1.0405550659905822,0.65,0,0.00019999999999997797,,,0.0
2023-12-19,-0.018884704816843227,-0.008990828549252048,0.019608793041380388,0.5040508273864922,0.4730222756171002,0.37575774756724833,-0.02760404120114949,0.5066666666666666,1.3653052864493516,0.73,0,0.00019999999999997797,-0.030000000000001137,-0.003734755153059086,0.0
2023-12-20,0.011077536520739216,0.03241755264462973,-0.008835084989942689,0.5048565668887386,0.48312638564738936,0.3719849272966039,-0.03615740166904243,0.5116666666666667,1.4058990640066988,0.74,0,-9.999999999998899e-05,1.1400000000000006,0.0006719477154520336,0.0
2023-12-21,0.016858505702015424,0.004406916568444891,0.02076693587739985,0.47673885218973777,0.44562137507018607,0.3775108921096556,-0.015932061936189946,0.49166666666666664,1.2435239537773133,0.7,0,-9.999999999998899e-05,-0.019999999999999574,-0.0018981812219812557,0.0
2023-12-22,0.03722042643648378,0.0024419680670525194,0.013174807211058926,0.44086674791705294,0.4232467826400997,0.34135649061428913,-0.002881375201557186,0.5116666666666667,1.4058990640066988,0.74,0,-0.0007000000000000339,-0.620000000000001,-0.0021335753269474443,0.0
2023-12-23,-0.0070541699979998745,-0.006088221088727501,0.01847750846731522,0.44229582574444415,0.424139810529387,0.3183620453781732,0.0,0.49166666666666664,1.2435239537773133,0.7,0,-0.00029999999999996696,,,0.0
2023-12-24,-0.019312755101442716,-0.016395107062850675,0.0022524899310248847,0.4490453858207951,0.4301792800268515,0.3181268363679759,0.0,0.5,1.3111802497062237,0.71,0,-0.0004999999999999449,,,0.0
2023-12-25,0.0032191234748903032,0.013507101635684676,-0.007983302939488237,0.4490035171621714,0.4312352541537512,0.32073485921855116,-0.007951521007741784,0.51,1.3923678048209163,0.73,0,-0.00019999999999997797,,,0.0
2023-12-26,-0.01797824191304084,-0.02479535186467053,0.0038922139941713558,0.45272624341846057,0.4410394345646555,0.31993210462452426,-0.004082731841373727,0.5,1.3111802497062237,0.71,0,9.999999999998899e-05,,,0.0
2023-12-27,0.06401084348004162,0.02140979529821103,-0.006048767657919731,0.4947547920628246,0.4435569165881085,0.3140902897992667,-0.01008862157544367,0.51,1.3923678048209163,0.73,0,-0.0007000000000000339,-0.5600000000000005,-0.003493425370439542,0.0
2023-12-28,-0.014484107103263628,-0.02012077980823538,0.036742383489351174,0.499172863915535,0.45046389095656725,0.32822136640266936,0.0,0.51,1.3923678048209163,0.73,0,-0.00039999999999995595,0.040000000000000924,-0.0005276860078382319,0.0
2023-12-29,-0.019361626498728475,-0.011740790238734814,-0.014110143389031896,0.5038234220975321,0.4536871833462879,0.3348213320042794,-0.01401106188134505,0.47,1.067617584362146,0.65,0,-0.00019999999999997797,-0.02000000000000135,8.782626619039326e-05,0.0
2023-12-30,-0.0032760632932055125,0.0017416561151908701,-0.012550634497555863,0.5037838660289566,0.4530430917398204,0.33897362678445636,-0.02630851680872848,0.485,1.189398917034185,0.68,0,0.0,,,0.0
2023-12-31,-0.00428989080455275,0.0033947781497301243,0.0011723682467478004,0.5021546844407138,0.4464151885419146,0.3391027689667422,-0.0251663224263174,0.4833333333333334,1.1758676578484035,0.67,0,0.00029999999999996696,,,0.0
2024-01-01,0.030287754449622444,0.04386318131378095,-0.004006971621785688,0.4974150740679809,0.4653878714496877,0.33900942563431335,-0.0290646378727461,0.4733333333333334,1.094680102733711,0.65,0,-9.999999999998899e-05,,,0.0
2024-01-02,0.0014020540260539925,0.01722000317113513,0.0404476304883805,0.4960691235103626,0.4666365581730316,0.3536872891217143,0.0,0.5033333333333333,1.3382427680777877,0.71,0,-0.00029999999999996696,,,0.0
2024-01-03,-0.06381928005018102,-0.04788769521256018,-0.002561160870054994,0.541191814991674,0.47080672534005197,0.35386566317391416,-0.002557883895770259,0.4983333333333333,1.2976489905204414,0.7,0,-0.0004999999999999449,0.8399999999999999,0.0035754317806338904,0.0
2024-01-04,0.025640081953999767,0.03002352150755492,-0.04781763681462638,0.5432285987749716,0.45132355247159495,0.39545959716173185,-0.04913083076664936,0.4883333333333334,1.2164614354057497,0.68,0,-0.0009000000000000119,0.09000000000000163,-0.0006267847901514472,0.0
2024-01-05,0.0007363494597344715,-0.0001356796630157846,0.028897059509120436,0.5348050127862036,0.45059191615398886,0.4001192078123333,-0.021252648981760297,0.5083333333333333,1.378836545635134,0.72,0,-0.0007000000000000339,-0.7800000000000011,-0.0019480460436664168,0.0
2024-01-06,-0.012418222543956053,-0.004012787545087865,-0.0075721598776241385,0.5008021846055399,0.4489634043896594,0.3961404901508397,-0.028635891578704765,0.4983333333333333,1.2976489905204414,0.7,0,-0.0004999999999999449,,,0.0
2024-01-07,-0.00867738849855344,-0.000894225072540774,-0.008301591855617156,0.5012696794786397,0.4431298866673343,0.3852226014796801,-0.03666638090827305,0.4683333333333333,1.0540863251763641,0.71,0,-0.0006000000000000449,,,0.0
2024-01-08,0.04791045990948524,0.06653020711240704,-0.013583086021814284,0.5300050371122949,0.49857943275863337,0.3848175592284969,-0.04966295769188294,0.4683333333333333,1.0540863251763641,0.71,0,-0.0008000000000000229,,,0.0
2024-01-09,0.0059254932475093485,-0.018075510415030107,0.03766376315400759,0.5301191521314509,0.5036653151723358,0.40199274227383275,-0.01318709104170346,0.49333333333333335,1.2570552129630956,0.76,0,-0.00019999999999997797,-0.3200000000000003,0.003482381514616139,0.0
2024-01-10,0.09750304973321598,0.01172860796383382,0.0025023953397907534,0.5935905828634718,0.4531881354109236,0.4004356580303326,-0.010714602735696582,0.47833333333333333,1.1352738802910567,0.73,0,-0.00029999999999996696,-0.07000000000000028,0.0007918873728551234,0.0
2024-01-11,0.012928853258319134,-0.006771062230729273,0.057005192312380985,0.5917606445438914,0.4547150291287195,0.42932583067221713,0.0,0.49333333333333335,1.2570552129630956,0.76,0,0.0,-0.25,0.0010865711074754705,0.0
2024-01-12,-0.03714815678577363,-0.0798528754667809,0.006626042229340242,0.6056662270741603,0.5279504868199776,0.42736513629869677,0.0,0.4683333333333333,1.0540863251763641,0.71,0,0.00039999999999995595,0.2599999999999998,-0.002987151465069302,0.0
2024-01-13,0.02182127193995902,0.0015242196406752171,-0.03887200738749228,0.6047445739890406,0.5278214837500251,0.4487134478023342,-0.03812618598969998,0.43333333333333335,0.7699298822749407,0.64,0,0.00019999999999997797,,,0.0
2024-01-14,-0.04170818291825345,-0.02638212870563945,0.014635449393460585,0.6046432681947868,0.5283815229878674,0.4450960259828765,-0.023945211117026407,0.39,0.4181171434446066,0.6,0,0.0006999999999999229,,,0.0
2024-01-15,0.015612245726752063,0.01848861088034885,-0.013565883963537142,0.6060974061975036,0.5316741653308618,0.43008981888683767,-0.0370968486365892,0.35,0.09336692298583642,0.52,0,0.0005999999999999339,,,0.0
2024-01-16,0.02966184534886525,0.014637901828299413,0.0048215846604992875,0.6086506735951485,0.5280003695979844,0.4300155585921095,-0.032442918930472964,0.41000000000000003,0.5804922536739917,0.64,0,0.00029999999999996696,0.5899999999999999,,0.0
2024-01-17,-0.02235911176778112,-0.008423584725432613,0.014332055795869453,0.6159884832390993,0.5183286526966501,0.4280388248240501,-0.01847598852151619,0.39,0.4181171434446066,0.6,0,0.0009999999999998899,0.9499999999999993,0.0038432916640094004,0.0
2024-01-18,-0.023748366630328005,-0.03445139745815894,-0.011850820683883325,0.6185276581864371,0.5313877499107819,0.42819638881084293,-0.03003920146720053,0.405,0.5398984761166454,0.63,0,0.0009999999999998899,-0.6599999999999984,-0.0012458166111169967,0.0
2024-01-19,0.008539568821651248,0.007990013891329613,-0.020110003213368727,0.6182360659638789,0.5188778247302401,0.43405855260291665,-0.0493502923931915,0.345,0.05277314542849014,0.51,0,0.0008999999999999009,-0.8300000000000001,-0.0020311872367013415,0.0
2024-01-20,-0.008054016030501146,0.0008880084302503328,0.0031726512346778933,0.6178829499970966,0.5185126482049466,0.4293837355018074,-0.04632942287583855,0.35,0.09336692298583642,0.52,0,0.0006999999999999229,,,0.0
2024-01-21,-0.006070141542372212,-0.002778941360300473,-0.000395905063578198,0.606305789109929,0.5183090218626499,0.42776849539548134,-0.046706911156616016,0.35500000000000004,0.13396070054318315,0.56,0,0.0005999999999999339,,,0.0
2024-01-22,-0.059897387892233325,-0.049606002668420156,-0.0029548496749399965,0.6429794213385162,0.5443483261712284,0.42396279118251806,-0.04951959136022383,0.35000000000000003,0.09336692298583686,0.55,0,0.0012000000000000899,,,0.0
2024-01-23,-0.031428148415456714,0.008294955472882228,-0.03709259509028444,0.6489411886552798,0.5436919775109678,0.4446690361011921,-0.08412952211300985,0.325,-0.10960196480089451,0.5,0,0.0007999999999999119,-0.6399999999999988,0.0039906075640243855,0.0
2024-01-24,-0.0033857304732878464,0.004683034141144241,-0.011843639898672959,0.6488971090336855,0.5412902087823314,0.4457531119978736,-0.09491277968847642,0.315,-0.19078951991558707,0.48,0,0.0004999999999999449,0.5899999999999999,-0.005037435365219011,0.0
2024-01-25,-0.007355781023558437,-0.003092975166303934,0.003619753060592073,0.6463565309906996,0.5354442103853947,0.44572384041111696,-0.09163065078828954,0.335,-0.028414409686201965,0.52,0,0.0004999999999999449,0.3099999999999987,0.002813661739872728,0.0
2024-01-26,0.02186288688866119,0.04555239092628425,0.00019239693731116058,0.609329431024696,0.5550274086734465,0.4451985437037942,-0.09145586649411153,0.32,-0.1501957423582408,0.49,0,0.00019999999999997797,-0.1899999999999995,-0.001770979272421145,0.0
2024-01-27,0.00011464805265211808,0.00707902280697713,0.025458914352057677,0.6075659149557581,0.5514888213646029,0.43515363991965517,-0.06802836521644726,0.35000000000000003,0.09336692298583686,0.55,0,9.999999999998899e-05,,,0.0
2024-01-28,-0.004879740236961713,-0.002128775638974226,0.004448457258954343,0.604178324226389,0.5500069473920254,0.4325052827011691,-0.06387329425674577,0.3383333333333334,-0.0013518913146376304,0.54,0,9.999999999998899e-05,,,0.0
2024-01-29,0.026539977220855035,0.029806119942710457,-0.0009094153278834659,0.6114354488270124,0.5597684998360677,0.4300179206019386,-0.0647242352437548,0.3433333333333334,0.03924188624270865,0.55,0,0.0,,,0.0
2024-01-30,0.010904260075984275,-0.008385579459892248,0.021349705381166435,0.6122727931196268,0.5606170780596093,0.43596488307338477,-0.04454169417427059,0.3733333333333333,0.2828045515867854,0.61,0,9.999999999998899e-05,-0.28999999999999915,-0.002081536830771907,0.0
2024-01-31,-0.025884739060646825,-0.008444749797383772,-0.0030403145801433575,0.6096617983795776,0.5389831437713861,0.43582539194239367,-0.04744217656851518,0.3683333333333333,0.24221077402943914,0.6,0,0.0005999999999999339,1.0399999999999991,-0.0014056017276331165,0.0
2024-02-01,0.009216574739179674,0.011742435619609937,-0.020652263267949403,0.6106563962924951,0.5369581232616903,0.4188631789143799,-0.06691290219707159,0.3833333333333333,0.36399210670147797,0.63,0,0.00029999999999996696,-0.46999999999999886,-0.0008273573301405465,0.0
2024-02-02,0.0020722520822371486,0.0027134001651212595,0.014613786107743417,0.5666419881303412,0.5101741952918019,0.4220951376858367,-0.0531768434761589,0.3833333333333333,0.36399210670147797,0.63,0,0.0004999999999999449,-0.030000000000001137,0.004713245375744253,0.0
2024-02-03,-0.005458644987954984,-0.004382505832045197,0.005930401292752483,0.5602906082376469,0.4989143313030523,0.3854623597416083,-0.04754511951865772,0.3683333333333333,0.24221077402943914,0.6,0,0.00029999999999996696,,,0.0
2024-02-04,-0.0029217600174053704,-0.010005694851545816,-0.008632691239919167,0.560410647386228,0.4999178067054238,0.3743465188092544,-0.05573198025867779,0.375,0.2963358107725678,0.6,0,0.00039999999999995595,,,0.0
2024-02-05,0.005244348441227879,0.002950351987088814,-0.0016299319379202606,0.558746644778103,0.5000148697050665,0.3732928312861036,-0.05726981923511742,0.375,0.2963358107725678,0.6,0,0.0013000000000000789,,,0.0
2024-02-06,0.030298800498996734,0.009095988310426472,0.02680924584915137,0.5668227416700441,0.5012463796912954,0.38253541179372297,-0.03165409920758097,0.395,0.4587109210019529,0.64,0,0.00029999999999996696,-0.6099999999999994,-0.003220699765276308,0.0
2024-02-07,0.021869501408000494,0.028605054685199374,0.03031212479376473,0.5473313908358248,0.45235623801526054,0.39067802879819435,-0.0018520779945156145,0.385,0.3775233658872603,0.62,0,0.00019999999999997797,-0.23000000000000043,-0.0004457055845278278,0.0
2024-02-08,-0.0022911881881718175,0.02095275967005496,0.023441880676033526,0.5472129253245602,0.45526603075893335,0.3779194438008584,0.0,0.405,0.5398984761166454,0.66,0,-9.999999999998899e-05,-0.040000000000000924,0.0014455461891266484,0.0
2024-02-09,0.027318656720714377,0.03991206359421791,0.01840001267867596,0.4347118062619615,0.4750548147292747,0.3817450693782183,0.0,0.435,0.7834611414607227,0.72,0,-0.0004999999999999449,0.14000000000000057,-0.000337024637377941,0.0
2024-02-10,0.005486498081285188,0.013033381077871586,0.030669805139383867,0.43241782610677093,0.47634422848506386,0.3444808681150871,0.0,0.445,0.8646486965754152,0.74,0,-0.00029999999999996696,,,0.0
2024-02-11,0.0027838538582977777,0.01142945972783506,0.0035464963247523896,0.41302198894347725,0.3774884931720341,0.3441925403893873,0.0,0.45166666666666666,0.9187737333185434,0.71,0,-0.00039999999999995595,,,0.0
2024-02-12,0.05915178226329729,0.03293568144658824,0.00336859855411357,0.45633167334774377,0.39052577720545917,0.31018467718436254,0.0,0.44666666666666666,0.8781799557611971,0.7,0,-0.00029999999999996696,,,0.0
2024-02-13,-0.00754723411578204,-0.004370351494182536,0.03915579434843542,0.43090137921967725,0.3754554892257364,0.33191480403722273,0.0,0.4916666666666667,1.2435239537773137,0.79,0,-0.0004999999999999449,1.92,0.00480414026460212,0.0
2024-02-14,0.04980714711359402,0.041300218103198914,-0.0075154339436933355,0.45985274711873814,0.3931542926784002,0.32837636127490644,-0.007487263684760916,0.4666666666666667,1.0405550659905822,0.74,0,-0.0008000000000000229,-1.4699999999999989,-0.0009879780352824764,0.0
2024-02-15,0.017072626772787942,0.0016364577734705157,0.041213254343804816,0.452818913080346,0.39241710729512314,0.3519540987101445,0.0,0.45666666666666667,0.9593675108758897,0.72,0,-0.0010000000000000009,-0.370000000000001,-0.0015506224349666167,0.0
2024-02-16,-0.00739283537876803,0.004694246184426713,0.0021999551965957735,0.44525734766515224,0.38893721367714185,0.35093104550445386,0.0,0.45666666666666667,0.9593675108758897,0.72,0,-0.0007000000000000339,0.23000000000000043,-0.0005083292663675238,0.0
2024-02-17,-0.005680318366057286,-0.009279917800631372,-0.0046176652071449244,0.43575100143315215,0.3646603360593347,0.34726342553875683,-0.004607020182518658,0.4766666666666667,1.1217426211052748,0.76,0,-0.00029999999999996696,,,0.0
2024-02-18,0.0336251246192515,0.009540032294676114,-0.00022476955522079156,0.4476617694819096,0.3647305127007054,0.3351986585431859,-0.0048307290774458785,0.4666666666666667,1.0405550659905822,0.72,0,-0.00019999999999997797,,,0.0
2024-02-19,0.021834029049603604,-0.00698552773070659,0.023875640547642893,0.4489661368099851,0.3675444117000067,0.34026454174306564,0.0,0.4816666666666667,1.1623363986626212,0.75,0,-0.00019999999999997797,,,0.0
2024-02-20,0.02349590686861879,0.009306488030900633,0.016965499634746795,0.4509398190198531,0.36582114593603043,0.3407087851667297,0.0,0.4666666666666667,1.0405550659905822,0.72,0,-9.999999999998899e-05,0.7099999999999991,,0.0
2024-02-21,-0.01568217793614364,-0.007865510526459354,0.008581517647052098,0.3909943634806293,0.3080511155840197,0.33845934312680165,0.0,0.4966666666666667,1.28411773133466,0.78,0,0.0,-0.08000000000000007,0.00014872480897680328,0.0
2024-02-22,0.0011785902059659025,-0.01087817419895304,-0.009140185927328157,0.36497867779057724,0.3157744808136358,0.303553957013546,-0.009098541404079891,0.4766666666666667,1.1217426211052748,0.74,0,0.0006999999999999229,-0.8000000000000007,0.0005294460061918959,0.0
2024-02-23,-0.01668277674193129,-0.010668655359765033,0.001550294046380765,0.37367571568358354,0.3225000943478101,0.2953527489465007,-0.007561161384636026,0.4866666666666667,1.2029301762199673,0.76,0,9.999999999998899e-05,-0.7899999999999991,-0.0005377079153207284,0.0
2024-02-24,0.02379881241743993,0.016109250933854777,-0.013729148894371641,0.3723781367172751,0.32124479318654897,0.3058208597823378,-0.02109339637761488,0.4666666666666667,1.0405550659905822,0.72,0,9.999999999998899e-05,,,0.0
2024-02-25,0.039305919138802874,0.0031100616788884284,0.018468784825559286,0.38417053458656586,0.29245299587269663,0.3057904597056899,-0.002846197826748992,0.525,1.5141491374929552,0.74,0,9.999999999998899e-05,,,0.0
2024-02-26,0.020148474483354707,0.051753212367562834,0.0214862825406278,0.3836720868764223,0.3313665623116131,0.3035151979192002,0.0,0.515,1.4329615823782627,0.72,0,-0.0008000000000000229,,,0.0
2024-02-27,0.020697808196250323,0.045937275755513214,0.029973661103058533,0.38051966378715696,0.35350084369907653,0.3110867612458563,0.0,0.55,1.7171180252796865,0.79,0,-0.00039999999999995595,-0.3100000000000005,-0.0007809146518372799,0.0
2024-02-28,0.04249098920918258,0.09037342510456357,0.01977124755257971,0.39204349413270945,0.44667966908784196,0.3099905798912519,0.0,0.565,1.8388993579517245,0.82,0,-0.0011999999999999789,0.41000000000000014,0.0013490702096101428,0.0
2024-02-29,-0.012794696190860875,-0.021060790861507746,0.04093184539372375,0.4019305669683089,0.4561185665520053,0.3253001170209523,0.0,0.555,1.7577118028370329,0.8,0,-0.0006000000000000449,-0.4399999999999995,0.0004490108630415348,0.0
2024-03-01,0.027562008777578344,0.02035257099534111,-0.003895792401136412,0.38154596873155383,0.4510853540727282,0.3258025054741619,-0.0038882136468654186,0.555,1.7577118028370329,0.8,0,-0.0008000000000000229,-0.2900000000000009,-0.001414571642628396,0.0
2024-03-02,-0.0035099374748775738,-0.006442143609634661,0.030660458014076047,0.3859433079415481,0.4560204347623409,0.3104576209654277,0.0,0.555,1.7577118028370329,0.8,0,-0.0008000000000000229,,,0.0
2024-03-03,0.019224208049935323,0.018012936948412033,0.0006830735323217584,0.384366244538312,0.45516726177071715,0.3135693559245759,0.0,0.6016666666666667,2.1365870600389307,0.83,0,-0.0004999999999999449,,,0.0
2024-03-04,0.0393413458288056,0.07817243529189463,0.018274205155616258,0.3879392189300372,0.5047070085188071,0.31304516401130156,0.0,0.5966666666666667,2.0959932824815843,0.82,0,-0.0012999999999999678,,,0.0
2024-03-05,-0.020640133617123094,-0.06855316030923639,0.0296556571202282,0.4030103619123145,0.5778059314320112,0.3076229032998701,0.0,0.6366666666666667,2.4207435029403546,0.9,0,-0.0012999999999999678,0.9700000000000006,0.0001042370715951853,0.0
2024-03-06,0.0719060002353233,0.03621451680304252,-0.02623667596695717,0.44799490500018974,0.5818430283188128,0.3347795108437828,-0.02589548480393679,0.5616666666666666,1.8118368395801605,0.75,0,-0.0008000000000000229,0.03999999999999915,-0.0034779473175758427,0.0
2024-03-07,0.013052797728649309,0.011273945248864211,0.062465615705790616,0.44552155284409,0.581635831609914,0.3730995279239122,0.0,0.5966666666666667,2.0959932824815843,0.82,0,-0.0016000000000000458,-0.0600000000000005,-0.002277112111125468,0.0
2024-03-08,0.003766716011167122,0.019282486315176334,0.009375404887829265,0.4471438030740066,0.5797200817513289,0.36942074326557,0.0,0.5916666666666667,2.0553995049242384,0.81,0,-0.0022999999999999687,0.3000000000000007,-0.001797924336124612,0.0
2024-03-09,0.005610800781601544,0.0027716745979517753,0.016134199382859468,0.44398171072669745,0.5805651229401747,0.368024352523775,0.0,0.6066666666666667,2.177180837596277,0.84,0,-0.0021999999999999797,,,0.0
2024-03-10,-0.006870813084617783,0.009362842188647231,0.006725175255824405,0.44895878596690225,0.5729351345016382,0.36854745856584953,0.0,0.5700000000000001,1.8794931355090716,0.79,0,-0.0010000000000000009,,,0.0
2024-03-11,0.04692379532758898,0.044283373561153284,-0.0009513073209400742,0.4612171620901932,0.5834480067961793,0.3666992678985774,-0.0009508549715830701,0.585,2.0012744681811094,0.82,0,-0.00029999999999996696,,,0.0
2024-03-12,-0.021092772302799184,-0.008724217811494954,0.04434154359064547,0.4772006898030696,0.5886576751998353,0.3813052507386288,0.0,0.5800000000000001,1.9606806906237642,0.81,0,-0.00019999999999997797,-1.3800000000000008,0.0010607554005341317,0.0
2024-03-13,0.0062193756940735045,0.022424831790492365,-0.01656321867280646,0.45112921958781416,0.5853216379002077,0.39440305309689266,-0.016426802766980712,0.5800000000000001,1.9606806906237642,0.81,0,-0.0006000000000000449,-0.08999999999999986,-0.0016874126878490322,0.0
2024-03-14,-0.031217942680779823,-0.02330791194500903,0.015326685452257401,0.4721846622908133,0.5959057012622474,0.3833606355950169,-0.0012357690283618112,0.615,2.2448371335251873,0.88,0,0.00019999999999997797,0.6500000000000004,0.0023046971715979404,0.0
2024-03-15,-0.03660220045834964,-0.02681836109117046,-0.02191876589825131,0.4831302941186681,0.6011987828135386,0.3959240456366875,-0.02288927244518114,0.59,2.041868245738456,0.83,0,-9.999999999998899e-05,0.009999999999999787,0.001323962455899652,0.0
2024-03-16,-0.06033255610742313,-0.062322910279710986,-0.024721848492494286,0.5408069875507642,0.6514263352285384,0.40154649578271256,-0.04674911096701687,0.5800000000000001,1.9606806906237642,0.81,0,0.0006999999999999229,,,0.0
2024-03-17,0.033938355810842834,0.046275814432356635,-0.05127924315629295,0.5457806700349799,0.665040691766665,0.45423857980572924,-0.09439893069801338,0.5266666666666666,1.5276803966787367,0.79,0,0.0006999999999999229,,,0.0
2024-03-18,-0.03468513836288729,-0.01152174525222046,0.034308839901234615,0.564500237873049,0.6658640615916175,0.46080418606564544,-0.06278967061001274,0.5166666666666666,1.4464928415640441,0.77,0,9.999999999998899e-05,,,0.0
2024-03-19,-0.10845010767802181,-0.08763155563733493,-0.02603832252720715,0.6869425149208905,0.7462488006125194,0.47610688014921987,-0.0868780835415695,0.5266666666666666,1.5276803966787367,0.79,0,0.0004999999999999449,-0.5099999999999998,0.002964702364131955,0.0
2024-03-20,0.10733315272751459,0.09103531158594273,-0.08095706156330554,0.7753874751055206,0.8014882426049664,0.5655268643010352,-0.15788857095023226,0.5016666666666667,1.3247115088920063,0.74,0,-9.999999999998899e-05,-0.7800000000000011,-3.555745195675707e-05,0.0
2024-03-21,-0.00675668606585365,-0.03508997737785613,0.0921661545356027,0.7739328735142622,0.8161075476717448,0.6412952671062664,-0.07658523611216836,0.5216666666666667,1.4870866191213914,0.78,0,0.00039999999999995595,-0.11999999999999922,-0.0009952945648141738,0.0
2024-03-22,-0.0458406268133607,-0.026369007379098856,-0.00898014765194701,0.790991679681131,0.8230233427405015,0.6438481794042805,-0.0848405147478434,0.5066666666666666,1.3653052864493516,0.75,0,-0.00019999999999997797,0.14000000000000057,0.0031042270812504497,0.0
2024-03-23,-0.0020462421704777038,0.003026453038660462,-0.03110477541133821,0.7912113131661573,0.8206661609878493,0.6552062310887647,-0.11286818804929927,0.49666666666666665,1.2841177313346595,0.73,0,-0.00019999999999997797,,,0.0
2024-03-24,0.036985515601003736,0.04909491976870599,0.014279683318768048,0.795862108011744,0.8305438518855973,0.6555742378366085,-0.10010934741392219,0.48,1.1488051394768386,0.74,0,9.999999999998899e-05,,,0.0
2024-03-25,0.038452518809786,0.038957731173826136,0.029788698811059444,0.8017035615580027,0.8366793006548529,0.656144408851556,-0.07289951511314928,0.485,1.189398917034185,0.75,0,-0.00029999999999996696,,,0.0
2024-03-26,-0.0008609940972833262,0.0015441704140665396,0.03898048971510569,0.7929400755636931,0.8368624484586697,0.6640876125110342,-0.0360470876163148,0.515,1.4329615823782627,0.81,0,9.999999999998899e-05,0.05000000000000071,0.0003692632579173289,0.0
2024-03-27,-0.024305282494903636,-0.007428938024621631,0.0013425984286482356,0.7972110970277788,0.8251456174039051,0.6629435483800795,-0.034752016765350856,0.525,1.5141491374929552,0.83,0,0.0005999999999999339,-0.46000000000000085,-0.0005394841819505107,0.0
2024-03-28,0.016795265133333685,0.01869009109453202,-0.015376380855516092,0.7962517295715877,0.8148307073422342,0.6629694880301442,-0.04948051171091139,0.51,1.3923678048209163,0.8,0,-9.999999999998899e-05,0.23000000000000043,0.0004511047184718937,0.0
2024-03-29,-0.014356215181719081,-0.01322713532737063,0.01897854752992918,0.7854905253290632,0.7600120475280698,0.6627766032733493,-0.03126876278333553,0.505,1.35177402726357,0.79,0,-0.0006000000000000449,,-0.00036681695006465293,0.0
2024-03-30,-0.0011688605511880762,-0.0038493164497219014,-0.006889434057340731,0.7839240706468229,0.755298829823905,0.652460108534821,-0.03791983539099975,0.485,1.189398917034185,0.75,0,-0.00039999999999995595,,,0.0
2024-03-31,0.039062823229440984,0.024107423379159526,-0.000647125180722871,0.7897206355212711,0.7564149551143733,0.6520038464921143,-0.03854222028920267,0.4666666666666667,1.0405550659905822,0.75,0,0.0,,,0.0
2024-04-01,-0.03958782951874899,-0.02313609473301786,0.024783410806915308,0.8028045760945434,0.7616612658170205,0.6494166941777655,-0.01441629061597485,0.4866666666666667,1.2029301762199673,0.79,0,-0.00039999999999995595,,,0.0
2024-04-02,-0.06632179487259003,-0.06197960825197718,-0.02511532702160708,0.8329724717972388,0.793430520201187,0.6576893959493946,-0.03886129076076932,0.4866666666666667,1.2029301762199673,0.79,0,-0.00019999999999997797,0.9599999999999991,-0.001742865279370284,0.0
2024-04-03,0.009672614295133657,0.007598003093028574,-0.04715704397381546,0.8207521145234898,0.7439223215755868,0.6790739586545157,-0.08313366981736527,0.44666666666666666,0.8781799557611971,0.71,0,-0.00039999999999995595,-0.27999999999999936,-0.002341501041116789,0.0
2024-04-04,0.004992305001377068,0.03755725764251874,0.008939013364331554,0.8187040462305597,0.7143734364179726,0.6721972782242803,-0.07490104850212952,0.44166666666666665,0.8375861782038508,0.7,0,-0.00029999999999996696,2.0200000000000014,-0.0021382986386893873,0.0
2024-04-05,-0.002874235453763564,-0.009789202703133824,0.00783632254445823,0.7738409534671011,0.7049282399427351,0.6652060414507717,-0.06762319617665377,0.4866666666666667,1.2029301762199673,0.79,0,-0.00039999999999995595,-0.3200000000000003,0.001682070873945248,0.0
2024-04-06,0.010117877313201287,0.015731842680183246,-0.0019486077391913778,0.7730615341297082,0.7059271459826396,0.6287881602842397,-0.06943826383065904,0.4666666666666667,1.0405550659905822,0.75,0,-0.00019999999999997797,,,0.0
2024-04-07,0.030156021824738675,0.006717834111896003,0.011348573313103924,0.7821614777402569,0.7031907566632561,0.6291911747366197,-0.05881756484132365,0.48333333333333334,1.175867657848403,0.78,0,9.999999999998899e-05,,,0.0
2024-04-08,0.06728411886400808,0.03205840927643814,0.014875913995575534,0.8202588443658831,0.7116980727191358,0.6288049834985949,-0.04471195911440876,0.47333333333333333,1.0946801027337105,0.76,0,0.0,,,0.0
2024-04-09,-0.05228798260119764,-0.03515415339654028,0.05275956101829706,0.8388465301323914,0.7224259801411342,0.6548305675667825,0.0,0.49333333333333335,1.2570552129630956,0.8,0,0.0004999999999999449,-0.20999999999999908,-0.0002576201955345797,0.0
2024-04-10,0.01113166146509165,0.02125006308303191,-0.03319531233230432,0.8209408687409728,0.7090357217273908,0.6660243150153159,-0.03265039417053532,0.48333333333333334,1.175867657848403,0.78,0,0.0,0.8200000000000003,0.00716454241510143,0.0
2024-04-11,-0.012235970235867036,-0.00888603616768445,0.009895001913223025,0.8192748136006708,0.7090590642196816,0.6481521711264019,-0.023030954269321235,0.47333333333333333,1.0946801027337105,0.76,0,-9.999999999998899e-05,-0.8900000000000006,0.0002911414079570226,0.0
2024-04-12,-0.07870290424943296,-0.04215402471169341,0.0058493986803402264,0.8582270913988815,0.7182919750371032,0.6458904331503821,-0.01729952646130898,0.48833333333333334,1.2164614354057492,0.79,0,-0.00039999999999995595,2.3999999999999986,0.005579428045090137,0.0
2024-04-13,-0.07383357559576002,-0.04872735746222276,-0.08427197668485757,0.8857381623848464,0.7327383126565714,0.7070732723204929,-0.09672017371312794,0.4533333333333333,0.9323049925043254,0.72,0,-0.0012999999999999678,,,0.0
2024-04-14,0.0480771311040579,0.026815078915186055,-0.08236997388420327,0.9010523378161357,0.7353002808837874,0.7569852208684241,-0.1681414480650648,0.45166666666666666,0.9187737333185434,0.72,0,-0.0010999999999999899,,,0.0
2024-04-15,-0.016979519656058945,-0.03473882339914055,0.054628990086454554,0.880414126942067,0.7127161355537212,0.7813464623465876,-0.12143367150725906,0.46166666666666667,0.999961288433236,0.74,0,-0.00039999999999995595,,,0.0
2024-04-16,-0.00574505193835904,0.005870468536476564,-0.003746083193537413,0.8695678378393826,0.6926540368083822,0.7613205334367744,-0.124718697233401,0.4166666666666667,0.6346172904171199,0.65,0,-0.00039999999999995595,-0.8300000000000018,0.005688506895579244,0.0
2024-04-17,-0.032561698237881825,-0.040238973210926274,-0.011305697454343984,0.8687039778023078,0.7045951420483706,0.7513286893973217,-0.13455863434343757,0.4266666666666667,0.7158048455318125,0.67,0,0.0,-0.18999999999999773,-0.0008344705882409304,0.0
2024-04-18,0.02611470081424689,0.035158006998813135,-0.020452480308442683,0.7913376743789157,0.6474301680645018,0.7493688719053696,-0.15207927580354244,0.37666666666666665,0.30986706995834973,0.57,0,-0.0004999999999999449,-0.21000000000000085,-0.00015445748060161722,0.0
2024-04-19,-0.0025944081235797613,0.005466825160537417,0.024169663828338777,0.688068456261569,0.5602837806384992,0.6983515158644756,-0.1313356434483889,0.4216666666666667,0.6752110679744662,0.66,0,-0.0004999999999999449,0.7100000000000009,0.0008597809957326436,0.0
2024-04-20,0.03198147730884544,0.01743741302682119,0.00902215890211163,0.6997607224111638,0.5511659474814944,0.6177051545168075,-0.12346295466897649,0.4216666666666667,0.6752110679744662,0.66,0,-0.00039999999999995595,,,0.0
2024-04-21,-0.0025763642480408425,8.623229100669178e-06,0.027674455879468124,0.6827877003931486,0.5430752861484788,0.6253055394351579,-0.09886649181725622,0.4383333333333333,0.8105236598322866,0.72,0,-0.00019999999999997797,,,0.0
2024-04-22,0.016550811254883464,0.028510785110948657,0.0022870572743551075,0.685826062015261,0.5517188426430184,0.6153567632155593,-0.09680318932608033,0.4433333333333333,0.8511174373896329,0.73,0,-0.00039999999999995595,,,0.0
2024-04-23,0.006000335776795954,-0.006084382651452649,0.016234173747971016,0.6724289498857642,0.5246415195918656,0.6159318405526437,-0.08202087066146023,0.4333333333333333,0.7699298822749403,0.71,0,-9.999999999998899e-05,-1.2500000000000018,-0.002752016110505861,0.0
2024-04-24,-0.024736099089373503,-0.03251015685090299,0.005984731081688096,0.660176808420922,0.516325235480291,0.6074159912401753,-0.07651053995700074,0.4383333333333333,0.8105236598322866,0.72,0,0.0005999999999999339,0.28000000000000114,0.0013623076158040131,0.0
2024-04-25,0.004764485079372048,0.0032417662557915235,-0.028994071013741567,0.660854030393966,0.516538060831205,0.5988735508975623,-0.10290181488581153,0.4383333333333333,0.8105236598322866,0.72,0,0.00029999999999996696,-0.6000000000000014,-0.0004199758819773718,0.0
2024-04-26,-0.007793775832009595,-0.011356469895713836,0.007255064324835291,0.6570529723725148,0.5171697194784785,0.5996636023139581,-0.09636964283514705,0.4283333333333333,0.729336104717594,0.7,0,0.00029999999999996696,-0.33999999999999986,0.000884511145587341,0.0
2024-04-27,0.03891605008616172,-0.004842030716018614,-0.010184825430263071,0.6701467864091768,0.5113122704470421,0.5984744700574893,-0.10552625189233858,0.41333333333333333,0.6075547720455556,0.67,0,0.0006999999999999229,,,0.0
2024-04-28,0.0024206141277699957,-0.005425173243951366,0.023171031811342103,0.6691178725479342,0.5101936941848647,0.6004810973011838,-0.08455838680919282,0.4,0.49930469855929915,0.65,0,0.00029999999999996696,,,0.0
2024-04-29,-0.014419602393225955,0.01177132522006203,0.003817815060300842,0.6703998130868483,0.5129142487932398,0.6004671492507117,-0.08105671992651947,0.41000000000000003,0.5804922536739917,0.67,0,0.00029999999999996696,,,0.0
2024-04-30,-0.06508062629125812,-0.051304831768252054,-0.019461150882798386,0.6866390973953891,0.5301749213529209,0.6037884357155876,-0.0987675185174758,0.41000000000000003,0.5804922536739917,0.67,0,0.0008999999999999009,0.9800000000000004,0.003587342594052958,0.0
2024-05-01,-0.013894796510902776,-0.03876642553474422,-0.05431017045831075,0.6767574027736168,0.5394882177836167,0.6224966855046409,-0.14640821164182344,0.34500000000000003,0.05277314542849059,0.54,0,0.0014000000000000679,-0.2599999999999998,0.0002560953761953744,0.0
2024-05-02,0.0046084345613266195,0.011848323644138173,-0.0014908705110973418,0.6407679879541657,0.5031185065524207,0.6181163870418249,-0.14767985830180835,0.29,-0.39375840770231846,0.43,0,0.0,-0.7100000000000009,-0.004712885044468954,0.0
2024-05-03,0.038245365378809904,0.06269590851696512,0.015167454396056846,0.6555271200407795,0.5525943077107397,0.6010501801089265,-0.13465379503281036,0.315,-0.19078951991558707,0.48,0,-0.00029999999999996696,-1.1899999999999995,-0.002460587096408829,0.0
2024-05-04,0.004701094216412664,0.01593467072506892,0.039057524302148774,0.6554878863429668,0.5382738655141203,0.6167328037955582,-0.10018679829867737,0.41000000000000003,0.5804922536739917,0.67,0,-0.00019999999999997797,,,0.0
2024-05-05,0.006134046775861456,0.0018757817997593531,0.008086309085179022,0.6561197284289062,0.5377729134012987,0.6167769167074084,-0.09288113250372013,0.4116666666666666,0.5940235128597732,0.69,0,-0.00019999999999997797,,,0.0
2024-05-06,-0.023814605339407262,-0.013317207511333138,0.007623898625710296,0.6589828770399857,0.5353074863297594,0.6174328435073149,-0.08593892048174262,0.42166666666666663,0.6752110679744657,0.71,0,-9.999999999998899e-05,,,0.0
2024-05-07,-0.018757069465325283,-0.013598050793730939,-0.015811291017993296,0.6500279694865525,0.535406204216491,0.6182164391899995,-0.10027774979596457,0.4066666666666667,0.5534297353024273,0.68,0,-9.999999999998899e-05,-0.2599999999999998,0.001653385451020048,0.0
2024-05-08,-0.010528701418179225,-0.018122013335120257,-0.012594895400238887,0.5960962292648575,0.5218135310465237,0.616611390422237,-0.11153859398929807,0.38666666666666666,0.3910546250730423,0.64,0,0.00039999999999995595,-0.23000000000000043,0.000815439023168057,0.0
2024-05-09,0.0206381567242151,0.030275504659909153,-0.01886731833554889,0.5807937514020842,0.5245129293554104,0.5861451232245277,-0.12814433268589143,0.3416666666666667,0.02571062705692625,0.55,0,0.00019999999999997797,-0.3100000000000005,-0.00023899556498709518,0.0
2024-05-10,-0.0424669694883011,-0.03671917430504504,0.01887365789011612,0.5922669718509481,0.5296411885529045,0.5822664571913847,-0.11153296152188007,0.39666666666666667,0.47224218018773484,0.66,0,0.00019999999999997797,-0.1399999999999988,-0.001223700626209978,0.0
2024-05-11,0.0008450066111037531,0.0004275402409262431,-0.0271601824130333,0.5924537845777689,0.5297765217229605,0.5864005330362324,-0.1353391349308106,0.33166666666666667,-0.0554769280577663,0.53,0,0.00029999999999996696,,,0.0
2024-05-12,0.0057654214829464265,0.01075965097938284,0.003605109566295567,0.5324860406613664,0.5146080270539422,0.5859747820823322,-0.13221631209754164,0.3483333333333334,0.07983566380005493,0.56,0,0.0004999999999999449,,,0.0
2024-05-13,0.007380634427828049,0.023406346968515828,0.004848971995344247,0.4686824951243652,0.4949293510074552,0.5101427287043849,-0.12799823489256756,0.3533333333333333,0.1204294413574003,0.57,0,9.999999999998899e-05,,,0.0
2024-05-14,-0.023680498679313364,-0.021886781008613777,0.0011908672566433433,0.44083640951464637,0.4902089872794689,0.41762409787831584,-0.12695917797613226,0.3983333333333333,0.4857734393735168,0.66,0,0.00039999999999995595,-0.17999999999999972,-0.0008239336367444951,0.0
2024-05-15,0.05094364115236379,0.07248226375544757,-0.017626728852864627,0.4760235175671866,0.5405502031100248,0.3761625622444854,-0.14221319763724471,0.3883333333333333,0.40458588425882425,0.64,0,-0.00039999999999995595,-0.9700000000000006,-0.004696656404182343,0.0
2024-05-16,-0.029396905403768096,-0.014779291590717515,0.04446788170505612,0.4861848346025684,0.5432090683204231,0.4076795260590063,-0.10320843305180512,0.41833333333333333,0.6481485496029019,0.7,0,-9.999999999998899e-05,-0.02999999999999936,-0.0010775920860675102,0.0
2024-05-17,0.048814420530057585,0.027051410361314365,-0.009576842683171086,0.5033931218722133,0.5298542723037305,0.4070770499952719,-0.11175587074708004,0.43833333333333335,0.810523659832287,0.74,0,-0.0004999999999999449,-0.4299999999999997,9.733604452139768e-05,0.0
2024-05-18,0.009953500947915903,-0.0016246180943355483,0.034500103959605455,0.4964214455023146,0.5171268093839105,0.41588651373037416,-0.08057660453423862,0.43333333333333335,0.7699298822749407,0.73,0,-0.00019999999999997797,,,0.0
2024-05-19,-0.016709757177628334,-0.00962833180615985,0.0071518726231769025,0.5000043372852812,0.5184444840366127,0.4090078174603389,-0.07397743544325934,0.5183333333333333,1.4600241007498265,0.72,0,0.0,,,0.0
2024-05-20,0.1758842593438205,0.07515278314448008,-0.010575115496097087,0.7856337331662564,0.5769034274060395,0.41056150946970654,-0.0837186330881907,0.5083333333333333,1.378836545635134,0.7,0,-0.00029999999999996696,,,0.0
2024-05-21,0.034311104640699,-0.018338454758227797,0.1067041099662624,0.791694557406899,0.5817034610680888,0.5446687110088104,0.0,0.5383333333333333,1.6223992109792116,0.76,0,9.999999999998899e-05,-0.2900000000000009,0.0012398593227011584,0.0
2024-05-22,-0.013781997342475151,-0.014093766386815483,0.016243727850684068,0.7937638035904457,0.5767528694734136,0.5462532589299423,0.0,0.5383333333333333,1.6223992109792116,0.76,0,0.00039999999999995595,0.4299999999999997,0.001374084040254438,0.0
2024-05-23,0.012200105053972433,-0.017457094288918538,0.002650009131466847,0.7941393790476491,0.5799041212910867,0.5446575468203123,0.0,0.5383333333333333,1.6223992109792116,0.76,0,0.0004999999999999449,0.4800000000000004,0.0016564331951807367,0.0
2024-05-24,-0.014731579039831756,0.008501978114690344,-0.007239952567510688,0.7901203701480962,0.567797185797702,0.5460408070477053,-0.0072138072459333865,0.5283333333333333,1.541211655864519,0.74,0,0.00019999999999997797,-0.8399999999999999,-0.0010724637160756604,0.0
2024-05-25,0.0056114858771316835,0.01074556177134258,-0.0002733628735709705,0.790113060268676,0.5685833625483746,0.533452240943879,-0.0074851610417096945,0.5383333333333333,1.6223992109792116,0.76,0,9.999999999998899e-05,,,0.0
2024-05-26,0.02038421999818265,-0.011363112097898122,0.005704672148518502,0.7901497347841174,0.5685853840418824,0.5333840414918821,-0.0018070086829070618,0.475,1.1082113619194924,0.75,0,0.0004999999999999449,,,0.0
2024-05-27,0.017550695354859168,0.013465947937329524,0.01560595109890007,0.782658931789417,0.5692407538762807,0.5319769526374115,0.0,0.47,1.067617584362146,0.74,0,0.0006999999999999229,,,0.0
2024-05-28,-0.012800427009197146,-0.0150623714003808,0.006075267654374757,0.7853241993223944,0.5720215562243567,0.5281373212989849,0.0,0.45999999999999996,0.9864300292474536,0.72,0,0.001100000000000101,0.5600000000000005,,0.0
2024-05-29,-0.020299904134328608,-0.010966160005080427,-0.010205723442968577,0.7874629743223138,0.5729694483604855,0.5307509125377755,-0.010153821762266571,0.45999999999999996,0.9864300292474536,0.72,0,0.0013000000000000789,1.3599999999999994,0.0060272578223697915,0.0
2024-05-30,-0.005194720104684686,0.010290184685345129,-0.013216960184642716,0.7467820908283025,0.5403045665877134,0.5276537449197665,-0.023150501791225634,0.46499999999999997,1.0270238068047999,0.73,0,0.00029999999999996696,0.19000000000000128,-0.001671280827415375,0.0
2024-05-31,0.0038294632828156368,-0.011953148002230988,-0.001676875530969809,0.7430110879568981,0.5213722894329392,0.48378300687907266,-0.024787184172376502,0.46499999999999997,1.0270238068047999,0.73,0,0.0009999999999998899,-1.5500000000000007,0.0011300589054429192,0.0
2024-06-01,0.014127768098339709,0.003352974306247208,0.008304029432248512,0.7432295283636089,0.5207822560476766,0.482984390251473,-0.01665527115375678,0.45999999999999996,0.9864300292474536,0.72,0,0.0006999999999999229,,,0.0
2024-06-02,-0.00919086126335398,-1.800306465331948e-05,0.008126720052380765,0.7374667912098519,0.4767877112623291,0.4820545134589133,-0.008631343882804125,0.45666666666666667,0.9593675108758897,0.73,0,0.0005999999999999339,,,0.0
2024-06-03,-0.003669865021776319,0.015292495676779325,-0.0031420170403456795,0.7383142929686173,0.47656505937279403,0.46842577096196764,-0.01174135268469295,0.45666666666666667,0.9593675108758897,0.73,0,9.999999999998899e-05,,,0.0
2024-06-04,0.011394698393577755,0.02480167347858517,-0.001456366928912116,0.7385263568471558,0.4828716945753709,0.46883221176879936,-0.013179572353867202,0.45666666666666667,0.9593675108758897,0.73,0,-9.999999999998899e-05,0.05000000000000071,0.003057823103908545,0.0
2024-06-05,0.014528239359286061,0.008050544645661345,0.015414664827480976,0.7307952570855618,0.4793918630596032,0.47022051381949614,0.0,0.4666666666666667,1.0405550659905822,0.75,0,-0.00019999999999997797,-0.5299999999999994,-0.0015632425169140659,0.0
2024-06-06,-0.013680880614828677,-0.004354124285061161,0.012003375912769046,0.7286880069314261,0.47620723136086174,0.4647018770678774,0.0,0.4816666666666667,1.1623363986626212,0.78,0,0.00039999999999995595,-0.05000000000000071,-0.0013278609346926843,0.0
2024-06-07,-0.03608078731115959,-0.020598830454873523,-0.00752528469774693,0.7421627174849408,0.4777480498908491,0.46248963566134355,-0.00749704063546621,0.4766666666666667,1.1217426211052748,0.77,0,0.00029999999999996696,-0.35999999999999943,0.009577973052765705,0.0
2024-06-08,0.000883165430799822,-0.00065106056369522,-0.02541977189600993,0.7408189622877588,0.46857224237853157,0.4674791722457574,-0.0324082790864139,0.45166666666666666,0.9187737333185434,0.72,0,0.00019999999999997797,,,0.0
2024-06-09,0.0067217634855674885,0.004860162159083764,-0.005766944601075386,0.7195231064033983,0.4459511741526227,0.46675892070115543,-0.03797226790930622,0.45666666666666667,0.9593675108758897,0.75,0,9.999999999998899e-05,,,0.0
2024-06-10,-0.010455395782558196,-0.0015538683361776106,0.004430307720181696,0.7220253422568721,0.4462339942466206,0.45209033099849516,-0.03370073390242255,0.44166666666666665,0.8375861782038508,0.72,0,0.00039999999999995595,,,0.0
2024-06-11,-0.0476058391088094,-0.032530322415029955,-0.014882238411070017,0.7473679783150428,0.4637495551854802,0.45794117295258635,-0.047974950356035787,0.45166666666666666,0.9187737333185434,0.74,0,9.999999999998899e-05,0.10999999999999943,0.0009873062588491345,0.0
2024-06-12,0.017794431932076193,0.014010590579490376,-0.026943438817854295,0.7485080994195444,0.4596912364673318,0.47172488391712375,-0.07328330100660638,0.44166666666666665,0.8375861782038508,0.72,0,0.00019999999999997797,-0.8100000000000005,-0.0016573581927592305,0.0
2024-06-13,-0.02581258381583872,-0.02208343776467173,0.016660049144132275,0.7496174480523361,0.459824149925906,0.4734686833178475,-0.057714829602839295,0.43166666666666664,0.7563986230891583,0.7,0,0.00039999999999995595,-0.09999999999999964,0.0015654443530504012,0.0
2024-06-14,0.003567733097309177,-0.010977921824138023,-0.01966821912523755,0.7320214145659684,0.3867575879853967,0.47474575056076357,-0.0760668335928882,0.45166666666666666,0.9187737333185434,0.74,0,0.0004999999999999449,0.7200000000000006,0.0011756985538752373,0.0
2024-06-15,0.024663190874200495,0.0027860739213107213,-0.003925136361468016,0.7246668095374278,0.383192812723475,0.4534916852298693,-0.07968628918455697,0.45166666666666666,0.9187737333185434,0.74,0,0.0005999999999999339,,,0.0
2024-06-16,0.015478924122645602,0.006751007092293841,0.013907340314573533,0.7092789219985175,0.37186622303664085,0.4525158933319413,-0.06679775835451972,0.425,0.7022735863460301,0.71,0,0.0006999999999999229,,,0.0
2024-06-17,-0.031659611030654206,-0.002591057844952401,0.008512408908571809,0.7206010846009177,0.37192897687677445,0.439396511036974,-0.058820052705642424,0.425,0.7022735863460301,0.71,0,0.00039999999999995595,,,0.0
2024-06-18,-0.008017335592698611,-0.020186188658431685,-0.02251538610722207,0.7181042644083465,0.37708313363672874,0.4481249466087138,-0.07977430091158154,0.44,0.8240549190180689,0.74,0,0.00039999999999995595,-0.4499999999999993,-0.0021062257450544584,0.0
2024-06-19,0.02188922321442301,-0.0030879852219766885,-0.012045866121138744,0.3723866414676117,0.25992271612927137,0.44868155637070817,-0.09079272004974608,0.39,0.4181171434446066,0.64,0,0.00029999999999996696,0.17999999999999972,,0.0
2024-06-20,-0.013410647446931425,-0.001607771373120505,0.011086151103676112,0.3521928287643492,0.2541165921824656,0.24676436384083827,-0.0806570316817101,0.37,0.25574203321522154,0.6,0,0.0005999999999999339,0.7999999999999989,,0.0
2024-06-21,0.0015416168410010394,-0.011261416759841722,-0.014115726513615482,0.350078157911535,0.25269331909653375,0.24269029611859824,-0.09354306377712941,0.385,0.3775233658872603,0.63,0,0.0004999999999999449,-0.08000000000000007,-0.0006717664245380249,0.0
2024-06-22,-0.006486817485643583,0.001844936066219504,-0.0015186760479981454,0.34657858374549094,0.24723650118663962,0.24210881395721867,-0.09491863342799045,0.335,-0.028414409686201965,0.53,0,0.00029999999999996696,,,0.0
2024-06-23,-0.021641347386467055,-0.016505957689856198,0.0024371561404984265,0.3504299766999839,0.24941084928056326,0.2419213724814191,-0.09271011866330373,0.34,0.012179367871144311,0.55,0,0.0006999999999999229,,,0.0
2024-06-24,-0.020131658213640387,-0.04724168823827901,-0.020718005685380927,0.3540752369200389,0.28893830994744274,0.25058117048579026,-0.11131397275715646,0.32,-0.1501957423582408,0.51,0,0.0005999999999999339,,,0.0
2024-06-25,0.012502311747657655,0.024779622477455705,-0.02035392631790578,0.3483410248929564,0.3053826161152128,0.256200204116922,-0.1292193818333014,0.215,-1.002665071062512,0.3,0,0.00019999999999997797,-0.4900000000000002,0.0018509685314297387,0.0
2024-06-26,-0.006937298285359013,-0.015342476362678105,0.01844689832437202,0.3396467407334514,0.3018315988157069,0.2590312616034015,-0.11300710694829501,0.29500000000000004,-0.35316463014497174,0.46,0,0.00039999999999995595,-0.28999999999999915,0.0025648508813084724,0.0
2024-06-27,0.02316180634208464,0.013730655086801458,-0.00867194260793752,0.351933283924699,0.30570412644438094,0.2573991542079981,-0.1206658025301349,0.265,-0.5967272954890493,0.4,0,0.001100000000000101,-0.3100000000000005,0.0006267148881766788,0.0
2024-06-28,-0.020581671934651647,-0.020938861751513153,0.011466895064430518,0.3521028340534234,0.3107352484787008,0.26169136712273416,-0.11052453626555776,0.3,-0.3125708525876259,0.47,0,0.0018000000000000238,0.1999999999999993,-0.0010267627060674836,0.0
2024-06-29,-0.000399470337242364,0.009205553774616642,-0.019766288867153137,0.35222944056763117,0.31014025457677324,0.26584475378267525,-0.1279335426836009,0.215,-1.002665071062512,0.3,0,0.0015000000000000568,,,0.0
2024-06-30,0.017415827691843896,0.028853793809744524,0.002832733143621452,0.35889138946987686,0.32874399102784563,0.2666576662231231,-0.12545970892532843,0.30333333333333334,-0.2855083342160616,0.47,0,0.0014000000000000679,,,0.0
2024-07-01,0.0011743572906945748,0.0020367312407112426,0.018473775587424163,0.35391900774857277,0.3284840020518301,0.274407445994165,-0.10915349290480103,0.33333333333333337,-0.04194566887198391,0.53,0,0.0007999999999999119,,,0.0
2024-07-02,-0.006075591825215269,-0.012229003319739846,0.005728571773273831,0.35344781609459663,0.33008759635447993,0.2733285966007889,-0.10403556955033748,0.32333333333333336,-0.12313322398667646,0.51,0,0.0015000000000000568,-0.19000000000000128,-0.001406987895640001,0.0
2024-07-03,-0.03748337741811465,-0.0315021343281225,-0.010802370851279325,0.3729941097647653,0.3379058344589061,0.27471606761591033,-0.11366202173435425,0.31833333333333336,-0.16372700154402273,0.5,0,0.0009999999999998899,0.0600000000000005,-0.004151278694747915,0.0
2024-07-04,-0.07423496066796823,-0.05388661548310068,-0.028187205510257832,0.44064174777775406,0.3627276758201738,0.2881292578783231,-0.1382965916071381,0.28833333333333333,-0.40728966688810037,0.44,0,0.00029999999999996696,0.16999999999999993,,0.0
2024-07-05,-0.025796434310749378,-0.007410738462197537,-0.05039096864151084,0.4379261668429729,0.35859917818800063,0.3216611563853053,-0.18064276835811377,0.21333333333333332,-1.0161963302482941,0.29,0,0.0,0.22000000000000064,,0.0
2024-07-06,0.02812401720644482,0.027885405242016163,-0.019192790225658167,0.455801680089523,0.37929518269981954,0.317772668736202,-0.19621857015028624,0.19833333333333333,-1.1379776629203326,0.26,0,-0.00019999999999997797,,,0.0
2024-07-07,-0.04530079310938496,-0.04159356377998373,0.013867196202755332,0.46419579623776275,0.3958167611827752,0.32621437094323247,-0.18499473364755376,0.21,-1.0432588486198582,0.29,0,0.0,,,0.0
2024-07-08,0.029585301345544966,0.015222671228313616,-0.03179557281527222,0.48125722861132264,0.40293828628628237,0.33156602271517716,-0.21050065647595692,0.20500000000000002,-1.0838526261772043,0.28,0,9.999999999998899e-05,,,0.0
2024-07-09,0.015656797515207238,0.023272682322844962,0.024902423573941852,0.4853650203201205,0.4145301790763809,0.34951753508375943,-0.1905933683004072,0.2,-1.1244464037345505,0.27,0,0.0,0.14000000000000057,0.0004011919100578399,0.0
2024-07-10,0.011155003229838744,-0.0055996280225802065,0.013035866803658366,0.48888576548877377,0.4142152961410169,0.35393579890280663,-0.1799729786637457,0.20500000000000002,-1.0838526261772043,0.28,0,0.0,0.33999999999999986,-0.0017648260882614673,0.0
2024-07-11,-0.00047737162674238903,-0.006708538049520128,0.008263179747207892,0.4649668239467208,0.40320746737787866,0.3553944977144689,-0.17316887493821062,0.21,-1.0432588486198582,0.29,0,0.0,0.07000000000000028,-0.003419279347439129,0.0
2024-07-12,0.011008461282564313,0.009532569171711086,0.0017915553241219313,0.4615488198219798,0.4007971162617452,0.3467877107341807,-0.17168623351345313,0.19,-1.205633958849243,0.25,0,-0.00029999999999996696,-0.4599999999999991,-0.002680159869087393,0.0
2024-07-13,0.013328649364562585,0.022460333746386348,0.005681821547393274,0.4587184908082203,0.4076502487051475,0.34071986076704597,-0.166966506882067,0.19,-1.205633958849243,0.25,0,-0.00029999999999996696,,,0.0
2024-07-14,0.021539500325223178,0.02656596839138983,0.014581694300492411,0.4661534949248214,0.4204084881772634,0.3419747841184782,-0.15473047289712397,0.24666666666666667,-0.7455711465326523,0.33,0,-0.00039999999999995595,,,0.0
2024-07-15,0.0708659543880182,0.06257882518464983,0.02661873560551453,0.5241039819391592,0.4781077933231966,0.3571554863526404,-0.1319283311171608,0.3416666666666667,0.02571062705692625,0.52,0,-0.0006000000000000449,,,0.0
2024-07-16,-0.011334624893841374,0.004929571655444641,0.03407636369935067,0.5219579565437121,0.4777894757864167,0.3749121538176886,-0.10183782946977969,0.4066666666666667,0.5534297353024273,0.65,0,-0.0004999999999999449,0.07000000000000028,0.0007474697844889538,0.0
2024-07-17,-0.016711996605915814,-0.014806827344029673,0.009147096915775085,0.5136983017249469,0.48025093822759873,0.37512718551222257,-0.09358456388515882,0.42666666666666664,0.715804845531812,0.69,0,-9.999999999998899e-05,1.290000000000001,-0.0016995295318619364,0.0
2024-07-18,0.011579995990526091,-0.0015626673332034774,-0.008249469048531473,0.5149725606220387,0.4753691978410015,0.36818690305734114,-0.10103125212721527,0.38666666666666666,0.3910546250730423,0.61,0,0.00019999999999997797,1.4499999999999993,0.00222495076681257,0.0
2024-07-19,0.02223169961375485,0.040910757335444886,-0.001660317351184141,0.5151617277127069,0.4967775017748586,0.36596229921037654,-0.10252258715018199,0.38166666666666665,0.350460847515696,0.6,0,-0.0006000000000000449,0.5899999999999999,0.002895855001232643,0.0
2024-07-20,0.003979478348910874,0.00717432290208512,0.029031656106669735,0.5132600515685602,0.49717409926365436,0.3782195977518218,-0.07608543115126798,0.45166666666666666,0.9187737333185434,0.74,0,-0.00039999999999995595,,,0.0
2024-07-21,0.005223010078664497,0.015156828740989328,0.0049438696993471115,0.513555983463525,0.49741542458407867,0.3749908148122888,-0.07150640818976003,0.4666666666666667,1.0405550659905822,0.74,0,-0.00019999999999997797,,,0.0
2024-07-22,-0.027618334530467182,-0.009334516829783621,0.00525022517752844,0.5222171716151852,0.4989929415016706,0.3752071057852362,-0.06661878843191817,0.44666666666666666,0.8781799557611971,0.7,0,-0.0004999999999999449,,,0.0
2024-07-23,0.012398112613455527,-0.023916981434216472,-0.009604903838377647,0.5183889435894058,0.5030408245743672,0.3769840901439441,-0.07554090856880415,0.45166666666666666,0.9187737333185434,0.71,0,-0.00029999999999996696,-0.1899999999999995,0.001355223107524229,0.0
2024-07-24,-0.043037769729975965,-0.008529507623456261,-0.0018365151731712674,0.5357814816670436,0.4731552816170375,0.36920242007957704,-0.07723713366887636,0.44166666666666665,0.8375861782038508,0.69,0,0.0,3.3199999999999985,0.001402759908617987,0.0
2024-07-25,-0.049256726417778035,0.006463859817351855,-0.031041509660625737,0.5601509266910197,0.466665376653376,0.37883170596597066,-0.10544107495844215,0.4366666666666667,0.796992400646505,0.68,0,9.999999999998899e-05,0.4200000000000017,-0.00023392655541365086,0.0
2024-07-26,0.03073997600638479,0.03153462223775808,-0.017214582527359516,0.5714660702365856,0.4732283605778849,0.378461281363367,-0.12070874309701195,0.4366666666666667,0.796992400646505,0.68,0,0.0,-2.0700000000000003,0.001160191488897831,0.0
2024-07-27,-0.007848443474350228,-0.00016921384598440523,0.02735991436992612,0.5651857581479268,0.4719836371170965,0.38913621379979674,-0.09631928425464305,0.45666666666666667,0.9593675108758897,0.72,0,0.0,,,0.0
2024-07-28,0.006488578823412966,0.005191188977428364,0.002892510457252127,0.5618648472373511,0.46390416822393954,0.3873538280987803,-0.09370159431166598,0.42666666666666664,0.715804845531812,0.71,0,-9.999999999998899e-05,,,0.0
2024-07-29,0.014420801773655689,-0.02170181316434392,0.0016623121520756927,0.5644703263522843,0.4720426238070046,0.3803034581378177,-0.09219379058546204,0.44166666666666665,0.8375861782038508,0.74,0,0.0,,,0.0
2024-07-30,-0.01165717542179405,-0.008974685027823451,0.008026367509778684,0.5618891980192281,0.4643724530364555,0.3809910860214524,-0.08487808432218813,0.4066666666666667,0.5534297353024273,0.67,0,0.00029999999999996696,1.0899999999999999,0.0011778218261956673,0.0
2024-07-31,-0.014272464880157914,-0.02385142421501373,-0.015338389800161568,0.5635178430857722,0.47288436442013965,0.3802987385824634,-0.0988074806324386,0.37666666666666665,0.30986706995834973,0.61,0,0.00029999999999996696,-1.3300000000000018,-0.005229059021438898,0.0
2024-08-01,-0.009117329095398752,0.011171199683345215,-0.017964321443554726,0.5638881890306059,0.4717480441225451,0.38505833080200275,-0.11485224459359615,0.33166666666666667,-0.0554769280577663,0.52,0,0.0007999999999999119,2.2300000000000004,0.001874698031865363,0.0
2024-08-02,-0.06906980163942816,-0.06080893312569105,-0.010969897978343239,0.5984708424478931,0.5074226571551084,0.38511570532138517,-0.1245091606327944,0.35666666666666663,0.14749195972896464,0.57,0,0.001100000000000101,4.800000000000001,-0.0032441543565210388,0.0
2024-08-03,-0.02917782177676601,-0.013099436128860992,-0.04910606431130101,0.5498664255620339,0.47081498271886835,0.41020099195292353,-0.16646255679416222,0.25666666666666665,-0.66438359141796,0.37,0,0.0005999999999999339,,,0.0
2024-08-04,-0.07682549632844399,-0.04269555681819708,-0.027080691137501216,0.6040937409684921,0.49520886342462406,0.3820440243410426,-0.18873242416883293,0.2866666666666667,-0.42082092607388233,0.34,0,0.00029999999999996696,,,0.0
2024-08-05,-0.10554152167987006,-0.07388270778154322,-0.07237287062206715,0.6899865784996184,0.5496210176845389,0.4534495774196583,-0.24537188703858573,0.24666666666666665,-0.7455711465326526,0.26,0,-0.00039999999999995595,,,0.0
2024-08-06,0.017103749924450695,0.03641232998749407,-0.05635293120266652,0.6816986054038234,0.5471353401839777,0.4872154759101581,-0.28672136886536115,0.20166666666666666,-1.1109151445487686,0.17,0,-0.00039999999999995595,-10.86,0.0006026730551758869,0.0
2024-08-07,-0.049355059018510734,-0.015975161468007117,0.032106495249185504,0.6856917823200862,0.547102415669091,0.49301564008372506,-0.2634488921761999,0.26166666666666666,-0.6237898138606137,0.29,0,-0.00029999999999996696,0.14000000000000057,-0.0006746945321731631,0.0
2024-08-08,0.13540240028922618,0.11228735091416127,-0.030605318981294035,0.8469381339305897,0.6708079895019565,0.49246594880842604,-0.28564980781212934,0.21666666666666667,-0.9891338118767298,0.2,0,-0.00029999999999996696,-4.060000000000002,-0.0009975047018375444,0.0
2024-08-09,-0.0317070913877183,-0.013842409307287744,0.07580532104127191,0.8501807466234278,0.6726009650288103,0.5635926340054623,-0.2293929133763493,0.35666666666666663,0.14749195972896464,0.48,0,-0.0004999999999999449,-3.419999999999998,-0.004213109714409773,0.0
2024-08-10,0.004277465388845785,0.001404713543484379,0.0030910263889257716,0.8507233438521073,0.6719117317344303,0.5626868940243465,-0.2270072613789276,0.31666666666666665,-0.17725826072980513,0.4,0,-0.00019999999999997797,,,0.0
2024-08-11,-0.021118628942741847,-0.036964958668207114,0.004873905222539678,0.8501471532853031,0.6848194730070205,0.563067742130664,-0.22323057189613355,0.26666666666666666,-0.5831960363032674,0.39,0,-0.00019999999999997797,,,0.0
2024-08-12,0.06327617065377597,0.010741321896940523,-0.025935915015843768,0.882277592118372,0.6812942189622632,0.5683145594034894,-0.24311778643259868,0.19666666666666666,-1.1515089221061148,0.25,0,-0.00029999999999996696,,,0.0
2024-08-13,-0.007322042615237078,0.020687318243458014,0.022220034972274316,0.8770218075671177,0.6787215305973107,0.5719348036221602,-0.22611159782406098,0.22666666666666668,-0.9079462567620372,0.31,0,-0.00039999999999995595,-2.59,-0.0016715742921993185,0.0
2024-08-14,-0.015283981564079844,-0.031926101818424826,0.019034910265548162,0.8322010190661048,0.6482132482742037,0.5675968146448365,-0.2112396070702997,0.22166666666666668,-0.9485400343193835,0.3,0,-0.00019999999999997797,-1.9299999999999997,-0.004766059812205396,0.0
2024-08-15,-0.035007990620865556,-0.019657942646201854,-0.0228980303125545,0.8371293235537436,0.6499717787530769,0.5551648502565019,-0.22909545441569762,0.21666666666666667,-0.9891338118767298,0.29,0,-0.00029999999999996696,-0.9600000000000009,0.0012627846361281416,0.0
2024-08-16,0.008848278205884167,0.022910978337253942,-0.012140528844160243,0.8392028896917919,0.6554331918052999,0.5532547810250062,-0.2383980597523887,0.20666666666666667,-1.0703213669914222,0.27,0,-0.00039999999999995595,-0.4299999999999997,-0.0015282783395643438,0.0
2024-08-17,0.008365324821256171,0.010431923382209742,0.012165064808192835,0.8382895027825856,0.6570579943297407,0.5566901038805054,-0.22907653929744512,0.19666666666666666,-1.1515089221061148,0.25,0,-0.00019999999999997797,,,0.0
2024-08-18,-0.0009030624377273868,-0.018057579517003593,0.0033064564246341652,0.8312906202734345,0.6400783699858493,0.5573480107951014,-0.2265232956996988,0.225,-0.9214775159478193,0.31,0,-9.999999999998899e-05,,,0.0
2024-08-19,0.00922554085269927,0.017158062435947308,0.007897945348128776,0.8325844267270847,0.6432886848419624,0.5458842865680531,-0.2203902315387261,0.21000000000000002,-1.043258848619858,0.28,0,-0.00039999999999995595,,,0.0
2024-08-20,-0.024396604272670947,-0.007170849698593443,-0.00021965156689543415,0.8323521971815296,0.6395970359085288,0.544918026292179,-0.22056145524047005,0.22,-0.9620712935051656,0.3,0,-0.00019999999999997797,1.2300000000000004,-0.0008700948952307622,0.0
2024-08-21,0.022251198129545374,0.03565715238614722,-0.0025379141729313217,0.8376773640347911,0.6546628219724712,0.543599855979308,-0.2225370953072551,0.2,-1.1244464037345505,0.26,0,-0.00029999999999996696,0.3899999999999988,0.0006624900755916662,0.0
2024-08-22,-0.002980821037672695,-0.012839442327577983,0.019240784513038598,0.834458915629226,0.6514054059766903,0.5505215918421599,-0.20743326023343323,0.265,-0.5967272954890493,0.39,0,-0.00019999999999997797,1.2800000000000011,0.0041692643315784355,0.0
2024-08-23,0.05185587630264984,0.05887576421662603,-0.003544122554188925,0.8518493936917896,0.6856515012053978,0.5504251856974048,-0.21023724212877973,0.24000000000000002,-0.7996961832757805,0.34,0,-0.0008000000000000229,-1.6900000000000013,-0.007406247313635343,0.0
2024-08-24,0.0019962107567640143,0.0018685710918962383,0.04902872212470555,0.8379550898634196,0.6852353014632465,0.5734648924782804,-0.17055125623894782,0.35000000000000003,0.09336692298583686,0.56,0,-0.0004999999999999449,,,0.0
2024-08-25,-0.007932389942457324,0.0009813284334161388,-0.0038167866875003986,0.8282412607944905,0.6752803291879073,0.5710426851062386,-0.1737110511944847,0.33666666666666667,-0.014883150500420023,0.54,0,-0.0006000000000000449,,,0.0
2024-08-26,-0.02419303418173669,-0.021818360418123024,0.005102891524413492,0.830691965779793,0.6788105348076887,0.561806889755208,-0.16948381192211098,0.3416666666666667,0.02571062705692625,0.55,0,-0.00029999999999996696,,,0.0
2024-08-27,-0.0869242189766755,-0.05594960850125526,-0.02456083046027168,0.8751461893089005,0.7030649189744842,0.5664389168103354,-0.18963351952961446,0.30666666666666664,-0.25844581584449766,0.48,0,-0.00039999999999995595,-0.7199999999999989,0.0014197648564600839,0.0
2024-08-28,0.028483611085400803,-0.006417925294743356,-0.06013548746433742,0.8813420530716112,0.7004076135591989,0.5991075111486881,-0.23692898304880186,0.21666666666666667,-0.9891338118767298,0.3,0,-0.00019999999999997797,1.6799999999999997,0.0002223484849876985,0.0
2024-08-29,-0.0002848135084145817,0.005475126375226921,0.005966485026344692,0.881812279711169,0.7009581096754629,0.5985524706403457,-0.23236252193796214,0.21166666666666667,-1.029727589434076,0.29,0,-0.00029999999999996696,-1.459999999999999,0.002777237951740316,0.0
2024-08-30,-0.0006371683032404386,-0.003967156608714223,0.0003746116975489178,0.882006008581041,0.6971593563133488,0.5979290667345426,-0.23207490208968684,0.2366666666666667,-0.8267587016473447,0.34,0,9.999999999998899e-05,-0.6500000000000004,0.0007597333529751033,0.0
2024-08-31,-0.005155786067161088,-0.00254026496747557,-0.001943141765487659,0.8820636977571401,0.6952975858824372,0.5962788546345917,-0.2335656405930181,0.21166666666666667,-1.029727589434076,0.29,0,9.999999999998899e-05,,,0.0
2024-09-01,-0.035352850323422016,-0.028763415319443375,-0.002775372584199482,0.8602981501372289,0.6705539722512809,0.5958966381725084,-0.23568983242631625,0.19666666666666666,-1.1515089221061148,0.26,0,-9.999999999998899e-05,,,-0.20000000000000018
2024-09-02,0.04525192185704056,0.03144134758080365,-0.02190746481089668,0.8751572778284592,0.6795102712991434,0.5775569525518509,-0.25225185220572777,0.19666666666666666,-1.1515089221061148,0.26,0,0.0,,,0.0
2024-09-03,-0.04542920452647489,-0.028202897779850595,0.027063035178081868,0.8489534840301415,0.6700981281219915,0.5807447504394446,-0.23173920245022736,0.19666666666666666,-1.1515089221061148,0.26,0,9.999999999998899e-05,5.169999999999998,,0.0
2024-09-04,0.01042667362399451,0.008369626775024829,-0.02583454094812556,0.7656964837765685,0.6157715748784184,0.5300553513841605,-0.24567749698216856,0.20166666666666666,-1.1109151445487686,0.27,0,0.0,0.6000000000000014,-0.0021745209764698166,0.0
2024-09-05,-0.033990059149168084,-0.03138033882672037,0.009972234478069029,0.7724007717765691,0.6139783458150092,0.4907511229239451,-0.2185024571036546,0.21166666666666667,-1.029727589434076,0.29,0,0.00029999999999996696,-1.4200000000000017,-0.0004988412861534103,0.0
2024-09-06,-0.06252743828077964,-0.040262751080288636,-0.02078785998232181,0.7839998181145222,0.6276707812056596,0.48447840440176565,-0.23355665424672967,0.17666666666666667,-1.3138840323354997,0.22,0,0.00019999999999997797,2.4800000000000004,0.0003739502085607052,0.0
2024-09-07,0.021495400637582665,0.0036604367595428834,-0.046854133429470396,0.6159169489016519,0.47805769197287257,0.5005245795866939,-0.26863938956596306,0.18166666666666667,-1.2732902547781535,0.23,0,9.999999999998899e-05,,,0.0
2024-09-08,0.010378838616076844,0.01300733247035669,0.017577934906157222,0.6108629842156846,0.4805054643910825,0.4244293384732696,-0.24450979057925695,0.215,-1.002665071062512,0.29,0,-9.999999999998899e-05,,,0.0
2024-09-09,0.026715211868316886,0.03882199877924005,0.012278676070867835,0.6196905757884165,0.5024780224571441,0.42709941625284664,-0.22727062651735827,0.2,-1.1244464037345505,0.26,0,-0.00029999999999996696,,,0.0
2024-09-10,0.012224195084661072,0.010359360363052208,0.027453510252476877,0.6185785480146463,0.48817155151597774,0.4387709474090457,-0.20576260829796503,0.23500000000000001,-0.8402899608331268,0.33,0,-9.999999999998899e-05,-0.370000000000001,0.0023725942840667727,0.0
2024-09-11,-0.020287982782529586,-0.005183618786241656,0.006472160713685735,0.5742490023064846,0.48666601970870343,0.4302928708328047,-0.19966678033198643,0.255,-0.6779148506037419,0.37,0,-0.00019999999999997797,-1.389999999999997,-0.0018854073714483022,0.0
2024-09-12,0.0090211593201128,0.013758211280425158,-0.006876020610881939,0.5762562940971314,0.4833419561537194,0.4231553704478061,-0.2051510115947001,0.225,-0.9214775159478193,0.31,0,0.0,-0.620000000000001,-0.0027167713006032547,0.0
2024-09-13,0.03225891317213316,0.039888515176949337,0.009454370972119493,0.5887749706680592,0.49106526437077463,0.41870533545362176,-0.19760057833426842,0.23,-0.8808837383904731,0.32,0,-0.0008000000000000229,-0.5100000000000016,-0.006449906709724591,0.0
2024-09-14,-0.008812117192878863,-0.008381917831569096,0.03210349960475069,0.5777863718585545,0.48664579495471616,0.4271112930262123,-0.1714227979082831,0.32,-0.1501957423582408,0.5,0,-0.00029999999999996696,,,0.0
2024-09-15,-0.042969163114274886,-0.014456155768720775,-0.008867419553879177,0.5935580154959592,0.4832911383554074,0.4260545351468786,-0.17187571745474792,0.32333333333333336,-0.12313322398667646,0.51,0,-0.00019999999999997797,,,0.0
2024-09-16,-0.008855640749803263,-0.01564652918074257,-0.018174895823413088,0.5921677574216246,0.48486291282388894,0.42872827312795664,-0.18679083905835728,0.2633333333333333,-0.6102585546748318,0.39,0,0.0,,,0.0
2024-09-17,0.019890768510761287,0.035438379599161005,-0.023139388707154866,0.5980966962869602,0.49655700399026936,0.43562721958630024,-0.20539196265767018,0.23333333333333334,-0.853821220018909,0.33,0,-0.00029999999999996696,0.46999999999999886,0.0008679531290787527,0.0
2024-09-18,0.013972304355667368,0.023691660342147144,0.021947554959410604,0.5996092727680129,0.499735858516758,0.44210956483988745,-0.1877594718410633,0.29333333333333333,-0.36669588933075414,0.45,0,-9.999999999998899e-05,0.620000000000001,-0.0003396871867372566,0.0
2024-09-19,0.037384827775575745,0.01905308607791393,0.0001207556984364823,0.6111031678889725,0.5025198607861863,0.44211805556867356,-0.18766138324652784,0.31333333333333335,-0.204320779101369,0.49,0,-0.00029999999999996696,-1.9000000000000021,-0.0021073209381082723,0.0
2024-09-20,0.03827698744610405,0.004012085061529829,0.03660310081801198,0.6213876662680425,0.4878727424873397,0.46099218110307105,-0.15737638983678925,0.3383333333333334,-0.0013518913146376304,0.54,0,-0.00019999999999997797,-0.17999999999999972,0.0008182568126507424,0.0
2024-09-21,0.019715355036530664,0.0023375749611005414,0.024605382762893004,0.6254561172937315,0.48528158879172756,0.4641230974981907,-0.13638613575682798,0.3383333333333334,-0.0013518913146376304,0.54,0,-0.00019999999999997797,,,0.0
2024-09-22,-0.012092418309888196,0.0036209624041565595,0.007316204650940793,0.5977128027802473,0.43929800126461477,0.4644591488437081,-0.13004459025116177,0.32333333333333336,-0.12313322398667646,0.52,0,0.0,,,0.0
2024-09-23,0.025238668859070917,-0.0037625690717466927,-0.007978672347524625,0.6052489659189334,0.43939699175417934,0.43154768828831597,-0.13695806258177146,0.31333333333333335,-0.204320779101369,0.5,0,0.0,,,0.0
2024-09-24,0.002350869073716024,0.01446248637939056,0.022178147927695544,0.6049341453289193,0.4424464941838862,0.43885658795349636,-0.11760356064115042,0.33333333333333337,-0.04194566887198391,0.54,0,-9.999999999998899e-05,-0.5,-0.002483516654585632,0.0
2024-09-25,-0.027996439768490675,-0.017434692343162504,0.007867593964398772,0.6069000891968888,0.4399802893166323,0.43937542092693616,-0.11063384223494382,0.3583333333333333,0.16102321891474658,0.59,0,0.00019999999999997797,0.019999999999999574,0.002602096170936612,0.0
2024-09-26,0.020072773877989385,0.03151578569135097,-0.018374828166125602,0.526240406743696,0.40386189620964263,0.43553909105471345,-0.12682656768769943,0.31333333333333335,-0.204320779101369,0.5,0,-0.00029999999999996696,-0.040000000000000924,-0.0030199195648855826,0.0
2024-09-27,0.023343886429398778,0.009102584128001627,0.024810512366871044,0.523318019897799,0.4028932864221486,0.38534742975720326,-0.10489170503289044,0.3683333333333333,0.24221077402943914,0.61,0,-0.00029999999999996696,1.5900000000000016,0.000269210570535411,0.0
2024-09-28,-0.0071587972686246865,0.0013378619530761801,0.013190782763388987,0.5242641710156698,0.40290953147336805,0.38686320260521884,-0.09300630946328083,0.3833333333333333,0.36399210670147797,0.64,0,-0.00029999999999996696,,,0.0
2024-09-29,-0.006596896503964429,-0.003894573316477157,-0.0063266136093927125,0.525037576955991,0.4028927631643176,0.3881966677323803,-0.09872639462579545,0.37333333333333335,0.28280455158678586,0.63,0,-0.00029999999999996696,,,0.0
2024-09-30,-0.021062215708309424,-0.03528524055475455,0.000497303886577876,0.5305517215838785,0.42463935668048075,0.38789565844271484,-0.09827807629298764,0.36333333333333334,0.2016169964720933,0.61,0,0.00019999999999997797,,,0.0
2024-10-01,-0.06118319307059319,-0.04063624492665931,-0.02035553042407257,0.5597729923886545,0.4374238930607509,0.39602074909400126,-0.11644755231515168,0.30833333333333335,-0.24491455665871528,0.5,0,9.999999999998899e-05,2.530000000000001,0.003306522832521459,-0.2999999999999998
2024-10-02,-0.0347881768230544,-0.002577086316775542,-0.039510054612518525,0.5483841217689155,0.4244875575207201,0.4140441064031943,-0.15067611893116378,0.2683333333333333,-0.5696647771174855,0.42,0,9.999999999998899e-05,-0.360000000000003,-0.0009512436973895081,0.0
2024-10-03,-0.006067181682279811,0.001703926352847916,-0.029138730714042833,0.5262197958188115,0.41134432248214026,0.41752986413653453,-0.17506724971332258,0.24333333333333332,-0.7726336649042167,0.37,0,0.0,1.5899999999999999,0.004491741178162869,0.0
2024-10-04,0.02712473268730683,0.02170883041003728,-0.0033591094153081666,0.533971287292507,0.4166066345172761,0.40720863438233124,-0.1778336401764409,0.2633333333333333,-0.6102585546748318,0.41,0,0.0,-1.2799999999999976,0.0008185336100793635,0.0
2024-10-05,0.00010353960502683366,-0.00045108906551724495,0.024704171685446145,0.5201187952051666,0.3987337052171811,0.4145504641581317,-0.15726974003795424,0.30333333333333334,-0.2855083342160616,0.49,0,0.0,,,0.0
2024-10-06,0.010451843867824944,0.012202629820996201,-0.00373455086067333,0.46827561405397966,0.3673198535162337,0.4073111177994656,-0.16041108963968287,0.30166666666666664,-0.29903959340184394,0.5,0,9.999999999998899e-05,,,0.0
2024-10-07,-0.007123585979335531,-0.009531284031326389,-0.005894995065769266,0.4647305597776974,0.3708204574071431,0.3688682093356776,-0.16534590248406267,0.30166666666666664,-0.29903959340184394,0.5,0,0.00019999999999997797,,,0.0
2024-10-08,0.007475978564708481,-0.0010211885021863328,0.006391221909222905,0.46419108034236056,0.37005745038500965,0.36544652810963607,-0.1599943596971554,0.29666666666666663,-0.3396333709591902,0.49,0,0.00039999999999995595,-1.2199999999999989,0.0019454354109097612,0.0
2024-10-09,-0.029274479174812445,-0.024830482976427176,-0.01025847772731705,0.4677712900494605,0.3615197423531384,0.366601041267878,-0.1685674900321012,0.29666666666666663,-0.3396333709591902,0.49,0,0.0006999999999999229,-0.5600000000000023,0.0017886775644703823,0.0
2024-10-10,0.006735419496232244,-0.005119452832531935,-0.02018888987617089,0.4663785144582713,0.3610661295912778,0.36281600512609186,-0.18518488164913396,0.24666666666666667,-0.7455711465326523,0.39,0,0.0006999999999999229,0.07000000000000028,0.0017318682645283852,0.0
2024-10-11,0.02196943305546825,0.03603669892744918,-0.0022216927077676773,0.46656638905477965,0.37958498322533574,0.36229267248848745,-0.186993141013646,0.21166666666666667,-1.029727589434076,0.32,0,0.00019999999999997797,-0.46999999999999886,-0.0009314211428118005,0.0
2024-10-12,0.015012792389185134,0.010596362001929363,0.03408968664352906,0.4682663856143504,0.3786050132519028,0.37990697721085936,-0.15880017752280115,0.29666666666666663,-0.3396333709591902,0.49,0,0.00019999999999997797,,,0.0
2024-10-13,-0.003029134969148349,-0.0053332935199566596,0.013044194457829762,0.4551617735200138,0.3549524057043944,0.38104433332237536,-0.14775552577238354,0.305,-0.2719770750302796,0.5,0,0.00029999999999996696,,,0.0
2024-10-14,0.06312723739912225,0.04985708823410627,-0.003321750091400431,0.5034374283949531,0.39126777388461703,0.3652115297939418,-0.15058177229148925,0.295,-0.3531646301449722,0.48,0,9.999999999998899e-05,,,0.0
2024-10-15,-0.008546603615558843,0.014872066015212413,0.04249693796377756,0.4777083880723327,0.3879478216621386,0.39153728569983925,-0.11370609650065798,0.38,0.33692958832991404,0.65,0,9.999999999998899e-05,0.9400000000000013,,0.0
2024-10-16,0.0014141970083359115,0.008105370403983361,-0.011233081483652927,0.47558204546302896,0.381445607905256,0.38770659860036677,-0.12360619970303152,0.42,0.6616798087886838,0.73,0,9.999999999998899e-05,-1.0600000000000023,0.0033228838520624935,0.0
2024-10-17,-0.002031858698996803,-0.0029358340463448997,-0.0006570094185736924,0.4726702548941735,0.36607020489038194,0.3767746691128988,-0.12418180957294749,0.41,0.5804922536739913,0.71,0,0.00019999999999997797,-0.46999999999999886,0.0015215554567784178,0.0
2024-10-18,0.01386081943641187,0.014813986471420449,-0.01459927287730314,0.4726395057809822,0.36125020589599416,0.37550332368267825,-0.13687523547733857,0.42,0.6616798087886838,0.73,0,-9.999999999998899e-05,-1.0799999999999983,-0.0015619037431922654,0.0
2024-10-19,0.0022796147004131985,-0.0007309621248523259,0.009372726429375252,0.45660583428394363,0.35703943463444343,0.3762985694228013,-0.1287473725685875,0.415,0.6210860312313375,0.72,0,0.0,,,0.0
2024-10-20,0.03659647963870094,0.00951888488044817,0.0007223627300269926,0.4549780261334772,0.357798742418181,0.3554041893155387,-0.11970309347886353,0.42333333333333334,0.6887423271602482,0.73,0,0.00019999999999997797,,,0.0
2024-10-21,-0.02963489062861841,-0.02425888605349007,0.024425564579093558,0.46372405226478464,0.3701765982904548,0.3552552690126692,-0.09627842192926978,0.41833333333333333,0.6481485496029019,0.72,0,0.00039999999999995595,,,0.0
2024-10-22,-0.016595490814311574,0.0007195659176902162,0.001299310729439214,0.4655482297272297,0.3701604655980828,0.354556185355812,-0.08754787117171522,0.4083333333333333,0.5669609944882094,0.7,0,0.0004999999999999449,-0.1700000000000017,-0.0005223266637132512,0.0
2024-10-23,-0.03815966676698236,-0.01129587277243706,-5.419352686892271e-05,0.4756195383941212,0.3725508120369171,0.35312432509667485,-0.08759731883079191,0.41333333333333333,0.6075547720455556,0.71,0,0.0007999999999999119,1.0399999999999991,0.0022673288884366384,0.0
2024-10-24,0.004430460785638904,0.02268451715263484,-0.023949633664545326,0.4758909676469104,0.3771690911194567,0.3552753957418155,-0.10918943509583248,0.4033333333333333,0.5263672169308631,0.69,0,0.0004999999999999449,-0.16000000000000014,-0.001447799621932812,0.0
2024-10-25,-0.03826495074970141,-0.022239429463163648,0.016307966575963985,0.48435713113311374,0.38063854710064554,0.358931259882877,-0.09454302418745075,0.41833333333333333,0.6481485496029019,0.72,0,0.0019000000000000128,1.25,0.0007851537313602992,0.0
2024-10-26,0.017018039738213687,0.005896224370562871,-0.027568407909158432,0.4827313582223713,0.36567909633184215,0.36619435118207067,-0.1191640902944957,0.11666666666666665,-1.8010093630236548,,0,0.001100000000000101,,,0.0
2024-10-27,0.010135729647841258,0.013750632418520554,0.00376450156228918,0.47617387416619006,0.36733624483502864,0.3551741292984552,-0.11584193292630825,0.43666666666666665,0.7969924006465046,0.74,0,0.001100000000000101,,,0.0
2024-10-28,0.023518998337260344,0.02812846721520796,0.0010779992299063909,0.48426376129265497,0.3792279895352658,0.35154782889095976,-0.10120745616308854,0.42666666666666664,0.715804845531812,0.72,0,0.0005999999999999339,,,0.0
2024-10-29,0.027399395255018,0.03888698282937757,0.017509764108146857,0.4940648344732192,0.3996470773145046,0.35719202964495356,-0.06875134058171614,0.42666666666666664,0.715804845531812,0.72,0,0.00019999999999997797,-0.46000000000000085,0.0004293688344196453,0.0
2024-10-30,0.007697296775859888,-0.005399473668343945,0.02312063259407833,0.4889650384844404,0.3760994244057198,0.3667186615630494,-0.03645724580093289,0.45166666666666666,0.9187737333185434,0.77,0,0.00019999999999997797,1.0100000000000016,-0.0003676757765915848,0.0
2024-10-31,-0.054314403100932634,-0.02878461169591104,0.005248082172667216,0.47849474408906467,0.36015651417063627,0.35956935391269923,0.0,0.45166666666666666,0.9187737333185434,0.77,0,0.0013000000000000789,2.8099999999999987,-0.00013220407039531213,0.0
2024-11-01,-0.002830959525723158,-0.011388795745506882,-0.03555737666387472,0.4611212283035963,0.363731951955482,0.35419843939353834,-0.034932639704118265,0.44166666666666665,0.8375861782038508,0.75,0,0.00039999999999995595,-1.2800000000000011,7.051101256739381e-05,-0.1900000000000004
2024-11-02,-0.006896138178868885,-0.0017465165389545408,-0.0014033288826474496,0.4613131445559957,0.3642691347195887,0.33724046703779903,-0.03628599677988461,0.42666666666666664,0.715804845531812,0.72,0,0.00019999999999997797,,,0.0
2024-11-03,-0.014741904629285514,-0.008668122839253566,-0.005625889852370862,0.45568067169796167,0.36152681975828244,0.3377848865846985,-0.041692523090442336,0.4633333333333333,1.013492547619018,0.74,0,0.00039999999999995595,,,0.0
2024-11-04,-0.024515533959114086,-0.013555167807772158,-0.008165719317746008,0.4640283022267235,0.3661486898799236,0.3292169667671127,-0.04948593027453588,0.4433333333333333,0.8511174373896329,0.7,0,0.0005999999999999339,,,0.0
2024-11-05,0.010098078656152792,0.02218393837390412,-0.022192518136321043,0.46392745533547736,0.3709388465694009,0.33858914840739757,-0.07034788513392262,0.4433333333333333,0.8511174373896329,0.7,0,9.999999999998899e-05,-1.490000000000002,-0.0002978203346602387,0.0
2024-11-06,0.11649843968337495,0.08560223984821512,0.021418513793345285,0.6162327073645453,0.46579416459669915,0.3457299164820829,-0.05022134764772797,0.4433333333333333,0.8511174373896329,0.7,0,-0.0009000000000000119,-4.219999999999999,0.009193025410635228,0.0
2024-11-07,0.06182830263713826,0.0037760095920657505,0.08305847944330629,0.6485396513247967,0.465122131080496,0.448593324164108,0.0,0.47833333333333333,1.1352738802910567,0.77,0,-0.0007000000000000339,-1.0700000000000003,-0.007413843926079952,0.0
2024-11-08,0.022632863127550862,0.00855685431952021,0.03019506094081147,0.6385105886943575,0.4510582296733221,0.45493713953022397,0.0,0.4683333333333333,1.0540863251763641,0.75,0,-0.0007000000000000339,-0.2599999999999998,0.006439649648513026,0.0
2024-11-09,0.054041098393057894,0.0021892171563324633,0.014626895090877955,0.6588655543645753,0.44914982678506865,0.446797435976616,0.0,0.4683333333333333,1.0540863251763641,0.75,0,-0.0004999999999999449,,,0.0
2024-11-10,0.018068713372695295,0.04703330369431591,0.03230409786726255,0.6580391015235095,0.4593138224252826,0.4547901192602229,0.0,0.5566666666666666,1.7712430620228143,0.78,0,-0.0009000000000000119,,,0.0
2024-11-11,0.05749432156742296,0.09803226217915882,0.02600609903839378,0.6793683697743971,0.5557908082002561,0.44964757018766016,0.0,0.5466666666666666,1.6900555069081218,0.76,0,-0.0012999999999999678,,,0.0
2024-11-12,-0.038638961114455625,-0.007882034011635572,0.045545591248955054,0.6992173406143319,0.5568195904581498,0.46897174969929684,0.0,0.5666666666666667,1.852430617137507,0.8,0,-0.0010000000000000009,-0.2599999999999998,,0.0
2024-11-13,-0.01761524394286781,0.027178568661184198,-0.005007666029860305,0.6770613401811815,0.5424315400429252,0.46952685202558986,-0.004995148573457122,0.5866666666666667,2.014805727366892,0.84,0,-0.0013999999999999568,-0.6900000000000013,0.001426694559734518,0.0
2024-11-14,-0.041101017450192553,-0.03432634643790914,-0.013702338632773238,0.6953852810268647,0.5640796659357885,0.4584730975890341,-0.01853605905576942,0.6066666666666667,2.177180837596277,0.88,0,0.0,0.2900000000000009,0.00034887562780344585,0.0
2024-11-15,0.01014510647198041,0.041568314974823425,-0.02468890206996464,0.6954345427020449,0.5755249412406758,0.46723502053992266,-0.04247065103125029,0.5666666666666667,1.852430617137507,0.8,0,-0.00029999999999996696,1.83,-0.0009193092200632624,0.0
2024-11-16,0.013775190182858242,-0.004902030249246929,0.02139213340197669,0.6954330523043794,0.5761178672677021,0.4697460524691885,-0.021766390870889257,0.5966666666666667,2.0959932824815843,0.86,0,-0.0004999999999999449,,,0.0
2024-11-17,-0.018319465689832976,-0.008101554091419313,0.009546316780493783,0.6999803902728833,0.5791669142787397,0.46360852005215825,-0.012383146500729402,0.5833333333333334,1.9877432089953282,0.9,0,-0.00019999999999997797,,,0.0
2024-11-18,0.04195529227774299,0.006744588166355547,-0.004868570289323623,0.711575939453705,0.5781590324721247,0.4654650380790496,-0.017179742813298798,0.5483333333333333,1.7035867660939041,0.83,0,-0.0007000000000000339,,,0.0
2024-11-19,-0.03178610783031856,0.02020817024435305,0.024582702196185763,0.7150091249397456,0.5794038737005751,0.46895447508930266,0.0,0.5833333333333334,1.9877432089953282,0.9,0,-0.0012999999999999678,0.7700000000000014,-0.0016213192360154081,0.0
2024-11-20,-0.012131446526433241,0.021177619537080205,-0.012237447677458282,0.7071754334463025,0.5674520908518191,0.46985533859218453,-0.01216287461922228,0.5483333333333333,1.7035867660939041,0.83,0,-0.0008000000000000229,0.8099999999999987,0.003795023020490047,0.0
2024-11-21,0.08902538242000183,0.04185951709945262,-0.0028604373558708666,0.76106637187808,0.5759683173592529,0.47064700216454247,-0.014984483392717213,0.5433333333333333,1.662992988536558,0.82,0,-0.0011999999999999789,-0.28999999999999915,0.0017693983820574709,0.0
2024-11-22,-0.008387756979741928,0.005830172847894076,0.06354886302271857,0.7451520795046538,0.5701038176095767,0.5105061443163534,0.0,0.6033333333333333,2.1501183192247124,0.94,0,-0.0010999999999999899,-1.6300000000000008,0.002879300461683281,0.0
2024-11-23,0.01967723407217556,-0.012409323871574746,0.004190828139209011,0.7458194119977349,0.5758243802414648,0.497342339448015,0.0,0.5983333333333334,2.109524541667367,0.93,0,-0.0009000000000000119,,,0.0
2024-11-24,-0.009684596004898337,0.002327936418892903,0.01564836885935506,0.7291542171204601,0.5637012758285679,0.4972309837710552,0.0,0.535,1.5953366926076478,0.8,0,-0.0010000000000000009,,,0.0
2024-11-25,0.01573008765630806,-0.051239836346874276,-0.0038770298803869553,0.7290268769546461,0.6061318127659074,0.48174916201446555,-0.003869523903472386,0.5449999999999999,1.6765242477223394,0.82,0,9.999999999998899e-05,,,0.0
2024-11-26,-0.02663967292507817,-0.011297312096130885,-0.01362615664583176,0.7405321951230913,0.6109206223017944,0.48839478803473774,-0.017350895577050787,0.53,1.5547429150503014,0.79,0,0.00039999999999995595,-0.5,0.0034218382300084515,0.0
2024-11-27,0.09423692640189818,0.04151142667791282,-0.013630130467368242,0.79647258610313,0.6176507648866022,0.49424910946975675,-0.030653665877666776,0.51,1.3923678048209163,0.75,0,-0.0010999999999999899,0.0,-0.004795278108526918,0.0
2024-11-28,-0.020600639750357863,-0.002288480239917697,0.07469312710359817,0.802184453310774,0.6104884790349698,0.5443269235735363,0.0,0.52,1.4735553599356088,0.77,0,-9.999999999998899e-05,-0.1999999999999993,,0.0
2024-11-29,0.003742857528017959,0.01880928130380514,-0.010269704241016522,0.8024555866882179,0.6090769188935747,0.547361014244728,-0.010217150884749391,0.525,1.5141491374929552,0.78,0,-0.00039999999999995595,-0.39000000000000057,,0.0
2024-11-30,0.030537707609040697,-0.010852955416106586,0.01460697260596306,0.7707847819585933,0.5978379388600111,0.5473527965940536,0.0,0.5549999999999999,1.757711802837032,0.84,0,-0.0004999999999999449,,,0.0
2024-12-01,0.0010821445867332416,0.008029148706736931,0.019490446259163085,0.7699029473089068,0.5926916459168079,0.52265323662543,0.0,0.5616666666666666,1.8118368395801605,0.81,0,-0.0007000000000000339,,,-0.15999999999999925
2024-12-02,-0.017464663200909804,-0.013931627244584067,0.0038020225208036137,0.7742081304698561,0.5975401800340152,0.5212921433578197,0.0,0.5566666666666666,1.7712430620228143,0.8,0,-0.00029999999999996696,,,0.0
2024-12-03,-0.007966500888801449,9.463180488125695e-05,-0.013408553312518766,0.7715491836185936,0.594727139830874,0.5253198896820915,-0.013319059104053852,0.5366666666666666,1.6088679517934292,0.76,0,-0.0008000000000000229,-0.03999999999999915,-0.0013436519200705657,0.0
2024-12-04,0.059942985664728034,0.028161417666881416,0.06630523339225096,0.7762862897737541,0.5907797437215866,0.5530604073040788,0.0,0.5466666666666666,1.6900555069081218,0.78,0,-0.0016000000000000458,0.14999999999999858,-0.001569484690195975,0.0
2024-12-05,-0.013800560101564462,-0.01679234704122157,-0.010390791010366593,0.7828939029116404,0.5982960440685665,0.5447141507916664,-0.01033699323649886,0.5766666666666667,1.9336181722521995,0.84,0,-0.0011999999999999789,0.08999999999999986,-0.0025973014687991356,0.0
2024-12-06,0.05491309555730834,0.028424916087496886,-0.008399834683511817,0.7081861164189951,0.5390580056466872,0.5500211498190548,-0.018615182501268326,0.5166666666666666,1.4464928415640441,0.72,0,-0.0017000000000000348,-0.7699999999999996,0.0020496489824287827,0.0
2024-12-07,-0.0006629068833607846,0.0009134510578209996,0.041418162593243574,0.6869878991941545,0.5395161229901927,0.5009726740935717,0.0,0.5316666666666666,1.5682741742360828,0.75,0,-0.0010000000000000009,,,0.0
2024-12-08,0.001982408962845158,0.012716305068205409,0.0017760358169442334,0.6862642336962596,0.5396532177091691,0.4980405422328181,0.0,0.53,1.5547429150503014,0.79,0,-0.0008000000000000229,,,0.0
2024-12-09,-0.07576050836477918,-0.03864784755258232,-0.0009835593335431392,0.7295315840491146,0.5646395881359598,0.49974791362771304,-0.0009830757976035923,0.525,1.5141491374929552,0.78,0,-0.0004999999999999449,,,0.0
2024-12-10,-0.022820376555618988,-0.007050855728157901,-0.07723837260094184,0.7347468104187767,0.5487917726421722,0.5802699288053625,-0.07524082982365955,0.525,1.5141491374929552,0.78,0,-0.0007000000000000339,-0.009999999999999787,0.0028309447508076345,0.0
2024-12-11,0.05458683804756234,0.04585110055392514,-0.00023671374858172495,0.7321660045234069,0.46215061301975774,0.5768006604872531,-0.07545970712671186,0.505,1.35177402726357,0.74,0,-0.0007000000000000339,-0.5999999999999996,-0.0008565621493805641,0.0
2024-12-12,0.012912739605591311,-0.011144290310743151,0.053577995113439934,0.7160482911977392,0.46337931803904614,0.5842986898411993,-0.024573678342656252,0.55,1.7171180252796865,0.83,0,-0.00019999999999997797,0.33999999999999986,0.0008455347328600672,0.0
2024-12-13,0.006468608569695954,0.014099129370686553,0.00961504915427219,0.710968010739308,0.45745257127604344,0.5828547677942211,-0.01514967277853147,0.515,1.4329615823782627,0.76,0,-0.00019999999999997797,-0.10999999999999943,0.0027844960987646757,0.0
2024-12-14,-0.00938918495649458,-4.190407172619906e-05,0.008037437552405758,0.6924479242435571,0.436602035420915,0.5779894354680367,-0.00720210351382833,0.55,1.7171180252796865,0.83,0,0.00019999999999997797,,,0.0
2024-12-15,0.022684761244299443,0.02957210835064263,-0.0073854017294288496,0.694351359480494,0.42582368616541344,0.5688069971736026,-0.014507305684492725,0.5316666666666667,1.568274174236084,0.8,0,0.00019999999999997797,,,0.0
2024-12-16,0.006834229836600995,0.015149918553743596,0.02253312561893599,0.6940796620418933,0.42594342649852646,0.5691481434620105,0.0,0.5466666666666666,1.6900555069081218,0.83,0,-0.00029999999999996696,,,0.0
2024-12-17,-0.023665793377496414,0.0007076596818099129,0.01676123535225623,0.6968790750690258,0.42356807970230304,0.5698765398100872,0.0,0.5666666666666667,1.852430617137507,0.87,0,-9.999999999998899e-05,1.1799999999999997,0.0018494900727945441,0.0
2024-12-18,-0.0708319205483303,-0.057491789143001994,-0.020979992936646694,0.7372840770000455,0.4771596229741119,0.5774277000860543,-0.02076144393869601,0.5366666666666666,1.6088679517934292,0.81,0,0.00039999999999995595,11.750000000000002,0.0010778139529544813,0.0
2024-12-19,-0.05958481711713975,-0.02774708582409932,-0.052832996981096905,0.7603262693185945,0.48516117800058717,0.6118442921731184,-0.07115461894873476,0.5066666666666666,1.3653052864493516,0.75,0,0.0007999999999999119,-3.530000000000001,0.007763471260169819,0.0
2024-12-20,0.016025379167371515,0.003519077229743537,-0.049300062449883233,0.7595391468625905,0.48017305794418336,0.6385112507790925,-0.1158362998892356,0.5016666666666667,1.3247115088920063,0.74,0,0.0004999999999999449,-5.73,-0.005797397904081922,0.0
2024-12-21,-0.039143877434748564,-0.005263536125710258,0.00219211272938987,0.7090711674864953,0.45757868761458725,0.6380358857855271,-0.11389598747257589,0.49666666666666665,1.2841177313346595,0.73,0,0.0005999999999999339,,,0.0
2024-12-22,-0.017246207763233396,-0.02188095438284901,-0.028741337988470818,0.7110341301031933,0.4630448489942347,0.6112185800703045,-0.13900129414427895,0.46166666666666667,0.999961288433236,0.73,0,0.0009999999999998899,,,0.0
2024-12-23,0.04197885002231501,-0.0032072803231183965,-0.006873778109432782,0.7231372444668692,0.46136883821025654,0.6118111343126519,-0.14489931413762216,0.44666666666666666,0.8781799557611971,0.7,0,0.0012000000000000899,,,0.0
2024-12-24,0.02043245246735483,0.039087452998785556,0.03193302632075322,0.72554035354253,0.4820268155347016,0.6192841586945527,-0.11715270256044284,0.46166666666666667,0.999961288433236,0.73,0,0.0006999999999999229,-2.5100000000000016,0.0002774316394288636,0.0
2024-12-25,0.0010929619495551213,0.007733974670366026,0.026150529902420977,0.723666154071333,0.44521206131525765,0.6247629913950807,-0.09376126162664292,0.46166666666666667,0.999961288433236,0.73,0,0.0008999999999999009,,,0.0
2024-12-26,-0.047417786322290045,-0.03727485759295436,-8.298742703073018e-05,0.7370856091947425,0.4639682797410314,0.6221108286337625,-0.09383646492730874,0.4916666666666667,1.2435239537773137,0.79,0,0.001100000000000101,,,0.0
2024-12-27,-0.0004618688374630609,-0.01570409519397809,-0.0362591262603903,0.6542237509607916,0.4441460153764621,0.6346382031076861,-0.12610462016753018,0.4666666666666667,1.0405550659905822,0.74,0,0.0015000000000000568,1.2199999999999989,0.0009120545652953964,0.0
2024-12-28,0.02092540778964204,0.010558907393903796,-0.00328549936528519,0.656236745280857,0.4457702290798055,0.5785146494777175,-0.12897109141006016,0.45666666666666667,0.9593675108758897,0.72,0,0.0019000000000000128,,,0.0
2024-12-29,-0.014058404920025682,-0.016524020398176582,0.019658303752923198,0.6573256339384628,0.44391916339492016,0.5814229131217258,-0.11167872816375649,0.45999999999999996,0.9864300292474536,0.73,0,0.0018000000000000238,,,0.0
2024-12-30,0.0015956373430380765,-0.010144822242994745,-0.013382483154018061,0.6468168217399523,0.44373415611212735,0.5812026612069641,-0.12348748116429752,0.42000000000000004,0.6616798087886843,0.65,0,0.0018000000000000238,,,0.0
2024-12-31,-0.0071825277956856,0.008412972329420844,-0.006563337160556256,0.6467661965929803,0.4438374490392865,0.5771741012708724,-0.12922149064826774,0.41500000000000004,0.621086031231338,0.64,0,0.0019000000000000128,-0.04999999999999716,0.003541294218428765,0.0
2025-01-01,0.006748147479969488,0.010796745473918477,-0.004040291905704884,0.6457008683849673,0.4433335999978749,0.5769863445504582,-0.13273259229722192,0.42500000000000004,0.7022735863460305,0.66,0,0.0020999999999999908,,,-0.15000000000000036
2025-01-02,0.027962297453185226,0.02498347626229524,0.014786592532068175,0.6541163834571692,0.4521223017068386,0.5779491023978992,-0.11981338236736352,0.44499999999999995,0.8646486965754148,0.7,0,0.0008999999999999009,,,0.0
2025-01-03,0.04341713623585484,0.012189085912690157,0.023485447108910682,0.6368923227905604,0.4431180668263909,0.5333148931403063,-0.09889715400713553,0.46499999999999997,1.0270238068047999,0.74,0,0.0004999999999999449,-1.8000000000000007,-4.866493919978076e-05,0.0
2025-01-04,0.013176828339608015,0.00047170321374159335,0.03446225619340926,0.6375782823896053,0.4390251879483553,0.5470298756141236,-0.067301820581355,0.45999999999999996,0.9864300292474536,0.73,0,9.999999999998899e-05,,,0.0
2025-01-05,-0.00572889881064915,0.001455967374787927,0.010045892389293634,0.604705189328011,0.4273066168180694,0.5473928536892242,-0.05788481311426684,0.39166666666666666,0.43164840263038856,0.72,0,9.999999999998899e-05,,,0.0
2025-01-06,0.01405373621555297,0.03860903512357024,-0.002530158983692114,0.6076450889982581,0.4485374088172737,0.526898592327241,-0.06026550128821484,0.4116666666666667,0.5940235128597736,0.76,0,-0.0004999999999999449,,,0.0
2025-01-07,-0.08667195387993966,-0.05303702286757633,0.012947553091333988,0.6741303865469767,0.48379062220892294,0.5291263190808909,-0.04801912978220599,0.4216666666666667,0.6752110679744662,0.78,0,9.999999999998899e-05,1.7800000000000011,0.0005833148782356667,0.0
2025-01-08,-0.016105049519729974,-0.019728242676769096,-0.06706957927657427,0.6264547820750074,0.46975363024602235,0.5773966528992183,-0.1097740018438144,0.38166666666666665,0.350460847515696,0.7,0,0.00019999999999997797,-0.120000000000001,0.0036128510745258896,0.0
2025-01-09,-0.03302527736907786,-0.026738745131460816,-0.015461734009042175,0.6313777814932591,0.47801477169638545,0.5142037019712155,-0.1234325747184822,0.37666666666666665,0.30986706995834973,0.69,0,9.999999999998899e-05,0.370000000000001,0.0015807330397897114,0.0
2025-01-10,0.014751494709359207,0.02321373193383758,-0.026630482384620187,0.599340773438361,0.4558438638521894,0.5219192608518641,-0.146467905768934,0.2816666666666667,-0.4614147036312286,0.5,0,0.00019999999999997797,1.4699999999999989,0.004504750254382862,0.0
2025-01-11,0.004821479079346203,-0.0013323046178590012,0.019749646640468757,0.596903101960521,0.45469836881096165,0.4890103206564319,-0.12944338776628833,0.37666666666666665,0.30986706995834973,0.69,0,0.00039999999999995595,,,0.0
2025-01-12,-0.004741899504320375,-0.0005808240981644022,0.004697104184272525,0.5953326340719989,0.4510855461829919,0.4877166534790538,-0.12534467415364048,0.3433333333333333,0.0392418862427082,0.62,0,0.00039999999999995595,,,0.0
2025-01-13,-0.0405344640637944,-9.477411717486941e-05,-0.00983430970332213,0.6073817823576848,0.45108219200319444,0.4865474528482218,-0.13390414826728922,0.3383333333333333,-0.0013518913146380812,0.61,0,0.00029999999999996696,,,0.0
2025-01-14,0.027698788303026533,0.021191710994825055,-0.02150206675144199,0.6107084011992197,0.444518825090431,0.4903595951255313,-0.1523282115241492,0.34833333333333333,0.07983566380005447,0.63,0,0.00029999999999996696,-0.4800000000000004,-0.005089006733067667,0.0
2025-01-15,0.0676864337198248,0.03995787586321273,0.027908205681136316,0.6625314411059049,0.4649549449616008,0.4943895128718166,-0.12833800821696925,0.3833333333333333,0.36399210670147797,0.7,0,-0.00019999999999997797,-2.59,-0.0013302893329779836,0.0
2025-01-16,-0.042455821806418985,-0.005088181069371945,0.051628429731175374,0.672433151830135,0.46500174304423575,0.5267367020924584,-0.08215351002073339,0.4083333333333333,0.5669609944882094,0.75,0,9.999999999998899e-05,0.4800000000000004,0.0017537542404022415,0.0
2025-01-17,0.04884126475735179,0.04009244384371839,-0.018812193984361597,0.6552746181908473,0.44243201860029824,0.5258515071254476,-0.09925881759682811,0.4083333333333333,0.5669609944882094,0.75,0,-0.00039999999999995595,-0.6300000000000008,0.00038544441870518465,0.0
2025-01-18,-0.04894404962267318,0.004589391046213007,0.04092974806524712,0.6443505689055894,0.42994567743600615,0.5151291481557558,-0.061626827408272244,0.41833333333333333,0.6481485496029019,0.77,0,0.001100000000000101,,,0.0
2025-01-19,-0.028391425023029025,-0.0313270015419219,-0.024512850426124107,0.648121478835733,0.4456391810464391,0.4917927253124,-0.08434939341803625,0.42333333333333334,0.6887423271602482,0.77,0,0.0014000000000000679,,,0.0
2025-01-20,0.021197509558280835,0.009120676170877553,-0.022848768148326325,0.6393739509757823,0.44584560750046004,0.4988412643077925,-0.10503367676285776,0.41833333333333333,0.6481485496029019,0.76,0,0.0012000000000000899,,,0.0
2025-01-21,0.013171100661510199,0.03727627951194209,0.007834787222081679,0.638180283603855,0.45420354252362255,0.48821254574804046,-0.09799426591511756,0.41833333333333333,0.6481485496029019,0.76,0,-9.999999999998899e-05,-0.75,,0.0
2025-01-22,-0.025857815117860245,-0.023228630058235156,0.022878841729243978,0.6263916636559369,0.46327616761431334,0.4927595785849167,-0.07711953520634897,0.4583333333333333,0.9728987700616717,0.84,0,0.0004999999999999449,0.03999999999999915,-0.0005834349057225285,0.0
2025-01-23,0.029059258050247016,0.001962075026061362,-0.010127765915686232,0.630951629298656,0.44456266205150935,0.48292702795975045,-0.08641908122035631,0.41333333333333333,0.6075547720455556,0.75,0,-0.00019999999999997797,-0.08000000000000007,-0.0009666491239790214,0.0
2025-01-24,-0.008459355832431204,0.009197843721146091,0.008339088983671633,0.6313347839294816,0.44484084929408874,0.4752525721407823,-0.07876879476874993,0.41333333333333333,0.6075547720455556,0.75,0,0.0,-0.16999999999999993,-0.005906681550391248,0.0
2025-01-25,0.0026188530036542652,-0.0011797688916675218,-0.0027639136019166595,0.6096116439220582,0.42220050791439434,0.4753892769474866,-0.08131148272380757,0.41333333333333333,0.6075547720455556,0.75,0,0.00019999999999997797,,,0.0
2025-01-26,-0.026304371881395026,-0.02051364123722352,0.007006155617655663,0.6163976207189081,0.4252018741278564,0.4569263699326361,-0.07485240778647967,0.39666666666666667,0.47224218018773484,0.73,0,0.00039999999999995595,,,0.0
2025-01-27,-0.015641662305110726,-0.005248302947392055,-0.01792338644167474,0.6131966906693648,0.42515506996922703,0.46184331423097114,-0.09128646863747795,0.38666666666666666,0.3910546250730423,0.71,0,9.999999999998899e-05,,,0.0
2025-01-28,-0.03345913505110637,-0.00734755111376838,-0.02729443292567936,0.6215782895171753,0.4212303575822709,0.46749932941121725,-0.11575385843323487,0.39166666666666666,0.43164840263038856,0.72,0,0.0005999999999999339,-1.4899999999999984,0.0014861167858275517,0.0
2025-01-29,0.01168689674058888,0.023385612440133215,-0.019574392115032747,0.6234885915742024,0.42468652804659285,0.47019577357754233,-0.13289413659060692,0.39166666666666666,0.43164840263038856,0.72,0,0.0,0.14999999999999858,0.00046839047163483314,0.0
2025-01-30,0.04197563692127093,0.009495592181071395,0.01794891317369885,0.6421925663506622,0.424854006144421,0.4738845261244549,-0.11719001437846933,0.38166666666666665,0.350460847515696,0.7,0,0.0,-0.7199999999999989,-0.0018826860111452002,0.0
2025-01-31,0.016370826701882987,-0.022142853251164527,0.026904258555224294,0.6445107643124958,0.43342848027235426,0.4824038134998802,-0.09311627532895717,0.4116666666666667,0.5940235128597736,0.76,0,0.00029999999999996696,0.5899999999999999,0.0029807117778865057,0.0
2025-02-01,-0.05717819419778655,-0.017668774175154188,-0.008926124070869991,0.6651215414373121,0.4312994397988652,0.4812662371364622,-0.10117521093530536,0.3716666666666667,0.2692732924010039,0.68,0,0.00019999999999997797,,,0.0
2025-02-02,-0.0828437039863488,-0.029598970722466058,-0.03851500088480942,0.6981717531985367,0.44242406550385055,0.4927706167730891,-0.13513526478944982,0.345,0.05277314542849014,0.6,0,0.00019999999999997797,,,0.0
2025-02-03,0.0035550460255048323,0.03646031368487303,-0.07507659709665947,0.6953617738316229,0.4605110501645131,0.538526138358892,-0.1976888324128842,0.265,-0.5967272954890493,0.44,0,-0.0010000000000000009,,,0.0
2025-02-04,-0.053018159665724804,-0.03582039951426249,0.02624572546422706,0.7127958736895412,0.4781051736493826,0.5471259978263919,-0.17635282906865316,0.40499999999999997,0.539898476116645,0.72,0,-0.00029999999999996696,-1.4100000000000001,-0.007781008889124113,0.0
2025-02-05,0.020676747235431996,-0.011840104206887518,-0.034510890012831044,0.7159223487643267,0.45854147094592784,0.5569750751040331,-0.20429273745694063,0.315,-0.19078951991558707,0.54,0,0.0,-1.4400000000000013,-0.001040286188111985,0.0
2025-02-06,-0.037122816649653355,-0.0006013456532248081,0.007162476912802145,0.6677823272633331,0.4197574356777608,0.5549192499141071,-0.1985730434235795,0.29,-0.39375840770231846,0.49,0,0.0,-0.2699999999999996,0.001769091183111333,0.0
2025-02-07,-0.024315818803290066,-0.0004925900520273397,-0.0031105068120512204,0.6696997487726591,0.4137780784221982,0.5088838930604843,-0.2010620144439301,0.265,-0.5967272954890493,0.44,0,-0.00019999999999997797,1.0399999999999991,0.0017729748022891898,0.0
2025-02-08,0.003943246789126041,-0.0006432703479849328,-0.00423867611934107,0.664666098232348,0.40199821355701354,0.5070956777791059,-0.204441286923922,0.265,-0.5967272954890493,0.44,0,-9.999999999998899e-05,,,0.0
2025-02-09,-0.0020077426491750087,0.00018672162550374357,0.007311576425752002,0.6604131553734423,0.39420052994245947,0.5011699377250473,-0.19860318172424066,0.25833333333333336,-0.6508523322321776,0.46,0,-9.999999999998899e-05,,,0.0
2025-02-10,0.01286236359572681,0.009985664239646478,0.00028998108169805845,0.6628565040373047,0.3954749817576474,0.4950506485230045,-0.19837075811041088,0.24333333333333335,-0.7726336649042165,0.43,0,-9.999999999998899e-05,,,0.0
2025-02-11,-0.022266288133639834,-0.017107486030289196,0.014302667891237299,0.6649210884884826,0.4004673009026344,0.4979942677813806,-0.18682293581546128,0.2633333333333333,-0.6102585546748318,0.47,0,9.999999999998899e-05,0.20999999999999908,-0.0016026741631374557,0.0
2025-02-12,0.05081923108843668,0.021604863590941464,-0.012149595036814918,0.6840171373115088,0.4072042666090021,0.49849280891887005,-0.19664293255070903,0.25833333333333336,-0.6508523322321776,0.46,0,-0.00019999999999997797,-0.129999999999999,-0.0008054183118901662,0.0
2025-02-13,-0.023051773014207893,-0.012976962582638805,0.034448077468317934,0.6767826564514134,0.40346793740461223,0.5097337954070159,-0.16848664537233007,0.2783333333333333,-0.4884772220027929,0.5,0,-9.999999999998899e-05,-0.7900000000000009,-0.0034009615880741676,0.0
2025-02-14,0.01854243009741044,0.009194298389878524,-0.013269818953322467,0.6292700159705312,0.37864283758884554,0.5008647106125612,-0.17944778999969488,0.2683333333333333,-0.5696647771174855,0.48,0,-9.999999999998899e-05,-0.33000000000000007,-0.005834345143297572,0.0
2025-02-15,-0.012146324170659471,0.0007092833675137415,0.009196679230181654,0.6170636439836741,0.37839667944149813,0.46419266815674665,-0.17186662720529722,0.2783333333333333,-0.4884772220027929,0.5,0,-0.00019999999999997797,,,0.0
2025-02-16,-0.011814609501231234,-0.014988732643856638,-0.004143439021038744,0.5835137514637538,0.35124986072883196,0.4608821730466481,-0.17529084841193457,0.2966666666666667,-0.3396333709591898,0.54,0,-9.999999999998899e-05,,,0.0
2025-02-17,0.030578873730619873,-0.0035239568777999416,-0.008243063988794529,0.5807113946757136,0.3502833711717838,0.43304686031252393,-0.18206103683733718,0.2816666666666667,-0.4614147036312286,0.51,0,-9.999999999998899e-05,,,0.0
2025-02-18,-0.026611418119546062,-0.001130937870179614,-0.0015374398449417392,0.5798889262719937,0.3349648526128712,0.42711020704803476,-0.1833176025953874,0.26166666666666666,-0.6237898138606137,0.47,0,0.00039999999999995595,-0.019999999999999574,,0.0
2025-02-19,0.01615258534033704,0.010114995490717066,-0.01579784171310272,0.5771530064902777,0.3353948699118726,0.42385060248834633,-0.19611804593257753,0.24666666666666667,-0.7455711465326523,0.44,0,0.0,-0.08000000000000007,0.0034593087732342044,0.0
2025-02-20,0.008266237470579285,0.017036938024453396,0.017492857838141713,0.5753171139815291,0.31228692025084154,0.4284376385817346,-0.18193213890281368,0.27166666666666667,-0.5426022587459212,0.49,0,-0.00029999999999996696,0.39000000000000057,-0.004858662468836198,0.0
2025-02-21,-0.027789029131547016,-0.021832868521335577,0.012202996927799985,0.5761737763652865,0.31115999679360373,0.42180817438522716,-0.17188810026123322,0.3016666666666667,-0.2990395934018435,0.55,0,0.00039999999999995595,2.5500000000000007,0.00022182594306024625,0.0
2025-02-22,0.03694335953723281,0.0038294476827775473,-0.031121525399221108,0.5829256913851698,0.31156576103474853,0.4321202884014562,-0.19726330025540595,0.27166666666666667,-0.5426022587459212,0.49,0,-9.999999999998899e-05,,,0.0
2025-02-23,0.020230283460336135,-0.0030393831239023624,0.019197152156336685,0.5901340066246951,0.30871931015109116,0.43774429825712124,-0.1817041740641169,0.28500000000000003,-0.4343521852596643,0.5,0,0.0,,,0.0
2025-02-24,-0.11494278867850116,-0.05011535775172125,0.011827198455078299,0.702027862897993,0.3498251301786104,0.4411868593972219,-0.1719685679495915,0.28,-0.47494596281701057,0.49,0,9.999999999998899e-05,,,0.0
2025-02-25,-0.007114910175048293,-0.03187783350742482,-0.07355061302779303,0.6993510496449689,0.35851547155763314,0.5023646870902909,-0.23068500497706135,0.16,-1.4491966241933205,0.25,0,0.0013000000000000789,0.4499999999999993,0.0014385196494181545,0.0
2025-02-26,-0.06597080814131187,-0.05124925785668909,-0.01780362990175311,0.7271870663797528,0.39334619620224676,0.5023295302754166,-0.24426040019025091,0.14,-1.6115717344227054,0.21,0,0.0014000000000000679,-0.3299999999999983,-0.00073039310174709,0.0
2025-02-27,-0.01233841870588364,0.005427257747781736,-0.04728731305771837,0.7224378883423108,0.39547694876014555,0.5175348288557556,-0.27916550687871383,0.085,-2.058103287553514,0.1,0,0.0006999999999999229,2.0299999999999976,0.005392318570473795,0.0
2025-02-28,-0.0308606303070003,-0.004242797559089215,-0.0024212606251643137,0.7219040653309291,0.3811434696107707,0.5156655767106716,-0.28090872381127424,0.115,-1.8145406222094367,0.16,0,0.00029999999999996696,-1.5,0.0024202853638743966,0.0
2025-03-01,-0.009068565261909826,0.020123266049919198,0.0032081387321504094,0.6962447448820073,0.3886250187968839,0.5094894157289739,-0.27859807477664544,0.135,-1.6521655119800516,0.2,0,0.00039999999999995595,,,0.0
2025-03-02,0.1271777915729189,0.09106564168828868,0.00396440842868091,0.8457401308618037,0.5123450355194662,0.49654768258377485,-0.27573246643601224,0.16333333333333333,-1.4221341058217565,0.26,0,-9.999999999998899e-05,,,0.0
2025-03-03,-0.15850134915595218,-0.08925376118948612,0.081851092448941,0.9813277446068587,0.5930402952908729,0.5861305982660565,-0.2139566543267643,0.19833333333333333,-1.1379776629203326,0.33,0,0.0005999999999999339,,,0.0
2025-03-04,0.010415507117134374,0.01223478265846054,-0.10113563679004864,0.9505015326053965,0.5892762438374728,0.6670274192332895,-0.2895658221126145,0.10833333333333334,-1.868665658952565,0.15,0,0.00019999999999997797,0.7300000000000004,0.0019284719830138979,0.0
2025-03-05,0.031762657397629936,0.03737651951263447,0.005384070401787653,0.9603417721231944,0.5900714213182381,0.6204126446610185,-0.28573047886898806,0.13333333333333333,-1.665696771165834,0.2,0,9.999999999998899e-05,-1.5800000000000018,-0.011729772845812251,0.0
2025-03-06,-0.017728574794086408,-0.007467940338037054,0.03124589182731757,0.9474863656334916,0.5788440528686369,0.6237043862446179,-0.26306015787788406,0.15833333333333333,-1.4627278833791026,0.25,0,-9.999999999998899e-05,2.9400000000000013,-0.0031201792120750527,0.0
2025-03-07,-0.027903647473347906,-0.035425823298239754,-0.023621114479553663,0.9446606062690757,0.5892416967438737,0.6180664915323916,-0.2802635171071105,0.20333333333333334,-1.0973838853629865,0.34,0,0.00019999999999997797,-1.5,-0.001019472001845516,0.0
2025-03-08,0.028530097293870307,-0.006696198157303769,-0.0061651969863588925,0.9476341915418317,0.5892388114040652,0.6169620790812118,-0.28468718390198994,0.17333333333333334,-1.340946550707064,0.28,0,9.999999999998899e-05,,,0.0
2025-03-09,-0.08678284940341682,-0.06576620160006473,0.006238816753458583,0.9865762709250742,0.6274161210371698,0.617952590423337,-0.28021052832437987,0.16666666666666669,-1.395071587450192,0.27,0,0.00019999999999997797,,,0.0
2025-03-10,-0.07998579015319479,-0.026845356703792466,-0.06054440463845438,1.0160449260315871,0.6312724979619786,0.6492431660062428,-0.32249674026193975,0.13166666666666665,-1.679228030351616,0.2,0,0.00039999999999995595,,,0.0
2025-03-11,0.030795379592982407,0.053713906024732805,-0.0436688811825769,1.026287655060461,0.6654379168604797,0.6609718238950967,-0.35144586146309403,0.15166666666666667,-1.516852920122231,0.24,0,0.00019999999999997797,-0.9399999999999977,-0.0017620926451443425,0.0
2025-03-12,-0.00794966121863827,0.008968502033038601,0.029191965999681168,1.0229138805190419,0.66515828972817,0.6725991612204675,-0.33223424292347997,0.20166666666666666,-1.1109151445487686,0.34,0,0.00019999999999997797,-2.6900000000000013,-0.0014235126480833574,0.0
2025-03-13,-0.02311919955008724,-0.03112391755655611,0.004302214559800056,1.023035518965661,0.6701287108373308,0.6696810999960381,-0.3293551826340227,0.25666666666666665,-0.66438359141796,0.45,0,0.00039999999999995595,0.4299999999999997,0.0010854828665042091,0.0
2025-03-14,0.02492555369388252,0.034739262047201416,-0.007805028535830919,1.0071691709475665,0.6783403865942815,0.6693849533721417,-0.33456921028448317,0.16666666666666669,-1.395071587450192,0.27,0,-9.999999999998899e-05,-2.8900000000000006,-0.002454536898783822,0.0
2025-03-15,0.013261401678778083,0.004220972745167093,0.024904498858674344,1.01010466888226,0.678479545357542,0.6628727868744143,-0.3177889046915372,0.26166666666666666,-0.6237898138606137,0.46,0,0.0,,,0.0
2025-03-16,-0.02623987877176881,-0.021136472120496245,0.013252891097677967,1.005818014876433,0.6790071467821808,0.6659609141402001,-0.30868745831473626,0.17666666666666667,-1.3138840323354997,0.3,0,0.0,,,0.0
2025-03-17,0.020617989385469538,0.017234917011719673,-0.019125185322068312,1.012336576090471,0.6833537959245406,0.665307234912499,-0.3074040166476297,0.18666666666666668,-1.232696477220807,0.32,0,0.0,,,0.0
2025-03-18,0.002711356431177048,-0.015534869726955195,0.01525251984116937,1.0134872555855354,0.6834570430299632,0.6696551666169852,-0.2766235978895582,0.19666666666666668,-1.1515089221061146,0.34,0,0.00019999999999997797,1.1899999999999977,0.0009503430560487437,0.0
2025-03-19,0.06247391784342425,0.04873441757894435,-0.00010038251373217915,1.0356944172451923,0.7087237602923674,0.6699157384714112,-0.27669620858669347,0.18666666666666668,-1.232696477220807,0.32,0,-0.00029999999999996696,-1.8000000000000007,0.0024879772600133535,0.0
2025-03-20,-0.03578237356016173,-0.030663070683642123,0.029587572551627198,1.038079207976363,0.7150628130444171,0.6810768011286173,-0.25497566057136656,0.27166666666666667,-0.5426022587459212,0.49,0,0.0004999999999999449,-0.09999999999999787,0.0014647385153762412,0.0
2025-03-21,-0.009135304596834008,-0.0015994092488549737,-0.02596342676672527,1.03382179755201,0.7132664061991809,0.6840777595151433,-0.27407009436381974,0.18166666666666667,-1.2732902547781535,0.31,0,0.00039999999999995595,-0.5199999999999996,0.002242988037843834,0.0
2025-03-22,0.007571416958698752,-0.00295600663481781,-0.0012475440172322015,1.0336635970513404,0.709015814361793,0.6794155753836492,-0.274975159203029,0.18666666666666668,-1.232696477220807,0.32,0,0.00019999999999997797,,,0.0
2025-03-23,0.012692435634265985,0.026388880980959678,0.007044652092546942,1.0349297347697077,0.7147956721226346,0.6779447903946025,-0.26984957867265624,0.175,-1.3274152915212818,0.3,0,0.0,,,0.0
2025-03-24,0.03680694595155828,0.01631162582836565,0.017732360439968203,1.0348528857556536,0.7177698850449269,0.6764267235126973,-0.2567868136801884,0.25,-0.7185086281610882,0.45,0,-9.999999999998899e-05,,,0.0
2025-03-25,-0.007257678306284416,-0.0012040641846587025,0.034080345663499455,1.0293578888961201,0.7178062336633955,0.6848481330430531,-0.231021296293976,0.255,-0.6779148506037419,0.46,0,-0.00019999999999997797,-0.33000000000000185,-0.0011266641984568153,0.0
2025-03-26,-0.02779108454557782,-0.005550150091920325,0.008720231196296833,0.960501511495199,0.6977122023523807,0.6840460992568667,-0.2242863015356594,0.26,-0.6373210730463956,0.47,0,-9.999999999998899e-05,1.1799999999999997,0.0014499195730154288,0.0
2025-03-27,-0.0029203794321743964,0.0037078004164337397,-0.013577560734769923,0.9606318808643045,0.6893535236781309,0.6374979367677993,-0.2347474224286016,0.225,-0.9214775159478193,0.4,0,0.00029999999999996696,0.360000000000003,0.0009992122732084272,0.0
2025-03-28,-0.05475453339943444,-0.0327151282624945,-0.003738864655263891,0.9527773434481258,0.6750803795448995,0.6349412321993165,-0.23760325612855843,0.245,-0.7591024057184345,0.44,0,0.00039999999999995595,2.9599999999999973,0.0004438619543536472,0.0
2025-03-29,-0.036954739000034896,-0.02125906318917359,-0.04057509107420542,0.9583833758840119,0.6788214742429232,0.6292348439516557,-0.26791839472477513,0.155,-1.4897904017506667,0.26,0,0.00039999999999995595,,,0.0
2025-03-30,-0.01118878943123005,-0.003133210305684936,-0.02379894141824539,0.9548670159976873,0.6787621008492878,0.6341881971592872,-0.28513547519373444,0.185,-1.2462277364065895,0.32,0,9.999999999998899e-05,,,0.0
2025-03-31,0.00809332906461524,0.0019403425512951966,-0.013650088878863138,0.9562994706601151,0.6746637999544447,0.6352255740592538,-0.2948271429477667,0.195,-1.165040181291897,0.34,0,9.999999999998899e-05,,,0.0
2025-04-01,0.04430073445199792,0.031108055610873073,0.02308192117237515,0.8480066997947827,0.5994735191156634,0.6411087143339218,-0.27836109569788614,0.195,-1.165040181291897,0.34,0,0.0,-0.5100000000000016,-0.0021624294941525062,0.0
2025-04-02,-0.059343932731742675,-0.031516618721199686,0.018612975264318335,0.6828852014156774,0.5245299666006263,0.5714685700218188,-0.2648034661200776,0.245,-0.7591024057184345,0.44,0,0.00019999999999997797,-0.259999999999998,-0.0004169058134099215,0.0
2025-04-03,0.012185786577508531,0.008408938788086611,-0.029926148255011487,0.6834483592958502,0.5234410377217084,0.46251479731141504,-0.2864791145991644,0.15,-1.530384179308013,0.25,0,0.00039999999999995595,8.509999999999998,-0.01313771645308445,0.0
2025-04-04,-0.00019812333242212469,0.008100200026060092,0.008320422068165094,0.6702233335926117,0.5056689057964346,0.46317747032404316,-0.28051755271556816,0.165,-1.4086028466359741,0.28,0,0.00039999999999995595,15.290000000000003,0.008631653966090589,0.0
2025-04-05,-0.005995248271208042,-0.004203368759459135,0.005656224238269755,0.6691085517321689,0.5053988305509084,0.4488572460354624,-0.27643646777290626,0.175,-1.3274152915212818,0.3,0,0.00039999999999995595,,,0.0
2025-04-06,-0.13321424803042528,-0.06309499122461922,-0.004147910389764788,0.7994267028067672,0.5363808273298802,0.44227944071190145,-0.27943152854982145,0.20333333333333334,-1.0973838853629865,0.34,0,0.0006999999999999229,,,0.0
2025-04-07,-0.01769144361261582,0.00930554243469642,-0.07724819897925936,0.7874673111814136,0.5380373926046831,0.5150263276787265,-0.3233260972748323,0.14833333333333334,-1.543915438493795,0.23,0,0.00039999999999995595,,,0.0
2025-04-08,-0.05263485816822717,-0.036545314426559464,-0.004802948400629876,0.754797630177525,0.5035794015011175,0.5137096590028083,-0.3265683347313277,0.15333333333333332,-1.503321660936449,0.24,0,0.0007999999999999119,5.350000000000001,0.0003043024127228666,0.0
2025-04-09,0.12495072793418767,0.0792271898213657,-0.027529582762750596,0.8499243462794017,0.5690395471796851,0.4800511135291889,-0.34485476372306323,0.12333333333333332,-1.7468843262805265,0.18,0,0.00019999999999997797,-18.71,-0.0018840628733913086,0.0
2025-04-10,-0.09234066669439746,-0.03708812786599812,0.06765753387773728,0.8943979014939005,0.5524002613461718,0.5176274567225388,-0.29899537852111446,0.22833333333333333,-0.8944149975762553,0.39,0,0.0006999999999999229,7.100000000000001,-0.01222817034159344,0.0
2025-04-11,0.028877730971497012,0.04682832264786211,-0.04096194362400143,0.9034973904262653,0.576569748387031,0.5264024622827008,-0.3271297375600782,0.15833333333333333,-1.4627278833791026,0.25,0,0.00039999999999995595,-3.1599999999999966,-0.008612475371617715,0.0
2025-04-12,0.04817454521355104,0.02196948907660708,0.019519232984288003,0.9211123987579234,0.5703238369829009,0.5313000332840153,-0.3138668061107108,0.24833333333333332,-0.7320398873468704,0.43,0,9.999999999998899e-05,,,0.0
2025-04-13,-0.028639131361487033,-0.01794804235026729,0.0253992098903784,0.9187458068982939,0.5614102209545053,0.5388006117470312,-0.2962163602949578,0.24833333333333335,-0.7320398873468702,0.45,0,0.00029999999999996696,,,0.0
2025-04-14,0.016147957763760806,0.009879167909975919,-0.009785768993094773,0.9195614479911091,0.5623031065845893,0.5319583748897021,-0.30306983645559643,0.17833333333333334,-1.3003527731497175,0.31,0,0.0,,,0.0
2025-04-15,-0.021784179981145808,-0.01126515660201265,0.000816008424853987,0.9184506063448726,0.5586532218022989,0.5294067892398241,-0.30250090347512626,0.21333333333333335,-1.016196330248294,0.38,0,0.0,-0.7699999999999996,0.000939233599521426,0.0
2025-04-16,-0.007353345914930207,0.0046088222541115645,-0.004696312669955184,0.9135184864109984,0.5556001985294393,0.5258520115374883,-0.30576889755202935,0.16833333333333333,-1.38154032826441,0.29,0,9.999999999998899e-05,2.5199999999999996,-0.0040769395595847925,0.0
2025-04-17,0.0041002854241772085,0.010859844983458261,-0.010320452924909101,0.9137107688056239,0.5539321654080118,0.5232536726437407,-0.3128968319409112,0.17333333333333334,-1.340946550707064,0.3,0,9.999999999998899e-05,-2.990000000000002,-0.0011574573272494768,0.0
2025-04-18,0.003139759594925102,-0.005586282238964962,0.002764880497196884,0.8800584376273414,0.5266089345122716,0.5234934082077974,-0.3011446671247274,0.18833333333333335,-1.219165218035025,0.33,0,9.999999999998899e-05,,-0.001164490252724744,0.0
2025-04-19,0.015410049874644342,0.0071048834511910006,-0.005293948830693123,0.8782691769336621,0.5161369295142899,0.5109071434218684,-0.30483459573261484,0.18333333333333335,-1.2597589955923714,0.32,0,9.999999999998899e-05,,,0.0
2025-04-20,-0.016190916172083583,0.001200895852997235,0.015003512184481404,0.8788406755702354,0.5160971805893112,0.5079711768218668,-0.29432603760652215,0.21,-1.0432588486198582,0.37,0,0.0,,,0.0
2025-04-21,-0.004919600819362497,0.027066519704468342,-0.004113853762764346,0.8772899874943895,0.5241795517056199,0.5080234825513019,-0.2972231139320359,0.22,-0.9620712935051656,0.39,0,0.0,,,0.0
2025-04-22,0.10603388993379359,0.06552725583428472,-0.007319174724691322,0.9608263823570998,0.5639066381256295,0.5072777349491983,-0.30234808260422663,0.26,-0.6373210730463956,0.47,0,-0.00039999999999995595,-3.25,0.0008417371335295244,0.0
2025-04-23,0.021857470360468853,0.0026514695623879032,0.06228027217230623,0.9541424049935163,0.5617761970258702,0.5514806997829641,-0.2575165618767177,0.385,0.3775233658872603,0.72,0,-0.0004999999999999449,-2.120000000000001,0.004951878721909392,0.0
2025-04-24,-0.014262231474765616,0.0030840074520417163,0.013731990840281606,0.9546701459262975,0.5616406237439712,0.5396361315170812,-0.2472504604204117,0.34,0.012179367871144311,0.63,0,-0.0004999999999999449,-1.9800000000000004,-0.0008139856347152521,0.0
2025-04-25,0.008412513564324264,0.006979277255771385,0.010012635835169871,0.9522188344208962,0.5611021919434378,0.5399678775013322,-0.23967559450194093,0.325,-0.10960196480089451,0.6,0,-0.0007000000000000339,-1.629999999999999,-0.00031975799555554815,0.0
2025-04-26,0.020125600231878177,-0.00011285663183106742,0.022927090263243858,0.9559204145657634,0.5611860828920404,0.544785715006409,-0.20797285259730797,0.35000000000000003,0.09336692298583686,0.65,0,-0.00029999999999996696,,,0.0
2025-04-27,-0.016383870030276824,-0.009329217194183042,0.011029650219087403,0.9390901033775538,0.5483868260517599,0.546081893661101,-0.19757293047209737,0.32666666666666666,-0.09607070561511258,0.61,0,-0.00039999999999995595,,,0.0
2025-04-28,0.004783965327616204,0.013370370730845774,-0.007428190020651892,0.9307337095247775,0.5419801257088946,0.5269196281824824,-0.20351142777289305,0.2916666666666667,-0.38022714851653605,0.54,0,-0.00019999999999997797,,,0.0
2025-04-29,-0.0011507385174512378,-0.007971384433910092,0.005710487914411379,0.9299435024940739,0.543115772489615,0.5193019358692026,-0.19895007803628778,0.32166666666666666,-0.13666448317245886,0.6,0,-0.00029999999999996696,-0.9799999999999969,-0.0010044352527227044,0.0
2025-04-30,-0.002338908796338469,-0.0009002869702098006,-0.007435061006389055,0.9294866723643852,0.543373624979375,0.5173668014682473,-0.20488384677403484,0.3016666666666667,-0.2990395934018435,0.56,0,0.0,0.5299999999999976,-1.876122869778973e-05,0.0
2025-05-01,0.02450752110385425,0.024315545810009744,-0.0012994274488182433,0.9199862802020562,0.5396739699675,0.5120524236063723,-0.19879655363141363,0.2866666666666667,-0.42082092607388233,0.53,0,-0.00029999999999996696,-0.09999999999999787,0.004463395662037156,0.0
2025-05-02,0.0022226397688022595,0.004108352658419524,0.019826366543419526,0.8957498482537916,0.524110497361028,0.5125779202653762,-0.1506628066968006,0.3566666666666667,0.1474919597289651,0.67,0,-0.00039999999999995595,-1.9200000000000017,-0.005245970798380289,0.0
2025-05-03,-0.0047228930029837345,-0.01069534904680462,0.005822778773202399,0.8950006309755321,0.5269365236454953,0.49990458156750917,-0.11143765733769484,0.3466666666666667,0.06630440461427253,0.65,0,-0.00019999999999997797,,,0.0
2025-05-04,-0.013540803974340185,-0.016607613109211234,-0.0058614206356609,0.8963027287414573,0.5319624502430895,0.5003818561011807,-0.11663066093216225,0.35,0.09336692298583642,0.64,0,-9.999999999998899e-05,,,0.0
2025-05-05,0.006244078649583546,0.004825752587870044,-0.009999847823616166,0.8963143654609835,0.5311648911748846,0.5020493164164135,-0.1254201996263935,0.29000000000000004,-0.393758407702318,0.52,0,0.00019999999999997797,,,0.0
2025-05-06,-0.0017541018302236297,0.021928792437757434,-0.004330999582073016,0.7562736288371594,0.47547627458536257,0.5020770620605222,-0.12919981371475706,0.32499999999999996,-0.10960196480089497,0.59,0,9.999999999998899e-05,1.120000000000001,-0.0017977680105855914,0.0
2025-05-07,-0.003246872434657581,0.0020269832486365163,0.00016523522880662703,0.7525739318760413,0.4757148973784264,0.4134604437695767,-0.12905591495848692,0.365,0.21514825565787524,0.67,0,-9.999999999998899e-05,-1.2100000000000009,0.0006168119537609236,0.0
2025-05-08,0.1978709051504642,0.06224021212940302,-0.009650387339783482,0.9826723941266899,0.48712308319712133,0.41515816730373634,-0.13742043737427181,0.355,0.13396070054318268,0.65,0,9.999999999998899e-05,-1.0700000000000003,0.005225560724667796,0.0
2025-05-09,0.060491637192219526,-0.002808564699583071,0.09763865374503553,0.913956625394829,0.41996474554224394,0.512769068889289,-0.04895056347809414,0.395,0.4587109210019529,0.73,0,0.0,-0.5800000000000018,-0.001938226090817527,0.0
2025-05-10,0.09673809457506417,0.017687693367897713,0.02802204709359967,0.8814063198788866,0.38937511028939703,0.4721406246250833,-0.021923300298605296,0.38,0.33692958832991404,0.7,0,0.0,,,0.0
2025-05-11,-0.02693873911823869,-0.0066198315306769204,0.05446902311705491,0.8938547620990606,0.36837561202884184,0.4672578638339203,0.0,0.385,0.3775233658872603,0.7,0,-0.00019999999999997797,,,0.0
2025-05-12,-0.007624726562569798,-0.012823957677924932,-0.012294283112019704,0.8895725958923362,0.3710214898526556,0.47246540585666696,-0.012219017176060781,0.385,0.3775233658872603,0.7,0,-9.999999999998899e-05,,,0.0
2025-05-13,0.07123149149621383,0.012686796194268246,-0.016677388027586202,0.8976240940431559,0.36115502963737034,0.4770731763760937,-0.028556016022192387,0.385,0.3775233658872603,0.7,0,-9.999999999998899e-05,-0.1700000000000017,-0.00428494524021224,0.0
2025-05-14,-0.02645798019825446,-0.005740544445962826,0.03816011116022095,0.9104848137482536,0.3638223219843289,0.4841018879299622,0.0,0.4,0.49930469855929915,0.73,0,-0.00019999999999997797,0.40000000000000213,-0.0023099521778154265,0.0
2025-05-15,-0.023671097836287125,0.0024691295519930546,-0.02427385248856121,0.9114888317498182,0.3583871077945543,0.4974211717667226,-0.023981611908232264,0.385,0.3775233658872603,0.7,0,-0.00019999999999997797,-0.7900000000000027,0.0011633781638997454,0.0
2025-05-16,-0.004549922218868295,-0.0028935353660749547,-0.01863193463167101,0.9106463999996266,0.3600175289906571,0.5044186206244589,-0.041998358090972625,0.39,0.4181171434446066,0.71,0,-0.00039999999999995595,-0.5899999999999999,0.0020846634369401386,0.0
2025-05-17,-0.024756860728527823,-0.0032649150658740724,0.0005426803602268072,0.9208373861290853,0.3614476676266451,0.5008394349869053,-0.041478328322635094,0.405,0.5398984761166454,0.74,0,-0.0004999999999999449,,,0.0
2025-05-18,0.009129618637998178,0.03175756480007516,-0.010370234123053934,0.9201125079477471,0.36916652987550125,0.5047959846248901,-0.051367059619783065,0.40166666666666667,0.5128359577450811,0.74,0,-0.00039999999999995595,,,0.0
2025-05-19,0.012081517129454255,-0.00830574322175089,0.00741675987609899,0.9201709548480758,0.37337330214238623,0.5025209154861665,-0.04430512091068251,0.40166666666666667,0.5128359577450811,0.74,0,-0.00039999999999995595,,,0.0
2025-05-20,-0.0015636353147152056,0.012016222070838009,0.010159414973037448,0.9153374676920384,0.37309364197677963,0.5020078788609661,-0.034546332190878,0.38666666666666666,0.3910546250730423,0.71,0,-0.0004999999999999449,-0.05000000000000071,-0.0008065752249921762,0.0
2025-05-21,0.010561299937301044,0.025812774424210004,0.006701261192316929,0.9125876063243604,0.3722932039636301,0.5000624176749662,-0.028054848723370607,0.38166666666666665,0.350460847515696,0.7,0,-0.0004999999999999449,2.780000000000001,-0.004673267556319133,0.0
2025-05-22,0.04365499400221554,0.018544112729196732,0.017518992531481013,0.8595053071728349,0.31120384654185834,0.4975876243910588,-0.010877321728196882,0.39166666666666666,0.43164840263038856,0.72,0,-0.00019999999999997797,-0.5899999999999999,0.00240614573053671,0.0
2025-05-23,-0.05330156737301998,-0.03998359037453153,0.019439606337017388,0.8901793399819885,0.35000198018095086,0.46148090699471955,0.0,0.4216666666666667,0.6752110679744662,0.78,0,-0.00019999999999997797,2.009999999999998,-0.005416019542427834,0.0
2025-05-24,0.0015424472594757481,0.004125071563271793,-0.04008603741803587,0.8861442345440208,0.34996681184774353,0.49039337767329355,-0.03929322113430776,0.3616666666666667,0.18808573728631137,0.66,0,-0.00039999999999995595,,,0.0
2025-05-25,0.008194283121783164,0.011462065339148519,0.0016105527343842148,0.8861554327673873,0.3507051762727867,0.4904557297502124,-0.037744705556387,0.39666666666666667,0.47224218018773484,0.74,0,-0.0004999999999999449,,,0.0
2025-05-26,0.004879851401569555,0.003942524889582682,0.010410495760164205,0.8859726035046885,0.3502881836993551,0.4869366205674121,-0.027674825618497323,0.39166666666666666,0.43164840263038856,0.73,0,-0.0004999999999999449,,,0.0
2025-05-27,0.0371790601849991,-0.004548373170012511,0.006905619053225326,0.8845260492964463,0.348244160117124,0.486564149526823,-0.020937080995070977,0.39666666666666667,0.47224218018773484,0.74,0,-0.0006000000000000449,-1.6099999999999994,,0.0
2025-05-28,0.007783043587972976,-0.0106718460844975,0.016368905004037856,0.8842291404354735,0.35106134836848185,0.48574333406691234,-0.004779008889858051,0.38166666666666665,0.350460847515696,0.71,0,-0.00029999999999996696,0.34999999999999787,0.003110856548616719,0.0
2025-05-29,-0.018901407621664652,-0.02054732532520838,-0.003031815177883489,0.8900264838748335,0.35919707750138014,0.48681004799081895,-0.007791765627504796,0.39666666666666667,0.47224218018773484,0.74,0,-9.999999999998899e-05,-0.129999999999999,-0.003507284426142154,0.0
2025-05-30,-0.038763416887778096,-0.015310028157546413,-0.02259954490168748,0.9066843593666489,0.3650317464351845,0.49484870164515266,-0.02996373825948025,0.32666666666666666,-0.09607070561511258,0.6,0,-0.00039999999999995595,-0.6099999999999994,0.0016907147480488638,0.0
2025-05-31,-0.0012965966160090577,0.00581464554481119,-0.027271931459081827,0.906486760076037,0.35724979664532797,0.5074091986898012,-0.0560610215560723,0.27666666666666667,-0.5020084811885749,0.5,0,-0.0004999999999999449,,,0.0
2025-06-01,0.004400798850344821,0.00999890319604234,0.0016954898490645716,0.9062644962852208,0.35813440805666547,0.5044654815492404,-0.054459225068863776,0.30500000000000005,-0.2719770750302792,0.56,0,-0.0006000000000000449,,,0.0
2025-06-02,0.026504382446835256,0.002033656157331761,0.006327917017736637,0.9061230492007355,0.35479644680951933,0.5044923839843652,-0.04845695058964534,0.34500000000000003,0.05277314542849059,0.64,0,-0.0004999999999999449,,,0.0
2025-06-03,-0.005403059231682269,-0.004555126803574655,-0.0044775871095846815,0.9037071158281298,0.34871995322181965,0.504176675986284,-0.05270804306103962,0.34500000000000003,0.05277314542849059,0.64,0,-0.0007000000000000339,-0.6699999999999982,0.0022345199209055583,0.0
2025-06-04,0.005506604904045108,-0.00647422512636591,-0.005411383302197472,0.903769982073674,0.35048792200684553,0.5028258226701008,-0.057820358115613917,0.335,-0.028414409686201965,0.62,0,-0.0007000000000000339,-0.08000000000000185,-0.003342502960419328,0.0
2025-06-05,-0.07717167198088684,-0.030924814911036578,0.0001616627455044043,0.9550302946871452,0.3634405188798767,0.5021159825793488,-0.05766803045542643,0.31,-0.23138329747293335,0.57,0,-0.0006000000000000449,0.870000000000001,-0.0007792954093253987,0.0
2025-06-06,0.025395476560089048,0.027016209665029333,-0.04572013966005657,0.955455554792822,0.37412981990045413,0.5315171112904203,-0.09978152657319474,0.25,-0.7185086281610882,0.45,0,-0.0008000000000000229,-1.7100000000000009,0.0016636341265541172,0.0
2025-06-07,0.01940977560768664,0.012044621848145592,0.021939362250805228,0.6769936112310752,0.3082582747961101,0.5336444408120709,-0.07981306063059254,0.28500000000000003,-0.4343521852596643,0.52,0,-0.0006000000000000449,,,0.0
2025-06-08,-0.005879495570297428,0.0017213626629398297,0.01539849384615504,0.6467841482992692,0.3080084037785123,0.41574760444749953,-0.06553391115703013,0.33999999999999997,0.01217936787114386,0.62,0,-0.0004999999999999449,,,0.0
2025-06-09,0.0656502790426938,0.0419420963494116,-0.0010627719362647755,0.5967887686565528,0.33509240774631316,0.4042437577337967,-0.06652650794621089,0.33999999999999997,0.01217936787114386,0.62,0,-0.00039999999999995595,,,0.0
2025-06-10,0.04959417285383804,0.00010311175786527098,0.038397826957768735,0.6108663799690324,0.3338119233760622,0.3802166645476325,-0.02998610781392042,0.385,0.3775233658872603,0.71,0,-0.00029999999999996696,-0.21000000000000085,0.0011423433661321622,0.0
2025-06-11,-0.016031094874014874,-0.01488492352072924,0.028430495937477568,0.6135393676908216,0.33503242105054337,0.3906093458221329,-0.0020123622869529364,0.39,0.4181171434446066,0.72,0,-0.00039999999999995595,0.3100000000000023,-0.0038198076122318275,0.0
2025-06-12,-0.04764617720998437,-0.027749388787279217,-0.006811682883497582,0.5879468812413658,0.34800268248445254,0.3865056253206301,-0.008787237251177528,0.385,0.3775233658872603,0.71,0,-0.0004999999999999449,0.759999999999998,-0.003444937828979231,0.0
2025-06-13,-0.024306805427401885,0.0037297023772628075,-0.05017699581489639,0.5867966153132823,0.34743310765978286,0.4028374283225845,-0.05729612354065254,0.33499999999999996,-0.028414409686202416,0.61,0,-0.0006000000000000449,2.8000000000000007,0.0012657134757641483,0.0
2025-06-14,-0.018955743264715684,-0.0061655785271072,0.0002185601771169201,0.5846688744478675,0.3482199525422359,0.39452340431328164,-0.057090063497005135,0.345,0.05277314542849014,0.63,0,-0.0006000000000000449,,,0.0
2025-06-15,0.0066360118836382735,0.0017001202861056666,-0.009133892146236415,0.5849317551190183,0.34802074606935596,0.39051106920217915,-0.06566328810237056,0.325,-0.10960196480089451,0.6,0,-0.00029999999999996696,,,0.0
2025-06-16,-0.0013511976257330142,0.011305061807508105,0.003077654177610799,0.5780511708384026,0.3496493190566426,0.39070042982454234,-0.06278329327691548,0.33,-0.06900818724354824,0.61,0,-0.0006000000000000449,,,0.0
2025-06-17,-0.013541634518074394,-0.02123009135616664,0.02043686632153286,0.5794050414515715,0.3400141903053373,0.39561746501544887,-0.04343245903093576,0.36500000000000005,0.21514825565787568,0.68,0,-0.00029999999999996696,2.490000000000002,0.0028945264002117766,0.0
2025-06-18,0.005978230100768063,0.0032048660451346727,-0.015394553793402696,0.578214636309398,0.33910072019496657,0.39863207651543686,-0.058045619356660624,0.28500000000000003,-0.4343521852596643,0.52,0,-0.00029999999999996696,-1.4600000000000009,0.0018712026461755258,0.0
2025-06-19,-0.0015378154957248734,-0.0021779540173212956,0.0036491288324001204,0.5782137877966061,0.3362579454393746,0.3971468484071347,-0.054602027233075855,0.31,-0.23138329747293335,0.57,0,-0.00019999999999997797,2.030000000000001,,0.0
2025-06-20,-0.04653399289162982,-0.013085610610985732,8.107162416926232e-05,0.5989621736603907,0.32484957598846154,0.3963240214191823,-0.05452537917698801,0.29500000000000004,-0.35316463014497174,0.54,0,-9.999999999998899e-05,-1.5500000000000007,,0.0
2025-06-21,-0.04711837861639429,-0.011469227749354669,-0.03157607740923894,0.5956628450794718,0.3177660973032573,0.4049202998001622,-0.08391333901689636,0.27,-0.5561335179317031,0.49,0,-0.00039999999999995595,,,0.0
2025-06-22,-0.0300812126348831,-0.011385960226360707,-0.030851590971331815,0.5771686308473252,0.29033305264102727,0.40895565176418003,-0.11174454400820538,0.235,-0.840289960833127,0.42,0,-0.00029999999999996696,,,0.0
2025-06-23,0.07934564398281163,0.0423728593887924,-0.02453792528845967,0.6465371778072885,0.3286673570571006,0.3950225797616731,-0.13327525028351378,0.26,-0.6373210730463956,0.47,0,-0.0007000000000000339,,,0.0
2025-06-24,0.015139864214513837,0.007086217120930923,0.05774089669202938,0.6483132120694248,0.32696937552328914,0.44888702108447043,-0.0817567362649239,0.35000000000000003,0.09336692298583686,0.65,0,-0.00039999999999995595,-2.349999999999998,-0.006664927611021061,0.0
2025-06-25,-0.012311792807958116,0.011784963544526447,0.015356314050449916,0.6490000135733103,0.3295668821123597,0.4508742012606285,-0.06754707959516683,0.35500000000000004,0.13396070054318315,0.66,0,-0.0004999999999999449,-0.7199999999999989,-0.0002567531706295505,0.0
2025-06-26,-0.0010466548339375498,-0.003672824455672302,-0.0015382798615053192,0.633509175665008,0.3294504621150393,0.44987836622588667,-0.06898035047593182,0.395,0.4587109210019529,0.74,0,-0.0004999999999999449,-0.1700000000000017,-0.005738024991941925,0.0
2025-06-27,0.002979876686593695,0.0009395562683027059,-0.011966462586094094,0.6326803963039971,0.3274728298528599,0.4464161173034736,-0.08005496812668708,0.35000000000000003,0.09336692298583686,0.65,0,-0.00039999999999995595,-0.2699999999999996,0.00011617017857732615,0.0
2025-06-28,0.005124743916839685,0.0023252311283283957,0.004134757184589258,0.6308083753805754,0.31922467959912804,0.44703270738897843,-0.07624334415728641,0.35000000000000003,0.09336692298583686,0.65,0,-0.00039999999999995595,,,0.0
2025-06-29,0.026125386978616508,0.00983195226177919,0.014762207824931066,0.6245322408347131,0.3155429835545192,0.4447562849681497,-0.06250550549076919,0.36333333333333334,0.2016169964720933,0.68,0,-0.00029999999999996696,,,0.0
2025-06-30,-0.005864954752458621,-0.011233628430860393,0.01452090120324054,0.6248167127773507,0.3181151867117367,0.4376811065695404,-0.04879292197033045,0.35333333333333333,0.12042944135740075,0.66,0,-0.00029999999999996696,,,0.0
2025-07-01,-0.032907714920473924,-0.01377060945880646,-0.0037285294197792395,0.6345598016287012,0.3202653496853231,0.43786539963267784,-0.05233292194696806,0.3433333333333333,0.0392418862427082,0.64,0,-0.00029999999999996696,0.09999999999999787,-0.0005461725337277818,0.0
2025-07-02,0.06651135770377255,0.029540665453745153,-0.01999100585128708,0.6713078195757368,0.3364155467750146,0.4427313814606238,-0.07108963263551553,0.3383333333333333,-0.0013518913146380812,0.63,0,-0.00039999999999995595,-0.18999999999999773,-0.0003343846787436587,0.0
2025-07-03,0.00807496551084155,0.006731383365643195,0.03440471530002842,0.6717089108232718,0.3364033286328144,0.4591382585716636,-0.038574608056049835,0.3883333333333333,0.40458588425882425,0.73,0,-0.00039999999999995595,-0.26000000000000156,-0.0005491697822995558,0.0
2025-07-04,-0.03263881316104407,-0.014713205707567904,0.013656821354291734,0.6808690670856756,0.34000954512023884,0.460865839421354,-0.02535452655826145,0.3883333333333333,0.40458588425882425,0.73,0,-0.00019999999999997797,1.1000000000000014,,0.0
2025-07-05,0.0033317110300457526,0.001978700480306492,-0.01995952326690761,0.6234407452197603,0.3198613085898407,0.46670465161636415,-0.04461512991221082,0.35833333333333334,0.16102321891474702,0.67,0,-0.00029999999999996696,,,0.0
2025-07-06,0.021208793768126077,0.009252236497324772,0.005021894925911837,0.6215795724842682,0.3082550700234801,0.4360680950410753,-0.039805220158725244,0.36333333333333334,0.2016169964720933,0.66,0,-9.999999999998899e-05,,,0.0
2025-07-07,-0.010976826745835281,-0.008653329682976453,0.012778198431585406,0.6194360969906963,0.3078276379237241,0.43198713752270496,-0.027456934326590042,0.3983333333333333,0.4857734393735168,0.73,0,-0.00019999999999997797,,,0.0
2025-07-08,0.028294445582588534,0.0060781291164992805,-0.009369944000617038,0.6266197858811157,0.3083583594447063,0.4308436244155231,-0.036527048798029205,0.35833333333333334,0.16102321891474702,0.65,0,-0.00019999999999997797,-0.9800000000000004,0.0018124329475346878,0.0
2025-07-09,0.05703264782490422,0.02099497361671242,0.0170145404433188,0.6161267062350396,0.2807668616559799,0.4343441824206423,-0.019993744876214,0.36333333333333334,0.2016169964720933,0.66,0,-0.00029999999999996696,-0.8699999999999992,-0.0008849255194748464,0.0
2025-07-10,0.06385001983809137,0.042040393709379065,0.03364992167879247,0.6320543718065924,0.31627253759277063,0.4295739453271434,0.0,0.3883333333333333,0.40458588425882425,0.71,0,-0.00019999999999997797,-0.16000000000000014,0.0008615601951172636,0.0
2025-07-11,0.002345373195644777,0.012997315848983379,0.03971801043727125,0.6288595395143787,0.3128154083822709,0.4401661126587857,0.0,0.3883333333333333,0.40458588425882425,0.71,0,-0.00039999999999995595,0.6199999999999992,0.0007265729559858468,0.0
2025-07-12,-0.005063130362084512,-0.0009164595002588142,0.0038428431902709863,0.6034279978631433,0.29342947515712026,0.4390980486124101,0.0,0.42833333333333334,0.7293361047175945,0.79,0,-0.00029999999999996696,,,0.0
2025-07-13,0.009720615278929012,0.014094044790011754,-0.0021406381858060206,0.5952448458577491,0.29574325415819785,0.39693098937506627,-0.002138348653862676,0.425,0.7022735863460301,0.74,0,-0.00039999999999995595,,,0.0
2025-07-14,0.013896792937287883,0.006316070756330813,0.011137962121068453,0.5897997847580025,0.29361494006728195,0.39751929326879315,0.0,0.425,0.7022735863460301,0.74,0,-0.00019999999999997797,,,0.0
2025-07-15,0.04040858556728951,-0.01753493076270058,0.0035300553643093685,0.6020249272910809,0.30324616626728074,0.39463275188867986,0.0,0.42,0.6616798087886838,0.73,0,-9.999999999998899e-05,0.17999999999999972,0.0024060022058122786,0.0
2025-07-16,0.07176265809814222,0.0073805949622627876,0.013153690101135934,0.6420288709110966,0.3023042273773933,0.3957128839347191,0.0,0.40499999999999997,0.539898476116645,0.7,0,-0.0004999999999999449,-0.21999999999999886,-0.0007720149141572935,0.0
2025-07-17,0.030819206153466738,0.004601451493544703,0.028033896625272694,0.6407368600623767,0.2888311357198367,0.40032320374053276,0.0,0.425,0.7022735863460301,0.74,0,-0.0008000000000000229,-0.6400000000000006,0.0018327704224161455,0.0
2025-07-18,0.019947157492513926,-0.01056700950065718,0.016184563074346205,0.6412491060758888,0.2934843358199319,0.39502360803286246,0.0,0.42,0.6616798087886838,0.73,0,-0.0007000000000000339,-0.10999999999999943,-0.002343623995068483,0.0
2025-07-19,0.01263231313452492,-0.0007197002204572691,0.011206308980043676,0.6395734671128179,0.29314777264891584,0.3952830948504906,0.0,0.425,0.7022735863460301,0.74,0,-0.0006000000000000449,,,0.0
2025-07-20,0.04482631614396699,-0.004890417918115617,0.007317480088537025,0.6135560201418798,0.28850921387156414,0.3946150233212137,0.0,0.41833333333333333,0.6481485496029019,0.72,0,-0.0006000000000000449,,,0.0
2025-07-21,0.0015001957855612833,0.0009822478512299445,0.027518776989177342,0.5739126048772247,0.2832031991909986,0.37582764023310544,0.0,0.41333333333333333,0.6075547720455556,0.71,0,-0.00039999999999995595,,,0.0
2025-07-22,-0.004293784082249591,0.021692235206271098,-0.0003078251578518153,0.5543022341999141,0.2831436116602453,0.3495676509779958,-0.0003077777845489474,0.41833333333333333,0.6481485496029019,0.72,0,-0.00039999999999995595,-0.14999999999999858,-0.002629372447677126,0.0
2025-07-23,-0.03198319934152158,-0.01004095354590667,0.010550475654443909,0.5331422854020385,0.25547696904203643,0.32700436275648553,0.0,0.42833333333333334,0.7293361047175945,0.74,0,-0.0004999999999999449,-1.1300000000000008,-0.0009304048684407974,0.0
2025-07-24,0.021445275536585953,-0.0035006808084234644,-0.02480824703820336,0.5338225097136067,0.25653285600574777,0.30406121532400465,-0.024503051475538353,0.41333333333333333,0.6075547720455556,0.71,0,-0.0004999999999999449,0.02000000000000135,-2.7599346148149153e-05,0.0
2025-07-25,0.004849375076047342,-0.006159491204291899,-0.0037084094060307643,0.5265537203711714,0.25700180270545525,0.3056206175072309,-0.028113894155406754,0.4083333333333333,0.5669609944882094,0.7,0,-0.00019999999999997797,-0.46000000000000085,0.0035007034228244937,0.0
2025-07-26,0.00432357231054932,0.002595631902628258,0.014059428213743456,0.5249018851986199,0.2558665554406845,0.3046641408538862,-0.014353224312480572,0.41833333333333333,0.6481485496029019,0.72,0,-0.00029999999999996696,,,0.0
2025-07-27,0.03441730969773146,0.012603083346820849,0.005798986228877486,0.5276075372643872,0.25776499000360653,0.29618905323339273,-0.008620867368323308,0.42166666666666663,0.6752110679744657,0.73,0,-0.00039999999999995595,,,0.0
2025-07-28,-0.019059121321626165,-0.011396806340220294,0.02647660306270659,0.5402565158305335,0.2630388041605249,0.30214256947714724,0.0,0.43166666666666664,0.7563986230891583,0.75,0,-0.00019999999999997797,,,0.0
2025-07-29,-0.0013723547780699651,-0.0009453714032179849,-0.02154678573540062,0.5415253964830465,0.2622973449237897,0.31996552667314115,-0.021316312038057797,0.42166666666666663,0.6752110679744657,0.73,0,9.999999999998899e-05,0.9500000000000011,0.00291826222504647,0.0
2025-07-30,0.004263669711191031,-0.0009369312651676298,-0.002673733204196927,0.5380132721654429,0.2577696434701173,0.3212640106020107,-0.02392955599559055,0.42666666666666664,0.715804845531812,0.74,0,0.0,-0.5,0.003604386593926406,0.0
2025-07-31,-0.029731599322331093,-0.01777599093867902,-0.0015010305778927883,0.5346135225404033,0.2614355191589609,0.32037154847777977,-0.025393568539541483,0.41666666666666663,0.6346172904171195,0.72,0,9.999999999998899e-05,1.2399999999999984,0.0026060661691812686,0.0
2025-08-01,-0.05851174596384749,-0.02153342924967691,-0.02172428470292835,0.5584003088799496,0.2569283152864337,0.3223039296465063,-0.04633787241374035,0.3816666666666667,0.35046084751569645,0.65,0,0.00029999999999996696,3.66,-0.004188811936419986,0.0
2025-08-02,-0.027394355452404134,-0.006655760991846373,-0.037828201986712474,0.5735804781674134,0.2576318089225297,0.34435537978649156,-0.08173938673608652,0.33166666666666667,-0.0554769280577663,0.55,0,9.999999999998899e-05,,,0.0
2025-08-03,0.02983961747477572,0.014663215250676506,-0.017870816818191314,0.5576817039373365,0.25560966807163243,0.3520487856567044,-0.09800369287588032,0.35333333333333333,0.12042944135740075,0.53,0,-0.00019999999999997797,,,0.0
2025-08-04,0.0621586560364612,0.007382183600908784,0.027046778223499265,0.5845020539211339,0.2563329547629709,0.3497586903368873,-0.07327468629918027,0.4083333333333333,0.5669609944882094,0.64,0,-9.999999999998899e-05,,,0.0
2025-08-05,-0.02972812635652487,-0.008074576568790104,0.033400618938320976,0.6022740133387343,0.257326938713658,0.36284382889338906,-0.04179875561396888,0.3883333333333333,0.40458588425882425,0.6,0,-9.999999999998899e-05,0.33000000000000185,-0.000642429911869239,0.0
2025-08-06,0.019550168879219083,0.00752894963418136,-0.009080294872324259,0.597429887534946,0.25549797553889986,0.36617835948600785,-0.0504601220673349,0.35833333333333334,0.16102321891474702,0.54,0,-0.00029999999999996696,-1.0800000000000018,-0.0033137795612704925,0.0
2025-08-07,0.05980485030798321,0.021335183728332856,0.015672314485230213,0.6177728749155565,0.26395778385405666,0.3634405222423427,-0.0354614092109265,0.3983333333333333,0.4857734393735168,0.62,0,-0.00039999999999995595,-0.1999999999999993,-3.236346662796226e-05,0.0
2025-08-08,0.025049890523005283,-0.00681002901994848,0.04427456408115784,0.5991390097152943,0.2571926166688107,0.3849445787166689,0.0,0.4583333333333333,0.9728987700616717,0.74,0,-0.00029999999999996696,-1.42,-0.0014233683910767972,0.0
2025-08-09,0.06074814433253135,-0.0018228772606176664,0.007667032348261347,0.5958714791638358,0.21188548502707483,0.37334745360575977,0.0,0.42333333333333334,0.6887423271602482,0.67,0,-0.00039999999999995595,,,0.0
2025-08-10,-0.0023615980070610175,0.024023932127064194,0.03133672442342911,0.5970800976030085,0.2234868675678229,0.3650942506795415,0.0,0.5233333333333333,1.5006178783071729,0.69,0,-0.00019999999999997797,,,0.0
2025-08-11,-0.006455221328954463,-0.005109768025592827,-0.0020304954739147406,0.5976027374689071,0.2242978854566722,0.3662054855360165,-0.0020284354125309836,0.5283333333333333,1.541211655864519,0.7,0,-0.00019999999999997797,,,0.0
2025-08-12,0.08339543715453994,0.01212710210107966,-0.007818499968395537,0.6472061601658825,0.22288220599933867,0.3683826319393919,-0.009800652925283204,0.5183333333333333,1.4600241007498265,0.68,0,0.0,-1.5199999999999996,-0.003449498529261227,0.0
2025-08-13,0.03400393134970226,0.02606410567702287,0.04575384870611621,0.6507639361333831,0.23961623670066964,0.3932695157395378,0.0,0.5433333333333333,1.662992988536558,0.73,0,-0.00039999999999995595,-0.2400000000000002,-0.0011946577928027998,0.0
2025-08-14,-0.04356475257801217,-0.04149029256629387,0.020629272121301986,0.6752187424139107,0.2748539211984907,0.39573816920594296,0.0,0.5533333333333333,1.7441805436512505,0.75,0,-0.0008000000000000229,0.33999999999999986,0.004274543772907992,0.0
2025-08-15,-0.023897486238018403,-0.008089091530436165,-0.03032493639858193,0.6513225149309688,0.2750296040942593,0.41688390916882606,-0.029869748302134437,0.4783333333333333,1.1352738802910562,0.6,0,-0.0008000000000000229,0.2599999999999998,-0.002547076411174671,0.0
2025-08-16,-0.003945178937148229,0.00032898393468814104,-0.018317608413135178,0.6480613015992711,0.2744619240415143,0.41794536132363774,-0.047478447377153864,0.45833333333333337,0.9728987700616721,0.56,0,-0.0007000000000000339,,,0.0
2025-08-17,0.011319704604323999,0.00020742322210116917,0.0009345926949561561,0.6467594240119472,0.2720535541855987,0.41611878427184346,-0.046587811566251004,0.47,1.067617584362146,0.64,0,-0.0007000000000000339,,,0.0
2025-08-18,-0.03627812652559123,-0.010083975477294543,0.0023319606331953686,0.6643528103732537,0.2742534645169653,0.4154256078889136,-0.0443618975123591,0.44999999999999996,0.905242474132761,0.6,0,-0.0004999999999999449,,,0.0
2025-08-19,-0.05661587760273519,-0.02928284432910472,-0.018101084472927378,0.6838638212005921,0.2918470953663293,0.4223066177873188,-0.061504366831203416,0.43000000000000005,0.7428673639033768,0.56,0,0.0,0.5800000000000001,0.001327892650753753,0.0
2025-08-20,0.06197364233702371,0.012312159298069381,-0.03675026622024854,0.7143619882520821,0.29560036746095203,0.43502191810640456,-0.09536826629100671,0.37,0.25574203321522154,0.44,0,-0.00019999999999997797,0.11999999999999922,0.00044141134746353966,0.0
2025-08-21,-0.025898899620050653,-0.01562169894735077,0.0362524977589862,0.7217345425782925,0.2882776025994757,0.45194674668713136,-0.061971404110570144,0.4,0.49930469855929915,0.5,0,0.00019999999999997797,0.9100000000000019,0.0025518909077210075,0.0
2025-08-22,0.13418468307705242,0.03867346942564925,-0.008549556131061628,0.8404067464371492,0.3198223260282932,0.45245244184378747,-0.06995694717750374,0.4,0.49930469855929915,0.5,0,0.00019999999999997797,-2.380000000000001,-0.006686255574970087,0.0
2025-08-23,-0.011169184846589514,-0.012892668639070098,0.07460952724999974,0.8422943366162869,0.3225917737203701,0.5087188429807041,0.0,0.44999999999999996,0.905242474132761,0.6,0,0.00029999999999996696,,,0.0
2025-08-24,0.00036616432817805254,-0.016987662875338143,0.007465047835581526,0.8426815132154726,0.3270248177079165,0.50781817140857,0.0,0.3766666666666667,0.30986706995835017,0.53,0,0.0,,,0.0
2025-08-25,-0.08829572903520404,-0.03024851157390859,-0.018347096550696412,0.9076260451076419,0.3419664068571987,0.5133489216006075,-0.018179813191679887,0.3466666666666667,0.06630440461427253,0.47,0,-0.00019999999999997797,,,0.0
2025-08-26,0.050017052910167316,0.014884678291290745,-0.04467455146446546,0.9155372962354738,0.3433064967679029,0.540870858495326,-0.06107685235341121,0.3516666666666667,0.10689818217161881,0.48,0,-0.00029999999999996696,-0.16999999999999993,0.0008798550300999998,0.0
2025-08-27,-0.02062585335400408,-0.004494655997296272,0.029300921924736458,0.9160877152509589,0.3418221657080648,0.5425300854571257,-0.03315851946265191,0.3666666666666667,0.22867951484365764,0.51,0,-0.00019999999999997797,0.23000000000000043,0.0016579984797483304,0.0
2025-08-28,0.0009980129283716935,0.011659841291183425,-0.002801229051957265,0.9158948678010528,0.3451131220658341,0.5359065941025049,-0.03586307409953275,0.3516666666666667,0.10689818217161881,0.48,0,-9.999999999998899e-05,-0.41999999999999993,-0.0038832035099476076,0.0
2025-08-29,-0.03405206930103277,-0.037928131382763526,0.008023678141203413,0.9263807577255948,0.3676596713414114,0.5357107476056706,-0.02809603126591387,0.3616666666666667,0.18808573728631137,0.5,0,-9.999999999998899e-05,0.9299999999999997,-0.0004266685361754673,0.0
2025-08-30,0.0030959918843136355,0.004041834886721533,-0.026392222444085407,0.9181550220692818,0.36432809503078695,0.5456562470930402,-0.05341120572320482,0.30666666666666664,-0.25844581584449766,0.39,0,-0.00019999999999997797,,,0.0
2025-08-31,0.004136663921829146,-0.005251767001620112,0.0018082582303898347,0.8886342557041265,0.35774343057941255,0.5384693014632991,-0.05169798023493929,0.315,-0.19078951991558707,0.48,0,-9.999999999998899e-05,,,0.0
2025-09-01,-0.017764553752352776,0.009114030534832748,-0.0026458738132623338,0.8844756657738297,0.3591204308055748,0.5180061992649915,-0.054203751277272984,0.305,-0.2719770750302796,0.46,0,-9.999999999998899e-05,,,-0.11000000000000032
2025-09-02,0.0027774580984313694,0.018166440657325495,-0.013917947701233882,0.8810957833841607,0.3612445006801298,0.5160122852016072,-0.06727611276216308,0.32,-0.1501957423582408,0.49,0,-0.00019999999999997797,1.0500000000000007,,0.0
2025-09-03,0.02824856055761766,0.004177704576073605,0.0077900045857716115,0.8621601346430736,0.36049441930771775,0.5099421552979991,-0.059981814984081824,0.35000000000000003,0.09336692298583686,0.55,0,-0.00039999999999995595,-0.8200000000000003,-0.0014801678898953333,0.0
2025-09-04,-0.034962368743768533,-0.008765161209067217,0.022833519302405403,0.8650760672746826,0.36067336454519155,0.5036323273189489,-0.038270967355852274,0.33,-0.06900818724354824,0.51,0,-9.999999999998899e-05,-1.0500000000000007,0.0021362135980612096,0.0
2025-09-05,0.0023009888130162623,-0.0006403155254173387,-0.019958774231402254,0.8637147076519924,0.35936297528379135,0.5085658396363064,-0.057275614385343676,0.315,-0.19078951991558707,0.48,0,-0.00019999999999997797,-0.120000000000001,-0.005269613271214249,0.0
2025-09-06,-0.00799716170022149,-0.00427462149747006,0.003479460511048987,0.8418840375641624,0.35006032417665167,0.5066781901126307,-0.05398972887344028,0.315,-0.19078951991558707,0.48,0,-0.00029999999999996696,,,0.0
2025-09-07,0.007704602454888019,0.008579008182539868,-0.0060318367694563455,0.8383216859396734,0.3515850900748955,0.4851896407405273,-0.05967873358858991,0.2833333333333333,-0.44788344444544664,0.44,0,0.0,,,0.0
2025-09-08,4.1799418529761376e-05,0.008314378685943164,0.010362070476372269,0.8114345847657717,0.3532857183226173,0.48571493814819455,-0.04988440121109721,0.31833333333333336,-0.16372700154402273,0.51,0,-0.00019999999999997797,,,0.0
2025-09-09,0.0008634637034529795,-0.004640554288638579,0.005657198107522225,0.8113766127910419,0.34139030841972345,0.47400649736073225,-0.04449417663523845,0.30333333333333334,-0.2855083342160616,0.48,0,-9.999999999998899e-05,-0.07000000000000028,0.0004978064984134728,0.0
2025-09-10,0.009060725473809083,0.02140695144426305,2.4738838275997885e-05,0.8115163501749783,0.3509779594439932,0.47391247123145963,-0.044470538238810364,0.30833333333333335,-0.24491455665871528,0.49,0,-0.00039999999999995595,0.3100000000000005,-0.00028799829730700636,0.0
2025-09-11,0.024864645993088238,0.013273138970620393,0.013019232005653523,0.760797839103163,0.3515543070391714,0.47474125314291554,-0.03194894458893011,0.33333333333333337,-0.04194566887198391,0.54,0,-0.00039999999999995595,-0.6399999999999988,-0.001407056423168121,0.0
2025-09-12,0.05526224459511558,0.004723131039401508,0.01661694703822975,0.7765482484560533,0.3382643132392277,0.4507913748635398,-0.01572849755090605,0.3483333333333333,0.07983566380005402,0.57,0,-0.0008000000000000229,0.049999999999998934,0.0008974458395517753,0.0
2025-09-13,-0.009730646826155577,-0.0009582332889029288,0.03330454436909824,0.7616261030223471,0.3068344383593201,0.4599971200830673,0.0,0.32333333333333336,-0.12313322398667646,0.52,0,-0.0006000000000000449,,,0.0
2025-09-14,-0.013383840415569823,-0.005625607702316823,-0.004134941114300347,0.7581987891979614,0.3062050688815515,0.44649424763065004,-0.004126404016143875,0.335,-0.028414409686201965,0.55,0,-0.0006000000000000449,,,0.0
2025-09-15,-0.017692829050488672,0.0007085318805328954,-0.01167883965873996,0.7608884010314552,0.3062223365935455,0.44332371058370096,-0.015689399451298047,0.325,-0.10960196480089451,0.53,0,-0.00029999999999996696,,,0.0
2025-09-16,-0.004975062976067039,0.01240007484979025,-0.009979151310862237,0.76016418397034,0.30955298294872646,0.4452821791408668,-0.02546313596488071,0.32,-0.1501957423582408,0.52,0,-0.0004999999999999449,0.6699999999999999,-0.0035995132270443104,0.0
2025-09-17,0.019631463454173458,-0.00292724484014056,-0.0003185657031011119,0.7513463055932643,0.3076705282049276,0.4453256051629805,-0.02577354054141883,0.325,-0.10960196480089451,0.53,0,-0.0004999999999999449,-0.6399999999999988,0.00019639687338868152,0.0
2025-09-18,-0.0006253956593931097,0.005360898398273296,0.01623150721422547,0.7210671061773642,0.28926070472733817,0.44235696145016346,-0.009831343807598541,0.32,-0.1501957423582408,0.52,0,-0.0004999999999999449,-0.02000000000000135,0.004215737100136715,0.0
2025-09-19,-0.026297167533291962,-0.01238617811420754,0.005091291967388872,0.6969924947692439,0.29016560994958246,0.4188592249820849,-0.004777251068447019,0.325,-0.10960196480089451,0.53,0,-0.0006000000000000449,-0.25,0.0010373886802562682,0.0
2025-09-20,0.0026438694092462277,0.0004604051447670285,-0.016662308163495197,0.6902043091658865,0.28435708117770525,0.40823724566934483,-0.021222570236703875,0.3,-0.3125708525876259,0.48,0,-0.0006000000000000449,,,0.0
2025-09-21,-0.007943672245900365,-0.003926421842189095,0.009707289502413218,0.499070744990175,0.24993066124176339,0.40708572587418645,-0.011675028967112781,0.31,-0.23138329747293335,0.49,0,-0.0007000000000000339,,,0.0
2025-09-22,-0.056907666110895525,-0.02265554900340918,-0.0120065985302946,0.5330847434254778,0.2582115395378582,0.31733785397139186,-0.023470496688087754,0.29000000000000004,-0.393758407702318,0.45,0,-0.0009000000000000119,,,0.0
2025-09-23,-0.008326864910836613,-0.005806298169945148,-0.036650115930479815,0.5329877479772096,0.25227410562586194,0.3407855209002446,-0.05861250332078551,0.28,-0.47494596281701057,0.43,0,-0.00029999999999996696,0.5399999999999991,-0.0016288321869931278,0.0
2025-09-24,-0.0027533752231514953,0.011612792050812145,-0.013523194113063394,0.4391788079168841,0.23141744602286166,0.3381772601312302,-0.07125737692992125,0.28500000000000003,-0.4343521852596643,0.44,0,-0.0006000000000000449,-0.46000000000000085,0.004591508411153966,0.0
2025-09-25,-0.06940472566749337,-0.03880361851008345,0.0014364729151942152,0.4591142456371303,0.26418945212869394,0.2997551554550748,-0.06992230463867317,0.28500000000000003,-0.4343521852596643,0.44,0,-0.0006000000000000449,0.5599999999999987,0.0030841783458169666,0.0
2025-09-26,0.03994156493275973,0.0059364982695478945,-0.0350218994023109,0.4823931676159067,0.2648759606790984,0.30525386693594975,-0.10193160719513572,0.20500000000000002,-1.0838526261772043,0.28,0,-0.0008000000000000229,-1.4499999999999993,-0.0008880523521933554,0.0
2025-09-27,-0.0034432164711230614,-6.94091932618392e-05,0.02219093929420722,0.4820964781897049,0.26123988238596596,0.31654139367492834,-0.0817798598574701,0.23,-0.8808837383904731,0.33,0,-0.0007000000000000339,,,0.0
2025-09-28,0.03033855457312372,0.022797220643522374,0.00830989985197379,0.48365111287362117,0.2376529608337127,0.31664615630958154,-0.07411775086345641,0.245,-0.7591024057184345,0.37,0,-0.0004999999999999449,,,0.0
2025-09-29,0.017448807761483453,0.01896956203457031,0.025720935989752863,0.4880175252132802,0.24551730680844588,0.31629610136433944,-0.04999428364654611,0.31,-0.23138329747293335,0.5,0,-0.0008000000000000229,,,0.0
2025-09-30,-0.016727222559593583,-0.0023036354107678868,0.012278771637829432,0.4905486514499723,0.24468933910478813,0.31885529674798674,-0.03825747104111118,0.31,-0.23138329747293335,0.5,0,-0.00039999999999995595,0.16000000000000014,0.00018147626831374822,0.0
2025-10-01,0.04778389284816072,0.03908667600199795,-0.004400626512806435,0.5165084104046992,0.2763440774658008,0.31916994156643874,-0.042480442038476264,0.305,-0.2719770750302796,0.49,0,-0.0007000000000000339,0.00999999999999801,0.00011153329155454004,-0.1299999999999999
2025-10-02,0.030870688512346534,0.01617904889913795,0.03782004168965928,0.5274133996524129,0.27503153085039617,0.3391440959421437,-0.005573500469179581,0.38,0.33692958832991404,0.64,0,-0.0007000000000000339,0.33999999999999986,0.002322723068308756,0.0
2025-10-03,0.0063397572859535895,0.014027586512955888,0.02033780936453607,0.5187336400288973,0.2778411968120857,0.3442915924139756,0.0,0.375,0.2963358107725678,0.63,0,-0.0008000000000000229,0.019999999999999574,-0.002839709755137246,0.0
2025-10-04,-0.005715558413766914,0.001299959712627995,0.008886939140416302,0.5033986221099813,0.2746761471592385,0.33762069033627595,0.0,0.415,0.6210860312313375,0.71,0,-0.0006000000000000449,,,0.0
2025-10-05,0.006036810101716383,0.008877068978927581,-0.002182351190420934,0.5036477220228462,0.2749474805744378,0.3281866125750587,-0.002179971593415344,0.44,0.8240549190180689,0.74,0,-0.00039999999999995595,,,0.0
2025-10-06,0.03690001421518396,0.009480412513902298,0.00584539851164064,0.5170887323022209,0.27413977797629224,0.3283100025645171,0.0,0.425,0.7022735863460301,0.71,0,-0.0004999999999999449,,,0.0
2025-10-07,-0.051767472030075326,-0.027039899832890336,0.025701161295213732,0.5508724269592101,0.29425207058168007,0.3354869970396302,0.0,0.42,0.6616798087886838,0.7,0,-0.0006000000000000449,0.8699999999999974,0.0017959754055544136,0.0
2025-10-08,0.017389571885848193,0.01613065116385741,-0.022892746483169874,0.5537775100394228,0.29730091618827936,0.3478722902159969,-0.022632695767391183,0.37,0.25574203321522154,0.6,0,-0.0004999999999999449,-0.9399999999999977,0.0023890753907898684,0.0
2025-10-09,-0.03545083789043667,-0.013419074980521103,0.010565030605487654,0.5687166028010233,0.3017531627628687,0.3487126500938732,-0.012252040874145694,0.42,0.6616798087886838,0.7,0,-0.0007000000000000339,0.129999999999999,0.0025931643014552213,0.0
2025-10-10,-0.13153414915544512,-0.07585974612842505,-0.025265638531086827,0.7303739300724283,0.4010396872647103,0.3627200857201272,-0.036895496527563236,0.39,0.4181171434446066,0.64,0,-0.0017000000000000348,5.23,0.0002155185769253186,0.0
2025-10-11,-0.021892220065384466,-0.019068794493195606,-0.10932849454830594,0.725112494221754,0.40307493142735,0.5306928566979395,-0.1366385526226051,0.20500000000000002,-1.0838526261772043,0.27,0,-0.0010999999999999899,,,0.0
2025-10-12,0.10276051587678621,0.0382523481182313,-0.013772763114452113,0.7913566828149264,0.42583769844120867,0.5282400840293204,-0.148447914870177,0.19166666666666665,-1.1921026996634612,0.24,0,-0.0010000000000000009,,,0.0
2025-10-13,0.02110373156831671,0.001800762507920933,0.06681706406623623,0.7959477349734214,0.4258934950171685,0.5682332972284276,-0.08960576499435545,0.26166666666666666,-0.6237898138606137,0.38,0,-0.0009000000000000119,,,0.0
2025-10-14,-0.02769285259047492,-0.01873775155179968,0.020135471388295273,0.7998101117733292,0.4304210045970325,0.573028914261691,-0.07108874912138415,0.26166666666666666,-0.6237898138606137,0.38,0,-0.0006000000000000449,1.7799999999999976,,0.0
2025-10-15,-0.0343804937045906,-0.020241502815851853,-0.01886126218519159,0.8055910031665721,0.43575639474155503,0.5753270516821024,-0.08844499290547284,0.2416666666666667,-0.7861649240899984,0.34,0,-0.0006000000000000449,-0.16999999999999815,-0.002627596881945074,0.0
2025-10-16,-0.023122505456865863,-0.023466811492917763,-0.032736775221639404,0.8082870102869878,0.439452731048107,0.5852904170286561,-0.11780319595120399,0.21166666666666667,-1.029727589434076,0.28,0,-0.00029999999999996696,4.669999999999998,-0.001609711609769043,0.0
2025-10-17,-0.016293228229644297,-0.016425222998888867,-0.019155517932072014,0.8043086128854033,0.44211341502276075,0.588470322948385,-0.13454130724341162,0.18166666666666667,-1.2732902547781535,0.22,0,-0.0004999999999999449,-4.529999999999998,0.00027343617465784917,0.0
2025-10-18,0.014931411304294739,0.007053129818340636,-0.01725633774992942,0.807447192535453,0.4425552830619459,0.5868743919484368,-0.1493478341163084,0.18666666666666668,-1.232696477220807,0.23,0,-0.0004999999999999449,,,0.0
2025-10-19,0.02372379831186929,0.013508845814879343,0.019984800880748957,0.8100822877066616,0.44481137603057935,0.5918316184112263,-0.1321767107186981,0.20166666666666666,-1.1109151445487686,0.29,0,-0.0004999999999999449,,,0.0
2025-10-20,-0.0008440302945235186,0.017240633452995615,0.0030350977169101376,0.8098223361091942,0.44983927503775156,0.5900097147715504,-0.1295387810726062,0.20166666666666666,-1.1109151445487686,0.29,0,-0.00029999999999996696,,,0.0
2025-10-21,-0.027043509852020572,-0.02042224657419341,0.013823643608531439,0.8137374742548836,0.4546050174836301,0.5912237306435932,-0.11742228126726079,0.22666666666666668,-0.9079462567620372,0.34,0,-0.0004999999999999449,-0.35999999999999943,0.002224335769766672,0.0
2025-10-22,-0.017587038317258403,-0.006765639759505252,-0.022822634425517706,0.7932193579217078,0.4488911515845483,0.5947199297670992,-0.1373369133025952,0.18166666666666667,-1.2732902547781535,0.25,0,-0.00029999999999996696,0.7300000000000004,5.211234927357952e-05,0.0
2025-10-23,0.013382552088275646,0.02307284091421478,-0.018750064352639557,0.7950932446467599,0.4566709255748981,0.5849291905317572,-0.15336120398990893,0.19166666666666668,-1.192102699663461,0.27,0,-0.0004999999999999449,-1.3000000000000007,0.00047384959015447426,0.0
2025-10-24,0.02004256174236033,0.008383413777914583,0.014051820149245772,0.7989886553084481,0.4557239625076528,0.585862424778147,-0.1413804090460952,0.20666666666666667,-1.0703213669914222,0.3,0,-0.00019999999999997797,-0.9299999999999997,-0.0001537904385066912,0.0
2025-10-25,0.004801814340076848,0.005761315360732372,0.015091895040585362,0.760980466762445,0.4348392032212115,0.5884636985399112,-0.1283239366608768,0.24166666666666667,-0.7861649240899986,0.37,0,-0.00019999999999997797,,,0.0
2025-10-26,0.05046261323567923,0.025757896011683146,0.002315695543428475,0.7686591811000579,0.4432014214185724,0.5750704289183337,-0.1263030613227514,0.24833333333333335,-0.7320398873468702,0.4,0,-0.00029999999999996696,,,0.0
2025-10-27,-0.009255242961713369,-0.003951164697453273,0.034643423012110736,0.7693516683444025,0.4435768988995995,0.5824794067049454,-0.09550481046701673,0.30333333333333334,-0.2855083342160616,0.51,0,-9.999999999998899e-05,,,0.0
2025-10-28,-0.034808776398675446,-0.010653558973310539,-0.004828119369534681,0.7714622244889379,0.43852070457015774,0.5822820153368826,-0.09986129593258496,0.29833333333333334,-0.32610211177340787,0.5,0,-0.00019999999999997797,0.6300000000000026,-0.0013477755256485026,0.0
2025-10-29,-0.019337868003501114,-0.025814849578232026,-0.02008856275983246,0.7708579410208634,0.4422247039573621,0.5795496645357331,-0.11776337325150085,0.30333333333333334,-0.2855083342160616,0.51,0,-0.00029999999999996696,0.5,-0.0008699355726550113,0.0
2025-10-30,-0.025403281941540668,-0.015557495821203146,-0.007454242401666808,0.7734539323881758,0.4450202782965474,0.5780729804653724,-0.12431532865237763,0.21833333333333335,-0.9756025526909475,0.34,0,0.0,-0.010000000000001563,0.0062196661920156035,0.0
2025-10-31,0.011211289925523064,0.011794059086766558,-0.020480921829429444,0.753582720740623,0.423169975530806,0.5818470245646801,-0.14206774448952836,0.19333333333333333,-1.178571440477679,0.29,0,0.00029999999999996696,0.5300000000000011,0.0008464201345076944,0.0
2025-11-01,0.006677259014800738,0.004461330755654716,0.002379141253892951,0.744128853233141,0.41856461765482705,0.5642674458882525,-0.14002417245807341,0.21333333333333335,-1.016196330248294,0.33,0,0.00019999999999997797,,,-0.20999999999999996
2025-11-02,0.00843411787205513,0.004011811464844439,0.00032952102678565924,0.7445619943386067,0.41487281010888505,0.5581005520598576,-0.13974074564538838,0.24,-0.7996961832757807,0.37,0,0.0,,,0.0
2025-11-03,-0.08066514211210017,-0.03645919836858115,0.0014702850346687774,0.7902078148877587,0.43016880995007123,0.5565857076331656,-0.13847498905430827,0.265,-0.5967272954890493,0.42,0,0.0,,,0.0
2025-11-04,-0.09200666281684843,-0.048892990692747336,-0.05852462530103872,0.8416932198198429,0.4539131081072972,0.5880876013910358,-0.18744836569091322,0.16,-1.4491966241933205,0.21,0,-9.999999999998899e-05,1.8299999999999983,0.003090290413492879,0.0
2025-11-05,0.04090364494926036,0.02325464931597804,-0.07539717450972831,0.8446461540205109,0.4624918526770422,0.6341903083238641,-0.24645986034209405,0.17,-1.368009069078628,0.23,0,0.0,-0.9899999999999984,0.00017318127896204767,0.0
2025-11-06,-0.0323942959310574,-0.02474525864647728,0.008787322969231239,0.8353683909547877,0.46125035490538596,0.6253672204777762,-0.23980908128894218,0.19,-1.205633958849243,0.27,0,0.00029999999999996696,1.4899999999999984,-0.0012597366402347537,0.0
2025-11-07,0.03582270079696168,0.0194748205542768,-0.020760154947422352,0.8453335032258392,0.4634122624911584,0.6248209236755973,-0.25542807522648625,0.175,-1.3274152915212818,0.24,0,0.00039999999999995595,-0.4200000000000017,-0.0025242441086401495,0.0
2025-11-08,-0.010103105142434262,-0.009979464496075391,0.020536058125296717,0.8400265425824652,0.4628637395587174,0.6297131983467744,-0.23997941857129948,0.155,-1.4897904017506667,0.2,0,0.00019999999999997797,,,0.0
2025-11-09,0.05210936343989393,0.02328223138207566,-0.008476624202137965,0.7392255776279383,0.39864909955775996,0.6268830955368971,-0.2463945994745702,0.16333333333333333,-1.4221341058217565,0.22,0,9.999999999998899e-05,,,0.0
2025-11-10,-0.00436564064271813,0.012225701545984949,0.03201054123772314,0.7358741010444949,0.3971900081205312,0.5254990253409014,-0.22188102957120576,0.1983333333333333,-1.1379776629203329,0.29,0,0.00019999999999997797,,,0.0
2025-11-11,-0.042977807748070314,-0.028242545864333283,0.0014438170960578355,0.6457217537577522,0.38097341434261095,0.5244217135615484,-0.22075675667202319,0.18333333333333335,-1.2597589955923714,0.26,0,0.00019999999999997797,-0.3200000000000003,,0.0
2025-11-12,-0.0008312990403620452,-0.013723012931130311,-0.029332903520044494,0.6384159283959818,0.38202843530619185,0.46756655605016073,-0.24328223954916395,0.17333333333333334,-1.340946550707064,0.24,0,9.999999999998899e-05,0.23000000000000043,,0.0
2025-11-13,-0.055195262890100356,-0.019492896160439244,-0.0034669254717228644,0.6564683749723979,0.3824000151701642,0.4580082606918827,-0.24590118116686172,0.12833333333333333,-1.70629054872318,0.15,0,0.0004999999999999449,2.4899999999999984,-0.0022603757975660204,0.0
2025-11-14,-0.037564671036127026,-0.052491584544810524,-0.02242648010023245,0.6581622789986284,0.41463087880914273,0.4593421634610095,-0.2626247371572227,0.13333333333333333,-1.665696771165834,0.16,0,0.0006999999999999229,-0.1700000000000017,0.0016058638566295682,0.0
2025-11-15,0.017668461686243114,0.01053943964071668,-0.01993095074048824,0.6619241424816159,0.4127992929841486,0.4524557057591094,-0.2771758368821702,0.10333333333333333,-1.9092594365099114,0.1,0,0.00039999999999995595,,,0.0
2025-11-16,-0.023180993184499878,-0.014061290467363924,0.0011313425414608087,0.6635904201843401,0.4119944166682646,0.45092459008911695,-0.27635761239762807,0.11166666666666666,-1.841603140581001,0.1,0,0.0004999999999999449,,,0.0
2025-11-17,-0.020843847110688898,-0.02194787294779212,-0.023184509868070875,0.660357334664031,0.4145701216606804,0.4532609251679251,-0.29294191415846316,0.13166666666666668,-1.6792280303516158,0.14,0,0.0008999999999999009,,,0.0
2025-11-18,0.029967637075662683,0.008053896310369823,-0.019938204224565634,0.6645150677341485,0.4119307186496202,0.44560048783932377,-0.30689977296467813,0.11666666666666667,-1.8010093630236546,0.11,0,0.00019999999999997797,2.3100000000000023,0.0008096488126511655,0.0
2025-11-19,-0.0319356346465724,-0.015238773937443459,0.024468759842675544,0.6690775179071361,0.4051883883370654,0.45807194316596905,-0.2897312806903445,0.13666666666666666,-1.6386342527942697,0.15,0,0.0007999999999999119,-1.0300000000000011,0.00234930199663749,0.0
2025-11-20,-0.06530298953202794,-0.055209816891895,-0.019307499128431473,0.6947824278156126,0.4373632234413965,0.45387468835898864,-0.303313254475009,0.11666666666666667,-1.8010093630236546,0.11,0,0.0008999999999999009,2.7600000000000016,0.0015716323247547198,0.0
2025-11-21,-0.02441876521160861,-0.017556826574241523,-0.03407545885657176,0.6960781951144838,0.43877172553803034,0.4601895955191435,-0.3266532560093591,0.13166666666666668,-1.6792280303516158,0.14,0,0.0004999999999999449,-2.990000000000002,0.0014485484614505232,0.0
2025-11-22,0.0015426387233994602,-0.004588127246522274,-0.03240088983426268,0.6921500410225927,0.4246580002402518,0.46652622293054014,-0.3481206306254498,0.11666666666666667,-1.8010093630236546,0.11,0,0.00029999999999996696,,,0.0
2025-11-23,0.01149990779395844,0.024367507087485724,-0.01312316015801981,0.6879516027270228,0.4362621637760141,0.4594110254956027,-0.35661946027202623,0.12333333333333332,-1.7468843262805265,0.13,0,9.999999999998899e-05,,,0.0
2025-11-24,0.05255972882393761,0.016788036787637094,0.015514256944633254,0.7213905357719478,0.44235250385871844,0.4596992393845514,-0.34656005896466396,0.15333333333333332,-1.503321660936449,0.19,0,9.999999999998899e-05,,,0.0
2025-11-25,0.0020227515632153313,-0.010588704373343843,0.03304026717884067,0.6896111164008286,0.42547324564383554,0.48169364188817226,-0.3246096010626874,0.15833333333333333,-1.4627278833791026,0.2,0,0.00019999999999997797,-1.9600000000000009,-0.0023288805544289,0.0
2025-11-26,0.022453632291662327,0.035021744042270514,0.0010730189701117806,0.6996140220474275,0.452207038388221,0.4573982773281493,-0.3238845054012674,0.13333333333333333,-1.665696771165834,0.15,0,0.0,-1.3699999999999974,-0.0032098553069721874,0.0
2025-11-27,-0.0037505485232770127,0.009349308992866888,0.020488206299087645,0.6942771016875474,0.4559477547579638,0.4691652112975234,-0.30988923220259146,0.16833333333333333,-1.38154032826441,0.22,0,-9.999999999998899e-05,0.019999999999999574,,0.0
2025-11-28,0.005265972958720706,-0.00486488380362324,-0.002978515876952164,0.6950798550098254,0.4509330981622882,0.46780358555310636,-0.3119416799398786,0.18333333333333332,-1.2597589955923716,0.25,0,-0.00029999999999996696,-0.8599999999999994,,0.0
2025-11-29,-0.013949673991055718,-0.0009715282254700339,-0.0008173624975374082,0.692703029152064,0.4500608619752894,0.4685243964791125,-0.3125038432299214,0.19833333333333333,-1.1379776629203326,0.28,0,-0.00029999999999996696,,,0.0
2025-11-30,0.0007022918411458271,-0.004884465893088772,-0.010954802741873831,0.6899907156961554,0.44555419679337194,0.46652107714714636,-0.31999412582151376,0.2,-1.1244464037345505,0.28,0,-0.00029999999999996696,,,0.0
2025-12-01,-0.06640748416649328,-0.04613421557385573,-0.008967390826294329,0.7164808891805672,0.46452547062392735,0.46509777823274573,-0.32606474477287645,0.18,-1.2868215139639356,0.24,0,-0.00019999999999997797,,,-0.1599999999999997
2025-12-02,0.06801421071564936,0.0562410040171468,-0.03754433365458865,0.7651325580148874,0.514711482534218,0.47508649509015366,-0.35089810195722354,0.175,-1.3274152915212818,0.23,0,-0.00039999999999995595,-0.6499999999999986,0.001325718425764964,0.0
2025-12-03,0.06220524814757158,0.023303477601614594,0.043919438899206784,0.7586046939959857,0.5129674466180982,0.5091496915248611,-0.3217546124167288,0.2,-1.1244464037345505,0.28,0,-0.00039999999999995595,-0.5100000000000016,-0.0034157424283548,0.0
2025-12-04,-0.01743268193693491,-0.014575262088996607,0.038071640395953,0.691442268882208,0.48889709091952704,0.49983961586288916,-0.29543485884378,0.19,-1.205633958849243,0.26,0,-0.00029999999999996696,-0.29999999999999893,-0.00047222529171708815,0.0
2025-12-05,-0.03622793434865705,-0.030298870064162046,-0.012982864240754677,0.6840732120210447,0.4880457848245364,0.43156171405386984,-0.3045230096522058,0.2,-1.1244464037345505,0.28,0,-0.00039999999999995595,-0.3699999999999992,8.037689309537018e-05,0.0
2025-12-06,0.005373092083985153,-0.001044426991022257,-0.018643837012516526,0.6771085707230972,0.4829717981426997,0.4329979517108332,-0.31736924563860736,0.175,-1.3274152915212818,0.23,0,-0.00029999999999996696,,,0.0
2025-12-07,0.007146741340972185,0.012898987020788722,-0.0003657124461176369,0.6637185600846154,0.47943935737893,0.42863916477895597,-0.3176188465577167,0.14333333333333334,-1.5845092160511414,0.2,0,-0.00019999999999997797,,,0.0
2025-12-08,0.02079955190022366,0.002640784411958209,0.0036072482832904427,0.6687965050229568,0.47963183956442196,0.42098474326515223,-0.315152883316553,0.14333333333333334,-1.5845092160511414,0.2,0,-0.00029999999999996696,,,0.0
2025-12-09,0.06020880009551028,0.02230658176977993,0.005728701347843387,0.6777087305022684,0.4789439020402438,0.42177434191667124,-0.3112183395634129,0.15333333333333332,-1.503321660936449,0.22,0,-0.00019999999999997797,0.2699999999999996,-0.0007686599191013766,0.0
2025-12-10,0.0018367468857913162,-0.007184123390461821,0.029437592995105403,0.6778466358703439,0.47540268689673215,0.4191738546575513,-0.2906408758462583,0.17333333333333334,-1.340946550707064,0.26,0,-0.00029999999999996696,-1.1600000000000001,-6.629145704419755e-05,0.0
2025-12-11,-0.026443544422017597,0.005397654393828906,-0.006480439145097587,0.6677545323642343,0.4688890550626931,0.41900781968619033,-0.29522297145066473,0.18833333333333332,-1.2191652180350252,0.29,0,-0.00039999999999995595,-0.9199999999999999,-0.005777576664342197,0.0
2025-12-12,-0.0482611741620481,-0.024565606595954068,-0.0033332985120337983,0.6870960166174098,0.4733399088941303,0.4083939217180541,-0.2975682926718275,0.18833333333333332,-1.2191652180350252,0.29,0,-0.00019999999999997797,0.8900000000000006,0.0013676258002591373,0.0
2025-12-13,0.00960730028486934,-0.0003147775451217187,-0.016004632052003576,0.6623320924266454,0.47013484368291003,0.4111072338938325,-0.30872096839310664,0.15833333333333333,-1.4627278833791026,0.23,0,-0.00029999999999996696,,,0.0
2025-12-14,-0.01655552255370258,-0.023181518223391553,0.007112049652538747,0.6517955083158266,0.4418146416442881,0.4063315680456757,-0.30378703319754624,0.14666666666666667,-1.557446697679577,0.21,0,-0.00019999999999997797,,,0.0
2025-12-15,-0.03273161223283604,-0.019932477149059748,-0.0030993535462891532,0.6577668466470935,0.4434135375514408,0.4011469269660824,-0.3059415028689184,0.12166666666666667,-1.7604155854663084,0.16,0,-9.999999999998899e-05,,,0.0
2025-12-16,-0.0008604473169493417,0.016424660160555687,-0.02676614474030165,0.6534024333723891,0.44688959357291885,0.4106613224654039,-0.32427235555394973,0.09666666666666668,-1.9633844732530394,0.11,0,9.999999999998899e-05,-0.019999999999999574,-0.000549518601357089,0.0
2025-12-17,-0.04445682621664209,-0.018612119227458226,0.008325997821200262,0.6672615128777589,0.44519600801585574,0.4051476562979404,-0.3186227620437742,0.12166666666666667,-1.7604155854663084,0.16,0,0.00019999999999997797,1.1400000000000006,0.0022062520509516705,0.0
2025-12-18,-0.0017378838226009337,-0.00846315677488792,-0.024879479984462192,0.6570803191981366,0.4441195788713379,0.40837272738669655,-0.33536592910899005,0.12666666666666668,-1.719821807908962,0.17,0,0.00029999999999996696,-0.75,-0.0008509299545373512,0.0
2025-12-19,0.051984217610352844,0.030183453965176642,-0.004846316507016359,0.6759907572236014,0.4561816225091539,0.3976633716519081,-0.33857916371288066,0.12166666666666667,-1.7604155854663084,0.16,0,0.0004999999999999449,-1.9600000000000009,0.0009358167015200508,0.0
2025-12-20,-0.0005270729278721063,0.0025378227881089903,0.027154161867417485,0.6343227678478673,0.4126292971026425,0.4057053714090113,-0.320372764193448,0.14166666666666666,-1.5980404752369235,0.2,0,0.00029999999999996696,,,0.0
2025-12-21,0.008056967137236328,0.003366407020219751,0.004007109428174946,0.627604376778034,0.40742661717519235,0.3877736150181127,-0.3176439598317102,0.13166666666666665,-1.679228030351616,0.2,0,0.00019999999999997797,,,0.0
2025-12-22,0.002485233774808831,-0.00042949092673883664,0.006898921457768651,0.6275905202396673,0.40692113681106257,0.36968627442722435,-0.31292016328948075,0.15666666666666668,-1.4762591425648846,0.25,0,0.00039999999999995595,,,0.0
2025-12-23,-0.014886851399567445,-0.012887699635666881,-0.003605659262339108,0.629712315725,0.40127234295158204,0.36634139417642125,-0.3153930781433576,0.15166666666666667,-1.516852920122231,0.24,0,0.00029999999999996696,-0.08000000000000007,-0.0023821762818967847,0.0
2025-12-24,-0.005936602528958959,0.002094711492890748,-0.019688512218397326,0.6029500310842711,0.39690006793832,0.37063479312410197,-0.3287401467779298,0.15166666666666667,-1.516852920122231,0.24,0,0.0004999999999999449,-0.5299999999999994,-0.002245520254398637,0.0
2025-12-25,-0.014875296077072641,-0.005079409544226788,0.002210395237040742,0.6050901174137666,0.3955548194660385,0.3521207839864616,-0.32725475615014915,0.14666666666666667,-1.557446697679577,0.23,0,0.00039999999999995595,,,0.0
2025-12-26,0.008244301609216041,0.00165285573288968,-0.006303763455346621,0.6002782037719943,0.37489621981069676,0.35274293629662584,-0.3314822444907147,0.13166666666666665,-1.679228030351616,0.2,0,0.0005999999999999339,,,0.0
2025-12-27,0.007166903796686185,0.00579128502519536,0.0004306907500171407,0.6008799116244734,0.373843908596201,0.34465586932007714,-0.33119425806510144,0.14666666666666667,-1.557446697679577,0.23,0,0.00039999999999995595,,,0.0
2025-12-28,0.0006305127701269662,0.0008610604018155715,0.005387316071845708,0.6005142089604701,0.37368749659935246,0.34529995999848057,-0.32758146725752585,0.15166666666666667,-1.516852920122231,0.24,0,0.00039999999999995595,,,0.0
2025-12-29,-0.004418556946778186,-0.00816924063180667,0.0038520690049139807,0.5988240947530277,0.3744999900713347,0.3456752113179206,-0.32498626943773273,0.15166666666666667,-1.516852920122231,0.24,0,0.0007999999999999119,,,0.0
2025-12-30,0.012108565473992942,0.014208540730604829,-0.01638343060762466,0.6004501736584482,0.37812653784176536,0.34822899394194984,-0.33595521025830644,0.14666666666666667,-1.557446697679577,0.23,0,0.0007999999999999119,0.13000000000000078,-0.0008030657464815803,0.0
2025-12-31,-0.0006896169199165761,-0.009507280651887915,-0.0013510484867215948,0.5509580091160533,0.3426524535087166,0.3469895563301255,-0.3368517611883384,0.13666666666666666,-1.6386342527942697,0.21,0,0.0012000000000000899,0.6199999999999992,0.00210416835737671,0.0
