date,eth_close,eth_volume,btc_close,tvl_total_usd,tvl_uniswap_usd,tvl_aave_usd,usdc,vixcls,dtwexbgs,fedfunds,fear_greed,gtrends_defi,gtrends_ethereum
2020-01-01,130.77,144770.52197,7200.85,607332562,27036432,,1.0035,,,1.55,37.0,,
2020-01-02,127.19,213757.05806,6965.71,606865359,27659587,,1.0027,12.47,114.9745,1.55,39.0,,
2020-01-03,134.35,413055.18895,7344.96,601231879,26674978,,1.0011,14.02,114.9867,1.55,38.0,,
2020-01-04,134.2,184276.17102,7354.11,609464833,27773802,,1.0008,,,1.55,38.0,,
2020-01-05,135.37,254120.45343,7358.75,611312656,27773534,,1.001,,,1.55,39.0,11.0,15.0
2020-01-06,144.15,408020.27375,7758.0,614940284,28416743,,0.9999,13.85,114.9557,1.55,41.0,11.0,15.0
2020-01-07,142.8,447762.17281,8145.28,628391024,30151751,,0.9991,13.79,115.1477,1.55,40.0,11.0,15.0
2020-01-08,140.72,570465.57764,8055.98,615663241,30536219,,1.001,13.45,115.1328,1.55,51.0,11.0,15.0
2020-01-09,137.74,366076.06569,7817.76,638475972,30761805,,1.0007,12.54,115.2331,1.55,44.0,11.0,15.0
2020-01-10,144.84,409403.59507,8197.02,595229939,30345012,,1.0008,12.56,115.0677,1.55,41.0,11.0,15.0
2020-01-11,142.38,368350.57939,8020.01,593684061,31332907,,1.0005,,,1.55,50.0,11.0,15.0
2020-01-12,146.54,229541.86137,8184.98,616715757,31412020,,1.0003,,,1.55,45.0,11.0,18.0
2020-01-13,143.58,207996.61865,8110.34,599230318,31778124,,1.0008,12.32,115.0342,1.55,49.0,11.0,18.0
2020-01-14,165.64,1108476.31186,8810.01,618571876,32082128,,0.9997,12.39,115.0239,1.55,56.0,11.0,18.0
2020-01-15,166.4,721687.80381,8821.41,655173775,36852856,,1.0013,12.42,114.9528,1.55,54.0,11.0,18.0
2020-01-16,164.21,456170.86719,8720.01,716155639,36900284,,1.0014,12.32,115.0006,1.55,55.0,11.0,18.0
2020-01-17,169.85,767180.67853,8913.28,695449832,37914222,,1.0017,12.1,115.0656,1.55,54.0,11.0,18.0
2020-01-18,174.14,688783.17982,8915.96,734902436,46700881,,1.0009,,,1.55,51.0,11.0,18.0
2020-01-19,166.79,624681.28604,8701.7,722303915,47558253,,1.0007,,,1.55,53.0,12.0,15.0
2020-01-20,166.87,358092.8841,8642.35,716064048,47065175,,1.0018,,,1.55,48.0,12.0,15.0
2020-01-21,169.49,308007.6353,8736.03,689575460,47072327,,1.0017,12.85,115.1876,1.55,49.0,12.0,15.0
2020-01-22,168.07,272240.90286,8682.36,723306346,48384175,,1.0029,12.91,115.2273,1.55,52.0,12.0,15.0
2020-01-23,162.81,373414.34985,8404.52,720330464,48091706,,1.0026,12.98,115.5545,1.55,49.0,12.0,15.0
2020-01-24,162.54,430013.19902,8439.0,707422571,47387144,,1.002,14.56,115.5556,1.55,40.0,12.0,15.0
2020-01-25,160.35,219921.65197,8340.58,698871473,47650227,,1.0022,,,1.55,41.0,12.0,15.0
2020-01-26,167.86,251582.55758,8615.0,695253169,47380252,,1.0024,,,1.55,42.0,11.0,16.0
2020-01-27,170.08,365894.81917,8907.57,702454027,49066945,,1.0017,18.23,115.8004,1.55,50.0,11.0,16.0
2020-01-28,175.64,473433.89609,9374.21,728541959,50325216,,0.9997,16.28,115.7239,1.55,54.0,11.0,16.0
2020-01-29,173.72,317382.90161,9301.53,759776417,52114660,,1.0016,16.39,115.7003,1.55,57.0,11.0,16.0
2020-01-30,184.69,477721.6609,9513.21,774672284,52893014,,1.0013,15.49,115.8077,1.55,57.0,11.0,16.0
2020-01-31,179.99,385596.53365,9352.89,776206439,55310600,,1.0016,18.84,115.7345,1.55,55.0,11.0,16.0
2020-02-01,183.6,259370.12902,9384.61,787764254,54561631,,1.0012,,,1.58,57.0,11.0,16.0
2020-02-02,188.44,552621.13619,9331.51,798788470,56140675,,1.0014,,,1.58,57.0,12.0,22.0
2020-02-03,189.69,417175.95781,9292.24,820986502,57903001,,1.0014,17.97,116.1172,1.58,59.0,12.0,22.0
2020-02-04,188.91,366389.69686,9197.02,809492709,59474870,,1.0034,16.05,115.9291,1.58,56.0,12.0,22.0
2020-02-05,203.78,550942.11417,9612.04,802182891,59226761,,1.0003,15.15,116.009,1.58,53.0,12.0,22.0
2020-02-06,213.19,608240.2233,9772.0,835607155,62806196,,1.0022,14.96,116.1518,1.58,61.0,12.0,22.0
2020-02-07,223.33,629361.15466,9813.73,871591970,65271144,,1.0011,15.47,116.5086,1.58,56.0,12.0,22.0
2020-02-08,223.05,548551.87465,9895.05,900880582,67631881,,0.9994,,,1.58,56.0,12.0,22.0
2020-02-09,228.49,350336.24399,10151.75,907158176,67744707,,0.9993,,,1.58,56.0,12.0,33.0
2020-02-10,222.89,510415.49949,9851.83,908285885,70231462,,1.0004,15.04,116.5711,1.58,57.0,12.0,33.0
2020-02-11,236.69,595576.90276,10223.08,861087514,68760133,,0.9956,15.18,116.3585,1.58,52.0,12.0,33.0
2020-02-12,265.74,1038073.74782,10326.46,899925302,72777142,,0.9977,13.74,116.2794,1.58,61.0,12.0,33.0
2020-02-13,268.32,1089679.1537,10229.63,979931389,79809308,,1.0002,14.15,116.3999,1.58,65.0,12.0,33.0
2020-02-14,285.15,734944.32266,10344.36,1004962044,83025810,,0.998,13.68,116.4223,1.58,63.0,12.0,33.0
2020-02-15,264.88,860813.14274,9904.72,1036964909,82206596,,1.0001,,,1.58,64.0,12.0,33.0
2020-02-16,258.85,1110118.46395,9917.27,1055097547,77866388,,0.9993,,,1.58,59.0,11.0,27.0
2020-02-17,267.85,1110371.39094,9706.0,1008178689,77445524,,0.9995,,,1.58,49.0,11.0,27.0
2020-02-18,282.61,1115523.43992,10164.71,955224286,77939044,,0.9977,14.83,116.6039,1.58,53.0,11.0,27.0
2020-02-19,258.45,705973.72988,9593.79,1005089656,82833716,,0.9998,14.38,116.7829,1.58,50.0,11.0,27.0
2020-02-20,256.96,972969.71691,9596.42,977171420,63304419,,0.9993,15.56,117.2454,1.58,44.0,11.0,27.0
2020-02-21,265.27,525827.8734,9677.05,885698851,61630939,,0.9984,17.08,117.0473,1.58,44.0,11.0,27.0
2020-02-22,261.57,313062.52133,9650.86,913902886,63548385,,0.9984,,,1.58,43.0,11.0,27.0
2020-02-23,274.48,444740.82883,9936.4,917192468,63084159,,0.997,,,1.58,46.0,12.0,21.0
2020-02-24,265.52,696591.72983,9656.13,944593591,64842806,,1.0002,25.03,117.4018,1.58,46.0,12.0,21.0
2020-02-25,246.67,774791.01027,9315.84,950000082,63266196,,1.0009,27.85,117.2425,1.58,44.0,12.0,21.0
2020-02-26,223.93,1395879.41507,8785.25,919292557,60402798,,1.0008,27.56,117.405,1.58,41.0,12.0,21.0
2020-02-27,227.79,1273793.11658,8823.21,837837072,54592991,,1.0008,39.16,117.3678,1.58,39.0,12.0,21.0
2020-02-28,226.76,1054994.92397,8692.91,829575442,56812432,,0.9986,40.11,117.6568,1.58,40.0,12.0,21.0
2020-02-29,217.21,546866.6851,8523.61,805408701,57653882,,0.9999,,,1.58,38.0,12.0,21.0
2020-03-01,217.81,715016.01941,8531.88,827142708,56407262,,1.0009,,,0.65,39.0,13.0,18.0
2020-03-02,231.97,810051.4833,8915.24,820194967,55643596,,0.9994,33.42,116.8144,0.65,38.0,13.0,18.0
2020-03-03,223.91,741498.54825,8760.07,812416576,55503924,,1.0,36.82,116.4958,0.65,38.0,13.0,18.0
2020-03-04,224.26,443780.33772,8750.87,836022679,57715014,,0.9994,31.99,116.7802,0.65,40.0,13.0,18.0
2020-03-05,228.38,601479.87587,9054.68,818677774,57947473,,0.9985,39.62,116.7901,0.65,41.0,13.0,18.0
2020-03-06,244.88,628147.3257,9131.88,836095078,59134109,,0.9977,41.94,116.7106,0.65,39.0,13.0,18.0
2020-03-07,237.23,633748.89662,8886.66,849525548,62675231,,0.9989,,,0.65,38.0,13.0,18.0
2020-03-08,199.43,1278973.53741,8033.31,864526839,61291597,,1.0,,,0.65,33.0,13.0,25.0
2020-03-09,202.81,1661331.83553,7929.87,814793875,54568117,,1.0002,54.46,117.1871,0.65,17.0,13.0,25.0
2020-03-10,200.7,1020260.107,7894.56,745730680,53184453,,1.0001,47.3,117.9027,0.65,16.0,13.0,25.0
2020-03-11,194.61,1079824.90167,7934.52,747162968,53860439,,0.9994,53.9,118.2505,0.65,17.0,13.0,25.0
2020-03-12,107.82,3814533.14046,4800.0,753596940,50884181,,1.0005,75.47,120.4883,0.65,14.0,13.0,25.0
2020-03-13,134.06,4663239.92861,5578.6,526215500,26965638,,0.9921,57.83,120.4388,0.65,10.0,13.0,25.0
2020-03-14,122.54,1237674.88642,5172.06,500864738,32554354,,1.0017,,,0.65,8.0,13.0,25.0
2020-03-15,123.78,1312950.90137,5361.3,500878204,28687922,,1.0026,,,0.65,12.0,17.0,25.0
2020-03-16,111.02,2442064.14448,5028.97,480452769,29349312,,0.9984,82.69,120.9352,0.65,9.0,17.0,25.0
2020-03-17,115.67,1295108.4848,5312.64,407503260,27052909,,0.9967,75.91,122.4816,0.65,8.0,17.0,25.0
2020-03-18,118.11,1201850.31275,5393.04,448877996,29168346,,0.9964,76.45,124.1623,0.65,11.0,17.0,25.0
2020-03-19,136.3,1801071.18816,6162.37,443056136,29626742,,0.9973,72.0,125.0587,0.65,12.0,17.0,25.0
2020-03-20,133.48,2504057.63799,6208.36,475636695,34353978,,0.9998,66.04,124.9362,0.65,9.0,17.0,25.0
2020-03-21,132.66,1231842.11121,6186.98,533013767,33692860,,0.999,,,0.65,9.0,17.0,25.0
2020-03-22,122.32,1055699.86532,5816.19,493294754,34403643,,0.9993,,,0.65,11.0,18.0,18.0
2020-03-23,135.92,1436796.12449,6467.31,485592455,32497562,,0.9959,61.59,126.1262,0.65,10.0,18.0,18.0
2020-03-24,138.42,1244377.16334,6744.72,475090969,35618265,,0.9969,61.67,125.5001,0.65,12.0,18.0,18.0
2020-03-25,136.1,1034248.74369,6677.43,516417986,36314345,,0.9977,63.95,124.7916,0.65,13.0,18.0,18.0
2020-03-26,138.4,751060.63102,6737.36,516810487,35861619,,0.9964,61.0,122.4308,0.65,14.0,18.0,18.0
2020-03-27,131.33,706948.54559,6359.11,523279907,37064974,,0.999,65.54,122.4007,0.65,12.0,18.0,18.0
2020-03-28,130.98,896032.10594,6236.65,526332929,35458547,,0.9979,,,0.65,8.0,18.0,18.0
2020-03-29,124.5,543997.0,5881.42,513006482,35554628,,1.0004,,,0.65,12.0,20.0,17.0
2020-03-30,132.06,764831.92747,6394.38,511092559,34272198,,0.9983,57.08,123.2883,0.65,10.0,20.0,17.0
2020-03-31,132.72,547669.27789,6410.44,523812722,36307381,,0.9978,53.54,122.5301,0.65,12.0,20.0,17.0
2020-04-01,135.69,680922.24747,6642.92,533584510,36688265,,0.9969,57.06,123.7933,0.05,12.0,20.0,17.0
2020-04-02,141.28,1138977.66114,6794.09,538682854,37072141,,0.9994,50.91,123.5916,0.05,14.0,20.0,17.0
2020-04-03,141.31,797546.11446,6734.1,553807713,38427066,,0.9991,46.8,124.4152,0.05,14.0,20.0,17.0
2020-04-04,144.1,573508.14086,6856.99,581673159,38581595,,0.9977,,,0.05,12.0,20.0,17.0
2020-04-05,142.68,414987.45246,6772.78,571488008,39263781,,0.9988,,,0.05,12.0,18.0,21.0
2020-04-06,171.32,1636338.7311,7329.9,574590832,39090721,,0.9984,45.24,124.16,0.05,12.0,18.0,21.0
2020-04-07,164.63,1717962.82538,7197.32,597306568,45710578,,0.9999,46.7,123.0956,0.05,20.0,18.0,21.0
2020-04-08,173.11,1023575.92076,7361.28,646148431,45505273,,0.9987,43.35,123.2216,0.05,21.0,18.0,21.0
2020-04-09,169.52,719837.24423,7283.54,633428002,47272695,,0.9989,41.67,122.476,0.05,22.0,18.0,21.0
2020-04-10,157.81,1314841.362,6858.92,636221212,47174199,,0.9985,,122.1592,0.05,15.0,18.0,21.0
2020-04-11,158.33,621599.61289,6876.83,589048238,44580522,,0.9985,,,0.05,15.0,18.0,21.0
2020-04-12,158.59,809100.24594,6903.79,593923537,44877136,,0.9988,,,0.05,10.0,16.0,20.0
2020-04-13,156.29,1042091.03622,6837.91,590235680,45374800,,0.9976,41.17,122.5203,0.05,11.0,16.0,20.0
2020-04-14,158.45,698030.65089,6868.7,584963495,45429233,,0.9991,37.76,122.1121,0.05,15.0,16.0,20.0
2020-04-15,152.73,729119.66505,6621.24,592156479,46521777,,0.9997,40.84,123.0752,0.05,18.0,16.0,20.0
2020-04-16,172.29,1647207.59991,7101.94,678972975,45109980,,0.9984,40.11,123.4615,0.05,13.0,16.0,20.0
2020-04-17,170.69,723537.75591,7027.55,624065475,49351302,,0.9991,38.15,122.871,0.05,15.0,16.0,20.0
2020-04-18,187.4,1127296.36979,7248.6,631895664,48967407,,0.9984,,,0.05,18.0,16.0,20.0
2020-04-19,180.03,995759.5775,7120.74,648643981,53897584,,0.9986,,,0.05,16.0,15.0,24.0
2020-04-20,170.2,1547821.52737,6826.83,679939763,51331426,,0.9986,43.83,123.1033,0.05,15.0,15.0,24.0
2020-04-21,170.74,906381.65398,6841.37,664153050,54553972,,0.9983,45.41,123.9116,0.05,17.0,15.0,24.0
2020-04-22,182.7,988698.39076,7125.14,645568144,53117584,,0.999,41.98,123.9256,0.05,19.0,15.0,24.0
2020-04-23,185.51,1457867.08713,7482.39,669577796,56497092,,0.999,41.38,123.7542,0.05,19.0,15.0,24.0
2020-04-24,187.59,780904.21257,7505.0,681330696,55260334,,0.9991,35.93,124.1615,0.05,20.0,15.0,24.0
2020-04-25,194.21,866478.04928,7538.67,693764696,54561294,,0.9991,,,0.05,24.0,15.0,24.0
2020-04-26,197.38,758525.81533,7693.1,704976326,58047861,,0.9986,,,0.05,21.0,16.0,30.0
2020-04-27,196.34,896627.37271,7774.62,709913375,58241696,,0.998,33.29,123.8843,0.05,28.0,16.0,30.0
2020-04-28,196.24,636829.89397,7738.98,717581426,58078948,,0.998,33.57,123.3693,0.05,26.0,16.0,30.0
2020-04-29,215.36,1620422.72431,8778.57,728259733,58975383,,0.9991,31.23,122.7782,0.05,26.0,16.0,30.0
2020-04-30,206.08,1749691.00151,8620.0,774582432,65704213,,0.9994,34.15,122.327,0.05,44.0,16.0,30.0
2020-05-01,212.02,794913.95828,8826.96,762944373,61822082,,0.9993,37.19,123.1492,0.05,40.0,16.0,30.0
2020-05-02,213.9,443494.67248,8972.05,776982392,63898765,,0.9988,,,0.05,40.0,16.0,30.0
2020-05-03,209.86,748383.91311,8894.16,782068269,65499822,,0.999,,,0.05,45.0,14.0,27.0
2020-05-04,206.48,1114249.32658,8871.96,797193334,63633749,,0.9984,35.97,123.2117,0.05,44.0,14.0,27.0
2020-05-05,205.29,640644.66268,9021.83,759931457,64279874,,0.9992,33.61,122.803,0.05,40.0,14.0,27.0
2020-05-06,198.97,862700.67849,9142.92,762064433,61700744,,0.999,34.12,123.609,0.05,42.0,14.0,27.0
2020-05-07,212.0,1305778.73764,9986.4,805186528,60980522,,0.9983,31.44,123.1249,0.05,49.0,14.0,27.0
2020-05-08,211.31,917908.1944,9800.01,787553138,63476311,,0.9994,27.98,122.5379,0.05,55.0,14.0,27.0
2020-05-09,210.07,587871.98073,9539.4,804776036,64394491,,1.0,,,0.05,56.0,14.0,27.0
2020-05-10,187.54,1473226.05475,8722.77,809797005,65500458,,0.9995,,,0.05,48.0,13.0,27.0
2020-05-11,185.73,1093299.81927,8561.52,760285697,61637360,,0.9991,27.57,123.2333,0.05,40.0,13.0,27.0
2020-05-12,189.76,669755.79567,8810.79,736846654,61048397,,0.9993,33.04,123.0592,0.05,39.0,13.0,27.0
2020-05-13,199.58,806143.00704,9309.37,730608535,61154761,,0.9986,35.28,123.5408,0.05,41.0,13.0,27.0
2020-05-14,203.29,1114700.24937,9791.98,742888896,64069344,,0.9996,32.61,123.6429,0.05,40.0,13.0,27.0
2020-05-15,194.86,904749.6357,9316.42,761434154,64544754,,1.0009,31.89,123.5991,0.05,44.0,13.0,27.0
2020-05-16,200.45,669900.03754,9381.27,749335669,63278344,,1.0002,,,0.05,41.0,13.0,27.0
2020-05-17,207.0,708711.89315,9680.04,754654878,62872808,,1.0004,,,0.05,40.0,12.0,26.0
2020-05-18,214.91,1064139.2485,9733.93,771047477,63879400,,1.0005,29.3,122.7968,0.05,50.0,12.0,26.0
2020-05-19,214.58,643702.98849,9775.53,788501728,63631678,,0.9997,30.53,122.5655,0.05,50.0,12.0,26.0
2020-05-20,209.98,679532.61037,9511.43,850810275,62799720,54026260.0,1.0004,27.99,122.1007,0.05,52.0,12.0,26.0
2020-05-21,198.74,1003923.4342,9068.65,864288456,63636096,57638725.0,1.0009,29.53,122.0914,0.05,49.0,12.0,26.0
2020-05-22,207.36,787672.36081,9170.0,932874609,59881350,56713126.0,1.0,28.16,122.3211,0.05,42.0,12.0,26.0
2020-05-23,206.6,478559.92006,9179.15,941337473,63237290,55708506.0,0.9999,,,0.05,40.0,12.0,26.0
2020-05-24,199.9,673535.05784,8720.34,965064677,63672661,55555950.0,1.0005,,,0.05,43.0,13.0,24.0
2020-05-25,204.15,469931.62492,8900.35,1030796010,62592882,56144278.0,1.0002,,,0.05,41.0,13.0,24.0
2020-05-26,200.89,477176.7353,8841.18,1011937027,63163534,54726168.0,1.0003,28.01,121.3864,0.05,39.0,13.0,24.0
2020-05-27,208.29,494816.72727,9204.07,1013602098,63230744,54997126.0,1.0001,27.62,121.5677,0.05,39.0,13.0,24.0
2020-05-28,220.21,643945.97769,9575.89,1022576737,64767046,56126544.0,0.9998,28.59,121.0138,0.05,41.0,13.0,24.0
2020-05-29,220.67,603058.0759,9427.07,1010332469,66533539,56232696.0,1.0003,27.51,120.9458,0.05,48.0,13.0,24.0
2020-05-30,243.66,1019550.75146,9697.72,1039978610,67230279,57608742.0,0.9998,,,0.05,48.0,13.0,24.0
2020-05-31,231.57,821608.68884,9448.27,1104016559,76220670,63417218.0,1.0007,,,0.05,51.0,11.0,29.0
2020-06-01,248.23,823816.69936,10200.77,1118893117,73372953,65027863.0,0.9992,28.23,120.2686,0.08,50.0,11.0,29.0
2020-06-02,237.71,955520.91863,9518.04,1110406433,77901321,65990758.0,1.0,26.84,119.6854,0.08,56.0,11.0,29.0
2020-06-03,244.52,502928.13371,9666.24,1143938485,73783077,68571374.0,1.0001,25.66,119.2556,0.08,48.0,11.0,29.0
2020-06-04,243.21,669369.3392,9789.06,1135156109,76085932,68492633.0,1.0001,25.81,119.3014,0.08,54.0,11.0,29.0
2020-06-05,240.03,502547.41103,9621.16,1147887531,76757229,67636747.0,1.0007,24.52,118.8138,0.08,53.0,11.0,29.0
2020-06-06,241.94,389423.07798,9666.3,1160547395,76163017,69313598.0,1.0001,,,0.08,54.0,11.0,29.0
2020-06-07,244.56,571102.55515,9746.99,1166356805,76232553,69493185.0,0.9995,,,0.08,54.0,11.0,24.0
2020-06-08,246.4,383116.54719,9782.01,1154848957,76629570,72028582.0,0.9995,25.81,118.6621,0.08,53.0,11.0,24.0
2020-06-09,243.8,420327.17133,9772.43,1172194648,74983199,71060252.0,0.9995,27.57,118.5893,0.08,52.0,11.0,24.0
2020-06-10,247.78,431285.61715,9885.0,1167232725,77807436,78967293.0,0.9994,27.57,118.5231,0.08,54.0,11.0,24.0
2020-06-11,230.51,816456.89161,9280.4,1125236418,78184275,82944086.0,1.0012,40.79,119.2347,0.08,52.0,11.0,24.0
2020-06-12,237.55,446515.34124,9465.13,1186850100,75186566,87919788.0,1.0002,36.09,119.6645,0.08,38.0,11.0,24.0
2020-06-13,238.11,253797.7809,9473.34,1165808622,77090658,88170357.0,0.9998,,,0.08,38.0,11.0,24.0
2020-06-14,231.77,304943.21188,9342.1,1154936959,76875285,86345505.0,1.0009,,,0.08,40.0,12.0,23.0
2020-06-15,230.86,875026.92057,9426.02,1123005696,74374116,82814173.0,0.9997,34.4,119.9539,0.08,37.0,12.0,23.0
2020-06-16,235.3,499194.66758,9525.59,1119406845,78277657,81113527.0,1.0004,33.67,119.567,0.08,39.0,12.0,23.0
2020-06-17,233.82,478187.2917,9465.14,1233446354,78644731,84007164.0,1.001,33.47,119.9105,0.08,38.0,12.0,23.0
2020-06-18,231.27,334347.79917,9386.32,1317857912,78899747,83988761.0,1.0012,32.94,120.2173,0.08,40.0,12.0,23.0
2020-06-19,229.0,397284.59808,9310.23,1416985396,80429471,88451404.0,1.0017,35.12,120.2186,0.08,39.0,12.0,23.0
2020-06-20,228.89,303704.98826,9358.95,1500793618,79594347,96273753.0,1.0004,,,0.08,38.0,12.0,23.0
2020-06-21,228.04,256305.23734,9294.69,1619259330,80571327,109248955.0,1.0015,,,0.08,37.0,12.0,25.0
2020-06-22,243.13,749030.11114,9685.69,1693850491,75863416,121787661.0,1.0,31.77,119.7532,0.08,38.0,12.0,25.0
2020-06-23,243.14,442296.31477,9624.89,1701064886,80150638,128547140.0,1.0005,31.37,119.3285,0.08,41.0,12.0,25.0
2020-06-24,234.58,921634.0534,9296.49,1766805368,80232249,119278799.0,1.0012,33.84,119.9744,0.08,50.0,12.0,25.0
2020-06-25,232.5,613748.59348,9249.49,1832782635,74925959,128276655.0,1.0008,32.22,120.2997,0.08,43.0,12.0,25.0
2020-06-26,229.64,628340.07007,9162.21,1846255707,71909376,117297072.0,1.001,34.73,120.533,0.08,40.0,12.0,25.0
2020-06-27,220.94,645950.61438,9012.0,1873007337,70440028,112475360.0,1.001,,,0.08,43.0,12.0,25.0
2020-06-28,224.93,444766.56881,9116.35,1892069877,69521077,113665677.0,1.0006,,,0.08,40.0,13.0,23.0
2020-06-29,227.93,597915.52242,9192.56,1871755195,70664898,115591767.0,1.0004,31.78,120.6658,0.08,41.0,13.0,23.0
2020-06-30,225.6,415036.02977,9138.55,1886377777,72105427,114006809.0,1.0001,30.43,120.4649,0.08,44.0,13.0,23.0
2020-07-01,230.99,517351.58865,9232.0,1855626154,71549157,114489984.0,0.9995,28.62,120.0808,0.09,42.0,13.0,23.0
2020-07-02,226.46,592485.91115,9086.54,1925311909,74526473,114853869.0,0.9999,27.68,119.8555,0.09,42.0,13.0,23.0
2020-07-03,224.87,314578.5004,9058.26,1983685859,72080495,123895757.0,0.9999,,,0.09,41.0,13.0,23.0
2020-07-04,229.17,307726.46593,9135.46,2039878540,71770872,123439548.0,0.9997,,,0.09,40.0,13.0,23.0
2020-07-05,227.56,355747.12006,9069.41,2061643094,72525879,126205313.0,0.9997,,,0.09,38.0,13.0,25.0
2020-07-06,241.6,864817.507,9344.2,2083716129,72903691,123501772.0,0.9996,27.94,119.2852,0.09,40.0,13.0,25.0
2020-07-07,239.39,600424.97209,9257.39,2198067688,76425233,138495482.0,1.0001,29.43,119.5717,0.09,43.0,13.0,25.0
2020-07-08,246.95,958185.83708,9436.06,2199946230,74359506,153656372.0,0.9998,28.08,119.5525,0.09,44.0,13.0,25.0
2020-07-09,241.98,647641.58291,9232.43,2338511330,79205204,160199722.0,1.0,29.26,119.5129,0.09,44.0,13.0,25.0
2020-07-10,241.26,455025.12385,9288.34,2335577251,83592956,159673156.0,1.0,27.29,119.3509,0.09,41.0,13.0,25.0
2020-07-11,239.19,294476.00626,9234.03,2345072800,82885319,153118910.0,1.0,,,0.09,44.0,13.0,25.0
2020-07-12,242.79,469315.1172,9302.75,2383208057,86115983,169445826.0,1.0001,,,0.09,41.0,13.0,24.0
2020-07-13,239.5,604093.04245,9242.62,2398826107,88232457,191566427.0,1.0007,32.19,119.1891,0.09,43.0,13.0,24.0
2020-07-14,240.44,426320.89188,9255.85,2420443899,86627802,198199322.0,1.0,29.52,119.3901,0.09,43.0,13.0,24.0
2020-07-15,238.61,368350.66518,9197.6,2372840192,89049405,196437939.0,1.001,27.76,119.0331,0.09,44.0,13.0,24.0
2020-07-16,233.57,587161.73894,9133.72,2413353321,92478285,210924741.0,1.0005,28.0,118.9275,0.09,43.0,13.0,24.0
2020-07-17,232.67,325600.21444,9154.32,2414374942,96702770,213301347.0,1.0003,25.68,119.124,0.09,41.0,13.0,24.0
2020-07-18,235.67,341356.6182,9170.28,2528172572,101045153,244329338.0,0.9999,,,0.09,44.0,13.0,24.0
2020-07-19,239.11,348803.52073,9208.99,2538505370,103983282,240844088.0,0.9995,,,0.09,41.0,14.0,34.0
2020-07-20,236.01,396657.91938,9160.78,2753494519,110030663,349853150.0,0.9997,24.46,119.0483,0.09,44.0,14.0,34.0
2020-07-21,245.59,637462.08074,9390.0,2953971382,110049099,453478436.0,0.9994,24.84,118.4042,0.09,44.0,14.0,34.0
2020-07-22,263.74,718417.68296,9518.16,3054564955,115474628,500363276.0,0.9981,24.32,118.1337,0.09,50.0,14.0,34.0
2020-07-23,275.3,1068774.57879,9603.27,3210605288,119854968,521108992.0,0.9991,26.08,118.0613,0.09,55.0,14.0,34.0
2020-07-24,279.15,926033.06692,9537.8,3426440852,124086162,591254138.0,0.9987,25.84,118.1329,0.09,53.0,14.0,34.0
2020-07-25,305.26,1058927.30554,9700.42,3479650403,132604793,552271561.0,0.9989,,,0.09,55.0,14.0,34.0
2020-07-26,311.0,1270368.753,9931.54,3511363205,147687056,621524195.0,0.999,,,0.09,55.0,15.0,63.0
2020-07-27,321.93,1636122.34727,11029.96,3425316368,152540638,471939976.0,0.9984,24.74,117.3869,0.09,58.0,15.0,63.0
2020-07-28,316.77,1093231.55578,10906.27,3395916701,162258558,384847356.0,0.9979,25.44,117.3189,0.09,76.0,15.0,63.0
2020-07-29,317.71,792802.32148,11100.53,3406330580,160962953,373754228.0,0.9992,24.1,117.2126,0.09,71.0,15.0,63.0
2020-07-30,334.87,1008827.56698,11099.61,3523826771,156623812,407368505.0,0.9988,24.76,117.4008,0.09,76.0,15.0,63.0
2020-07-31,346.33,948088.44982,11335.46,3632924677,158594918,462325379.0,0.9984,24.46,117.2082,0.09,75.0,15.0,63.0
2020-08-01,387.0,1440843.34203,11801.17,3761502667,168043320,494082479.0,0.9987,,,0.1,75.0,15.0,63.0
2020-08-02,372.42,2324909.09616,11071.35,3990659182,187806910,490568392.0,1.0,,,0.1,80.0,14.0,66.0
2020-08-03,385.94,1191565.09389,11219.81,3887099640,177228107,521072176.0,0.999,24.28,117.8074,0.1,75.0,14.0,66.0
2020-08-04,389.61,1180792.42379,11191.97,4030468458,190972151,476133042.0,0.9995,23.76,117.7833,0.1,72.0,14.0,66.0
2020-08-05,400.72,1124119.0672,11744.91,4074452908,197497717,479335393.0,0.9989,22.99,116.8736,0.1,75.0,14.0,66.0
2020-08-06,394.77,821379.08397,11762.46,4279607614,205479696,483245556.0,0.9992,22.65,117.0422,0.1,79.0,14.0,66.0
2020-08-07,379.34,1041207.35946,11594.23,4217507871,210303478,491674122.0,0.9989,22.21,117.6239,0.1,77.0,14.0,66.0
2020-08-08,397.03,623029.78053,11761.41,4280508106,218033731,531341998.0,0.9994,,,0.1,77.0,14.0,66.0
2020-08-09,390.14,594900.58133,11681.68,4378644330,233220872,554227431.0,0.9994,,,0.1,79.0,17.0,50.0
2020-08-10,395.44,826969.90633,11892.92,4477954700,240078482,594163572.0,0.9991,22.13,117.5821,0.1,78.0,17.0,50.0
2020-08-11,379.0,992412.6023,11392.08,4531244051,246323459,541829895.0,1.0004,24.03,117.3781,0.1,84.0,17.0,50.0
2020-08-12,387.18,751848.7983,11564.33,4463565026,251875466,528978533.0,0.9997,22.28,117.2559,0.1,75.0,17.0,50.0
2020-08-13,424.54,1511330.7732,11780.0,4505273736,308216195,515902188.0,0.9987,22.13,117.1193,0.1,75.0,17.0,50.0
2020-08-14,438.11,1109670.94324,11760.54,4723600020,292148633,533968202.0,0.9988,22.05,116.9395,0.1,78.0,17.0,50.0
2020-08-15,432.32,681698.5971,11852.4,5570047314,283654007,942538769.0,0.9994,,,0.1,79.0,17.0,50.0
2020-08-16,433.62,716666.25258,11911.0,5914500817,288564678,1017388129.0,0.9997,,,0.1,82.0,17.0,44.0
2020-08-17,430.89,868870.64996,12281.13,5990505598,290184216,1068762948.0,0.9987,21.35,116.749,0.1,83.0,17.0,44.0
2020-08-18,421.95,743254.57018,11945.01,6232852545,289557550,1156489821.0,0.9993,21.51,116.5593,0.1,82.0,17.0,44.0
2020-08-19,407.46,978339.69221,11754.59,6205057307,312003916,1125343188.0,0.9997,22.54,116.567,0.1,80.0,17.0,44.0
2020-08-20,415.94,663555.73445,11853.55,6249386807,323641836,1225342304.0,0.9994,22.72,116.8126,0.1,75.0,17.0,44.0
2020-08-21,387.97,860998.7256,11531.34,6498882106,315101191,1275748623.0,1.0002,22.54,117.0572,0.1,81.0,17.0,44.0
2020-08-22,395.24,643235.76543,11662.96,6392078041,286779827,1316913415.0,0.9995,,,0.1,78.0,17.0,44.0
2020-08-23,390.71,445317.81989,11648.13,6335537512,301847223,1329275300.0,0.9996,,,0.1,76.0,16.0,32.0
2020-08-24,407.68,717403.81877,11748.2,6401867358,303158184,1326291415.0,0.9998,22.37,116.912,0.1,78.0,16.0,32.0
2020-08-25,382.93,970445.38395,11318.42,6489561469,317812451,1333412430.0,0.9996,22.03,116.8206,0.1,75.0,16.0,32.0
2020-08-26,385.81,738690.7794,11461.43,6769424974,304761863,1425205832.0,0.9994,23.27,116.6243,0.1,76.0,16.0,32.0
2020-08-27,383.27,877763.73658,11330.38,6952883744,323104307,1483946183.0,1.0,24.47,116.649,0.1,75.0,16.0,32.0
2020-08-28,395.11,732601.46905,11526.91,7084338137,322762931,1461689013.0,0.9995,22.96,115.9374,0.1,74.0,16.0,32.0
2020-08-29,398.65,659802.63344,11465.84,7528111384,535868447,1539444017.0,0.9996,,,0.1,79.0,16.0,32.0
2020-08-30,428.94,894979.71788,11711.16,7844581324,650495414,1623540871.0,0.9999,,,0.1,75.0,20.0,50.0
2020-08-31,433.79,1040748.68881,11649.51,8207584728,952260979,1700088445.0,0.9997,26.41,115.7586,0.1,75.0,20.0,50.0
2020-09-01,475.4,1751354.57719,11921.97,8433963988,1387110161,1538557410.0,0.9996,26.12,115.5687,0.09,75.0,20.0,50.0
2020-09-02,439.5,1880642.46853,11388.54,9410680700,1970084492,1563134880.0,0.9992,26.57,116.0304,0.09,83.0,20.0,50.0
2020-09-03,381.4,2408569.34151,10140.85,9265430916,1931960851,1469010708.0,0.9985,33.6,116.0685,0.09,79.0,20.0,50.0
2020-09-04,385.26,1806488.22474,10446.25,8896526476,1779465349,1493953067.0,0.9993,30.75,116.0347,0.09,40.0,20.0,50.0
2020-09-05,335.01,2777166.51389,10166.69,8830318893,1975709861,1445457141.0,0.9999,,,0.09,41.0,20.0,50.0
2020-09-06,352.8,2017811.14721,10256.2,7572257943,1255949131,1342809076.0,0.9999,,,0.09,41.0,18.0,35.0
2020-09-07,353.59,1740618.42462,10373.44,7791526356,1635535218,1368384375.0,1.0,,,0.09,41.0,18.0,35.0
2020-09-08,337.39,1400246.82962,10126.65,7742612698,1734261681,1321124751.0,1.0002,31.46,116.4618,0.09,41.0,18.0,35.0
2020-09-09,350.85,879760.56255,10219.2,7630678702,1583259625,1307499572.0,0.9998,28.81,116.1291,0.09,38.0,18.0,35.0
2020-09-10,367.93,1134287.61137,10336.87,7792862111,529810001,1396997371.0,0.9997,29.71,115.8806,0.09,38.0,18.0,35.0
2020-09-11,373.63,844017.59966,10387.89,8446563736,1082366294,1525024147.0,0.9994,26.87,116.0866,0.09,41.0,18.0,35.0
2020-09-12,387.78,766542.31635,10440.92,8400517893,766390394,1441543587.0,0.9999,,,0.09,41.0,18.0,35.0
2020-09-13,366.42,989195.69047,10332.83,8599335006,714045171,1512806357.0,0.9999,,,0.09,38.0,17.0,30.0
2020-09-14,377.12,1042059.62265,10671.77,8394906793,1065454097,1520735659.0,0.9998,25.85,115.6428,0.09,39.0,17.0,30.0
2020-09-15,364.06,883856.33005,10785.31,8527804553,1130309683,1466981966.0,1.0,25.59,115.5908,0.09,47.0,17.0,30.0
2020-09-16,365.11,841709.98939,10954.01,8404566843,961943393,1490913670.0,1.0,26.04,115.3537,0.09,43.0,17.0,30.0
2020-09-17,389.36,1256300.411,10939.99,8199967636,926966084,1409177184.0,0.9999,26.46,115.4392,0.09,48.0,17.0,30.0
2020-09-18,384.39,804194.47219,10933.39,8733120313,1402525305,1352452105.0,0.9999,25.83,115.2395,0.09,49.0,17.0,30.0
2020-09-19,385.25,570908.33553,11080.65,9199912198,1919900821,1326091707.0,0.9999,,,0.09,48.0,17.0,30.0
2020-09-20,371.04,693164.40144,10920.28,9876592771,2146161095,1333588818.0,1.0001,,,0.09,52.0,15.0,27.0
2020-09-21,340.36,1283946.03098,10417.22,10055555512,2172313316,1333287783.0,1.0001,27.78,116.378,0.09,48.0,15.0,27.0
2020-09-22,344.21,842731.12878,10529.61,9393173228,1981776009,1190604347.0,0.9999,26.86,116.5438,0.09,39.0,15.0,27.0
2020-09-23,320.72,940904.49756,10241.46,9429095749,2002835342,1198194161.0,1.0004,28.58,117.2526,0.09,43.0,15.0,27.0
2020-09-24,348.97,1071705.09721,10736.32,9467651325,1914243904,1371209230.0,0.9998,28.51,117.5473,0.09,39.0,15.0,27.0
2020-09-25,351.92,860643.77924,10686.67,9788239508,2098300493,1344369327.0,0.9995,26.38,117.8679,0.09,46.0,15.0,27.0
2020-09-26,353.92,530879.20755,10728.6,10033391998,2140467014,1387435451.0,0.9998,,,0.09,45.0,15.0,27.0
2020-09-27,357.49,569568.55041,10774.25,10305337261,2197893417,1517961867.0,0.9999,,,0.09,47.0,14.0,22.0
2020-09-28,353.96,757758.4304,10696.12,10216001553,2238377688,1471598695.0,1.0003,26.19,117.6178,0.09,43.0,14.0,22.0
2020-09-29,359.79,585143.16892,10840.48,10332651976,2284597985,1594587460.0,1.0,26.27,117.526,0.09,45.0,14.0,22.0
2020-09-30,359.83,498943.23226,10776.59,10326440119,2332735343,1549365515.0,0.9999,26.37,116.946,0.09,49.0,14.0,22.0
2020-10-01,352.85,758349.31959,10619.13,10145825104,2416607249,1470388342.0,1.0003,26.7,116.7227,0.09,45.0,14.0,22.0
2020-10-02,345.6,733571.84211,10570.4,10200415800,2429254525,1501053598.0,0.9998,27.63,116.7321,0.09,41.0,14.0,22.0
2020-10-03,345.95,303595.71901,10542.06,9748346052,2408563503,1346567980.0,0.9997,,,0.09,40.0,14.0,22.0
2020-10-04,352.37,343932.91712,10666.63,9914090237,2451269957,1350031031.0,0.9998,,,0.09,42.0,13.0,21.0
2020-10-05,353.62,376740.30692,10792.21,9892893536,2483169555,1319338289.0,0.9999,27.96,116.1767,0.09,42.0,13.0,21.0
2020-10-06,340.75,640063.26951,10599.66,9747639083,2507653565,1182702014.0,1.0001,29.48,116.2681,0.09,47.0,13.0,21.0
2020-10-07,341.58,541928.86376,10666.39,9318267012,2422493939,1173893268.0,0.9999,28.06,116.3447,0.09,43.0,13.0,21.0
2020-10-08,350.95,631794.8756,10925.57,9061131098,2443182818,1082928572.0,0.9997,26.36,116.1657,0.09,46.0,13.0,21.0
2020-10-09,365.02,650478.19338,11050.64,9305726080,2578923853,1069286057.0,0.9995,25.0,115.2757,0.09,48.0,13.0,21.0
2020-10-10,370.52,591005.32129,11293.22,9722276407,2691869975,1101950442.0,0.9994,,,0.09,53.0,13.0,21.0
2020-10-11,374.16,373318.23779,11369.02,9871684405,2803223500,1061227409.0,0.9997,,,0.09,55.0,12.0,21.0
2020-10-12,386.51,844422.65444,11528.25,9970519312,2895295545,1044283850.0,0.9994,25.07,,0.09,52.0,12.0,21.0
2020-10-13,381.04,645141.91394,11420.56,9990606706,2924140779,1039337579.0,0.9995,26.07,115.9107,0.09,56.0,12.0,21.0
2020-10-14,378.69,569557.82936,11417.89,10051250216,2881561172,1063776606.0,0.9994,26.4,115.6872,0.09,53.0,12.0,21.0
2020-10-15,377.64,634038.09453,11505.12,10050360121,3000008992,1033137246.0,0.9994,26.97,116.0964,0.09,56.0,12.0,21.0
2020-10-16,365.5,654029.36404,11319.32,9930149526,3036420892,1013360492.0,0.9994,27.41,115.7679,0.09,52.0,12.0,21.0
2020-10-17,368.32,285578.24537,11360.2,9743878518,2936524394,1003536970.0,0.9997,,,0.09,56.0,12.0,21.0
2020-10-18,378.11,323468.47095,11503.14,9704822598,2935360806,979587065.0,0.9995,,,0.09,55.0,13.0,27.0
2020-10-19,379.3,577252.90265,11751.47,9815637246,2993604412,989796758.0,0.9995,29.18,115.4031,0.09,55.0,13.0,27.0
2020-10-20,368.52,617309.81677,11909.99,9843264813,3011179267,968794272.0,0.9991,29.35,115.2485,0.09,56.0,13.0,27.0
2020-10-21,390.38,1221663.63784,12780.96,9591888440,2928791695,899280626.0,0.9982,28.65,114.9108,0.09,61.0,13.0,27.0
2020-10-22,413.98,1095897.20667,12968.52,9725785479,2974468578,932239515.0,0.9988,28.11,115.1158,0.09,73.0,13.0,27.0
2020-10-23,409.11,727832.3224,12923.07,9921668666,2961467703,1022962269.0,0.9991,27.55,115.0126,0.09,74.0,13.0,27.0
2020-10-24,412.14,419236.87106,13111.73,10008209832,2853540026,1128877665.0,0.999,,,0.09,73.0,13.0,27.0
2020-10-25,405.86,415586.9761,13028.83,10125177972,2941537194,1138364481.0,0.999,,,0.09,76.0,12.0,26.0
2020-10-26,392.52,895142.67266,13052.19,10127307927,2983072078,1119064416.0,0.9988,32.46,115.2797,0.09,75.0,12.0,26.0
2020-10-27,403.45,754261.74114,13636.17,9844749016,3002397407,1004721877.0,0.9996,33.35,115.0131,0.09,61.0,12.0,26.0
2020-10-28,388.23,855275.46882,13266.4,9992836699,3057525170,986776251.0,0.9996,40.28,115.8023,0.09,70.0,12.0,26.0
2020-10-29,387.13,573096.01416,13455.7,9907881598,2975000969,1002413791.0,0.9994,37.59,116.3069,0.09,67.0,12.0,26.0
2020-10-30,382.49,771750.74746,13560.1,9860104700,2941984807,959599065.0,0.9994,38.02,116.1354,0.09,74.0,12.0,26.0
2020-10-31,386.46,467453.8105,13791.0,9698573476,2924666497,963701873.0,0.999,,,0.09,73.0,12.0,26.0
2020-11-01,396.67,438952.95565,13761.5,9878538103,2993884067,987058133.0,0.9994,,,0.09,72.0,11.0,30.0
2020-11-02,383.02,779968.57957,13549.37,9873320919,3019263836,977491481.0,0.9991,37.13,116.2361,0.09,71.0,11.0,30.0
2020-11-03,387.88,752954.37114,14023.53,9629428640,2897434559,978924578.0,0.9994,35.55,115.4802,0.09,71.0,11.0,30.0
2020-11-04,402.49,1157064.35076,14144.01,9574772240,2872741684,963913158.0,0.9989,29.57,115.1677,0.09,74.0,11.0,30.0
2020-11-05,416.69,1475139.77342,15590.02,9664822064,2950119010,944673839.0,0.9985,27.58,114.4556,0.09,72.0,11.0,30.0
2020-11-06,455.91,1682440.96026,15579.92,9874047452,2981777547,912300161.0,0.9987,24.86,113.9919,0.09,90.0,11.0,30.0
2020-11-07,435.21,1653416.5961,14818.3,10524335299,3104541139,1035343052.0,0.9988,,,0.09,88.0,11.0,30.0
2020-11-08,454.3,840908.46841,15475.1,10509939726,3023507629,1122926208.0,0.9994,,,0.09,82.0,12.0,36.0
2020-11-09,444.32,1099213.24641,15328.41,10726816021,3115639596,1105354864.0,0.9993,25.75,114.0895,0.09,90.0,12.0,36.0
2020-11-10,450.34,866872.41108,15297.21,11204104231,3220471338,1175271700.0,0.999,24.8,114.0757,0.09,90.0,12.0,36.0
2020-11-11,463.09,1205782.84262,15684.24,11383476536,3251555265,1190225583.0,0.999,23.45,,0.09,86.0,12.0,36.0
2020-11-12,462.39,990776.62912,16291.86,11825134588,3329435760,1208109860.0,0.999,25.35,114.2843,0.09,87.0,12.0,36.0
2020-11-13,476.43,976665.09752,16320.7,11695694954,3295214748,1192418454.0,0.9989,23.1,114.2397,0.09,89.0,12.0,36.0
2020-11-14,460.89,735252.7854,16070.45,11983528065,3377719290,1219847058.0,0.9991,,,0.09,90.0,12.0,36.0
2020-11-15,448.08,665217.56671,15957.0,11798768430,3324409778,1189636578.0,0.9992,,,0.09,86.0,13.0,47.0
2020-11-16,460.55,812060.44638,16713.57,11842644138,3216900192,1218192930.0,0.9995,22.45,113.8312,0.09,90.0,13.0,47.0
2020-11-17,482.15,1151573.37456,17659.38,11919456044,3055162533,1232411139.0,0.9991,22.71,113.682,0.09,86.0,13.0,47.0
2020-11-18,478.41,1477696.29116,17776.12,11685442898,1779059837,1316328015.0,0.9992,23.84,113.46,0.09,91.0,13.0,47.0
2020-11-19,471.25,817418.52685,17802.82,11617600135,1652419037,1343681805.0,0.999,23.11,113.694,0.09,94.0,13.0,47.0
2020-11-20,510.12,1516361.90736,18655.67,11597087230,1620591410,1353978471.0,0.9993,23.7,113.489,0.09,86.0,13.0,47.0
2020-11-21,552.35,1548851.29067,18703.8,12324282573,1690726910,1442246916.0,0.9991,,,0.09,91.0,13.0,47.0
2020-11-22,560.03,1850317.93581,18414.43,12422288261,1706707970,1413758150.0,0.9988,,,0.09,94.0,13.0,78.0
2020-11-23,608.58,2076008.84846,18368.0,12406188548,1737341573,1337781148.0,0.999,22.66,113.7548,0.09,90.0,13.0,78.0
2020-11-24,604.97,1606450.49193,19160.01,12574263026,1805181194,1455224589.0,0.9991,21.64,113.4316,0.09,88.0,13.0,78.0
2020-11-25,569.5,1219440.02727,18719.11,12607513972,1719569322,1471123397.0,0.9998,21.25,113.1823,0.09,94.0,13.0,78.0
2020-11-26,519.83,2683460.74171,17149.47,12396051960,1638751876,1517818958.0,0.9991,,,0.09,93.0,13.0,78.0
2020-11-27,518.68,1088064.28114,17139.52,11281146563,1538338051,1295546354.0,0.9995,20.84,,0.09,86.0,13.0,78.0
2020-11-28,537.52,900508.61431,17719.85,11187830681,1597358966,1287346649.0,0.9992,,,0.09,87.0,13.0,78.0
2020-11-29,576.3,855276.46664,18184.99,11520014524,1633991930,1332612928.0,0.9991,,,0.09,89.0,13.0,58.0
2020-11-30,616.66,1501989.45408,19695.87,12119019421,1697269263,1409363991.0,0.9995,20.57,113.2256,0.09,88.0,13.0,58.0
2020-12-01,585.26,2163875.81376,18764.96,12803388297,1731793193,1513693024.0,0.9993,20.77,112.8063,0.09,95.0,13.0,58.0
2020-12-02,596.89,1069538.65619,19204.09,12731126252,1656405681,1540031262.0,0.9994,21.17,112.6115,0.09,92.0,13.0,58.0
2020-12-03,615.85,935687.91723,19421.9,12907585008,1688412850,1541543528.0,0.9991,21.28,112.0236,0.09,92.0,13.0,58.0
2020-12-04,567.24,1052452.78666,18650.52,13197406236,1746939217,1554414996.0,0.9997,20.79,111.7778,0.09,92.0,13.0,58.0
2020-12-05,596.8,701567.95564,19147.66,12571141754,1612152725,1518248673.0,0.9995,,,0.09,93.0,13.0,58.0
2020-12-06,601.54,602496.96339,19359.4,12936639955,1723068048,1483194585.0,0.9994,,,0.09,95.0,14.0,41.0
2020-12-07,591.28,498329.37589,19166.9,13005534015,1727020020,1460106955.0,0.9997,21.3,111.8385,0.09,94.0,14.0,41.0
2020-12-08,554.94,804443.00717,18324.11,13080981635,1718659489,1483199523.0,1.0004,20.68,111.8639,0.09,95.0,14.0,41.0
2020-12-09,573.09,997192.16738,18541.28,12687681825,1623541124,1450566230.0,0.9996,22.27,112.0305,0.09,86.0,14.0,41.0
2020-12-10,558.99,608414.51466,18254.63,12667710662,1686972352,1405459918.0,1.0,22.52,111.9788,0.09,94.0,14.0,41.0
2020-12-11,544.43,768921.78317,18036.53,12452972579,1619751311,1371100428.0,1.0,23.31,112.1417,0.09,89.0,14.0,41.0
2020-12-12,568.04,573913.95311,18808.69,12167050737,1603542343,1322305412.0,0.9996,,,0.09,90.0,14.0,41.0
2020-12-13,590.7,657794.46158,19174.99,12637314013,1665301890,1382534918.0,1.0004,,,0.09,91.0,14.0,55.0
2020-12-14,586.29,493012.02706,19273.14,12984079772,1714215274,1442118802.0,1.0002,24.72,112.1708,0.09,95.0,14.0,55.0
2020-12-15,588.64,569270.52011,19426.43,12977736155,1718395756,1419845524.0,0.9996,22.89,111.8601,0.09,91.0,14.0,55.0
2020-12-16,637.18,1185588.05078,21335.52,13268720516,1737615937,1461520592.0,0.9992,22.5,111.7157,0.09,92.0,14.0,55.0
2020-12-17,642.7,2006130.01975,22797.16,13515110299,1802581287,1456800377.0,0.9996,21.93,111.2226,0.09,92.0,14.0,55.0
2020-12-18,653.85,1000012.98018,23107.39,13967084205,1805734171,1597265004.0,0.9988,21.57,111.6071,0.09,95.0,14.0,55.0
2020-12-19,658.03,858803.88459,23821.61,13950038871,1835925414,1554315444.0,0.999,,,0.09,93.0,14.0,55.0
2020-12-20,638.18,823958.22843,23455.52,14373816374,1843977431,1608744660.0,0.9993,,,0.09,92.0,13.0,59.0
2020-12-21,607.58,843251.16565,22719.71,14131709453,1818254814,1563588447.0,0.9996,25.16,111.9415,0.09,92.0,13.0,59.0
2020-12-22,636.45,918851.25654,23810.79,13661922869,1842379731,1460869888.0,0.9998,24.23,112.1947,0.09,88.0,13.0,59.0
2020-12-23,585.56,1208807.36518,23232.76,13966871763,1916916984,1504612156.0,1.0002,23.31,111.9807,0.09,93.0,13.0,59.0
2020-12-24,612.31,886335.86333,23729.2,13859906051,1873788162,1494043682.0,1.0004,21.53,,0.09,86.0,13.0,59.0
2020-12-25,626.82,798009.62915,24712.47,13776883205,1993017745,1424455658.0,1.0003,,,0.09,94.0,13.0,59.0
2020-12-26,637.44,958585.50647,26493.39,14391031898,2014070117,1538391852.0,1.0005,,,0.09,93.0,13.0,59.0
2020-12-27,685.11,1859968.15029,26281.66,14597029518,2003911467,1492484959.0,1.0011,,,0.09,91.0,14.0,100.0
2020-12-28,730.41,1627154.39266,27079.41,14623311922,2040778796,1496243263.0,1.0016,21.7,111.9752,0.09,92.0,14.0,100.0
2020-12-29,732.0,1106876.35855,27385.0,15480590017,2099798099,1639873469.0,1.0008,23.08,111.5172,0.09,91.0,14.0,100.0
2020-12-30,752.17,1008574.09906,28875.54,15523330775,2153883009,1621802656.0,0.9997,22.77,111.3084,0.09,91.0,14.0,100.0
2020-12-31,736.42,863375.57981,28923.63,15067393849,2166260763,1677660114.0,0.9986,22.75,111.3169,0.09,95.0,14.0,100.0
2021-01-01,728.91,675114.09329,29331.69,15313433312,2245933891,1736188234.0,0.9974,,,0.09,94.0,14.0,100.0
2021-01-02,774.56,1352618.57668,32178.33,15398582859,2240929592,1780883178.0,0.9989,,,0.09,94.0,14.0,100.0
2021-01-03,978.28,2813603.88615,33000.05,15844734388,2321646569,1785602557.0,0.9992,,,0.09,93.0,4.0,59.0
2021-01-04,1041.43,4245010.94004,31988.71,17433372218,2644755178,1953151436.0,0.9994,26.97,111.2075,0.09,94.0,4.0,59.0
2021-01-05,1099.56,2706995.67525,33949.53,18259396575,2774545936,2078222606.0,0.9969,25.34,110.9574,0.09,93.0,4.0,59.0
2021-01-06,1208.42,2390136.59334,36769.36,20041807756,3021652636,2210745069.0,0.9975,25.07,110.8502,0.09,95.0,4.0,59.0
2021-01-07,1224.87,1972922.82059,39432.28,21428145786,3236527904,2361847231.0,0.9985,22.37,111.3042,0.09,91.0,4.0,59.0
2021-01-08,1216.93,2131172.92341,40582.81,21887379778,3323304209,2509907817.0,0.9991,21.56,111.2847,0.09,93.0,4.0,59.0
2021-01-09,1276.0,1448871.11514,40088.22,22333804802,3338866619,2530823716.0,0.9966,,,0.09,93.0,4.0,59.0
2021-01-10,1254.25,1951179.35003,38150.02,22292318709,3439474619,2483747733.0,0.9997,,,0.09,94.0,4.0,47.0
2021-01-11,1087.01,4099450.90046,35404.47,22452026103,3325402717,2546736080.0,0.9997,24.08,111.8257,0.09,90.0,4.0,47.0
2021-01-12,1050.16,2302645.34052,34051.24,20017148509,2992739886,2211238181.0,1.0006,23.33,111.5501,0.09,84.0,4.0,47.0
2021-01-13,1129.89,1564202.39081,37371.38,20269578977,2970174791,2277301089.0,0.9998,22.21,111.3622,0.09,78.0,4.0,47.0
2021-01-14,1231.62,1555737.38556,39144.5,21240301655,3174061839,2326260686.0,1.0014,23.25,111.1567,0.09,83.0,4.0,47.0
2021-01-15,1168.53,1944038.83738,36742.22,22241894243,3334662844,2398205020.0,0.9999,24.34,111.5106,0.09,88.0,4.0,47.0
2021-01-16,1227.83,1575384.43797,35994.98,21681150973,3287613918,2496778088.0,1.0001,,,0.09,84.0,4.0,47.0
2021-01-17,1232.45,1317285.00579,35828.61,22482481040,3353959728,2737164323.0,1.0004,,,0.09,79.0,4.0,39.0
2021-01-18,1258.45,998050.11073,36631.27,22599389603,3369644102,2682725946.0,0.9996,,,0.09,79.0,4.0,39.0
2021-01-19,1365.36,2278852.55758,35891.49,23080189297,3445716283,2771243991.0,0.9997,23.24,111.4527,0.09,80.0,4.0,39.0
2021-01-20,1376.99,2219137.62144,35468.23,24543840811,3559031396,2875159479.0,0.9995,21.58,,0.09,78.0,4.0,39.0
2021-01-21,1110.96,2310208.57298,30850.13,23628340497,3595544496,2577243841.0,1.0006,21.32,111.1973,0.09,75.0,4.0,39.0
2021-01-22,1232.62,2020593.21673,32945.17,21542376968,3042711165,2494799833.0,0.9992,21.91,111.5516,0.09,40.0,4.0,39.0
2021-01-23,1233.6,1009545.08258,32078.0,22796893252,3354932672,2515307956.0,0.9993,,,0.09,74.0,4.0,39.0
2021-01-24,1392.51,1510879.53817,32259.9,23528586294,3303205558,2660922186.0,0.999,,,0.09,70.0,4.0,38.0
2021-01-25,1317.88,1885441.31289,32254.2,25473033726,3681178101,2852577757.0,1.0,23.19,111.8676,0.09,74.0,4.0,38.0
2021-01-26,1365.97,1682923.65799,32467.77,25813721185,3507643414,2947020835.0,0.9991,23.02,111.6572,0.09,71.0,4.0,38.0
2021-01-27,1239.03,2009772.08358,30366.15,25495542717,3580959672,2697907493.0,0.9982,37.21,112.0782,0.09,78.0,4.0,38.0
2021-01-28,1329.69,1365269.71962,33364.86,24525183771,3403694807,2630323512.0,0.9976,30.21,112.0059,0.09,55.0,4.0,38.0
2021-01-29,1379.5,2253963.18682,34252.2,26027737408,3575835608,2851928496.0,0.9995,33.09,111.9511,0.09,77.0,4.0,38.0
2021-01-30,1378.05,1040042.2363,34262.88,27074523123,3605557452,3022498117.0,0.9988,,,0.09,76.0,4.0,38.0
2021-01-31,1312.55,958704.85571,33092.98,27008023692,3626303421,2862768388.0,0.9991,,,0.09,78.0,6.0,47.0
2021-02-01,1374.17,1096397.91862,33526.37,26951162223,3508437831,2965760613.0,0.9998,30.24,112.4189,0.08,77.0,6.0,47.0
2021-02-02,1511.87,1944227.99878,35466.24,27522631977,3667020763,2845347094.0,0.9991,25.56,112.2862,0.08,76.0,6.0,47.0
2021-02-03,1664.49,1535869.88801,37618.87,29008397743,3852012069,2853025084.0,0.9989,22.91,112.2567,0.08,78.0,6.0,47.0
2021-02-04,1595.67,1646502.32962,36936.66,32577056914,4157573372,3203041618.0,0.999,21.77,112.7469,0.08,80.0,6.0,47.0
2021-02-05,1719.19,1194123.29946,38290.24,33504713611,4048364996,3528477088.0,0.9992,20.87,112.2379,0.08,81.0,6.0,47.0
2021-02-06,1676.35,1149808.33101,39186.94,35801001743,4244257024,3909942513.0,0.9985,,,0.08,84.0,6.0,47.0
2021-02-07,1611.62,1281734.86814,38795.69,35568578562,4114457582,3712317468.0,0.9982,,,0.08,86.0,5.0,53.0
2021-02-08,1750.15,1339777.09536,46374.87,34840530434,4083651132,3649874801.0,0.999,21.24,112.0428,0.08,83.0,5.0,53.0
2021-02-09,1769.13,1185071.89593,46420.42,37499351350,4408821941,3976404167.0,0.9988,21.63,111.7675,0.08,95.0,5.0,53.0
2021-02-10,1740.78,1219932.25474,44807.58,39006702601,4465993665,4007760739.0,0.9994,21.99,111.5834,0.08,92.0,5.0,53.0
2021-02-11,1785.62,735079.82699,47969.51,40254318624,4453060211,4298149263.0,0.9993,21.25,111.5272,0.08,93.0,5.0,53.0
2021-02-12,1840.26,909600.20653,47287.6,41503282708,4644020058,4021527707.0,0.9978,19.97,111.4889,0.08,92.0,5.0,53.0
2021-02-13,1814.96,767589.07285,47153.69,42312108470,4734414020,4027442154.0,0.9987,,,0.08,92.0,5.0,53.0
2021-02-14,1800.42,675261.77873,48577.79,41606018760,4712409288,3988657206.0,0.9991,,,0.08,95.0,5.0,51.0
2021-02-15,1779.25,1053474.57879,47911.1,42014417010,4688774749,4156647754.0,0.9999,,,0.08,93.0,5.0,51.0
2021-02-16,1781.99,817493.47513,49133.45,41604563156,4644464892,4125263876.0,1.0,21.46,111.7879,0.08,95.0,5.0,51.0
2021-02-17,1849.88,795711.63311,52119.71,42153759983,4742433974,4121145946.0,0.9997,21.5,112.0204,0.08,95.0,5.0,51.0
2021-02-18,1939.61,937227.10191,51552.6,43078368514,4946385168,4089477108.0,0.9999,22.49,112.1603,0.08,91.0,5.0,51.0
2021-02-19,1955.0,793404.4115,55906.0,44814972077,5081962541,4242094053.0,0.9997,22.05,111.7058,0.08,93.0,5.0,51.0
2021-02-20,1913.0,1261315.81279,55841.19,46364380778,5143640494,4243124983.0,0.9991,,,0.08,91.0,5.0,51.0
2021-02-21,1933.53,756568.19743,57408.57,48029076986,5079222749,4618348979.0,0.9992,,,0.08,91.0,5.0,52.0
2021-02-22,1777.58,1807244.98099,54087.67,48462571484,5196395522,4436318832.0,0.9999,23.45,111.918,0.08,94.0,5.0,52.0
2021-02-23,1577.89,2547837.82068,48891.0,45422277502,4751736108,4137272401.0,1.0004,23.11,111.8981,0.08,94.0,5.0,52.0
2021-02-24,1623.39,1384388.81727,49676.2,39480689491,4281552943,3464990124.0,0.9995,21.34,111.7212,0.08,76.0,5.0,52.0
2021-02-25,1481.75,1032670.79409,47073.73,43083285679,4555536926,3877856689.0,1.0001,28.89,111.9253,0.08,79.0,5.0,52.0
2021-02-26,1444.59,1355973.29378,46276.87,42216843741,4242186069,3751233345.0,0.9997,27.95,112.8306,0.08,55.0,5.0,52.0
2021-02-27,1458.13,927423.0475,46106.43,40213504586,4178056260,3433845280.0,0.9993,,,0.08,56.0,5.0,52.0
2021-02-28,1419.18,1410207.56284,45135.66,40651666193,4227322047,3484998493.0,0.9983,,,0.08,55.0,4.0,35.0
2021-03-01,1569.86,1094695.17839,49587.03,39518770517,4209979518,3362881551.0,0.999,23.35,112.5263,0.07,38.0,4.0,35.0
2021-03-02,1486.78,1061142.38743,48440.65,42892959651,4543002024,3695726055.0,0.9992,24.1,112.5342,0.07,78.0,4.0,35.0
2021-03-03,1567.69,1054846.31471,50349.37,43374155467,4394474482,3880580377.0,0.9995,26.67,112.7617,0.07,78.0,4.0,35.0
2021-03-04,1539.23,946365.67088,48374.09,45485895394,4527004209,4117530960.0,1.0003,28.57,112.7037,0.07,84.0,4.0,35.0
2021-03-05,1528.31,910786.28976,48751.71,44856957876,4468860990,3948744125.0,0.9999,24.66,113.7487,0.07,77.0,4.0,35.0
2021-03-06,1650.35,1013300.93928,48882.2,44012539293,4460641399,3703489980.0,0.9997,,,0.07,77.0,4.0,35.0
2021-03-07,1726.16,848470.78136,50971.75,45381915293,4711764317,3766394628.0,0.9997,,,0.07,76.0,5.0,39.0
2021-03-08,1833.18,1149711.39987,52375.17,44164948434,4879046823,3961957086.0,0.9995,25.47,114.2678,0.07,81.0,5.0,39.0
2021-03-09,1870.51,857229.47855,54884.5,45319729091,5091609488,3951698963.0,0.9997,24.03,113.928,0.07,81.0,5.0,39.0
2021-03-10,1795.12,937230.62831,55851.59,47589547807,5254019809,4076533795.0,0.9999,22.56,113.5881,0.07,68.0,5.0,39.0
2021-03-11,1825.78,909011.4961,57773.16,47573848752,5059123047,4106565364.0,0.9998,21.91,112.9214,0.07,73.0,5.0,39.0
2021-03-12,1766.1,869564.6361,57221.72,48130998230,5184072933,4100260485.0,1.0,20.69,113.0269,0.07,70.0,5.0,39.0
2021-03-13,1922.35,926283.22642,61188.39,49468737783,5170629211,4153708514.0,1.0005,,,0.07,74.0,5.0,39.0
2021-03-14,1848.1,637963.63627,58968.31,52387171847,5566381002,4321860298.0,1.0,,,0.07,78.0,4.0,33.0
2021-03-15,1793.48,1025326.79658,55605.2,51922615006,5487335931,4327637232.0,1.0001,20.03,113.1928,0.07,76.0,4.0,33.0
2021-03-16,1805.12,764993.40147,56900.75,50130476311,5396777407,4103078944.0,0.9997,19.79,112.9839,0.07,71.0,4.0,33.0
2021-03-17,1823.58,658349.44843,58912.97,50685405067,5469780624,4138737456.0,0.9997,19.23,113.1589,0.07,71.0,4.0,33.0
2021-03-18,1776.08,603721.61056,57648.16,51572008874,5531254896,4056500888.0,1.0002,21.58,112.7744,0.07,72.0,4.0,33.0
2021-03-19,1809.1,500258.42875,58030.01,52173429881,5417908111,4241512002.0,0.9999,20.95,112.9756,0.07,71.0,4.0,33.0
2021-03-20,1806.1,451556.10639,58102.28,53130228111,5607337113,4313276376.0,1.0,,,0.07,75.0,4.0,33.0
2021-03-21,1782.98,465953.98749,57351.56,54768937279,5618180548,4430637567.0,0.9998,,,0.07,73.0,5.0,28.0
2021-03-22,1680.97,582727.49081,54083.25,52863128002,5513317020,4182188477.0,0.9996,18.88,113.0023,0.07,70.0,5.0,28.0
2021-03-23,1668.08,577213.99589,54340.89,52459191511,5322141133,4226739493.0,0.9998,20.3,113.2916,0.07,66.0,5.0,28.0
2021-03-24,1581.84,753834.52393,52303.65,50722291332,5195939109,4006650412.0,1.0002,21.2,113.6565,0.07,65.0,5.0,28.0
2021-03-25,1585.74,701697.00258,51293.78,50372760975,5024696316,4196862639.0,0.9997,19.81,114.0016,0.07,60.0,5.0,28.0
2021-03-26,1698.84,515470.92907,55025.59,48754045074,5044725999,3879491976.0,0.9994,18.86,113.7406,0.07,54.0,5.0,28.0
2021-03-27,1712.63,443845.49957,55817.14,51376111226,5409542293,4111389531.0,0.9997,,,0.07,65.0,5.0,28.0
2021-03-28,1687.01,348895.51314,55777.63,51947770237,5471378505,4133706056.0,1.0003,,,0.07,74.0,5.0,36.0
2021-03-29,1816.74,647724.46387,57635.47,52956656619,5473366510,4317927902.0,1.0002,20.74,113.9314,0.07,72.0,5.0,36.0
2021-03-30,1840.46,568842.00526,58746.57,55647174361,5726154488,4518439410.0,0.9997,19.61,114.203,0.07,72.0,5.0,36.0
2021-03-31,1919.37,746995.8591,58740.55,58362200833,5782512613,4663603983.0,0.9998,19.4,113.8234,0.07,76.0,5.0,36.0
2021-04-01,1968.05,741585.07266,58720.44,58579168386,5911629952,4547898957.0,1.0002,17.33,113.7389,0.07,74.0,5.0,36.0
2021-04-02,2133.69,846197.93215,58950.01,61289001350,5998214088,4774333098.0,0.9999,,113.7315,0.07,74.0,5.0,36.0
2021-04-03,2008.52,770176.32192,57051.94,64069532850,6324059445,4935565241.0,0.9996,,,0.07,73.0,5.0,36.0
2021-04-04,2075.69,514345.76554,58202.01,69170871898,8465006032,4967929671.0,0.9998,,,0.07,74.0,5.0,36.0
2021-04-05,2107.38,684923.61494,59129.99,70915080545,8810612755,4821454410.0,1.0,17.91,113.394,0.07,71.0,5.0,36.0
2021-04-06,2112.21,673386.05575,57991.15,73940251921,8786633375,4827825988.0,0.9999,18.12,113.1464,0.07,75.0,5.0,36.0
2021-04-07,1963.47,892984.90422,55953.45,74786078122,8778170128,4949548272.0,1.0004,17.16,113.2436,0.07,72.0,5.0,36.0
2021-04-08,2080.46,501355.998,58077.52,70225724767,7820590919,4519705831.0,1.0002,16.95,113.0917,0.07,73.0,5.0,36.0
2021-04-09,2066.87,426387.4379,58142.54,72818943393,8277414039,4538960271.0,1.0004,16.69,113.2028,0.07,70.0,5.0,36.0
2021-04-10,2133.49,655458.20894,59769.13,75191633847,8236547699,4717451176.0,1.0002,,,0.07,70.0,5.0,36.0
2021-04-11,2151.36,392265.50773,60002.43,76889427596,8475445429,4727356856.0,1.0007,,,0.07,76.0,5.0,47.0
2021-04-12,2137.69,579093.35694,59860.0,76927775094,8466698443,4628524484.0,1.0005,16.91,113.1815,0.07,74.0,5.0,47.0
2021-04-13,2299.19,782608.6209,63575.0,78224904805,8450959796,4689734670.0,0.9999,16.65,113.0391,0.07,74.0,5.0,47.0
2021-04-14,2432.6,972931.60866,62959.53,81668698111,8821134790,4816806914.0,1.0,16.99,112.7849,0.07,75.0,5.0,47.0
2021-04-15,2514.04,681950.96645,63159.98,86338006323,9045898504,5218705508.0,0.999,16.57,112.6181,0.07,79.0,5.0,47.0
2021-04-16,2422.67,999163.75205,61334.8,88314461325,9284336166,5492370754.0,0.9987,16.25,112.4814,0.07,78.0,5.0,47.0
2021-04-17,2317.6,624232.25568,60006.66,88275648007,9037120181,5513296735.0,0.9991,,,0.07,76.0,5.0,47.0
2021-04-18,2235.64,1475383.69204,56150.01,88638226523,8783673639,5575860370.0,0.998,,,0.07,79.0,5.0,46.0
2021-04-19,2161.12,820592.26555,55633.14,81090538941,8422400277,4790445904.0,0.9993,17.29,112.1835,0.07,74.0,5.0,46.0
2021-04-20,2330.03,992240.809,56425.0,82658653055,8254033415,5206519768.0,0.999,18.68,112.2354,0.07,73.0,5.0,46.0
2021-04-21,2357.06,1177885.8617,53787.63,83754790914,8868584519,5075665928.0,0.9996,17.5,112.1771,0.07,73.0,5.0,46.0
2021-04-22,2397.94,2220753.09746,51690.96,84465782504,8964460212,5214888445.0,0.9999,18.71,112.2297,0.07,65.0,5.0,46.0
2021-04-23,2367.39,2532242.44185,51125.14,86748958832,9000759944,5697613415.0,0.9991,17.33,112.0889,0.07,55.0,5.0,46.0
2021-04-24,2213.35,997688.94623,50047.84,84914973510,8980529828,4995596427.0,0.9987,,,0.07,37.0,5.0,46.0
2021-04-25,2320.49,857517.38218,49066.77,83666275538,8544298973,4808804404.0,0.999,,,0.07,31.0,5.0,49.0
2021-04-26,2532.6,1076469.01367,54001.39,87155108774,8908671744,5065727093.0,0.9992,17.64,111.8109,0.07,27.0,5.0,49.0
2021-04-27,2666.13,771728.46451,55011.97,95143356236,9534621475,6273546596.0,0.9988,17.56,111.9097,0.07,50.0,5.0,49.0
2021-04-28,2748.24,999383.1852,54846.22,98495217299,9754404638,7111641489.0,0.9991,17.28,111.7909,0.07,59.0,5.0,49.0
2021-04-29,2757.04,863890.01069,53555.0,100648786518,10013094620,7834726418.0,0.9994,17.61,111.7464,0.07,52.0,5.0,49.0
2021-04-30,2772.42,695339.20482,57694.27,99481878823,8370824971,8182559676.0,0.9989,18.61,112.0839,0.07,51.0,5.0,49.0
2021-05-01,2944.77,690260.07741,57800.37,101674327463,8451882680,8572635709.0,0.999,,,0.06,68.0,5.0,49.0
2021-05-02,2949.56,571982.5445,56578.21,105540350199,8664590699,8972705037.0,0.9993,,,0.06,66.0,6.0,97.0
2021-05-03,3431.04,1329088.0628,57169.39,106615732924,8596789090,9293411462.0,0.9992,18.31,112.005,0.06,61.0,6.0,97.0
2021-05-04,3239.01,1826039.38558,53200.01,111899890937,9392185139,10360893252.0,0.9995,19.48,112.2896,0.06,68.0,6.0,97.0
2021-05-05,3524.26,1174816.73588,57436.11,112846963228,9024403275,10829812017.0,0.9988,19.15,112.1514,0.06,48.0,6.0,97.0
2021-05-06,3489.73,920592.57706,56393.68,114897580194,9481490721,9968541694.0,0.9991,18.39,111.8401,0.06,65.0,6.0,97.0
2021-05-07,3479.53,760544.64781,57314.75,117537095473,9289122040,11062167689.0,0.999,16.69,111.0249,0.06,64.0,6.0,97.0
2021-05-08,3910.26,1130467.54852,58862.05,117166617525,9273075961,10760024964.0,0.9987,,,0.06,67.0,6.0,97.0
2021-05-09,3923.95,1000401.0082,58240.84,120721665673,9911717785,10548445686.0,0.9988,,,0.06,73.0,6.0,100.0
2021-05-10,3945.88,1505897.92612,55816.14,121976533671,9892409872,10970606164.0,0.9989,19.66,110.7905,0.06,72.0,6.0,100.0
2021-05-11,4173.45,1095927.10403,56670.02,122217312504,9767588045,11507609054.0,0.9988,21.84,110.8921,0.06,61.0,6.0,100.0
2021-05-12,3823.21,1601842.74017,49631.32,121789969806,10240438297,11047318171.0,1.0001,27.59,111.5636,0.06,68.0,6.0,100.0
2021-05-13,3717.91,2068708.17427,49670.97,120731973048,9341277013,12011259965.0,0.9999,23.13,111.5955,0.06,31.0,6.0,100.0
2021-05-14,4075.01,1153390.42631,49841.45,114937062071,9253060845,11180238830.0,0.999,18.81,111.1353,0.06,26.0,6.0,100.0
2021-05-15,3646.68,1039174.88082,46762.99,118876523477,10106659034,11929810861.0,0.9997,,,0.06,27.0,6.0,100.0
2021-05-16,3582.1,1324065.65875,46431.5,115433783103,9206625672,11892144818.0,0.9997,,,0.06,20.0,6.0,90.0
2021-05-17,3282.51,1904012.43998,43538.04,113335391820,9106013471,12119071809.0,1.0,19.72,111.079,0.06,27.0,6.0,90.0
2021-05-18,3375.07,1287110.84143,42849.78,109378382089,8463957804,11664502490.0,0.9993,21.34,110.8317,0.06,21.0,6.0,90.0
2021-05-19,2438.92,4309836.31939,36690.09,101189767353,8659522796,12248713354.0,0.9983,22.18,110.8807,0.06,23.0,6.0,90.0
2021-05-20,2768.62,2942777.9301,40526.64,86758376166,6567601781,10479514443.0,0.9978,20.67,110.8605,0.06,11.0,6.0,90.0
2021-05-21,2430.98,2727031.93514,37252.01,85631023604,7338676358,10695923787.0,0.9987,20.15,111.0576,0.06,19.0,6.0,90.0
2021-05-22,2294.87,1684318.01157,37449.73,82163616231,6585963939,10663735608.0,0.9992,,,0.06,12.0,6.0,90.0
2021-05-23,2096.39,2914548.73125,34655.25,74693893860,6232803046,9527699520.0,0.9987,,,0.06,14.0,6.0,73.0
2021-05-24,2648.43,2186632.92245,38796.29,71689811883,5744753504,7911926911.0,0.9989,18.4,110.9118,0.06,10.0,6.0,73.0
2021-05-25,2705.11,2115349.50445,38324.72,79359087634,6945975866,9273891116.0,0.9988,18.84,110.842,0.06,22.0,6.0,73.0
2021-05-26,2884.94,1583799.59251,39241.91,81778270407,7262825557,9321677306.0,0.9988,17.36,110.8677,0.06,22.0,6.0,73.0
2021-05-27,2742.23,1099029.91206,38529.98,87119308982,7625779715,10861302454.0,0.9991,16.74,110.8688,0.06,27.0,6.0,73.0
2021-05-28,2412.1,1554584.61362,35663.49,84952523307,7331574880,11382448935.0,0.9995,16.76,110.7576,0.06,21.0,6.0,73.0
2021-05-29,2278.74,1379427.18851,34605.15,79410419152,6888136308,10092659100.0,0.9995,,,0.06,18.0,6.0,73.0
2021-05-30,2385.98,1151113.19883,35641.27,78164308133,6612691795,10617279038.0,0.9994,,,0.06,10.0,5.0,50.0
2021-05-31,2706.15,1307958.04068,37253.81,82558933133,6855373579,11197109826.0,0.9999,,,0.06,18.0,5.0,50.0
2021-06-01,2634.57,1179577.10806,36693.09,85906685024,7455151691,11782508382.0,1.0,17.9,110.5046,0.08,20.0,5.0,50.0
2021-06-02,2706.22,970070.53563,37568.68,87433886963,7255029769,12055393575.0,1.0,17.48,110.5799,0.08,23.0,5.0,50.0
2021-06-03,2857.25,1024290.89423,39246.79,91609856128,7390168869,12383789728.0,0.9998,18.04,111.1782,0.08,24.0,5.0,50.0
2021-06-04,2689.51,1188314.11191,36829.0,92866343602,7651384796,12559954549.0,0.9994,16.42,110.7521,0.08,27.0,5.0,50.0
2021-06-05,2627.73,961824.12413,35513.2,89909035226,7288447665,11679451747.0,0.9998,,,0.08,24.0,5.0,50.0
2021-06-06,2711.92,673792.69369,35796.31,90556561498,7160372740,11903745800.0,0.9999,,,0.08,17.0,5.0,41.0
2021-06-07,2592.05,1152128.07856,33552.79,91144185616,7306233928,12063475663.0,0.9999,16.42,110.5155,0.08,15.0,5.0,41.0
2021-06-08,2507.23,1693747.42759,33380.81,90562450330,6871423010,12272185727.0,0.9993,17.07,110.649,0.08,13.0,5.0,41.0
2021-06-09,2610.18,1276718.24011,37388.05,88809316389,6792623209,11376439467.0,0.9993,17.89,110.5707,0.08,14.0,5.0,41.0
2021-06-10,2471.09,741237.49926,36675.72,90412771053,6995526154,11804812547.0,0.9996,16.1,110.5456,0.08,21.0,5.0,41.0
2021-06-11,2354.01,587364.27358,37331.98,88600196907,6711609495,11882146142.0,1.0002,15.65,111.0933,0.08,21.0,5.0,41.0
2021-06-12,2370.74,767439.4984,35546.11,86513450743,6421932246,11429810802.0,1.0,,,0.08,28.0,5.0,41.0
2021-06-13,2509.33,715948.75986,39020.57,87197939876,6422644755,11073633661.0,0.9999,,,0.08,23.0,5.0,34.0
2021-06-14,2580.77,684183.55622,40516.29,91543023912,6727907017,11148891506.0,0.9999,16.39,110.9659,0.08,28.0,5.0,34.0
2021-06-15,2543.54,599826.64933,40144.04,94235774124,6843663064,11618640208.0,0.9999,17.02,111.3507,0.08,38.0,5.0,34.0
2021-06-16,2367.89,624741.78358,38349.01,92358243973,6792195238,11893001322.0,1.0003,18.15,111.1165,0.08,33.0,5.0,34.0
2021-06-17,2373.28,560667.58566,38092.97,89129142095,6442774014,11024184548.0,1.0,17.75,112.5772,0.08,26.0,5.0,34.0
2021-06-18,2234.09,778905.20197,35819.84,87258342871,6542785677,10786882359.0,0.9997,20.7,113.0408,0.08,25.0,5.0,34.0
2021-06-19,2164.67,496872.24997,35483.72,85512707644,6237281031,10519600876.0,0.9999,,,0.08,23.0,5.0,34.0
2021-06-20,2243.47,743883.64741,35600.16,84723658152,6128757249,10236522374.0,1.0001,,,0.08,21.0,4.0,40.0
2021-06-21,1885.49,1629819.66576,31608.93,79862217128,6262811060,9738547849.0,1.0,17.89,112.8391,0.08,23.0,4.0,40.0
2021-06-22,1879.28,1695338.08052,32509.56,73628903144,5347106523,9353724504.0,0.9998,16.66,112.9174,0.08,10.0,4.0,40.0
2021-06-23,1968.14,918612.30494,33678.07,73468556453,5406384532,8945701258.0,0.9998,16.32,112.3819,0.08,14.0,4.0,40.0
2021-06-24,1989.52,701231.67478,34663.09,76100782998,5641248253,9252195825.0,1.0002,15.97,112.326,0.08,22.0,4.0,40.0
2021-06-25,1808.82,858808.54767,31584.45,76278598816,5810176937,9237283150.0,1.0,15.62,111.9655,0.08,27.0,4.0,40.0
2021-06-26,1829.64,832315.14904,32283.65,73959276191,5424493767,8947453258.0,1.0002,,,0.08,20.0,4.0,40.0
2021-06-27,1982.28,696055.79307,34700.34,74740236648,5420240080,8774633674.0,1.0,,,0.08,22.0,4.0,32.0
2021-06-28,2084.41,1044244.68308,34494.89,76772506831,5718165945,8921660125.0,0.9999,15.76,112.0248,0.08,25.0,4.0,32.0
2021-06-29,2165.33,831257.23277,35911.73,79159964924,5853340264,9192688744.0,0.9999,16.02,112.2613,0.08,25.0,4.0,32.0
2021-06-30,2275.68,910583.6032,35045.0,81396476485,6011769446,9738799903.0,0.9999,15.83,112.5533,0.08,28.0,4.0,32.0
2021-07-01,2106.41,787865.25137,33504.69,81142476083,6201591159,9482380791.0,0.9999,15.48,112.74,0.1,28.0,4.0,32.0
2021-07-02,2154.13,672282.37476,33786.55,80914925275,5929363552,9371205654.0,0.9999,15.07,112.5425,0.1,21.0,4.0,32.0
2021-07-03,2226.99,569264.801,34669.13,81050266108,6008501219,9090125199.0,1.0,,,0.1,24.0,4.0,32.0
2021-07-04,2322.69,590656.25069,35286.51,83782560850,6067744257,9595220629.0,1.0001,,,0.1,27.0,6.0,29.0
2021-07-05,2196.53,781806.31605,33690.14,85055252203,6166622344,9833983817.0,0.9999,,,0.1,29.0,6.0,29.0
2021-07-06,2322.5,785330.17152,34220.01,84783738168,6011355224,9408265217.0,1.0002,16.44,112.9516,0.1,20.0,6.0,29.0
2021-07-07,2316.57,666501.35572,33862.12,88104902189,6193949558,9770863175.0,0.9997,16.2,113.1048,0.1,28.0,6.0,29.0
2021-07-08,2116.33,880265.04124,32875.71,88223127772,6128233381,9932058114.0,1.0001,19.0,113.0776,0.1,20.0,6.0,29.0
2021-07-09,2146.99,738611.36304,33815.81,86192127047,5793591621,9290572497.0,1.0001,16.18,112.8375,0.1,20.0,6.0,29.0
2021-07-10,2110.69,499071.85904,33502.87,85783839524,5880861470,9159512383.0,1.0001,,,0.1,20.0,6.0,29.0
2021-07-11,2140.45,342294.40302,34258.99,86787690765,5804909508,9409581191.0,1.0,,,0.1,20.0,9.0,26.0
2021-07-12,2031.58,540630.10742,33086.63,86480983209,5845550241,9494893410.0,1.0,16.17,112.7611,0.1,25.0,9.0,26.0
2021-07-13,1940.15,647388.24969,32729.77,84475114362,5615751418,9298982719.0,1.0002,17.12,113.0063,0.1,20.0,9.0,26.0
2021-07-14,1994.58,690505.60937,32820.02,83189050435,5415290111,8875647759.0,0.9999,16.33,112.8801,0.1,21.0,9.0,26.0
2021-07-15,1919.51,645271.32563,31880.0,82137426212,5478409168,9176808769.0,1.0002,17.01,113.0041,0.1,20.0,9.0,26.0
2021-07-16,1876.26,577068.89724,31383.87,80563559506,5358121052,9087311812.0,0.9999,18.45,113.0428,0.1,22.0,9.0,26.0
2021-07-17,1899.59,430300.51578,31520.07,79969146521,5281615689,9758720540.0,1.0,,,0.1,15.0,9.0,26.0
2021-07-18,1891.64,534837.63654,31778.56,81018263441,5304704165,9856989815.0,1.0,,,0.1,19.0,7.0,29.0
2021-07-19,1818.73,547419.93771,30839.65,79916136101,5297304957,9862609206.0,1.0003,22.5,113.5472,0.1,24.0,7.0,29.0
2021-07-20,1786.03,786257.272,29790.35,77613109400,5117731463,9584916305.0,1.0,19.73,113.7502,0.1,19.0,7.0,29.0
2021-07-21,1995.5,1115949.82033,32144.51,77826354919,5040752681,9430573553.0,1.0,17.91,113.3926,0.1,10.0,7.0,29.0
2021-07-22,2024.56,768854.3659,32287.83,81823298935,5437565524,10162926138.0,1.0001,17.69,113.4695,0.1,21.0,7.0,29.0
2021-07-23,2124.25,708160.91322,33634.09,82660080849,5523737729,10242335048.0,0.9996,17.2,113.4398,0.1,23.0,7.0,29.0
2021-07-24,2184.75,633075.18592,34258.14,84737012961,5727065112,10490974966.0,0.9994,,,0.1,22.0,7.0,29.0
2021-07-25,2189.79,535630.27,35381.02,86313053352,5672852561,10592395082.0,0.9994,,,0.1,27.0,6.0,33.0
2021-07-26,2228.08,1393738.163,37237.6,87800992796,5706719072,10692719502.0,0.9998,17.58,113.2238,0.1,26.0,6.0,33.0
2021-07-27,2299.49,906359.23478,39457.87,89650497102,5769063866,10932469572.0,0.9998,19.36,113.2227,0.1,32.0,6.0,33.0
2021-07-28,2300.9,718202.57727,40019.56,91023769286,5924559244,11162376218.0,0.9998,18.31,113.1807,0.1,50.0,6.0,33.0
2021-07-29,2382.92,499364.83496,40016.48,91485928762,5943935394,11116172184.0,0.9998,17.7,112.4834,0.1,50.0,6.0,33.0
2021-07-30,2461.81,762577.28797,42206.37,92904098981,6131641494,11333653598.0,0.9996,18.24,112.6714,0.1,53.0,6.0,33.0
2021-07-31,2531.05,507601.05026,41461.83,94425471140,6285263050,11667373013.0,0.9994,,,0.1,60.0,6.0,33.0
2021-08-01,2555.69,853495.94078,39845.44,95492687235,6331734204,11956713357.0,0.9999,,,0.09,60.0,5.0,44.0
2021-08-02,2606.93,726701.84952,39147.82,95020996862,6266690639,11728856999.0,0.9999,19.46,112.6691,0.09,48.0,5.0,44.0
2021-08-03,2509.04,792960.84375,38207.05,94527727165,6397641095,11720124383.0,1.0,18.04,112.8228,0.09,48.0,5.0,44.0
2021-08-04,2724.78,954590.7536,39723.18,94985510333,6197443098,11845211624.0,0.9999,17.97,112.8953,0.09,42.0,5.0,44.0
2021-08-05,2826.99,1307720.20654,40862.46,98384120258,6490600068,12423959019.0,0.9996,17.28,112.7674,0.09,50.0,5.0,44.0
2021-08-06,2891.58,825399.48637,42836.87,100614310706,6636305921,12782548303.0,0.9996,16.15,113.3088,0.09,52.0,5.0,44.0
2021-08-07,3160.31,1205277.10095,44572.54,103199134084,6797639251,12792127968.0,0.9993,,,0.09,69.0,5.0,44.0
2021-08-08,3011.85,966349.70579,43794.37,105875240899,7184593785,13375539623.0,0.9995,,,0.09,74.0,6.0,43.0
2021-08-09,3160.52,1129584.61614,46253.4,104890654782,6953674225,12958152995.0,0.9998,16.72,113.4521,0.09,65.0,6.0,43.0
2021-08-10,3141.66,880675.74443,45584.99,107495093983,7081551222,13463015202.0,0.9997,16.79,113.4973,0.09,71.0,6.0,43.0
2021-08-11,3160.5,732546.60433,45511.0,107297329139,7077723854,13307164325.0,0.9994,16.06,113.282,0.09,70.0,6.0,43.0
2021-08-12,3045.96,737628.45808,44399.0,107850245070,7139617383,13400222701.0,0.9997,15.59,113.2691,0.09,70.0,6.0,43.0
2021-08-13,3322.32,579333.40323,47800.0,108378512843,6951238979,13012294744.0,0.9994,15.45,113.0615,0.09,70.0,6.0,43.0
2021-08-14,3263.16,486102.53787,47068.51,112587995447,7377769177,13588360313.0,0.9994,,,0.09,76.0,6.0,43.0
2021-08-15,3307.09,565579.67765,46973.82,112840507267,7471604463,13737015231.0,0.9992,,,0.09,71.0,5.0,36.0
2021-08-16,3146.53,635667.05422,45901.29,113239113365,7467726663,13720659818.0,0.9998,16.12,113.1698,0.09,72.0,5.0,36.0
2021-08-17,3011.72,804996.06971,44695.95,110693940384,7210922378,13277856088.0,1.0001,17.91,113.6174,0.09,72.0,5.0,36.0
2021-08-18,3014.55,625103.25568,44705.29,109364285770,6993208404,12690405574.0,0.9997,21.57,113.6959,0.09,73.0,5.0,36.0
2021-08-19,3184.12,634769.92174,46760.62,110938365495,7064590208,12718873980.0,1.0,21.67,114.1106,0.09,70.0,5.0,36.0
2021-08-20,3284.82,558127.4554,49322.47,114585789547,7172865285,13614196782.0,0.9999,18.56,114.5009,0.09,70.0,5.0,36.0
2021-08-21,3223.43,421156.09084,48821.87,117219797239,7289007489,14305421984.0,0.9992,,,0.09,78.0,5.0,36.0
2021-08-22,3238.0,406479.07654,49239.22,116658474758,7252016376,14018082127.0,0.9993,,,0.09,76.0,5.0,33.0
2021-08-23,3321.28,602103.44614,49488.85,118330912156,7337955625,13900980746.0,0.9998,17.15,113.9418,0.09,79.0,5.0,33.0
2021-08-24,3170.62,540480.07853,47674.01,118141620237,7454674304,14314237717.0,0.9999,17.22,113.6795,0.09,79.0,5.0,33.0
2021-08-25,3226.87,483697.69444,48973.32,116567140939,7270973581,13517811100.0,0.9999,16.79,113.6322,0.09,73.0,5.0,33.0
2021-08-26,3093.2,442298.47372,46843.87,116005006606,7378740493,13764029104.0,0.9998,18.84,113.7883,0.09,75.0,5.0,33.0
2021-08-27,3273.45,451027.80711,49069.9,115727469551,7188004792,13329090113.0,0.9995,16.39,113.3404,0.09,71.0,5.0,33.0
2021-08-28,3244.48,262360.34921,48895.35,119063702442,7516912711,13841562356.0,0.9995,,,0.09,78.0,5.0,33.0
2021-08-29,3223.47,335806.7827,48767.83,118594634080,7471240389,13631996990.0,0.9994,,,0.09,72.0,5.0,41.0
2021-08-30,3229.64,625347.27541,46982.91,117824279116,7494385463,13596008961.0,0.9998,16.19,113.246,0.09,73.0,5.0,41.0
2021-08-31,3429.2,863071.13092,47100.89,118092088549,7405565359,13817106649.0,0.9997,16.48,113.1076,0.09,73.0,5.0,41.0
2021-09-01,3826.82,845759.95868,48810.52,122995117383,7673667826,14286048509.0,0.9995,16.11,112.8732,0.08,71.0,5.0,41.0
2021-09-02,3785.82,525165.7996,49246.64,129519971539,7979090277,15342180726.0,0.9995,16.41,112.7863,0.08,74.0,5.0,41.0
2021-09-03,3938.11,655903.75739,49999.14,130154447216,7854641462,15395818621.0,0.9996,16.41,112.5476,0.08,74.0,5.0,41.0
2021-09-04,3885.52,364478.1193,49915.64,132361784912,7947297058,15920688037.0,0.9996,,,0.08,72.0,5.0,41.0
2021-09-05,3950.29,365759.8597,51756.88,133249814432,7913680283,15889850171.0,0.9993,,,0.08,73.0,5.0,40.0
2021-09-06,3926.77,397768.5783,52663.9,135149927254,8033714410,16253810259.0,0.9997,,,0.08,79.0,5.0,40.0
2021-09-07,3434.57,1203536.00209,46863.73,129688536633,7954324563,16314484599.0,0.9995,18.14,112.9795,0.08,79.0,5.0,40.0
2021-09-08,3499.0,780611.7657,46048.31,122741964531,7012140263,14060387797.0,1.0,17.96,113.2319,0.08,47.0,5.0,40.0
2021-09-09,3424.93,628553.8831,46395.14,123957495591,7070202461,14177575814.0,0.9998,18.8,113.043,0.08,45.0,5.0,40.0
2021-09-10,3208.86,633026.2659,44850.91,123749621241,7020398795,14119323935.0,1.0,20.95,112.9425,0.08,46.0,5.0,40.0
2021-09-11,3267.21,413524.1761,45173.69,121103768696,6698235732,13500145500.0,0.9999,,,0.08,31.0,5.0,40.0
2021-09-12,3404.21,408858.9595,46025.24,124386763200,6817781064,13673566514.0,1.0,,,0.08,32.0,5.0,30.0
2021-09-13,3285.35,647855.7199,44940.73,125851882906,7073618049,14056500364.0,0.9998,19.37,113.0341,0.08,44.0,5.0,30.0
2021-09-14,3434.37,373634.9026,47111.52,124540201292,6857536832,13599445470.0,0.9997,19.46,113.0061,0.08,30.0,5.0,30.0
2021-09-15,3613.55,428507.5278,48121.41,129514481707,7123162131,14238495908.0,0.9998,18.18,112.9773,0.08,49.0,5.0,30.0
2021-09-16,3567.98,467985.4919,47737.82,131765440134,7393674076,14766020180.0,0.9997,18.69,113.3036,0.08,53.0,5.0,30.0
2021-09-17,3399.81,398888.3705,47299.98,130202942998,7348472697,14451448017.0,1.0,20.81,113.5989,0.08,48.0,5.0,30.0
2021-09-18,3435.64,315162.7627,48292.74,129319423464,7175547749,14061702019.0,0.9999,,,0.08,50.0,5.0,30.0
2021-09-19,3328.62,312948.0013,47241.75,129540307067,7252574256,14147424170.0,1.0,,,0.08,53.0,5.0,32.0
2021-09-20,2977.28,917939.57849,43015.62,122152852336,7139915229,13731642034.0,1.0004,25.71,113.9422,0.08,50.0,5.0,32.0
2021-09-21,2765.9,971519.88941,40734.38,112883192373,6507259442,12216230570.0,1.0002,24.36,113.8179,0.08,27.0,5.0,32.0
2021-09-22,3076.92,677457.64825,43543.61,115426717205,6170312913,11915575403.0,0.9994,20.87,113.6223,0.08,21.0,5.0,32.0
2021-09-23,3152.5,459293.8858,44865.26,121654169073,6717620183,12857960610.0,0.9995,18.63,113.513,0.08,27.0,5.0,32.0
2021-09-24,2928.53,932090.8856,42810.57,121391354572,6883589227,13235375967.0,0.9993,17.75,113.7597,0.08,33.0,5.0,32.0
2021-09-25,2921.73,491974.0226,42670.64,118938627043,6545866940,12651855734.0,0.9994,,,0.08,28.0,5.0,32.0
2021-09-26,3059.37,703594.478,43160.9,119221088475,6577330975,12698024998.0,0.9995,,,0.08,27.0,4.0,28.0
2021-09-27,2925.59,510130.7319,42147.35,120142546959,6762910492,13000079788.0,0.9998,18.76,113.7432,0.08,26.0,4.0,28.0
2021-09-28,2804.91,511325.4643,41026.54,116845100463,6564255522,12397332242.0,1.0,23.25,114.2469,0.08,25.0,4.0,28.0
2021-09-29,2850.45,411305.0893,41524.28,115332417039,6360946577,12049659239.0,1.0002,22.56,114.7092,0.08,24.0,4.0,28.0
2021-09-30,3000.61,506896.7612,43824.1,117920767099,6491019170,12284164242.0,1.0001,23.14,114.6403,0.08,20.0,4.0,28.0
2021-10-01,3309.91,648714.6151,48141.61,122840240151,6713972166,12729392560.0,0.9995,21.15,114.3798,0.08,27.0,4.0,28.0
2021-10-02,3387.76,422551.1811,47634.9,127844856776,7161543447,13703092242.0,0.9994,,,0.08,54.0,4.0,28.0
2021-10-03,3417.73,360586.8905,48200.01,129970018522,7291533965,14165501667.0,0.9995,,,0.08,49.0,5.0,31.0
2021-10-04,3386.31,485204.642,49224.94,130388962620,7287895380,14317962878.0,0.9996,22.96,114.2739,0.08,54.0,5.0,31.0
2021-10-05,3515.27,393900.8818,51471.99,131380953221,7223779504,14781056244.0,0.9993,21.3,114.3654,0.08,59.0,5.0,31.0
2021-10-06,3574.89,618265.5402,55315.0,132998574450,7410456919,15618261085.0,0.9996,21.0,114.7185,0.08,68.0,5.0,31.0
2021-10-07,3587.47,486102.3591,53785.22,134347417713,7485323260,15910404796.0,0.9997,19.54,114.5044,0.08,76.0,5.0,31.0
2021-10-08,3563.13,403597.1437,53951.43,136731549626,7520032987,15053168696.0,0.9999,18.77,114.5986,0.08,74.0,5.0,31.0
2021-10-09,3574.82,361906.7514,54949.72,137426672339,7517033592,14919306596.0,0.9998,,,0.08,72.0,5.0,31.0
2021-10-10,3414.22,580223.6302,54659.0,138359501178,7512137361,14917646599.0,0.9997,,,0.08,71.0,4.0,34.0
2021-10-11,3542.12,493521.882,57471.35,135451945126,7280394305,14670869816.0,0.9999,20.0,,0.08,71.0,4.0,34.0
2021-10-12,3491.46,409377.1918,55996.93,137612989929,7401237434,15020474419.0,1.0,19.85,114.7542,0.08,78.0,4.0,34.0
2021-10-13,3607.42,393463.1222,57367.0,138674751566,7352299126,14848105631.0,1.0002,18.64,114.4705,0.08,70.0,4.0,34.0
2021-10-14,3790.82,481894.1473,57347.94,142028106295,7544163813,15320329571.0,0.9999,16.86,114.2053,0.08,70.0,4.0,34.0
2021-10-15,3868.99,504321.732,61672.42,144894637874,7731522664,15966815093.0,1.0003,16.3,114.0905,0.08,71.0,4.0,34.0
2021-10-16,3829.96,373727.8549,60875.57,147392085801,7848502204,16811744093.0,1.0,,,0.08,78.0,4.0,34.0
2021-10-17,3846.85,368898.9831,61528.33,147651984390,7840945378,16796477317.0,1.0002,,,0.08,79.0,5.0,40.0
2021-10-18,3744.96,401819.9734,62009.84,148036623054,7910928623,16848915691.0,1.0,16.31,113.9899,0.08,78.0,5.0,40.0
2021-10-19,3877.03,341268.3723,64280.59,145967701193,7763808770,16557167233.0,1.0,15.7,113.647,0.08,75.0,5.0,40.0
2021-10-20,4161.15,537383.09732,66001.41,149243785217,7976971776,17104998623.0,0.9997,15.49,113.5083,0.08,82.0,5.0,40.0
2021-10-21,4052.99,798566.55805,62193.15,156622946347,8321242879,18970929597.0,1.0002,15.01,113.6188,0.08,84.0,5.0,40.0
2021-10-22,3972.2,463222.5428,60688.22,154212608739,8142107718,18695449574.0,1.0004,15.43,113.67,0.08,75.0,5.0,40.0
2021-10-23,4167.12,326576.9601,61286.75,152569962444,8044946314,18251284840.0,1.0002,,,0.08,74.0,5.0,40.0
2021-10-24,4082.33,350115.8386,60852.22,156691888018,8302334759,19104588271.0,1.0001,,,0.08,73.0,5.0,41.0
2021-10-25,4220.37,347438.6534,63078.78,155674598845,8200708500,18938803269.0,1.0003,15.24,113.605,0.08,72.0,5.0,41.0
2021-10-26,4131.52,414498.1599,60328.81,159621484836,8429075442,19442451181.0,0.9998,15.98,113.674,0.08,76.0,5.0,41.0
2021-10-27,3922.0,704604.25,58413.44,158214210305,8325756960,19134021953.0,0.9994,16.98,113.6218,0.08,73.0,5.0,41.0
2021-10-28,4286.02,626378.5055,60575.89,152409267884,8084547416,18471085069.0,0.9995,16.53,113.4389,0.08,66.0,5.0,41.0
2021-10-29,4418.89,559231.07691,62253.71,159322798801,8595263780,19282587248.0,1.0,16.26,114.1349,0.08,70.0,5.0,41.0
2021-10-30,4322.68,340223.069,61859.19,156958490039,8892659634,15166238932.0,0.9995,,,0.08,73.0,5.0,41.0
2021-10-31,4287.21,412856.2893,61299.8,154267236142,8812269785,13506029924.0,0.9994,,,0.08,74.0,5.0,44.0
2021-11-01,4319.43,417620.7073,60911.11,156675882909,8829297998,13504038460.0,0.9994,16.41,114.2067,0.08,74.0,5.0,44.0
2021-11-02,4589.89,468184.79301,63219.99,158673348529,8913978524,13738200517.0,0.9992,16.03,114.2847,0.08,73.0,5.0,44.0
2021-11-03,4603.35,448658.35125,62896.48,164592036806,9262985545,15257664508.0,0.9995,15.1,114.3593,0.08,76.0,5.0,44.0
2021-11-04,4532.32,368218.25695,61395.01,167046106857,9326285671,15422641626.0,0.9992,15.44,114.3558,0.08,73.0,5.0,44.0
2021-11-05,4474.24,305651.7244,60937.12,167332808402,9152349063,15501276625.0,0.9992,16.48,114.0732,0.08,73.0,5.0,44.0
2021-11-06,4518.0,322154.0973,61470.61,166702058317,9131419015,15495705851.0,0.9993,,,0.08,71.0,5.0,44.0
2021-11-07,4612.59,243596.5952,63273.59,169008429285,9296258956,15633769389.0,0.9993,,,0.08,73.0,6.0,47.0
2021-11-08,4807.98,391102.31806,67525.83,173780394903,9570460496,16029383792.0,0.9994,17.22,113.8256,0.08,75.0,6.0,47.0
2021-11-09,4732.33,311267.57998,66947.66,177484430035,9900273257,16662453039.0,1.0001,17.78,113.762,0.08,84.0,6.0,47.0
2021-11-10,4628.78,553596.99163,64882.43,176133292796,9788226051,16460810178.0,0.9997,18.73,114.1484,0.08,75.0,6.0,47.0
2021-11-11,4719.0,303688.9765,64774.26,171586173510,9781250323,16162934547.0,0.9994,17.66,,0.08,77.0,6.0,47.0
2021-11-12,4665.46,461580.0415,64122.23,174423284300,10013176114,16417887433.0,1.0,16.29,114.5144,0.08,74.0,6.0,47.0
2021-11-13,4644.28,220720.6611,64380.0,173510568888,10073899699,16323819929.0,0.9998,,,0.08,72.0,6.0,47.0
2021-11-14,4626.5,245309.0674,65519.1,174993505179,10079075163,16448644207.0,0.9997,,,0.08,74.0,6.0,44.0
2021-11-15,4563.78,375421.6601,63606.74,175766432832,10113750935,16434667264.0,0.9997,16.49,114.5876,0.08,72.0,6.0,44.0
2021-11-16,4209.76,735857.063,60058.87,172038916517,9969369663,16227707875.0,0.9996,16.37,115.136,0.08,71.0,6.0,44.0
2021-11-17,4287.8,472852.1842,60344.87,164752567382,9442090086,15418303531.0,0.9996,17.11,115.0263,0.08,52.0,6.0,44.0
2021-11-18,3996.9,576945.1837,56891.62,166855611027,9656851224,15683434500.0,0.9995,17.59,115.0678,0.08,54.0,6.0,44.0
2021-11-19,4294.76,420045.0897,58052.24,159160090856,9039930108,14708965518.0,0.9992,17.91,115.2187,0.08,34.0,6.0,44.0
2021-11-20,4412.17,365584.578,59707.51,168390956961,9647431428,15617645506.0,0.9995,,,0.08,43.0,6.0,44.0
2021-11-21,4258.31,340206.3203,58622.02,172461579474,9863265060,16242753136.0,0.9993,,,0.08,49.0,6.0,37.0
2021-11-22,4085.97,518501.3338,56247.18,170516816476,9609457751,16101030172.0,0.9994,19.17,115.6481,0.08,50.0,6.0,37.0
2021-11-23,4339.44,502811.7902,57541.27,165871559700,9325646365,15495515225.0,1.0,19.38,116.0118,0.08,33.0,6.0,37.0
2021-11-24,4269.36,448727.0306,57138.29,171369152868,9705019906,16022732679.0,0.9998,18.58,116.2711,0.08,42.0,6.0,37.0
2021-11-25,4524.85,445868.2434,58960.36,170611628723,9605517384,15657508044.0,0.9995,,,0.08,32.0,6.0,37.0
2021-11-26,4041.2,720245.1612,53726.53,175006421387,10000223220,16125713721.0,0.9994,28.62,116.5103,0.08,47.0,6.0,37.0
2021-11-27,4095.29,275326.5202,54721.03,162593591579,9110466531,14315328843.0,0.9995,,,0.08,21.0,6.0,37.0
2021-11-28,4294.78,346471.3551,57274.88,164143470765,9312325174,14433522237.0,0.9994,,,0.08,27.0,6.0,40.0
2021-11-29,4444.53,406881.2284,57776.25,170249038676,9545784810,14999862381.0,0.9992,22.96,116.581,0.08,33.0,6.0,40.0
2021-11-30,4630.26,743024.4662,56950.56,173838558839,9927063306,15409729197.0,0.9992,27.19,116.2071,0.08,40.0,6.0,40.0
2021-12-01,4582.95,508198.3105,57184.07,177095084802,10059210912,15754109746.0,0.9997,31.12,115.889,0.08,34.0,6.0,40.0
2021-12-02,4511.21,451861.9545,56480.34,177488670948,9973033926,15685525257.0,0.9993,27.95,116.018,0.08,32.0,6.0,40.0
2021-12-03,4215.73,677974.8659,53601.05,175478980616,9915264402,15387654435.0,0.9995,30.67,116.2377,0.08,31.0,6.0,40.0
2021-12-04,4117.25,1111773.1451,49152.47,167270402219,9545773018,14609759785.0,0.9989,,,0.08,25.0,6.0,40.0
2021-12-05,4196.44,536325.4413,49396.33,160846688780,9293384613,13925985293.0,0.999,,,0.08,18.0,6.0,38.0
2021-12-06,4347.59,726742.9638,50441.92,160005823474,9287254086,14011839853.0,0.9989,27.18,116.1538,0.08,16.0,6.0,38.0
2021-12-07,4306.4,420749.751,50588.95,164391810248,9558884199,14520018017.0,0.9991,21.89,115.8555,0.08,25.0,6.0,38.0
2021-12-08,4436.91,429403.9351,50471.19,165018941385,9523459447,14531413735.0,0.9992,19.9,115.4418,0.08,28.0,6.0,38.0
2021-12-09,4105.64,462173.711,47545.59,168057413266,9722808748,14861838340.0,0.9996,21.58,115.7784,0.08,29.0,6.0,38.0
2021-12-10,3897.94,563236.5671,47140.54,160218927500,8989697027,14100384955.0,0.9996,18.69,115.5732,0.08,24.0,6.0,38.0
2021-12-11,4089.37,427853.4343,49389.99,155322111502,8657437272,13416890257.0,0.9995,,,0.08,16.0,6.0,38.0
2021-12-12,4130.0,260535.5157,50053.9,158749876755,8943078081,13929196967.0,0.9995,,,0.08,27.0,5.0,36.0
2021-12-13,3781.93,533467.2307,46702.75,160334714712,9026350561,14293166373.0,1.0,20.31,115.842,0.08,28.0,5.0,36.0
2021-12-14,3858.99,395145.7462,48343.28,151369774452,8391900242,13210333078.0,0.9994,21.89,116.2397,0.08,21.0,5.0,36.0
2021-12-15,4019.08,542068.0573,48864.98,154146099893,8410111846,13395632360.0,0.9997,19.29,116.4219,0.08,28.0,5.0,36.0
2021-12-16,3958.11,368780.031,47632.38,158964513586,8678547001,13878939673.0,0.9998,20.57,115.7146,0.08,29.0,5.0,36.0
2021-12-17,3875.42,463370.9225,46131.2,157807031586,8604577480,13834589554.0,0.9997,21.57,115.791,0.08,23.0,5.0,36.0
2021-12-18,3959.93,339593.2543,46834.48,156706382104,8447646719,13880477384.0,0.9998,,,0.08,24.0,5.0,36.0
2021-12-19,3924.14,306006.323,46681.23,161111975260,8615627220,14224094351.0,0.9998,,,0.08,29.0,5.0,32.0
2021-12-20,3944.73,366916.4771,46914.16,160783396442,8564888471,14103768121.0,0.9999,22.87,116.0092,0.08,25.0,5.0,32.0
2021-12-21,4014.15,340826.3553,48889.88,160783895082,8640799691,14265067911.0,0.9996,21.01,116.1089,0.08,27.0,5.0,32.0
2021-12-22,3979.51,303191.8076,48588.16,166114629849,8843789899,14534213211.0,0.9995,18.63,115.7485,0.08,45.0,5.0,32.0
2021-12-23,4111.41,380207.8166,50838.81,165939822090,8823828760,14558847157.0,0.9996,17.96,115.5337,0.08,34.0,5.0,32.0
2021-12-24,4046.36,230833.1661,50820.0,171132659844,9030388311,15249182612.0,0.9994,,,0.08,41.0,5.0,32.0
2021-12-25,4094.83,208126.8805,50399.66,170436413730,8973577467,14932850332.0,0.9993,,,0.08,39.0,5.0,32.0
2021-12-26,4063.56,189309.255,50775.49,171930980013,9081427190,15138185459.0,0.9993,,,0.08,37.0,6.0,32.0
2021-12-27,4037.23,222225.3761,50701.44,173492815987,9075724871,15414625855.0,0.9995,17.68,115.4684,0.08,40.0,6.0,32.0
2021-12-28,3792.75,358064.7163,47543.74,170501819913,9043397492,15281820110.0,0.9998,17.54,115.4192,0.08,41.0,6.0,32.0
2021-12-29,3630.19,302753.6375,46464.66,164805768747,8567760703,14514415138.0,1.0,16.95,115.3678,0.08,27.0,6.0,32.0
2021-12-30,3709.27,249263.7305,47120.87,161880836890,8307624858,14035724037.0,0.9997,17.33,115.283,0.08,22.0,6.0,32.0
2021-12-31,3676.23,268014.2942,46216.93,163281962101,8399903436,14186366771.0,0.9999,17.22,,0.08,28.0,6.0,32.0
2022-01-01,3765.54,154143.8968,47722.65,163275017710,8367172698,14209309257.0,0.9998,,,0.08,21.0,6.0,32.0
2022-01-02,3828.27,154791.4263,47286.18,166646969088,8575510725,14411210284.0,0.9998,,,0.08,29.0,18.0,85.0
2022-01-03,3765.89,236245.8586,46446.1,167783409885,8733335306,14571768042.0,1.0002,16.6,115.4101,0.08,29.0,18.0,85.0
2022-01-04,3785.11,288258.5549,45832.01,167910182361,9003343376,14447179576.0,1.0002,16.91,115.3103,0.08,23.0,18.0,85.0
2022-01-05,3540.63,397942.0363,43451.13,167927946975,8780290434,14345420886.0,1.0,19.73,115.137,0.08,24.0,18.0,85.0
2022-01-06,3406.81,496745.7413,43082.31,161502138011,8343232676,13765285183.0,1.0001,19.61,115.4046,0.08,15.0,18.0,85.0
2022-01-07,3199.24,669631.7262,41566.48,158756998332,8242298787,13519692000.0,1.0002,18.76,115.0451,0.08,18.0,18.0,85.0
2022-01-08,3080.95,400692.1061,41679.74,154003628670,7736360122,13004969964.0,1.0002,,,0.08,10.0,18.0,85.0
2022-01-09,3151.97,275874.1643,41864.62,151119940310,7580753658,12746184617.0,1.0001,,,0.08,23.0,15.0,81.0
2022-01-10,3082.68,529818.3866,41822.49,153070476690,7971662361,12850162875.0,1.0,19.4,115.2216,0.08,23.0,15.0,81.0
2022-01-11,3239.72,362446.7087,42729.29,150663210822,7623718241,12661035838.0,0.9995,18.41,114.8332,0.08,21.0,15.0,81.0
2022-01-12,3371.26,370465.8015,43902.66,155419551206,7953314655,13252473018.0,0.9995,17.62,114.355,0.08,22.0,15.0,81.0
2022-01-13,3240.61,336234.8799,42560.11,159863208344,8057652344,13593318758.0,0.9995,20.31,114.177,0.08,21.0,15.0,81.0
2022-01-14,3307.42,285326.3505,43059.96,157487572921,7770415906,13128281334.0,0.9996,19.19,114.3825,0.08,21.0,15.0,81.0
2022-01-15,3326.04,203100.3778,43084.29,158982903433,7943394392,13192443463.0,0.9995,,,0.08,23.0,15.0,81.0
2022-01-16,3346.88,210782.2277,43071.66,160475231477,8009250217,13224628614.0,0.9997,,,0.08,21.0,13.0,85.0
2022-01-17,3209.67,284063.6548,42201.62,161210964095,8108964728,13239397889.0,0.9999,,,0.08,22.0,13.0,85.0
2022-01-18,3159.85,299134.2728,42352.12,157077126312,7848538570,12811002024.0,0.9997,22.79,114.7373,0.08,24.0,13.0,85.0
2022-01-19,3084.02,332996.5703,41660.01,156178154603,7934683777,13211840073.0,0.9998,23.85,114.6109,0.08,24.0,13.0,85.0
2022-01-20,3001.48,357596.7062,40680.91,154748605021,7805586291,13078286199.0,0.9999,25.59,114.4642,0.08,24.0,13.0,85.0
2022-01-21,2568.15,1022021.70024,36445.31,150846780858,7621652194,12687513936.0,1.0,28.85,114.6125,0.08,19.0,13.0,85.0
2022-01-22,2412.18,1081357.54893,35071.42,135274126007,6651283372,11755569883.0,1.0001,,,0.08,13.0,13.0,85.0
2022-01-23,2539.01,580497.7613,36244.55,128686220129,6275856915,10837673866.0,0.9999,,,0.08,11.0,13.0,98.0
2022-01-24,2439.29,1123134.70389,36660.35,132132263712,6478192489,11414222150.0,0.9997,29.9,115.2034,0.08,13.0,13.0,98.0
2022-01-25,2458.83,510152.954,36958.32,128260136264,6113269482,11068956299.0,0.9994,31.16,115.1654,0.08,12.0,13.0,98.0
2022-01-26,2462.99,806441.62289,36809.34,132510260348,6285609710,11194808295.0,0.9993,31.96,115.0922,0.08,23.0,13.0,98.0
2022-01-27,2424.25,599481.7159,37160.1,133603025392,6255039813,11447732090.0,0.9999,30.49,115.978,0.08,20.0,13.0,98.0
2022-01-28,2544.99,485149.8065,37716.56,126357271341,6198395061,10874441072.0,0.9999,27.66,116.0393,0.08,24.0,13.0,98.0
2022-01-29,2601.43,376666.8246,38166.84,127419961134,6465893344,11509014459.0,0.9997,,,0.08,24.0,13.0,98.0
2022-01-30,2601.68,290770.0859,37881.76,128888859703,6586485285,11717289751.0,0.9997,,,0.08,29.0,13.0,81.0
2022-01-31,2686.94,444584.851,38466.9,127186508489,6554040617,11814159918.0,0.9998,24.83,115.566,0.08,20.0,13.0,81.0
2022-02-01,2787.23,390034.27362,38694.59,129877779410,6699853232,11812926680.0,0.9995,21.96,115.3685,0.08,26.0,13.0,81.0
2022-02-02,2680.67,447852.1228,36896.36,132683519351,6895047053,12099552632.0,0.9995,22.09,115.1538,0.08,28.0,13.0,81.0
2022-02-03,2695.46,405043.3931,37311.61,129004909972,6730963570,11710458861.0,0.9995,24.35,114.9065,0.08,20.0,13.0,81.0
2022-02-04,2994.99,664002.9328,41574.25,130661231386,6804263275,11701092759.0,0.9995,23.22,115.1362,0.08,20.0,13.0,81.0
2022-02-05,3012.65,356803.3071,41382.59,138389746902,7192231179,12472784640.0,0.9992,,,0.08,33.0,13.0,81.0
2022-02-06,3054.99,249394.5966,42380.87,140598158735,7400946162,12812507849.0,0.9995,,,0.08,37.0,12.0,77.0
2022-02-07,3139.77,455070.2529,43839.99,142542667517,7538743135,13023826453.0,0.9994,22.86,115.0098,0.08,45.0,12.0,77.0
2022-02-08,3116.69,514773.5837,44042.99,144881846651,7643994668,13504044520.0,0.9993,21.44,115.0892,0.08,48.0,12.0,77.0
2022-02-09,3243.94,370267.8913,44372.72,144814010176,7615730090,13684605988.0,0.9994,19.96,114.8232,0.08,54.0,12.0,77.0
2022-02-10,3072.49,578212.8383,43495.44,147227257692,7834690906,14051284601.0,0.9994,23.91,114.5527,0.08,50.0,12.0,77.0
2022-02-11,2927.54,462025.8751,42373.73,143386451290,7547052311,13737902408.0,0.9993,27.36,114.8413,0.08,50.0,12.0,77.0
2022-02-12,2918.88,336250.3131,42217.87,139760743832,7212945052,13399383787.0,0.9995,,,0.08,44.0,12.0,77.0
2022-02-13,2871.13,242751.3547,42053.66,139728534135,7233427263,13382013817.0,0.9994,,,0.08,44.0,12.0,66.0
2022-02-14,2929.75,381778.238,42535.94,139071724185,7239680077,13289253308.0,0.9996,28.33,115.1946,0.08,46.0,12.0,66.0
2022-02-15,3183.52,448971.754,44544.86,140066869068,7309673688,13253283946.0,0.9994,25.7,114.93,0.08,46.0,12.0,66.0
2022-02-16,3122.3,319997.6244,43873.56,145518035146,7700853616,13756890266.0,0.9995,24.29,114.6886,0.08,51.0,12.0,66.0
2022-02-17,2891.87,488693.2624,40515.7,144646528063,7726605722,13557138694.0,0.9995,28.11,114.6755,0.08,52.0,12.0,66.0
2022-02-18,2779.48,502977.4069,39974.44,138394847582,7352063884,12729866599.0,0.9995,27.75,114.7982,0.08,30.0,12.0,66.0
2022-02-19,2763.63,293838.0025,40079.17,136552341627,7181681022,12456804191.0,0.9997,,,0.08,25.0,12.0,66.0
2022-02-20,2621.99,386384.904,38386.89,135876518344,7029656769,12409706304.0,0.9996,,,0.08,27.0,10.0,72.0
2022-02-21,2568.02,761838.9858,37008.16,132920047153,6808237338,12018942459.0,0.9994,,,0.08,25.0,10.0,72.0
2022-02-22,2636.29,692639.4942,38230.33,130085457356,6656982336,11575272934.0,0.9995,28.81,114.7002,0.08,20.0,10.0,72.0
2022-02-23,2579.71,504470.1412,37250.01,131880051963,6740913190,11756057899.0,0.9994,31.02,114.6668,0.08,25.0,10.0,72.0
2022-02-24,2596.2,1395732.7753,38327.21,131272070842,6659410683,11569686452.0,0.9996,30.32,115.9419,0.08,23.0,10.0,72.0
2022-02-25,2768.49,679394.1762,39219.17,131356731653,6615667555,11679579824.0,0.9997,27.59,115.2577,0.08,27.0,10.0,72.0
2022-02-26,2779.47,418485.2529,39116.72,135248328492,6894382171,12007452605.0,0.9995,,,0.08,26.0,10.0,72.0
2022-02-27,2616.79,650198.7785,37699.07,136359745971,6908531912,11996291768.0,0.9996,,,0.08,26.0,11.0,63.0
2022-02-28,2920.95,733794.4488,43160.0,132716003017,6705808813,11515781800.0,0.9997,30.15,115.2224,0.08,20.0,11.0,63.0
2022-03-01,2976.33,673901.6976,44421.2,142158323098,7185693331,12328112782.0,0.9997,33.32,115.7962,0.2,51.0,11.0,63.0
2022-03-02,2947.3,614623.7461,43892.98,143292397658,7385118041,12539624709.0,0.9997,30.74,115.7623,0.2,52.0,11.0,63.0
2022-03-03,2833.99,446192.2353,42454.0,143499240118,7386788128,12346921529.0,1.0,30.48,115.9495,0.2,39.0,11.0,63.0
2022-03-04,2622.1,556178.7588,39148.66,138812518736,7218740675,12088462005.0,0.9998,31.98,116.6503,0.2,33.0,11.0,63.0
2022-03-05,2665.15,268730.3036,39397.96,133741802414,6836725504,11514411512.0,0.9998,,,0.2,22.0,11.0,63.0
2022-03-06,2551.29,336487.9099,38420.81,135666951986,6955545552,11657609422.0,0.9999,,,0.2,22.0,10.0,55.0
2022-03-07,2491.12,620171.6787,37988.0,131583734086,6731536470,11421083433.0,0.9999,36.45,117.3278,0.2,23.0,10.0,55.0
2022-03-08,2575.97,561659.7421,38730.63,131658440504,6626844547,11494165503.0,0.9999,35.13,117.6176,0.2,21.0,10.0,55.0
2022-03-09,2726.98,562771.7403,41941.71,134196990081,6716217802,11534877404.0,0.9997,32.45,116.5961,0.2,22.0,10.0,55.0
2022-03-10,2606.7,559029.9377,39422.0,139288180732,6940795557,12069177475.0,0.9996,30.23,116.7401,0.2,28.0,10.0,55.0
2022-03-11,2556.86,494583.6568,38729.57,135826419039,6790080728,11655115002.0,0.9999,30.75,117.0192,0.2,22.0,10.0,55.0
2022-03-12,2568.8,219236.5711,38807.36,134847555211,6721823200,11299912512.0,1.0,,,0.2,22.0,10.0,55.0
2022-03-13,2515.65,316942.1601,37777.34,134931591263,6751946840,11360415818.0,0.9998,,,0.2,21.0,10.0,54.0
2022-03-14,2589.41,386630.1912,39671.37,133267736121,6629038568,11126309405.0,0.9998,31.77,117.1506,0.2,23.0,10.0,54.0
2022-03-15,2617.73,461202.3014,39280.33,135524323643,6736471996,11379506786.0,0.9997,29.83,117.246,0.2,21.0,10.0,54.0
2022-03-16,2773.81,666224.7217,41114.0,136297824192,6770323471,11540763511.0,0.9995,26.67,116.8073,0.2,24.0,10.0,54.0
2022-03-17,2811.92,379312.541,40917.9,140710105959,7569397638,12095110845.0,0.9995,25.67,116.0467,0.2,27.0,10.0,54.0
2022-03-18,2938.92,556535.7966,41757.51,140975950050,7056947418,12283644182.0,0.9994,23.87,116.1378,0.2,25.0,10.0,54.0
2022-03-19,2950.84,325971.5398,42201.13,145222718371,7234852573,12677416120.0,0.9994,,,0.2,28.0,10.0,54.0
2022-03-20,2861.38,377608.8214,41262.11,145422804683,7294828154,12938930714.0,0.9995,,,0.2,31.0,11.0,58.0
2022-03-21,2890.03,450223.9073,41002.25,143450564144,7161819020,12728157529.0,0.9997,23.53,115.9398,0.2,30.0,11.0,58.0
2022-03-22,2969.64,564868.9839,42364.13,147584313100,7202182909,12769885687.0,0.9995,22.94,116.0824,0.2,26.0,11.0,58.0
2022-03-23,3036.0,453962.7298,42882.76,149390651886,7366292361,12915896341.0,0.9996,23.57,116.005,0.2,31.0,11.0,58.0
2022-03-24,3110.76,577171.5239,43991.46,150896859239,7373787636,13009385664.0,0.9995,21.67,115.9599,0.2,40.0,11.0,58.0
2022-03-25,3102.14,489099.5572,44313.16,152129396447,7337305114,13146720698.0,0.9996,20.81,115.7921,0.2,47.0,11.0,58.0
2022-03-26,3145.0,207134.847,44511.27,151087156526,7298458874,12901528684.0,0.9995,,,0.2,51.0,11.0,58.0
2022-03-27,3295.65,335467.4145,46827.76,152954251008,7373192773,13013623383.0,0.9997,,,0.2,49.0,12.0,64.0
2022-03-28,3332.92,527237.1133,47122.21,156376982822,7601943334,13503614515.0,0.9995,19.63,116.1911,0.2,60.0,12.0,64.0
2022-03-29,3400.51,465899.8226,47434.8,157893818203,7603250422,13659766889.0,0.9996,18.9,115.5679,0.2,56.0,12.0,64.0
2022-03-30,3385.79,356082.5231,47067.99,160311744248,7748785179,14049620595.0,0.9997,19.33,115.0818,0.2,55.0,12.0,64.0
2022-03-31,3281.51,455091.2395,45510.34,161430008554,7805567193,14041005213.0,0.9998,20.56,115.2218,0.2,52.0,12.0,64.0
2022-04-01,3455.21,532169.2392,46283.49,157537124284,7638674802,13716861802.0,0.9997,19.63,115.4814,0.33,50.0,12.0,64.0
2022-04-02,3443.77,499893.29,45811.0,161726399187,7898430157,14232444055.0,0.9997,,,0.33,52.0,12.0,64.0
2022-04-03,3521.91,381581.7683,46407.35,161799122817,7911404362,14145374931.0,0.9997,,,0.33,48.0,12.0,55.0
2022-04-04,3519.5,449984.1586,46580.51,162902153557,8042333837,14417000497.0,0.9998,18.57,115.4112,0.33,52.0,12.0,55.0
2022-04-05,3406.99,397782.7437,45497.55,162378897736,8057814480,14348708826.0,0.9999,21.03,115.73,0.33,53.0,12.0,55.0
2022-04-06,3168.51,736273.1047,43170.47,158563770940,7939436922,14307603044.0,0.9999,22.1,115.9995,0.33,48.0,12.0,55.0
2022-04-07,3227.19,458179.3272,43444.19,152307882030,7633126537,13480231792.0,0.9999,21.55,116.3512,0.33,34.0,12.0,55.0
2022-04-08,3192.39,502422.5048,42252.01,154627389479,7783577873,13782792688.0,0.9998,21.16,116.4176,0.33,37.0,12.0,55.0
2022-04-09,3258.57,212444.2566,42753.97,151927995834,7646106144,13443700443.0,0.9998,,,0.33,30.0,12.0,55.0
2022-04-10,3203.04,232303.2326,42158.85,153468433976,7773161287,13672892402.0,0.9998,,,0.33,34.0,10.0,49.0
2022-04-11,2979.74,693394.2912,39530.45,151538338236,7683614069,13570686013.0,0.9999,24.37,116.5401,0.33,32.0,10.0,49.0
2022-04-12,3027.66,579522.9505,40074.94,144289221672,7211679792,12840643663.0,0.9998,24.26,116.3866,0.33,20.0,10.0,49.0
2022-04-13,3118.28,419101.494,41147.79,146191016975,7313472923,13130819485.0,0.9999,21.82,116.2796,0.33,25.0,10.0,49.0
2022-04-14,3021.98,408382.5572,39942.38,148423215321,7437424655,13580285696.0,1.0,22.7,116.7558,0.33,28.0,10.0,49.0
2022-04-15,3040.56,249626.2981,40551.9,146106202324,7297972373,13210665605.0,0.9998,,116.7017,0.33,22.0,10.0,49.0
2022-04-16,3059.3,176352.4165,40378.71,147131069653,7323110572,13337175281.0,0.9999,,,0.33,28.0,10.0,49.0
2022-04-17,2988.06,243772.074,39678.12,147654282027,7389090383,13433615126.0,0.9998,,,0.33,28.0,11.0,45.0
2022-04-18,3055.56,510251.6536,40801.13,145166969370,7199679391,13218876261.0,0.9999,22.17,116.8441,0.33,24.0,11.0,45.0
2022-04-19,3101.77,359375.0038,41493.18,148719712465,7328871569,13491165850.0,0.9997,21.37,117.1324,0.33,27.0,11.0,45.0
2022-04-20,3076.04,415000.0685,41358.19,149693102211,7402222668,13659556993.0,0.9998,20.32,116.7306,0.33,27.0,11.0,45.0
2022-04-21,2983.58,562699.697,40480.01,149483617612,7373351665,13872667986.0,0.9999,22.68,117.1432,0.33,27.0,11.0,45.0
2022-04-22,2962.39,452433.082,39709.18,146762416810,7120297341,13407859174.0,0.9999,28.21,118.0186,0.33,26.0,11.0,45.0
2022-04-23,2933.03,187576.7324,39441.6,146144682521,7079532280,13272254151.0,0.9998,,,0.33,24.0,11.0,45.0
2022-04-24,2921.0,218957.0222,39450.13,145645454302,7051063380,13104700462.0,0.9998,,,0.33,24.0,10.0,43.0
2022-04-25,3006.62,619198.3616,40426.08,144673072859,7019441607,13241355728.0,0.9999,27.02,118.6271,0.33,23.0,10.0,43.0
2022-04-26,2809.67,531184.3504,38112.65,147987530790,7166239627,13484359605.0,1.0,33.52,118.9624,0.33,27.0,10.0,43.0
2022-04-27,2888.96,488951.2416,39235.72,142223364997,6848195829,12775598752.0,1.0,31.6,119.4708,0.33,21.0,10.0,43.0
2022-04-28,2936.93,537392.9978,39742.07,144375229726,6990092520,13052304970.0,1.0,29.99,120.0675,0.33,24.0,10.0,43.0
2022-04-29,2817.13,525978.147,38596.11,144032693542,7027490775,12963820418.0,1.0001,33.4,119.4933,0.33,23.0,10.0,43.0
2022-04-30,2726.66,367757.2469,37630.8,140401372014,6826955441,12621629165.0,0.9998,,,0.33,20.0,10.0,43.0
2022-05-01,2824.81,442544.8792,38468.35,135815392900,6637379913,12322574965.0,1.0,,,0.77,22.0,10.0,44.0
2022-05-02,2856.54,521706.8567,38525.16,138176943986,6790724560,12775359189.0,1.0001,32.34,119.8825,0.77,28.0,10.0,44.0
2022-05-03,2781.7,371331.1796,37728.95,138043869147,6829294645,12913095288.0,1.0001,29.25,119.7043,0.77,27.0,10.0,44.0
2022-05-04,2940.64,548738.0668,39690.0,137927533627,6740599482,12750503977.0,1.0002,25.42,119.5592,0.77,21.0,10.0,44.0
2022-05-05,2747.97,734845.3194,36552.97,142611890062,7028778968,13258505368.0,1.0001,31.2,120.0068,0.77,27.0,10.0,44.0
2022-05-06,2692.85,711449.3234,36013.77,136851664532,6731232598,12651528323.0,1.0002,30.19,119.8577,0.77,22.0,10.0,44.0
2022-05-07,2635.34,371271.4532,35472.39,135722206187,6702682768,12640991706.0,1.0003,,,0.77,23.0,10.0,44.0
2022-05-08,2519.71,757615.3415,34038.4,130662121135,6645682181,12449450182.0,1.0003,,,0.77,18.0,10.0,75.0
2022-05-09,2228.55,1574924.9793,30076.31,125980123140,6446556340,12020365767.0,1.0002,34.75,120.4972,0.77,11.0,10.0,75.0
2022-05-10,2342.05,1550626.1387,31017.1,109587055221,5763115296,10935576953.0,1.0003,32.99,120.7742,0.77,10.0,10.0,75.0
2022-05-11,2084.99,2022864.83806,29103.94,107060775270,5895817601,11005436209.0,1.006,32.56,120.3925,0.77,12.0,10.0,75.0
2022-05-12,1960.22,2305192.90836,29029.75,89981753404,5192032082,9981502469.0,1.003,31.77,121.2796,0.77,12.0,10.0,75.0
2022-05-13,2009.69,1134042.3387,29287.05,78550311528,5285249116,9108210924.0,1.0018,28.87,120.8442,0.77,10.0,10.0,75.0
2022-05-14,2056.48,563788.3078,30086.74,79114407678,5497509033,9273765561.0,1.0014,,,0.77,9.0,10.0,75.0
2022-05-15,2145.29,514398.2587,31328.89,79401649345,5622363903,9532084912.0,1.0012,,,0.77,10.0,9.0,56.0
2022-05-16,2023.66,822070.8531,29874.01,81346561861,5737913106,9865383006.0,1.0013,27.47,120.6881,0.77,14.0,9.0,56.0
2022-05-17,2090.72,568249.0448,30444.93,78504926839,5584448109,9257667782.0,1.0011,26.1,119.8871,0.77,8.0,9.0,56.0
2022-05-18,1915.11,631577.2341,28715.32,80138598610,5741758889,9717132295.0,1.0015,30.96,120.0274,0.77,12.0,9.0,56.0
2022-05-19,2019.55,741476.9794,30319.23,76419963566,5444001735,9110800323.0,1.0011,29.35,119.4278,0.77,13.0,9.0,56.0
2022-05-20,1959.08,576981.5371,29201.01,78587868743,5664240994,9472882044.0,1.0013,29.43,119.3677,0.77,13.0,9.0,56.0
2022-05-21,1975.07,238869.7632,29445.06,76768618282,5740733930,9072154215.0,1.0014,,,0.77,13.0,9.0,56.0
2022-05-22,2043.19,355735.1927,30293.94,77348687053,5774853180,9090022734.0,1.001,,,0.77,14.0,9.0,47.0
2022-05-23,1973.32,636085.0224,29109.15,79972749897,5901300692,9686388502.0,1.0011,28.48,118.7169,0.77,10.0,9.0,47.0
2022-05-24,1979.41,534096.972,29654.58,79085507343,5772396197,9709201214.0,1.0011,29.45,118.6245,0.77,12.0,9.0,47.0
2022-05-25,1942.63,524786.3091,29542.15,79657929538,5802810755,9811346277.0,1.001,28.37,118.9598,0.77,11.0,9.0,47.0
2022-05-26,1792.23,1168740.57514,29201.35,79707036670,5745062847,9687022269.0,1.0012,27.5,118.7687,0.77,12.0,9.0,47.0
2022-05-27,1727.27,1296693.28537,28629.8,76406476786,5524831333,9296691052.0,1.0013,25.72,118.2834,0.77,12.0,9.0,47.0
2022-05-28,1792.22,558271.1818,29031.33,75036794613,5393060452,9208984294.0,1.0011,,,0.77,13.0,9.0,47.0
2022-05-29,1813.64,432430.611,29468.1,76157582216,5556433998,9494162923.0,1.001,,,0.77,14.0,8.0,44.0
2022-05-30,1998.78,814922.8359,31734.22,76421355864,5580383191,9439831431.0,1.0008,26.54,,0.77,10.0,8.0,44.0
2022-05-31,1941.9,751103.4226,31801.04,80231277103,5844129687,10033633210.0,1.0008,26.19,118.0704,0.77,16.0,8.0,44.0
2022-06-01,1817.95,1037841.2706,29805.83,79791541037,5816784905,9993645946.0,1.0009,25.69,118.6954,1.21,17.0,8.0,44.0
2022-06-02,1834.08,788784.4017,30452.62,76922140166,5588841457,9445937620.0,1.0007,24.72,118.0658,1.21,13.0,8.0,44.0
2022-06-03,1775.12,741282.5346,29700.21,77404074799,5678044374,9598092881.0,1.001,24.79,118.2153,1.21,10.0,8.0,44.0
2022-06-04,1804.58,388279.4579,29864.04,75714235105,5599352256,9559025247.0,1.0009,,,1.21,14.0,8.0,44.0
2022-06-05,1806.23,371974.5061,29919.21,75359516576,5204443388,9693578011.0,1.0009,,,1.21,10.0,9.0,43.0
2022-06-06,1859.84,804250.3567,31373.1,75568120046,5225689143,9727071834.0,1.0009,25.07,118.3081,1.21,13.0,9.0,43.0
2022-06-07,1813.33,1397598.2288,31125.33,75933292724,5392936308,9897103011.0,1.0007,24.02,118.4414,1.21,15.0,9.0,43.0
2022-06-08,1791.88,941510.1373,30204.77,75985902322,5398014234,9865908337.0,1.0008,23.96,118.3951,1.21,17.0,9.0,43.0
2022-06-09,1788.81,535310.9618,30109.93,75561589330,5449013676,9696085238.0,1.0009,26.09,118.9226,1.21,11.0,9.0,43.0
2022-06-10,1662.91,955035.79239,29091.88,74898137060,5454215607,9587358830.0,1.0011,27.75,119.9981,1.21,13.0,9.0,43.0
2022-06-11,1532.89,1220325.2542,28424.7,72047790185,5264902835,9231116711.0,1.0012,,,1.21,12.0,9.0,43.0
2022-06-12,1434.84,1563225.37018,26574.53,69124116346,4953401067,8887355195.0,1.0012,,,1.21,14.0,9.0,100.0
2022-06-13,1209.82,3626351.66536,22487.41,66218424255,4738752402,8421508634.0,1.0015,34.02,121.1523,1.21,11.0,9.0,100.0
2022-06-14,1208.9,2716493.80131,22136.41,57513802883,4339574948,6424273633.0,1.0011,32.69,121.6669,1.21,8.0,9.0,100.0
2022-06-15,1237.52,3114823.13621,22583.72,55668154902,4302855467,6297412819.0,1.0012,29.62,121.6403,1.21,7.0,9.0,100.0
2022-06-16,1068.5,1447386.8304,20401.31,55362795453,4337898380,6277191879.0,1.0013,32.95,120.6714,1.21,7.0,9.0,100.0
2022-06-17,1086.94,1220677.9491,20468.81,51623967198,4196723236,5517061655.0,1.0012,31.13,121.2369,1.21,9.0,9.0,100.0
2022-06-18,995.13,2308983.5187,18970.79,52351882109,4304627933,5610608425.0,1.0016,,,1.21,6.0,9.0,100.0
2022-06-19,1128.53,2018599.4499,20574.0,49601481176,4078301157,5210148186.0,1.0013,,,1.21,6.0,8.0,70.0
2022-06-20,1128.24,1721772.9132,20573.89,51475964025,4237395034,5617458680.0,1.0012,31.03,,1.21,9.0,8.0,70.0
2022-06-21,1125.85,1306095.3757,20723.52,52164381376,4309694679,5658027719.0,1.0012,30.19,120.6427,1.21,9.0,8.0,70.0
2022-06-22,1050.19,1306959.8593,19987.99,52498029522,4319556667,5761719805.0,1.0011,28.95,120.5197,1.21,11.0,8.0,70.0
2022-06-23,1144.72,1278257.0899,21110.13,51963701732,4221988693,5964634076.0,1.0009,29.05,120.7622,1.21,11.0,8.0,70.0
2022-06-24,1225.02,1337137.483,21237.69,53546762359,4433143384,6250982003.0,1.0008,27.23,120.4853,1.21,11.0,8.0,70.0
2022-06-25,1242.36,861986.6177,21491.19,54752097806,4589774922,6496743571.0,1.0007,,,1.21,14.0,8.0,70.0
2022-06-26,1197.79,884184.273,21038.07,54928149441,4620570016,6595120107.0,1.0006,,,1.21,14.0,7.0,52.0
2022-06-27,1192.51,868734.2061,20742.56,54079509554,4555747823,6460709700.0,1.001,26.95,120.1736,1.21,12.0,7.0,52.0
2022-06-28,1144.05,1104065.2211,20281.29,53616383286,4517152418,6396225663.0,1.0013,28.36,120.62,1.21,10.0,7.0,52.0
2022-06-29,1100.21,1295517.796,20123.01,52511983431,4441954074,6149999146.0,1.0012,28.16,120.9616,1.21,13.0,7.0,52.0
2022-06-30,1071.01,1420670.3656,19942.21,51800965237,4342804400,5926496657.0,1.0013,28.71,120.9652,1.21,11.0,7.0,52.0
2022-07-01,1059.73,1562255.1439,19279.8,51332356308,4271944324,5793007829.0,1.0012,26.7,121.5058,1.68,11.0,7.0,52.0
2022-07-02,1067.01,714812.0804,19252.81,51281117288,4360113555,5872938754.0,1.0013,,,1.68,14.0,7.0,52.0
2022-07-03,1074.26,644746.3337,19315.83,52337807050,4353178227,6035365492.0,1.0012,,,1.68,11.0,7.0,49.0
2022-07-04,1151.0,1150108.9861,20236.71,52606618003,4399533586,6119710581.0,1.0011,27.53,,1.68,14.0,7.0,49.0
2022-07-05,1132.5,1398961.4495,20175.83,54049881671,4486140555,6368111852.0,1.0011,27.54,122.6203,1.68,19.0,7.0,49.0
2022-07-06,1186.57,1211768.0757,20564.51,54257109353,4449691352,6366034364.0,1.001,26.73,123.0073,1.68,18.0,7.0,49.0
2022-07-07,1237.49,1001316.079,21624.98,55092894677,4534812889,6508762855.0,1.0006,26.08,122.7257,1.68,18.0,7.0,49.0
2022-07-08,1214.04,1189518.3631,21594.75,55665365652,4591656414,6702708077.0,1.0007,24.64,122.4662,1.68,20.0,7.0,49.0
2022-07-09,1217.02,576337.1809,21591.83,55499742372,4560361971,6155644876.0,1.0006,,,1.68,24.0,7.0,49.0
2022-07-10,1168.36,1018038.6506,20862.47,55622926644,4627907996,6136173241.0,1.0007,,,1.68,24.0,7.0,44.0
2022-07-11,1096.4,1201652.3048,19963.61,54445973906,4411900485,5986730536.0,1.0008,26.17,123.2974,1.68,22.0,7.0,44.0
2022-07-12,1038.58,1261349.6321,19328.75,52825325074,4264600584,5775708048.0,1.001,27.29,123.4524,1.68,16.0,7.0,44.0
2022-07-13,1115.0,2035605.8299,20234.87,51664526283,4193398275,5220311924.0,1.0008,26.82,123.2834,1.68,15.0,7.0,44.0
2022-07-14,1193.42,1605101.9262,20588.84,52804189038,4261177787,5399036670.0,1.0008,26.4,124.0622,1.68,18.0,7.0,44.0
2022-07-15,1231.25,1466037.2584,20830.04,53982320935,4408045982,5550426744.0,1.0003,24.23,123.4765,1.68,15.0,7.0,44.0
2022-07-16,1355.85,1493809.9226,21195.6,54496697858,4464552068,5597967581.0,1.0002,,,1.68,21.0,7.0,44.0
2022-07-17,1338.65,1246202.8795,20798.16,55827480546,4653099630,5870792000.0,1.0004,,,1.68,24.0,8.0,62.0
2022-07-18,1581.04,2029918.76521,22432.58,55642462399,4770872306,5803059466.0,1.0003,25.3,122.7727,1.68,20.0,8.0,62.0
2022-07-19,1542.32,1846048.6816,23396.62,58990912077,5209591346,6216323174.0,0.9999,24.5,122.4819,1.68,30.0,8.0,62.0
2022-07-20,1521.58,1351177.4247,23223.3,59171118888,5141811389,6204515557.0,1.0,23.88,122.5997,1.68,31.0,8.0,62.0
2022-07-21,1575.45,1247327.4963,23152.19,58483675036,5055241868,6125649432.0,0.9999,23.11,122.9032,1.68,34.0,8.0,62.0
2022-07-22,1535.27,1170723.0873,22684.83,59279998593,5082407530,6235573240.0,0.9999,23.03,122.451,1.68,33.0,8.0,62.0
2022-07-23,1548.67,851284.7339,22451.07,59206297925,5212215116,6302543876.0,1.0,,,1.68,31.0,8.0,62.0
2022-07-24,1597.7,1009935.8997,22579.68,59259150588,5303490727,6314103508.0,0.9999,,,1.68,30.0,7.0,55.0
2022-07-25,1440.79,1418390.9809,21310.9,59856649962,5982009935,6289986534.0,0.9999,23.36,122.4594,1.68,30.0,7.0,55.0
2022-07-26,1449.12,1199643.7408,21254.67,57316176468,5176423974,6029281546.0,0.9999,24.69,122.7581,1.68,26.0,7.0,55.0
2022-07-27,1635.74,1513426.0413,22952.45,57184040978,5307293270,5978044902.0,0.9996,23.24,122.8169,1.68,28.0,7.0,55.0
2022-07-28,1724.52,1578145.07555,23842.93,60050611030,5558242591,6380112477.0,0.9997,22.33,122.1161,1.68,32.0,7.0,55.0
2022-07-29,1721.68,1205266.5703,23773.75,61754112832,5662900241,6615792163.0,0.9996,21.33,121.7678,1.68,39.0,7.0,55.0
2022-07-30,1697.0,735132.5286,23643.51,61291118709,5697817699,6577852056.0,0.9998,,,1.68,42.0,7.0,55.0
2022-07-31,1678.12,696326.8079,23293.32,61363863940,5683692717,6559823929.0,0.9996,,,1.68,39.0,7.0,47.0
2022-08-01,1630.28,801566.5648,23268.01,61055117921,5646072454,6539859919.0,0.9997,22.84,121.4109,2.33,33.0,7.0,47.0
2022-08-02,1630.91,1081964.5104,22987.79,60484189489,5600912277,6412639921.0,0.9999,23.93,121.9486,2.33,31.0,7.0,47.0
2022-08-03,1618.16,777724.7413,22818.37,59443733002,5473919999,6324457194.0,0.9998,21.95,122.3888,2.33,34.0,7.0,47.0
2022-08-04,1607.96,735552.181,22622.98,60140579515,5487385929,6405669659.0,0.9999,21.44,121.8333,2.33,30.0,7.0,47.0
2022-08-05,1736.81,1005846.4712,23312.42,60929433372,6156072643,6574415237.0,1.0,21.15,122.321,2.33,31.0,7.0,47.0
2022-08-06,1690.6,523314.6444,22954.21,62024750159,5735423541,6938168693.0,0.9998,,,2.33,31.0,7.0,47.0
2022-08-07,1700.19,439904.764,23174.39,61467223295,5690530169,6865798544.0,0.9999,,,2.33,30.0,7.0,56.0
2022-08-08,1777.05,781620.5443,23810.0,62584088837,6356446725,6937451876.0,0.9998,21.29,121.8783,2.33,30.0,7.0,56.0
2022-08-09,1702.76,818171.1019,23149.95,62837724985,5678024060,7141639796.0,0.9998,21.77,121.8614,2.33,42.0,7.0,56.0
2022-08-10,1853.57,1317767.5127,23954.05,61095424936,5573504275,6960230702.0,0.9997,19.74,120.7543,2.33,31.0,7.0,56.0
2022-08-11,1880.19,1105261.9009,23934.39,63869850319,5812194184,7388337451.0,0.9996,20.2,120.7163,2.33,41.0,7.0,56.0
2022-08-12,1958.28,717628.1015,24403.68,63654156580,5840244736,7396477211.0,0.9996,19.53,121.018,2.33,42.0,7.0,56.0
2022-08-13,1983.55,695876.0293,24441.38,64171247596,5705216598,7609955256.0,0.9996,,,2.33,46.0,7.0,56.0
2022-08-14,1935.31,569583.4852,24305.24,64325321116,5635337639,7529515029.0,0.9997,,,2.33,47.0,8.0,54.0
2022-08-15,1899.06,949162.3305,24094.82,63361428362,5508768687,7458247150.0,0.9998,19.95,121.4315,2.33,45.0,8.0,54.0
2022-08-16,1876.67,622729.1499,23854.74,62691189706,5488833775,7412880833.0,0.9999,19.69,121.6807,2.33,44.0,8.0,54.0
2022-08-17,1834.25,951824.8975,23342.66,62853328779,5454319494,7490383453.0,0.9999,19.9,122.0711,2.33,41.0,8.0,54.0
2022-08-18,1846.39,606254.024,23191.2,61713858233,5387178270,7332809615.0,1.0001,19.56,122.3627,2.33,30.0,8.0,54.0
2022-08-19,1609.01,1419826.9515,20834.39,60919895311,5368753093,7147776451.0,1.0001,20.6,123.0501,2.33,33.0,8.0,54.0
2022-08-20,1576.04,914615.9226,21140.07,57861495580,5034983551,6692946885.0,1.0,,,2.33,29.0,8.0,54.0
2022-08-21,1618.13,780662.6062,21515.61,57506308989,4922479948,6728822042.0,1.0,,,2.33,27.0,7.0,46.0
2022-08-22,1624.66,941192.8954,21399.83,58368598808,5023078499,6454330826.0,1.0001,23.8,123.605,2.33,29.0,7.0,46.0
2022-08-23,1665.41,940246.932,21529.12,58380489289,4948138360,6452630953.0,1.0,24.11,123.0547,2.33,28.0,7.0,46.0
2022-08-24,1656.56,744667.6078,21368.08,58578627375,4946291332,6504348846.0,0.9999,22.82,123.109,2.33,25.0,7.0,46.0
2022-08-25,1695.11,603090.713,21559.04,58750838118,4963418049,6565765255.0,1.0,21.78,123.0586,2.33,25.0,7.0,46.0
2022-08-26,1508.18,1149912.8292,20241.05,59135749908,5035874741,6597821126.0,1.0,25.56,123.0656,2.33,27.0,7.0,46.0
2022-08-27,1491.06,756136.6768,20037.6,56348092712,4799318514,6230746167.0,1.0001,,,2.33,28.0,7.0,46.0
2022-08-28,1426.76,544846.4486,19555.61,56015286909,4732242943,6204390548.0,1.0001,,,2.33,28.0,7.0,44.0
2022-08-29,1551.8,826252.0831,20285.73,54980121314,4634566654,5999341295.0,1.0,26.21,123.4686,2.33,24.0,7.0,44.0
2022-08-30,1524.59,1003075.0172,19811.66,56613014981,4902440280,6099176766.0,0.9999,26.21,123.6848,2.33,27.0,7.0,44.0
2022-08-31,1554.1,949227.6775,20050.02,56438841386,4855903745,6103020981.0,1.0001,25.87,123.535,2.33,23.0,7.0,44.0
2022-09-01,1586.16,728710.482,20131.46,56101084905,4741151761,6194013675.0,1.0,25.56,124.4006,2.56,20.0,7.0,44.0
2022-09-02,1575.35,919009.6598,19951.86,56673048802,4909151631,6259818440.0,0.9999,25.47,123.7743,2.56,25.0,7.0,44.0
2022-09-03,1557.46,321397.2189,19831.9,56556843748,4893624844,6358800448.0,0.9999,,,2.56,21.0,7.0,44.0
2022-09-04,1579.28,296591.1166,20000.3,56286230363,4882708008,6339134179.0,0.9999,,,2.56,20.0,7.0,48.0
2022-09-05,1617.8,503492.937,19796.84,56249576338,4816578534,6386474234.0,1.0001,25.99,,2.56,23.0,7.0,48.0
2022-09-06,1559.01,1010722.8578,18790.61,56938279998,4785551630,6514890625.0,1.0,26.91,124.767,2.56,22.0,7.0,48.0
2022-09-07,1630.0,850991.4243,19292.84,54492134109,4633647863,6122152796.0,1.0,24.64,124.8408,2.56,24.0,7.0,48.0
2022-09-08,1635.37,645124.0085,19319.77,55489967094,4653115293,6353673616.0,0.9999,23.61,124.578,2.56,20.0,7.0,48.0
2022-09-09,1718.23,837458.2126,21360.11,55508950314,4673757369,6349240554.0,0.9997,22.79,123.7874,2.56,22.0,7.0,48.0
2022-09-10,1774.12,411046.2466,21648.34,56912694621,4769481903,6585300518.0,0.9997,,,2.56,28.0,7.0,48.0
2022-09-11,1766.11,409287.7263,21826.87,57631856438,4862536870,6676971655.0,0.9997,,,2.56,26.0,8.0,94.0
2022-09-12,1716.37,630774.6032,22395.74,56992223557,4754040142,6639290981.0,0.9998,23.87,123.3332,2.56,25.0,8.0,94.0
2022-09-13,1574.4,1134549.7256,20173.57,56514176209,4656894515,6529664143.0,1.0,27.27,124.4242,2.56,34.0,8.0,94.0
2022-09-14,1638.39,764562.5393,20226.71,53485365994,4495144842,6203142883.0,0.9998,26.16,124.4509,2.56,27.0,8.0,94.0
2022-09-15,1472.75,1335499.8047,19701.88,52462967062,4357669654,6115955167.0,1.0001,26.27,124.8843,2.56,28.0,8.0,94.0
2022-09-16,1433.9,693597.2425,19803.3,51420641233,4272975537,5822454775.0,1.0001,26.3,124.8794,2.56,20.0,8.0,94.0
2022-09-17,1468.83,421391.3743,20113.62,51692961734,4279882824,5747169645.0,0.9999,,,2.56,22.0,8.0,94.0
2022-09-18,1334.51,804113.468,19416.18,52310158465,4398279014,5773514709.0,1.0,,,2.56,27.0,7.0,55.0
2022-09-19,1375.98,974855.198,19537.02,50831413943,4237326395,5521720944.0,0.9999,25.76,125.0104,2.56,21.0,7.0,55.0
2022-09-20,1322.93,658027.1465,18875.0,51208295226,4333072719,5543648495.0,0.9999,27.16,125.1248,2.56,23.0,7.0,55.0
2022-09-21,1245.78,1192266.7379,18461.36,51059924610,4246866910,5546298540.0,0.9999,27.99,125.7399,2.56,23.0,7.0,55.0
2022-09-22,1326.46,904282.2725,19401.63,50000638919,4127811833,5366885181.0,1.0,27.35,126.1667,2.56,22.0,7.0,55.0
2022-09-23,1327.25,974052.3644,19289.91,51663157557,4368190150,5596574186.0,1.0,29.92,127.2853,2.56,20.0,7.0,55.0
2022-09-24,1317.13,517557.3497,18920.5,51858034362,4365832395,5595095343.0,0.9999,,,2.56,24.0,7.0,55.0
2022-09-25,1294.63,515533.8409,18807.38,51668746201,4360666861,5589601922.0,1.0,,,2.56,24.0,7.0,37.0
2022-09-26,1336.17,799166.4333,19227.82,51477391279,4321624325,5557164892.0,0.9999,32.26,128.4539,2.56,21.0,7.0,37.0
2022-09-27,1328.02,860584.8944,19079.13,52223618203,4427339829,5528670838.0,,32.6,128.4386,2.56,20.0,7.0,37.0
2022-09-28,1337.2,919314.9131,19412.82,52180095440,4411079320,5565410087.0,,30.18,128.0884,2.56,20.0,7.0,37.0
2022-09-29,1335.7,770591.6895,19591.51,52418914217,4435618635,5606851494.0,,31.84,127.5437,2.56,22.0,7.0,37.0
2022-09-30,1328.72,740753.611,19422.61,52414673147,4447047442,5579484486.0,,31.62,127.5148,2.56,21.0,7.0,37.0
2022-10-01,1311.79,252081.9056,19310.95,52321075941,4444171749,5537321578.0,,,,3.08,20.0,7.0,37.0
2022-10-02,1276.72,371740.0407,19056.8,52690081756,4413387114,5507139128.0,,,,3.08,24.0,7.0,33.0
2022-10-03,1323.09,483775.2435,19629.08,52179497882,4335257509,5447736819.0,,30.1,127.0813,3.08,24.0,7.0,33.0
2022-10-04,1361.49,476207.6702,20337.82,52961113202,4386971068,5470172735.0,,29.07,126.1819,3.08,20.0,7.0,33.0
2022-10-05,1352.2,483508.7782,20158.26,53455450520,4452703119,5567514094.0,,28.55,126.8616,3.08,25.0,7.0,33.0
2022-10-06,1352.06,573975.324,19960.67,53521666874,4437351199,5586055485.0,,30.52,127.2493,3.08,26.0,7.0,33.0
2022-10-07,1331.1,491999.8776,19530.09,53396720310,4398463218,5575189355.0,,31.36,127.3111,3.08,23.0,7.0,33.0
2022-10-08,1315.48,203391.6612,19417.96,52804325220,4389777118,5507032311.0,,,,3.08,24.0,7.0,33.0
2022-10-09,1323.13,186201.9185,19439.02,52573381540,4366401205,5463092888.0,,,,3.08,22.0,7.0,31.0
2022-10-10,1290.03,393663.0114,19131.87,52663291189,4405357783,5479195003.0,,32.45,,3.08,22.0,7.0,31.0
2022-10-11,1280.11,429430.3941,19060.0,51969715679,4329011446,5389666603.0,,33.63,127.6641,3.08,24.0,7.0,31.0
2022-10-12,1294.44,369712.5759,19155.53,51944739726,4342254188,5383495973.0,,33.57,128.1481,3.08,20.0,7.0,31.0
2022-10-13,1287.08,945618.3163,19375.13,51619850935,4323778960,5273353111.0,,31.94,127.7286,3.08,20.0,7.0,31.0
2022-10-14,1296.27,669742.8093,19176.93,51133734874,3942493069,5103182727.0,,32.02,128.3325,3.08,24.0,7.0,31.0
2022-10-15,1274.92,287100.9529,19069.39,51113700141,3956688755,5093848380.0,,,,3.08,24.0,7.0,31.0
2022-10-16,1305.95,293321.3632,19262.98,50968983136,3964570495,5190911252.0,,,,3.08,24.0,7.0,26.0
2022-10-17,1331.4,459848.4941,19549.86,51387928441,4024126151,5244057774.0,,31.37,127.6448,3.08,20.0,7.0,26.0
2022-10-18,1310.71,572728.9189,19327.44,51784550784,4051988590,5196773102.0,,30.5,127.9153,3.08,22.0,7.0,26.0
2022-10-19,1285.09,368637.5105,19123.97,51343601632,4087986959,5131280309.0,,30.76,128.3968,3.08,23.0,7.0,26.0
2022-10-20,1282.57,428531.6103,19041.92,50772242117,3884466336,5036158680.0,,29.98,128.0052,3.08,23.0,7.0,26.0
2022-10-21,1299.75,468076.7986,19164.37,50222243384,3875918979,4968109057.0,,29.69,127.6735,3.08,23.0,7.0,26.0
2022-10-22,1313.61,221776.7007,19204.35,50267539820,3959855213,4912103894.0,,,,3.08,20.0,7.0,26.0
2022-10-23,1364.2,432269.46,19570.4,50385333665,3979945406,4907784930.0,,,,3.08,23.0,7.0,37.0
2022-10-24,1343.61,611830.797,19329.72,51246813874,4040641123,5039477006.0,,29.85,128.0304,3.08,22.0,7.0,37.0
2022-10-25,1459.74,1127932.9012,20080.07,50668371351,4022504373,4977766917.0,,28.46,127.3771,3.08,20.0,7.0,37.0
2022-10-26,1566.1,1236044.7023,20771.59,52334959675,4146610629,5246766529.0,,27.28,126.4723,3.08,33.0,7.0,37.0
2022-10-27,1514.05,869454.4851,20295.11,53583496083,4284026991,5429932632.0,,27.39,126.7028,3.08,32.0,7.0,37.0
2022-10-28,1554.41,858954.4425,20591.84,52925408272,4192331525,5351214945.0,,25.75,127.2135,3.08,30.0,7.0,37.0
2022-10-29,1619.55,914161.0846,20809.67,53474582519,4167742050,5416597012.0,,,,3.08,34.0,7.0,37.0
2022-10-30,1590.44,476036.4243,20627.48,54349642480,4206175172,5602724370.0,,,,3.08,34.0,7.0,34.0
2022-10-31,1572.69,810334.2414,20490.74,54004799584,4245839301,5539178625.0,,25.88,127.6219,3.08,31.0,7.0,34.0
2022-11-01,1578.48,527539.2965,20483.62,53461455964,4217459891,5423492513.0,,25.81,127.3987,3.78,30.0,7.0,34.0
2022-11-02,1518.34,981395.3648,20151.84,53291973760,4246736761,5434018875.0,,25.86,127.3115,3.78,30.0,7.0,34.0
2022-11-03,1531.01,560202.8813,20207.82,52507628911,4137375861,5319047237.0,,25.3,128.1743,3.78,30.0,7.0,34.0
2022-11-04,1644.78,935531.4781,21148.52,52871706006,4166617099,5296846653.0,,24.55,127.1468,3.78,30.0,7.0,34.0
2022-11-05,1626.98,351385.5362,21299.37,54629714168,4371800034,5522424226.0,,,,3.78,38.0,7.0,34.0
2022-11-06,1568.29,414863.9525,20905.58,54512119345,4380485031,5480042777.0,,,,3.78,40.0,7.0,49.0
2022-11-07,1568.1,642409.4494,20591.13,53500889461,4403382469,5322672671.0,,24.35,126.3062,3.78,33.0,7.0,49.0
2022-11-08,1334.77,2339916.5089,18547.23,53292126869,4453856468,5403612614.0,,25.54,125.633,3.78,31.0,7.0,49.0
2022-11-09,1102.73,2494797.9357,15922.81,48151089405,4032150245,4720190266.0,,26.09,125.9861,3.78,29.0,7.0,49.0
2022-11-10,1299.28,1975955.6767,17601.15,42728387859,3671736343,4180011297.0,,23.53,124.7044,3.78,22.0,7.0,49.0
2022-11-11,1289.28,1308087.1498,17070.31,44483075563,3910731848,4714779640.0,,22.52,,3.78,25.0,7.0,49.0
2022-11-12,1257.25,547772.9172,16812.08,43506324367,3853265925,4668599094.0,,,,3.78,21.0,7.0,49.0
2022-11-13,1221.49,547410.5304,16329.85,42796683675,3808143112,4619997372.0,,,,3.78,22.0,7.0,40.0
2022-11-14,1243.28,934742.0059,16619.46,41924913286,3734387421,4620084517.0,,23.73,123.4277,3.78,24.0,7.0,40.0
2022-11-15,1253.23,632825.568,16900.57,42105642810,3800496893,4422573690.0,,24.54,123.039,3.78,22.0,7.0,40.0
2022-11-16,1216.17,673339.7215,16662.76,42422294842,3827376123,4360960737.0,,24.11,123.2817,3.78,23.0,7.0,40.0
2022-11-17,1200.43,530537.3488,16692.56,41761612081,3797740286,4308137383.0,,23.93,123.977,3.78,20.0,7.0,40.0
2022-11-18,1212.58,360218.5337,16700.45,41871351600,3770860170,4271479321.0,,23.12,123.8524,3.78,23.0,7.0,40.0
2022-11-19,1217.67,209789.5888,16700.68,41766314342,3778219691,4240443756.0,,,,3.78,23.0,7.0,40.0
2022-11-20,1142.21,531108.7607,16280.23,41511356743,3787628318,4268561643.0,,,,3.78,24.0,7.0,34.0
2022-11-21,1107.34,922647.9454,15781.29,40292214329,3683861571,4086536281.0,,22.36,124.7009,3.78,21.0,7.0,34.0
2022-11-22,1139.6,748884.5791,16226.94,40041920054,3643989199,4070975064.0,,21.29,124.2365,3.78,22.0,7.0,34.0
2022-11-23,1184.52,636927.1594,16603.11,40035393664,3724151604,3771167332.0,,20.35,123.7574,3.78,22.0,7.0,34.0
2022-11-24,1203.73,486080.6123,16598.95,40564691062,3517835892,3815788257.0,,20.42,,3.78,20.0,7.0,34.0
2022-11-25,1199.3,391430.1658,16522.14,40303564669,3533979909,3637351409.0,,20.5,123.3386,3.78,20.0,7.0,34.0
2022-11-26,1205.6,379840.8116,16458.57,40251521938,3536755228,3680292071.0,,,,3.78,22.0,7.0,34.0
2022-11-27,1193.88,286386.7986,16428.78,40753350372,3526039411,3686289846.0,,,,3.78,26.0,6.0,29.0
2022-11-28,1167.77,478795.6093,16212.91,40501136296,3429909401,3704240748.0,,22.21,123.6032,3.78,28.0,6.0,29.0
2022-11-29,1216.49,512143.5861,16442.53,39844306298,3412849574,3642423296.0,,21.89,123.6615,3.78,26.0,6.0,29.0
2022-11-30,1294.46,815679.2717,17163.64,40862919579,3565852415,3854147934.0,,20.58,123.5175,3.78,29.0,6.0,29.0
2022-12-01,1276.41,430018.7391,16977.37,41407826437,3483035376,3858291226.0,,19.84,122.0045,4.1,27.0,6.0,29.0
2022-12-02,1295.59,371559.585,17092.74,41459749613,3491869896,3894532227.0,,19.06,122.0102,4.1,27.0,6.0,29.0
2022-12-03,1240.51,347148.2588,16885.2,40947057743,3496032280,3921489067.0,,,,4.1,27.0,6.0,29.0
2022-12-04,1279.41,324129.5466,17105.7,40926156829,3450540300,3849201418.0,,,,4.1,26.0,7.0,26.0
2022-12-05,1259.41,391628.5166,16966.35,41533444008,3508901535,3932651833.0,,20.75,122.6384,4.1,26.0,7.0,26.0
2022-12-06,1271.32,301631.839,17088.96,41006596427,3482131342,3846193170.0,,22.17,123.0191,4.1,25.0,7.0,26.0
2022-12-07,1231.18,398559.5166,16836.64,41387502800,3505613926,3829992372.0,,22.68,122.7608,4.1,29.0,7.0,26.0
2022-12-08,1280.18,406653.5447,17224.1,41354172641,3457971711,3765423003.0,,22.29,122.4152,4.1,25.0,7.0,26.0
2022-12-09,1263.1,406008.0032,17128.56,41501455988,3540169455,3833645593.0,,22.83,122.4201,4.1,26.0,7.0,26.0
2022-12-10,1266.35,182278.6396,17127.49,41465967119,3530595683,3818990496.0,,,,4.1,27.0,7.0,26.0
2022-12-11,1263.01,180494.902,17085.05,41755549838,3524713628,3820138958.0,,,,4.1,26.0,6.0,27.0
2022-12-12,1275.4,363750.5481,17209.83,41303886027,3501672833,3777301585.0,,25.0,122.7714,4.1,27.0,6.0,27.0
2022-12-13,1320.69,659393.8825,17774.7,41267060836,3521758763,3809384228.0,,22.55,121.8493,4.1,27.0,6.0,27.0
2022-12-14,1307.44,554465.5717,17803.15,41380748306,3586258923,3915064655.0,,21.14,121.8226,4.1,30.0,6.0,27.0
2022-12-15,1266.54,390051.2447,17356.34,41291023042,3567331476,3888922085.0,,22.83,122.5519,4.1,31.0,6.0,27.0
2022-12-16,1166.83,751422.2779,16632.12,40630632081,3494206344,3816344670.0,,22.62,122.6505,4.1,29.0,6.0,27.0
2022-12-17,1187.16,328881.6281,16776.52,38814399755,3334314708,3636606100.0,,,,4.1,28.0,6.0,27.0
2022-12-18,1183.06,252260.144,16738.21,39034294612,3324294187,3659585663.0,,,,4.1,26.0,6.0,26.0
2022-12-19,1167.82,296832.7228,16438.88,39139614624,3337397027,3670116170.0,,22.42,122.5275,4.1,29.0,6.0,26.0
2022-12-20,1216.94,465184.1943,16895.56,38524845749,3291900751,3615547508.0,,21.48,122.1357,4.1,29.0,6.0,26.0
2022-12-21,1213.78,245723.8377,16824.67,39102838123,3351111617,3708986086.0,,20.07,122.2828,4.1,26.0,6.0,26.0
2022-12-22,1217.71,336761.6598,16821.43,39089317786,3398873598,3742126906.0,,21.97,122.2419,4.1,28.0,6.0,26.0
2022-12-23,1219.99,278604.2882,16778.5,39080318042,3366069978,3756306797.0,,20.87,121.9743,4.1,27.0,6.0,26.0
2022-12-24,1220.41,123701.5301,16836.12,39021395710,3372592042,3747205982.0,,,,4.1,29.0,6.0,26.0
2022-12-25,1218.51,231652.0612,16832.11,39069303592,3371231152,3758293332.0,,,,4.1,29.0,6.0,25.0
2022-12-26,1228.11,162723.0857,16919.39,38690437408,3361685562,3748029247.0,,,,4.1,28.0,6.0,25.0
2022-12-27,1211.55,262437.6398,16706.36,38882199416,3367994797,3760026621.0,,21.65,121.7539,4.1,27.0,6.0,25.0
2022-12-28,1190.15,367828.8914,16547.31,38677509778,3336142111,3730569613.0,,22.14,122.0075,4.1,28.0,6.0,25.0
2022-12-29,1200.49,249130.4869,16633.47,38423136768,3306760141,3694973541.0,,21.44,121.6577,4.1,28.0,6.0,25.0
2022-12-30,1199.99,266014.2115,16607.48,38415881388,3314978527,3709149479.0,,21.67,121.4256,4.1,28.0,6.0,25.0
2022-12-31,1196.13,139379.2811,16542.4,38303681946,3306274915,3702232387.0,,,,4.1,25.0,6.0,25.0
2023-01-01,1200.34,117762.0685,16616.75,37845166405,3265140607,3683458675.0,,,,4.33,26.0,6.0,26.0
2023-01-02,1214.0,252794.14,16672.87,38125759882,3281285946,3696521422.0,,,,4.33,27.0,6.0,26.0
2023-01-03,1214.55,205519.4944,16675.18,38327700217,3299441805,3731497539.0,,22.9,122.0905,4.33,26.0,6.0,26.0
2023-01-04,1256.9,457799.6648,16850.36,38367241351,3328335797,3726974480.0,,22.01,121.5008,4.33,29.0,6.0,26.0
2023-01-05,1251.24,272805.33,16831.85,39007057125,3372590296,3789373825.0,,22.46,122.1017,4.33,29.0,6.0,26.0
2023-01-06,1269.14,342344.2023,16950.65,38893082220,3378365248,3792325099.0,,21.13,121.0852,4.33,26.0,6.0,26.0
2023-01-07,1264.07,129474.2884,16943.57,38974606415,3397074154,3784358812.0,,,,4.33,25.0,6.0,26.0
2023-01-08,1290.16,213636.7848,17127.83,39075667061,3391357271,3895129734.0,,,,4.33,25.0,16.0,78.0
2023-01-09,1320.39,581727.6968,17178.26,39806905369,3433553904,3948243341.0,,21.97,120.1508,4.33,25.0,16.0,78.0
2023-01-10,1335.62,459660.2307,17440.66,40160753245,3436546067,4020607213.0,,20.58,120.2483,4.33,26.0,16.0,78.0
2023-01-11,1389.39,472465.9556,17943.26,40357651302,3443764524,4060080443.0,,21.09,120.1614,4.33,26.0,16.0,78.0
2023-01-12,1415.92,877712.4492,18846.62,41437484197,3526912002,4213921124.0,,18.83,119.4218,4.33,30.0,16.0,78.0
2023-01-13,1451.2,499377.8649,19930.01,41698278051,3537140589,4224859985.0,,18.35,119.1673,4.33,31.0,16.0,78.0
2023-01-14,1549.9,940691.7774,20954.92,43866273454,3724549865,4549174624.0,,,,4.33,46.0,16.0,78.0
2023-01-15,1552.52,387832.7138,20871.5,43849013628,3579377582,4479428034.0,,,,4.33,52.0,16.0,88.0
2023-01-16,1576.94,574622.8953,21185.65,44228451665,3615926368,4545896636.0,,19.49,,4.33,45.0,16.0,88.0
2023-01-17,1565.57,506771.7219,21134.81,44268140982,3629705205,4557440824.0,,19.36,119.2121,4.33,51.0,16.0,88.0
2023-01-18,1511.43,752534.8857,20677.47,44412972572,3664226246,4517449526.0,,20.34,119.0755,4.33,52.0,16.0,88.0
2023-01-19,1551.09,308679.4645,21071.59,43441765765,3587385373,4363424308.0,,20.52,119.6107,4.33,45.0,16.0,88.0
2023-01-20,1658.52,440570.9974,22667.21,44124145375,3738867430,4431485385.0,,19.85,119.3486,4.33,51.0,16.0,88.0
2023-01-21,1626.66,494248.6009,22783.55,46134741000,3882788639,4740878533.0,,,,4.33,53.0,16.0,88.0
2023-01-22,1627.44,431729.6909,22707.88,46000312327,3866644850,4673541687.0,,,,4.33,53.0,16.0,79.0
2023-01-23,1626.29,407267.1156,22916.45,46097160954,3797422582,4670558272.0,,19.81,119.1434,4.33,50.0,16.0,79.0
2023-01-24,1555.97,462275.3243,22632.89,46357822761,3797434355,4682742730.0,,19.2,119.0958,4.33,52.0,16.0,79.0
2023-01-25,1611.94,646474.9166,23060.94,45632465456,3739161303,4530944519.0,,19.08,118.9686,4.33,51.0,16.0,79.0
2023-01-26,1601.09,532777.8466,23009.65,46822467077,3831163575,4641286427.0,,18.73,119.021,4.33,54.0,16.0,79.0
2023-01-27,1597.62,512093.3875,23074.16,46530112076,3815241173,4609139515.0,,18.51,118.9223,4.33,55.0,16.0,79.0
2023-01-28,1572.1,313675.6574,23022.6,47016778494,3835670639,4612827080.0,,,,4.33,52.0,16.0,79.0
2023-01-29,1644.72,551767.9134,23742.3,46862251566,3817542275,4607322927.0,,,,4.33,55.0,16.0,73.0
2023-01-30,1566.2,595055.3281,22826.15,47816953452,3905539514,4713085960.0,,19.94,118.8953,4.33,61.0,16.0,73.0
2023-01-31,1585.33,348856.6751,23125.13,46327259617,3799362674,4531707156.0,,19.4,118.9802,4.33,51.0,16.0,73.0
2023-02-01,1641.68,474617.1709,23732.66,46793469547,3827653875,4579025046.0,,17.87,118.6259,4.57,56.0,16.0,73.0
2023-02-02,1643.12,629188.8874,23488.94,48498694407,3970690375,4790903064.0,,18.73,118.3421,4.57,60.0,16.0,73.0
2023-02-03,1663.52,464815.032,23431.9,48066135639,3935783453,4693794453.0,,18.33,119.5095,4.57,60.0,16.0,73.0
2023-02-04,1666.38,308227.1295,23326.84,48274214183,3996002671,4740858814.0,,,,4.57,58.0,16.0,73.0
2023-02-05,1629.02,413579.6748,22932.91,48207792143,4002613586,4711793576.0,,,,4.57,58.0,16.0,67.0
2023-02-06,1614.29,384119.4197,22762.52,47794393611,3971074604,4638156019.0,,19.43,120.541,4.57,56.0,16.0,67.0
2023-02-07,1671.03,451922.4,23240.46,47592299618,3959753064,4631803041.0,,18.66,120.3475,4.57,54.0,16.0,67.0
2023-02-08,1650.43,417966.2539,22963.0,48766151499,4070124078,4764650898.0,,19.63,120.1436,4.57,58.0,16.0,67.0
2023-02-09,1545.35,658011.6964,21796.35,48291311348,4024207884,4665571690.0,,20.71,119.9781,4.57,55.0,16.0,67.0
2023-02-10,1513.06,484654.2199,21625.19,46196393488,3914243866,4433974705.0,,20.53,120.1419,4.57,48.0,16.0,67.0
2023-02-11,1538.51,289691.5708,21862.55,45992665826,3893070317,4342405778.0,,,,4.57,49.0,16.0,67.0
2023-02-12,1514.83,286758.374,21783.54,46499000707,3922324621,4437062419.0,,,,4.57,50.0,17.0,69.0
2023-02-13,1505.24,643152.3904,21773.97,46258331045,3894614913,4394827518.0,,20.34,119.9828,4.57,48.0,17.0,69.0
2023-02-14,1555.71,668964.3768,22199.84,45909550655,3861197735,4476413203.0,,18.91,119.9229,4.57,50.0,17.0,69.0
2023-02-15,1674.92,581207.8586,24324.05,46696863104,3926125502,4571631171.0,,18.23,120.4557,4.57,53.0,17.0,69.0
2023-02-16,1637.84,832723.6731,23517.72,49415030898,4123862278,4938542445.0,,20.17,120.4651,4.57,62.0,17.0,69.0
2023-02-17,1693.87,579934.663,24569.97,48524633714,4069279722,4836862759.0,,20.02,120.5526,4.57,61.0,17.0,69.0
2023-02-18,1691.62,267305.7813,24631.95,49824027991,4157442469,5032031471.0,,,,4.57,60.0,17.0,69.0
2023-02-19,1679.75,401023.0477,24271.76,50124865084,4187161222,5027934216.0,,,,4.57,60.0,17.0,66.0
2023-02-20,1703.27,451314.8335,24842.2,49837966685,4158408303,4971453370.0,,21.23,,4.57,58.0,17.0,66.0
2023-02-21,1659.76,520354.4688,24452.16,50492200478,4211607226,4985000477.0,,22.87,120.6256,4.57,60.0,17.0,66.0
2023-02-22,1643.14,528875.4809,24182.21,49462067382,4132572485,4864987674.0,,22.29,120.8389,4.57,59.0,17.0,66.0
2023-02-23,1650.53,501305.9717,23940.2,49213134574,4120505239,4825855897.0,,21.14,121.0896,4.57,56.0,17.0,66.0
2023-02-24,1607.8,512515.4982,23185.29,49238405385,4115110650,4812365699.0,,21.67,121.5681,4.57,53.0,17.0,66.0
2023-02-25,1594.58,290188.0391,23157.07,48282919285,4059655519,4712251852.0,,,,4.57,52.0,17.0,66.0
2023-02-26,1641.36,308607.9941,23554.85,48016589516,4046730320,4690407553.0,,,,4.57,51.0,16.0,62.0
2023-02-27,1633.45,431861.4129,23492.09,49028050759,4120892162,4819752538.0,,20.95,121.3941,4.57,50.0,16.0,62.0
2023-02-28,1605.23,393523.1647,23141.57,49033142641,4107601583,4853381542.0,,20.7,121.3341,4.57,53.0,16.0,62.0
2023-03-01,1665.22,474456.8235,23628.97,48716337990,4089844111,4741543610.0,,20.58,120.6347,4.65,50.0,16.0,62.0
2023-03-02,1647.86,423023.8082,23465.32,49595984488,4195191837,4814175851.0,,19.59,121.1302,4.65,51.0,16.0,62.0
2023-03-03,1569.45,742816.5976,22354.34,49215692145,4154833146,4808899210.0,,18.49,120.7742,4.65,50.0,16.0,62.0
2023-03-04,1566.73,237640.2606,22346.57,47715099980,3945731424,4617403537.0,,,,4.65,50.0,16.0,62.0
2023-03-05,1564.58,299240.7415,22430.24,47628464504,3936960647,4749935984.0,,,,4.65,47.0,17.0,58.0
2023-03-06,1565.84,307709.3011,22410.0,47706583577,3950733977,4765926103.0,,18.61,120.485,4.65,48.0,17.0,58.0
2023-03-07,1561.96,437947.9032,22197.96,47642232877,3944658457,4729797158.0,,19.59,121.4623,4.65,49.0,17.0,58.0
2023-03-08,1532.38,460101.7658,21705.44,47435724281,3942757418,4735375080.0,,19.11,121.4511,4.65,50.0,17.0,58.0
2023-03-09,1437.32,718485.1364,20362.22,46482784108,3848565621,4698596658.0,,22.61,121.4458,4.65,44.0,17.0,58.0
2023-03-10,1426.44,960262.4509,20150.69,44258288967,3655795341,4528670078.0,,24.8,121.2421,4.65,34.0,17.0,58.0
2023-03-11,1471.97,1374859.6201,20455.73,43842205596,3541782584,4411297702.0,0.9592,,,4.65,33.0,17.0,58.0
2023-03-12,1580.33,1002355.0929,21997.11,42201017135,3321665171,4491342935.0,0.9848,,,4.65,33.0,16.0,76.0
2023-03-13,1673.45,1228063.6053,24113.48,45586517624,3559649697,5212999813.0,0.9949,26.52,120.8897,4.65,49.0,16.0,76.0
2023-03-14,1699.4,1283321.2355,24670.41,46479989195,3601820575,5237022058.0,0.9961,23.73,121.0141,4.65,56.0,16.0,76.0
2023-03-15,1649.96,963142.4833,24285.66,46927595167,3630498171,5209658196.0,0.996,26.14,122.1079,4.65,50.0,16.0,76.0
2023-03-16,1673.73,627985.6119,24998.78,45777985601,3538534825,5092978072.0,0.9975,22.99,121.7221,4.65,52.0,16.0,76.0
2023-03-17,1789.27,907528.2825,27395.13,45679976427,3578424800,4988802886.0,0.9977,25.51,121.5643,4.65,51.0,16.0,76.0
2023-03-18,1758.84,711614.731,26907.49,48165216743,3789519532,5403713176.0,0.9971,,,4.65,64.0,16.0,76.0
2023-03-19,1780.68,541131.8908,27972.87,47980040248,3771020626,5529183722.0,0.9969,,,4.65,63.0,16.0,81.0
2023-03-20,1732.78,682848.1248,27717.01,48156558963,3757247487,5590790675.0,0.9959,24.15,121.0141,4.65,66.0,16.0,81.0
2023-03-21,1801.23,742348.4999,28105.47,48136651734,3747586182,5620207447.0,0.9969,21.38,120.8958,4.65,68.0,16.0,81.0
2023-03-22,1734.33,891287.6009,27250.97,48937984198,3810720144,5732700645.0,0.9972,22.26,120.6217,4.65,62.0,16.0,81.0
2023-03-23,1813.79,732061.103,28295.41,48105126729,3872687451,5575468811.0,0.9979,22.61,119.7587,4.65,57.0,16.0,81.0
2023-03-24,1749.57,564770.1417,27454.47,49124277480,3912636724,5736733455.0,0.9988,21.74,120.4598,4.65,61.0,16.0,81.0
2023-03-25,1741.88,355679.3743,27462.95,48089497546,3803241818,5615893823.0,0.999,,,4.65,64.0,16.0,81.0
2023-03-26,1773.88,354933.2372,27968.05,47993591806,3797177877,5570693558.0,0.9991,,,4.65,64.0,16.0,71.0
2023-03-27,1715.22,570563.5023,27124.91,48271032576,3822960883,5592988014.0,0.9995,20.6,120.2541,4.65,64.0,16.0,71.0
2023-03-28,1772.99,536511.3973,27261.07,47350061561,3751667756,5469648386.0,0.9997,19.97,119.7138,4.65,59.0,16.0,71.0
2023-03-29,1793.07,536865.5972,28348.6,47873678189,3846124825,5506429631.0,0.9998,19.12,119.7258,4.65,57.0,16.0,71.0
2023-03-30,1793.61,579690.0394,28028.53,48518241906,3963126161,5454044784.0,1.0,19.02,119.4078,4.65,60.0,16.0,71.0
2023-03-31,1821.52,554525.4762,28465.36,48662407567,3912243286,5476648714.0,0.9997,18.7,119.3602,4.65,63.0,16.0,71.0
2023-04-01,1820.79,272904.9674,28452.73,49027722476,3937946255,5536817830.0,0.9997,,,4.83,61.0,16.0,71.0
2023-04-02,1794.51,322122.9385,28171.87,48987576157,3935877411,5530654246.0,0.9995,,,4.83,63.0,15.0,70.0
2023-04-03,1810.51,628503.6619,27800.0,48527914799,3897345334,5523821964.0,0.9997,18.55,119.3204,4.83,63.0,15.0,70.0
2023-04-04,1870.37,622208.6411,28165.47,48642099841,3964388620,5535696311.0,0.9996,19.0,119.142,4.83,62.0,15.0,70.0
2023-04-05,1908.69,548595.5155,28170.01,49861374211,4050971006,5751643974.0,0.9997,19.08,119.2953,4.83,62.0,15.0,70.0
2023-04-06,1872.41,396241.4352,28033.82,49702235805,3993168266,5712411259.0,0.9994,18.4,119.3072,4.83,63.0,15.0,70.0
2023-04-07,1863.72,284256.4873,27906.33,49523319095,3979339863,5719122773.0,0.9993,,119.3547,4.83,64.0,15.0,70.0
2023-04-08,1848.82,197905.5407,27938.38,49246186839,4016498723,5676370833.0,0.9994,,,4.83,61.0,15.0,70.0
2023-04-09,1858.92,287131.3079,28323.76,49319571814,4020089430,5657117806.0,0.9993,,,4.83,61.0,16.0,100.0
2023-04-10,1910.2,434739.7984,29637.34,49449975640,4003311863,5691014336.0,0.9992,18.97,119.7948,4.83,62.0,16.0,100.0
2023-04-11,1889.86,405203.4892,30200.42,50270768587,4080503956,5823295463.0,0.9989,19.1,119.5248,4.83,68.0,16.0,100.0
2023-04-12,1917.39,630844.4186,29888.07,50083770360,4031462566,5785830696.0,0.9993,19.09,119.003,4.83,65.0,16.0,100.0
2023-04-13,2012.01,676164.5188,30373.84,50110647182,4159592722,5782351033.0,0.999,17.8,118.3915,4.83,61.0,16.0,100.0
2023-04-14,2099.99,896307.3934,30466.93,52346074361,4406088472,6081691024.0,0.999,17.07,118.8567,4.83,68.0,16.0,100.0
2023-04-15,2090.6,321823.7851,30295.09,52483638471,4389760026,6083717497.0,0.9992,,,4.83,68.0,16.0,100.0
2023-04-16,2118.67,319880.4393,30304.65,52544998114,4382296242,6143056801.0,0.9993,,,4.83,68.0,15.0,79.0
2023-04-17,2074.0,426972.7071,29430.27,52213809742,4346828163,6036283859.0,0.9994,16.95,119.2787,4.83,69.0,15.0,79.0
2023-04-18,2103.5,414244.6135,30380.01,51438138052,4355214896,5869042465.0,0.9996,16.83,119.1049,4.83,58.0,15.0,79.0
2023-04-19,1933.73,775389.0602,28797.1,52135479586,4416070963,5969816534.0,0.9995,16.46,119.303,4.83,63.0,15.0,79.0
2023-04-20,1942.98,625336.2495,28243.65,49798948497,4183670883,5557056216.0,0.9999,17.17,119.1199,4.83,52.0,15.0,79.0
2023-04-21,1848.78,688876.6186,27262.84,49268609602,4202826250,5360919284.0,1.0001,16.77,119.3117,4.83,50.0,15.0,79.0
2023-04-22,1874.16,331007.5879,27816.85,47700695572,4065332373,5148197988.0,1.0001,,,4.83,53.0,15.0,79.0
2023-04-23,1862.0,344514.3444,27590.6,47784026959,4081587134,5189480804.0,1.0,,,4.83,56.0,16.0,66.0
2023-04-24,1841.84,447864.0517,27510.93,47752211428,4084983705,5206577932.0,1.0,16.89,119.2039,4.83,53.0,16.0,66.0
2023-04-25,1866.1,457870.6047,28300.79,47294830392,4014021976,5173382055.0,1.0,18.76,119.613,4.83,53.0,16.0,66.0
2023-04-26,1866.01,897709.7298,28415.29,47886061612,4081894725,5278993192.0,0.9997,18.84,119.3228,4.83,56.0,16.0,66.0
2023-04-27,1908.68,727472.9466,29472.77,48513837173,4163354211,5396166888.0,0.9996,17.03,119.4298,4.83,59.0,16.0,66.0
2023-04-28,1890.94,387630.7791,29311.7,48558600984,4115182506,5396861477.0,0.9992,15.78,119.2248,4.83,64.0,16.0,66.0
2023-04-29,1907.8,182046.1406,29230.45,48242501939,4116313807,5305965025.0,0.9995,,,4.83,64.0,16.0,66.0
2023-04-30,1870.09,355336.4888,29233.21,48464794410,4130660431,5341766248.0,0.9995,,,4.83,60.0,15.0,61.0
2023-05-01,1830.73,445519.1779,28068.26,48063169946,4092864128,5290029486.0,0.9997,16.08,119.4435,5.06,63.0,15.0,61.0
2023-05-02,1870.08,373753.2027,28669.86,46944031951,4010910159,5174769912.0,0.9994,17.78,119.6105,5.06,55.0,15.0,61.0
2023-05-03,1905.12,465185.2501,29026.16,47524967551,4085145531,5266216528.0,0.9998,18.34,119.1233,5.06,64.0,15.0,61.0
2023-05-04,1877.07,354528.6144,28838.16,48255179833,4150864599,5392908484.0,0.9996,20.09,119.0465,5.06,64.0,15.0,61.0
2023-05-05,1993.3,546608.875,29505.61,48083130945,4119602597,5373316619.0,0.999,17.19,118.5548,5.06,61.0,15.0,61.0
2023-05-06,1896.33,608106.9915,28848.2,49727652264,4293343677,5627720677.0,0.9982,,,5.06,60.0,15.0,61.0
2023-05-07,1870.4,413268.8357,28430.1,48433104162,4159884270,5410096063.0,0.9986,,,5.06,64.0,15.0,56.0
2023-05-08,1847.56,625316.6168,27668.79,47960222239,4132906175,5319520624.0,0.9992,16.98,118.5759,5.06,60.0,15.0,56.0
2023-05-09,1846.52,304396.186,27628.27,46712271761,4037706636,5124662013.0,0.9994,17.71,118.8239,5.06,51.0,15.0,56.0
2023-05-10,1840.84,639933.3855,27598.75,46862454089,4059315314,5188452208.0,0.9993,16.94,118.5864,5.06,52.0,15.0,56.0
2023-05-11,1794.3,522096.0725,26968.62,46604129493,4024001932,5162977304.0,0.9995,16.93,119.0303,5.06,52.0,15.0,56.0
2023-05-12,1807.45,565539.8309,26795.01,45834530451,4006584162,5075374933.0,0.9995,17.03,119.3671,5.06,49.0,15.0,56.0
2023-05-13,1795.11,212895.4373,26775.28,45886822950,4023578523,5115518201.0,0.9996,,,5.06,48.0,15.0,56.0
2023-05-14,1799.21,218101.0977,26917.62,45808224964,4021071887,5082038608.0,0.9995,,,5.06,48.0,16.0,48.0
2023-05-15,1816.2,388171.9261,27162.14,45754871020,4027957407,5069342707.0,0.9997,17.12,119.1608,5.06,50.0,16.0,48.0
2023-05-16,1824.21,311238.6786,27033.84,46263579637,4088424548,5161074729.0,0.9997,17.99,119.1743,5.06,54.0,16.0,48.0
2023-05-17,1822.12,352097.9913,27405.61,46308750554,4109970329,5179772196.0,0.9998,16.87,119.607,5.06,50.0,16.0,48.0
2023-05-18,1800.56,293755.311,26821.28,46430578127,4118658652,5172691163.0,0.9999,16.05,120.0886,5.06,51.0,16.0,48.0
2023-05-19,1812.32,243116.4676,26880.26,46155337183,4089411366,5105620846.0,0.9998,16.81,119.7751,5.06,48.0,16.0,48.0
2023-05-20,1819.42,127754.4349,27102.43,46249818379,4088041150,5163338877.0,0.9997,,,5.06,48.0,16.0,48.0
2023-05-21,1804.91,161517.8053,26747.78,46719796431,4114959580,5236594341.0,0.9998,,,5.06,52.0,15.0,47.0
2023-05-22,1817.35,237498.9423,26849.27,46292076897,4075664527,5175886061.0,0.9997,17.21,120.0875,5.06,49.0,15.0,47.0
2023-05-23,1854.05,396869.6097,27219.61,46648718101,4107082036,5274600189.0,0.9998,18.53,120.3204,5.06,50.0,15.0,47.0
2023-05-24,1799.89,420846.1445,26329.01,47212270190,4204221218,5354158318.0,1.0,20.03,120.4752,5.06,50.0,15.0,47.0
2023-05-25,1805.6,350633.0089,26473.79,45910292520,4082659899,5230940462.0,1.0,19.14,120.8413,5.06,51.0,15.0,47.0
2023-05-26,1827.79,275690.6854,26705.92,45951332573,4110680230,5209639984.0,0.9998,17.95,120.6304,5.06,49.0,15.0,47.0
2023-05-27,1829.89,138824.9406,26854.27,46247505842,4131771125,5260834774.0,0.9997,,,5.06,48.0,15.0,47.0
2023-05-28,1908.64,378392.4371,28065.0,46535584844,4144905784,5318300139.0,0.9999,,,5.06,50.0,14.0,50.0
2023-05-29,1892.6,313593.4942,27736.4,47679237118,4258016422,5492641439.0,0.9997,17.46,,5.06,52.0,14.0,50.0
2023-05-30,1900.59,272665.8402,27694.4,47142758890,4193259373,5419441508.0,0.9997,17.46,120.5546,5.06,51.0,14.0,50.0
2023-05-31,1873.63,319255.5681,27210.35,47103231310,4198566269,5441936141.0,0.9999,17.94,120.9662,5.06,51.0,14.0,50.0
2023-06-01,1861.78,270496.6097,26817.93,45816068499,4142842456,5352017820.0,0.9998,15.65,120.0491,5.08,52.0,14.0,50.0
2023-06-02,1906.68,313004.0658,27242.59,45695445200,4135186999,5370049519.0,0.9998,14.6,120.0049,5.08,50.0,14.0,50.0
2023-06-03,1892.06,148818.2427,27069.22,46529098927,4187430587,5483144183.0,0.9996,,,5.08,53.0,14.0,50.0
2023-06-04,1890.01,172683.0119,27115.21,46316565150,4188216550,5467179214.0,0.9997,,,5.08,52.0,16.0,53.0
2023-06-05,1810.5,555361.2683,25728.2,46265889416,4185224334,5447077106.0,0.9997,14.73,120.0048,5.08,53.0,16.0,53.0
2023-06-06,1884.64,491407.2174,27230.08,44557685539,4012176131,5234921782.0,0.9998,13.96,119.9718,5.08,44.0,16.0,53.0
2023-06-07,1832.13,429196.7064,26339.34,45719058356,4137048445,5468211715.0,0.9999,13.94,119.859,5.08,53.0,16.0,53.0
2023-06-08,1845.64,189270.4853,26498.61,44498580575,4032810162,5318900186.0,0.9999,13.65,119.5712,5.08,50.0,16.0,53.0
2023-06-09,1840.37,198324.3252,26477.81,44571042178,4054510463,5357250806.0,1.0,13.83,119.4322,5.08,50.0,16.0,53.0
2023-06-10,1751.53,652324.6695,25841.21,44022195903,4057540173,5284403190.0,0.9995,,,5.08,49.0,16.0,53.0
2023-06-11,1752.76,219956.2434,25925.55,42157835963,3841927551,5111439552.0,0.9996,,,5.08,47.0,15.0,52.0
2023-06-12,1742.57,302132.4819,25905.19,42156514307,3841513110,5147291545.0,0.9999,15.01,119.6376,5.08,47.0,15.0,52.0
2023-06-13,1740.12,284268.0018,25934.25,41905861839,3811463833,5107204433.0,1.0001,14.61,119.1899,5.08,45.0,15.0,52.0
2023-06-14,1650.95,415847.327,25128.6,42113130379,3818491716,5149743806.0,1.0001,13.88,118.776,5.08,46.0,15.0,52.0
2023-06-15,1666.96,370774.7696,25598.49,40687548424,3644072436,4922789924.0,1.0009,14.5,118.5521,5.08,41.0,15.0,52.0
2023-06-16,1717.92,311734.5904,26345.0,40637610994,3653316110,4956232521.0,1.0007,13.54,118.4184,5.08,47.0,15.0,52.0
2023-06-17,1727.76,210914.9216,26516.99,41374904843,3736633314,5103425349.0,1.0004,,,5.08,47.0,15.0,52.0
2023-06-18,1720.95,156535.0128,26339.97,41676528388,3790728439,5096166566.0,1.0002,,,5.08,49.0,14.0,57.0
2023-06-19,1737.11,245162.7589,26844.35,41594634068,3781843101,5135499082.0,1.0002,14.19,,5.08,47.0,14.0,57.0
2023-06-20,1791.99,328855.6846,28307.99,41860560462,3810474867,5173624730.0,0.9998,13.88,118.938,5.08,49.0,14.0,57.0
2023-06-21,1889.11,613755.8869,29993.89,43125876060,3911518442,5380249310.0,1.0,13.2,118.727,5.08,59.0,14.0,57.0
2023-06-22,1872.01,416714.5719,29884.92,44659565675,4071642144,5635015189.0,0.9997,12.91,118.7552,5.08,65.0,14.0,57.0
2023-06-23,1892.63,401147.9324,30688.5,44166999909,4026432927,5530388484.0,0.9994,13.44,119.152,5.08,65.0,14.0,57.0
2023-06-24,1874.96,226910.2941,30527.43,44414362512,4024430221,5585107880.0,0.9996,,,5.08,62.0,14.0,57.0
2023-06-25,1898.8,338757.6158,30462.66,44203959789,3986913424,5548609046.0,0.9997,,,5.08,64.0,13.0,56.0
2023-06-26,1858.97,458743.861,30267.99,44541774173,4012875086,5622019440.0,0.9998,14.25,119.0761,5.08,55.0,13.0,56.0
2023-06-27,1889.58,366634.5707,30692.44,44156760488,3963786490,5588146068.0,0.9999,13.74,118.8949,5.08,59.0,13.0,56.0
2023-06-28,1828.02,337836.5792,30077.41,44284616004,3975299615,5660426968.0,1.0001,13.43,119.3382,5.08,62.0,13.0,56.0
2023-06-29,1851.99,241844.8281,30447.31,43446140487,3907798966,5539819661.0,1.0001,13.54,119.527,5.08,54.0,13.0,56.0
2023-06-30,1933.79,716538.1035,30472.0,43926339278,3945989937,5634318381.0,1.0002,13.59,119.3606,5.08,56.0,13.0,56.0
2023-07-01,1924.5,178373.3688,30585.9,45033130633,4057052916,5821897272.0,1.0002,,,5.12,59.0,13.0,56.0
2023-07-02,1937.48,255852.7832,30617.03,44952908155,4056497872,5815617776.0,1.0001,,,5.12,63.0,14.0,56.0
2023-07-03,1955.54,322102.4295,31156.2,45104980178,4078820369,5970839362.0,0.9999,13.57,119.2119,5.12,62.0,14.0,56.0
2023-07-04,1936.2,205525.0984,30766.51,45347334770,4111560441,6038929815.0,0.9998,13.7,,5.12,64.0,14.0,56.0
2023-07-05,1910.36,267633.4783,30504.81,45027632034,4080497986,6025072015.0,1.0,14.18,119.3483,5.12,61.0,14.0,56.0
2023-07-06,1846.17,456362.741,29895.43,44507230251,4050420015,5938297686.0,1.0,15.44,119.8193,5.12,56.0,14.0,56.0
2023-07-07,1870.91,232944.3466,30344.7,43554061976,3961197465,5795884538.0,0.9999,14.83,119.0761,5.12,55.0,14.0,56.0
2023-07-08,1865.24,125819.8273,30284.63,43987584052,4015239047,5875631829.0,0.9998,,,5.12,58.0,14.0,56.0
2023-07-09,1862.8,135046.3743,30160.71,44040770131,4005899806,5861470758.0,0.9999,,,5.12,55.0,14.0,59.0
2023-07-10,1880.4,247868.1494,30411.57,43952902575,4004894266,5853085784.0,0.9999,15.07,118.9548,5.12,56.0,14.0,59.0
2023-07-11,1878.3,177771.6117,30622.1,44070276048,4026106572,5862644727.0,0.9999,14.84,118.7344,5.12,57.0,14.0,59.0
2023-07-12,1871.82,264406.8673,30380.0,44208878253,4030040034,5896732749.0,1.0,13.54,117.6385,5.12,64.0,14.0,59.0
2023-07-13,2004.49,548861.4207,31454.23,43997052886,4030979529,5890989154.0,0.9996,13.61,117.1831,5.12,57.0,14.0,59.0
2023-07-14,1937.83,498724.0359,30312.01,45736856843,3932717645,6252526729.0,0.9994,13.34,117.0463,5.12,60.0,14.0,59.0
2023-07-15,1931.41,135181.7663,30289.52,44664257050,3831622538,6071375880.0,0.9997,,,5.12,56.0,14.0,59.0
2023-07-16,1922.11,148667.1051,30231.99,44820054189,3844996135,6148441221.0,0.9995,,,5.12,57.0,13.0,52.0
2023-07-17,1911.2,277159.0349,30138.0,44567300819,3847513382,6052594898.0,0.9999,13.48,117.1267,5.12,54.0,13.0,52.0
2023-07-18,1897.21,215780.5006,29859.13,44455375277,3843279642,5980660976.0,0.9998,13.3,117.0264,5.12,56.0,13.0,52.0
2023-07-19,1888.63,218045.0005,29909.21,44104449327,3824943066,5885925878.0,0.9999,13.76,117.3462,5.12,50.0,13.0,52.0
2023-07-20,1891.59,292907.5164,29800.0,43832406600,3817726613,5816346500.0,1.0,13.99,117.5947,5.12,56.0,13.0,52.0
2023-07-21,1891.73,165554.0428,29901.72,43855045633,3818998046,5845830587.0,1.0,13.6,117.9418,5.12,50.0,13.0,52.0
2023-07-22,1866.52,131901.6487,29794.0,43910672060,3835809809,5886543450.0,1.0,,,5.12,52.0,13.0,52.0
2023-07-23,1888.73,153501.0178,30083.75,43382797782,3799845881,5817966584.0,1.0,,,5.12,54.0,13.0,48.0
2023-07-24,1850.0,276504.5547,29176.5,43711202319,3843490851,5879236994.0,1.0001,13.91,117.8124,5.12,55.0,13.0,48.0
2023-07-25,1857.66,152251.21,29228.91,42819918595,3779588011,5762592863.0,1.0001,13.86,117.8565,5.12,50.0,13.0,48.0
2023-07-26,1872.0,272090.5333,29351.96,42790991546,3766185237,5777791941.0,1.0001,13.19,117.76,5.12,51.0,13.0,48.0
2023-07-27,1861.28,163766.4259,29222.78,43010204427,3798090514,5812263565.0,1.0002,14.41,117.8938,5.12,51.0,13.0,48.0
2023-07-28,1874.19,138695.7147,29314.14,42980541863,3812371634,5794685870.0,1.0001,13.33,117.788,5.12,52.0,13.0,48.0
2023-07-29,1880.46,72867.0269,29352.9,43279331209,3821625489,5840257617.0,1.0,,,5.12,52.0,13.0,48.0
2023-07-30,1861.79,158657.5902,29281.09,43587430635,3825941673,5851009530.0,1.0001,,,5.12,52.0,14.0,46.0
2023-07-31,1856.14,168204.4534,29232.25,41326686542,3796091689,5437049050.0,1.0001,13.63,117.8241,5.12,50.0,14.0,46.0
2023-08-01,1873.47,358476.0966,29705.99,40643848904,3745722761,5239073860.0,1.0005,13.93,118.5738,5.33,53.0,14.0,46.0
2023-08-02,1839.9,254213.0553,29186.01,40270781452,3773107317,5098143972.0,1.0006,16.09,119.1268,5.33,53.0,14.0,46.0
2023-08-03,1835.81,171148.052,29193.64,39835231119,3727695610,4961698157.0,1.0008,15.92,119.3963,5.33,52.0,14.0,46.0
2023-08-04,1830.23,187699.4552,29113.99,40289804686,3697663665,4940999862.0,1.0014,17.1,118.821,5.33,54.0,14.0,46.0
2023-08-05,1836.48,93657.3255,29072.13,40241185081,3649840491,4909377380.0,1.0009,,,5.33,50.0,14.0,46.0
2023-08-06,1830.28,90403.9915,29088.42,40362548625,3661586167,4929548845.0,1.0015,,,5.33,49.0,14.0,43.0
2023-08-07,1829.1,224092.9059,29211.06,40440836841,3653702691,4932171388.0,1.0011,15.77,119.0809,5.33,49.0,14.0,43.0
2023-08-08,1856.3,236336.03,29770.42,40759474943,3664606764,4935394228.0,1.0004,15.99,119.6407,5.33,54.0,14.0,43.0
2023-08-09,1855.35,191926.8343,29581.99,41263791714,3718167872,4995959436.0,1.0007,15.96,119.476,5.33,50.0,14.0,43.0
2023-08-10,1852.47,127321.4553,29455.75,41269439652,3714955771,4945941001.0,1.0011,15.85,119.1581,5.33,53.0,14.0,43.0
2023-08-11,1848.84,113209.3103,29426.03,41552385832,3708687530,4902114568.0,1.0011,14.84,119.6268,5.33,51.0,14.0,43.0
2023-08-12,1849.93,63292.6476,29430.17,41708348861,3713842360,5025463311.0,1.0006,,,5.33,54.0,14.0,43.0
2023-08-13,1840.73,120674.1364,29303.84,41727934887,3734437084,4970025271.0,1.0008,,,5.33,54.0,15.0,48.0
2023-08-14,1845.5,150196.1203,29430.93,41595659476,3718623052,4926053488.0,1.001,14.82,120.0725,5.33,50.0,15.0,48.0
2023-08-15,1828.98,186081.6989,29200.0,41605250199,3729610900,4948080328.0,1.001,16.46,120.2127,5.33,53.0,15.0,48.0
2023-08-16,1807.81,205430.7368,28730.51,41032199771,3701415052,4868724732.0,1.0012,16.78,120.3551,5.33,52.0,15.0,48.0
2023-08-17,1681.49,812138.2159,26623.41,40114347343,3603956099,4765286685.0,1.0003,17.89,120.5242,5.33,50.0,15.0,48.0
2023-08-18,1661.59,538083.1018,26054.0,38433007842,3397404233,4628595491.0,1.0003,17.3,120.4321,5.33,37.0,15.0,48.0
2023-08-19,1669.67,231919.0485,26100.01,38104411392,3338251565,4578056350.0,1.0003,,,5.33,39.0,15.0,48.0
2023-08-20,1685.24,195623.5263,26189.99,38263943410,3346252284,4557943269.0,1.0,,,5.33,37.0,13.0,43.0
2023-08-21,1667.55,250835.1518,26126.92,38090931454,3353208209,4607343990.0,1.0001,17.13,120.4627,5.33,38.0,13.0,43.0
2023-08-22,1634.99,402012.045,26056.0,37909802775,3348273266,4626079461.0,1.0005,16.97,120.3554,5.33,37.0,13.0,43.0
2023-08-23,1679.61,374761.1088,26432.72,37426285757,3336862369,4548420658.0,1.0002,15.98,120.0307,5.33,37.0,13.0,43.0
2023-08-24,1661.16,231539.7805,26180.05,38148617689,3438396718,4644125172.0,1.0004,17.2,120.2354,5.33,41.0,13.0,43.0
2023-08-25,1653.8,236261.6898,26060.01,37874496574,3393346173,4560615251.0,1.0005,15.68,120.5137,5.33,39.0,13.0,43.0
2023-08-26,1647.04,79175.425,26017.37,37671604615,3381887955,4534169538.0,1.0006,,,5.33,38.0,13.0,43.0
2023-08-27,1658.33,87789.9196,26101.77,37634960779,3384347063,4527205867.0,1.0005,,,5.33,38.0,14.0,44.0
2023-08-28,1653.08,214351.0143,26120.0,37865763450,3342366245,4558119581.0,1.0006,15.08,120.3155,5.33,39.0,14.0,44.0
2023-08-29,1729.42,494371.0823,27716.34,37874215594,3341532608,4570131599.0,1.0,14.45,120.2669,5.33,39.0,14.0,44.0
2023-08-30,1705.23,202841.4402,27299.99,39027594901,3424051089,4705615513.0,1.0,13.88,119.7937,5.33,49.0,14.0,44.0
2023-08-31,1645.76,330518.2668,25940.78,38519729121,3399259433,4663212186.0,1.0002,13.57,120.225,5.33,52.0,14.0,44.0
2023-09-01,1629.12,302406.1686,25805.05,37647909307,3294537712,4524606642.0,1.0004,13.09,120.759,5.33,40.0,14.0,44.0
2023-09-02,1637.03,102145.9476,25869.51,37489894495,3263246362,4493024570.0,1.0001,,,5.33,39.0,14.0,44.0
2023-09-03,1635.84,116767.2862,25971.21,37586968914,3275099419,4518906972.0,1.0002,,,5.33,40.0,13.0,38.0
2023-09-04,1630.51,168010.9056,25826.02,37677442052,3280207686,4533379777.0,1.0003,13.82,,5.33,40.0,13.0,38.0
2023-09-05,1634.45,204365.4907,25792.1,37504849329,3271034625,4528565646.0,1.0004,14.01,121.4345,5.33,40.0,13.0,38.0
2023-09-06,1633.15,219541.0193,25759.95,37740739721,3278672983,4552560795.0,1.0006,14.45,121.8671,5.33,42.0,13.0,38.0
2023-09-07,1648.11,228558.2782,26255.0,37618077690,3297357874,4529169051.0,1.0006,14.4,121.9528,5.33,41.0,13.0,38.0
2023-09-08,1636.44,221570.0458,25910.5,37992417028,3330133640,4617052781.0,1.0003,13.84,121.9475,5.33,46.0,13.0,38.0
2023-09-09,1635.54,58519.6229,25901.61,37688413285,3292031524,4579462180.0,1.0003,,,5.33,41.0,13.0,38.0
2023-09-10,1617.42,207957.8428,25841.61,37622527442,3279358883,4585617117.0,1.0004,,,5.33,40.0,14.0,40.0
2023-09-11,1551.85,417424.8189,25162.52,37359619175,3252486582,4559070701.0,1.0003,13.8,121.3386,5.33,40.0,14.0,40.0
2023-09-12,1592.97,329739.9685,25840.1,36268623412,3125989595,4405058953.0,1.0,14.23,121.2913,5.33,30.0,14.0,40.0
2023-09-13,1607.62,223409.2889,26222.0,36952813854,3189751333,4495263424.0,1.0,13.48,121.0549,5.33,41.0,14.0,40.0
2023-09-14,1626.47,275301.1505,26522.73,37282852471,3237798087,4540136496.0,0.9999,12.82,121.2395,5.33,45.0,14.0,40.0
2023-09-15,1641.29,181340.024,26600.0,37581179876,3265661741,4592992479.0,1.0,13.79,121.199,5.33,45.0,14.0,40.0
2023-09-16,1634.4,99555.4671,26559.67,38742718445,3297545028,4629573426.0,0.9999,,,5.33,43.0,14.0,40.0
2023-09-17,1622.48,120227.4117,26527.51,38521684612,3290534992,4599661124.0,0.9998,,,5.33,46.0,16.0,39.0
2023-09-18,1636.66,279041.6978,26762.51,38321101268,3248892445,4587408236.0,0.9999,14.0,121.1938,5.33,46.0,16.0,39.0
2023-09-19,1643.12,184282.4258,27210.26,38538760666,3239133791,4626621466.0,0.9998,14.11,121.1645,5.33,46.0,16.0,39.0
2023-09-20,1622.26,232844.2347,27125.0,38760878030,3254466647,4693248572.0,0.9999,15.14,120.9648,5.33,47.0,16.0,39.0
2023-09-21,1583.94,240627.544,26568.08,38455598686,3228643502,4669690500.0,1.0001,17.54,121.5528,5.33,47.0,16.0,39.0
2023-09-22,1593.08,124886.091,26580.14,37749991197,3167907222,4574303705.0,1.0,17.2,121.5306,5.33,43.0,16.0,39.0
2023-09-23,1593.86,64537.1341,26575.96,37937867180,3187240924,4612036992.0,1.0,,,5.33,47.0,16.0,39.0
2023-09-24,1580.71,137517.8533,26248.38,37858433737,3183074770,4598924616.0,0.9999,,,5.33,44.0,14.0,39.0
2023-09-25,1588.33,176706.9277,26304.81,37476467124,3143072546,4547918227.0,1.0002,16.9,122.1143,5.33,47.0,14.0,39.0
2023-09-26,1594.01,125583.0161,26221.67,37695045233,3163220744,4628422403.0,1.0005,18.94,122.4742,5.33,46.0,14.0,39.0
2023-09-27,1598.64,274404.4328,26372.99,37715187401,3166267257,4636654447.0,1.0007,18.22,122.9895,5.33,44.0,14.0,39.0
2023-09-28,1652.99,331409.7015,27021.39,37723726404,3164460650,4662074168.0,1.0002,17.34,122.5342,5.33,46.0,14.0,39.0
2023-09-29,1667.45,251975.6728,26906.96,38450395086,3209069656,4795960912.0,1.0001,17.52,122.3077,5.33,48.0,14.0,39.0
2023-09-30,1670.89,136924.9141,26962.56,38556848920,3213325498,4838484959.0,0.9998,,,5.33,47.0,14.0,39.0
2023-10-01,1733.79,225611.5868,27992.57,38564250608,3208041366,4798802768.0,1.0001,,,5.33,48.0,14.0,41.0
2023-10-02,1662.4,378575.6898,27494.51,39522987024,3281049395,4984316294.0,0.9998,17.61,123.0545,5.33,50.0,14.0,41.0
2023-10-03,1656.88,198287.1164,27426.46,38637519450,3220923270,4870678145.0,1.0,19.78,123.7848,5.33,50.0,14.0,41.0
2023-10-04,1646.58,222861.7167,27778.57,38344384834,3168827558,4822119733.0,1.0001,18.58,123.5946,5.33,49.0,14.0,41.0
2023-10-05,1611.79,237378.7449,27410.39,38526961778,3177889554,4840541193.0,1.0,18.49,123.8993,5.33,48.0,14.0,41.0
2023-10-06,1645.03,220507.9286,27931.09,38170122236,3128076251,4779929939.0,0.9996,17.45,123.3563,5.33,50.0,14.0,41.0
2023-10-07,1633.57,101241.5732,27956.67,38561623246,3183615392,4859751831.0,0.9995,,,5.33,49.0,14.0,41.0
2023-10-08,1632.84,149424.6635,27917.05,38487078637,3166445175,4872508362.0,0.9995,,,5.33,50.0,13.0,38.0
2023-10-09,1580.13,340141.0988,27590.12,38285341519,3095161180,4823102089.0,0.9997,17.7,,5.33,50.0,13.0,38.0
2023-10-10,1567.63,240659.3287,27390.12,37529338866,3060141671,4691325354.0,0.9999,17.03,122.9282,5.33,50.0,13.0,38.0
2023-10-11,1566.87,260253.9671,26875.52,36909481191,3042706983,4671745830.0,1.0003,16.09,122.7697,5.33,47.0,13.0,38.0
2023-10-12,1539.61,237221.4977,26759.63,36593478439,3028849270,4611461262.0,1.0003,16.69,123.2101,5.33,45.0,13.0,38.0
2023-10-13,1552.16,192205.8736,26862.0,36049990364,2993932166,4527042393.0,1.0003,19.32,123.5954,5.33,44.0,13.0,38.0
2023-10-14,1554.94,100314.6754,26852.48,36598732584,3014216421,4583515943.0,1.0001,,,5.33,47.0,13.0,38.0
2023-10-15,1557.77,120311.2738,27154.15,36641742772,3026012058,4594748647.0,0.9999,,,5.33,45.0,14.0,42.0
2023-10-16,1599.42,418510.8644,28500.78,36675242247,3021386262,4614738617.0,0.9997,17.21,123.3185,5.33,47.0,14.0,42.0
2023-10-17,1565.01,234817.0699,28395.91,37309392678,3072264576,4734650524.0,0.9997,17.88,123.1202,5.33,52.0,14.0,42.0
2023-10-18,1563.44,177750.2253,28320.0,36888098479,3024008380,4691015877.0,0.9999,19.22,123.8148,5.33,50.0,14.0,42.0
2023-10-19,1566.57,216217.6675,28713.71,36544888207,3014230317,4688860689.0,0.9996,21.4,123.798,5.33,52.0,14.0,42.0
2023-10-20,1603.89,315995.792,29669.04,36783421750,3020532277,4727890088.0,0.9995,21.71,123.612,5.33,53.0,14.0,42.0
2023-10-21,1628.94,176419.4092,29909.8,37406042763,3056596484,4811123949.0,0.9996,,,5.33,63.0,14.0,42.0
2023-10-22,1663.7,228650.9225,29992.46,38069118558,3121406922,4959176006.0,0.9998,,,5.33,53.0,15.0,61.0
2023-10-23,1765.46,610931.9663,33069.99,38719725055,3191392824,5065497727.0,0.9996,20.37,123.2846,5.33,53.0,15.0,61.0
2023-10-24,1784.98,674055.1375,33922.73,40806134572,3332256125,5410317378.0,1.0,18.97,123.6416,5.33,66.0,15.0,61.0
2023-10-25,1787.15,354410.8294,34496.05,40693601966,3319234376,5417931614.0,0.9998,20.19,123.7871,5.33,72.0,15.0,61.0
2023-10-26,1803.38,431169.0453,34151.66,41122798952,3332396673,5456268733.0,0.9999,20.68,124.0064,5.33,71.0,15.0,61.0
2023-10-27,1779.4,274532.6921,33892.02,41101294110,3341243676,5461834593.0,0.9999,21.27,123.62,5.33,70.0,15.0,61.0
2023-10-28,1776.2,122919.7382,34081.0,40762458192,3328218814,5424495418.0,0.9999,,,5.33,65.0,15.0,61.0
2023-10-29,1795.14,144110.6508,34525.89,41243799688,3325987338,5409383400.0,0.9997,,,5.33,72.0,13.0,52.0
2023-10-30,1809.04,277686.192,34474.73,41651341145,3352848614,5491033999.0,0.9996,19.75,123.4076,5.33,68.0,13.0,52.0
2023-10-31,1814.67,258074.5796,34639.77,42287883980,3416052972,5584127680.0,0.9996,18.14,123.8364,5.33,66.0,13.0,52.0
2023-11-01,1846.99,471921.6184,35421.43,41957583422,3331561717,5504825526.0,0.9997,16.87,123.7922,5.33,66.0,13.0,52.0
2023-11-02,1800.8,368738.2193,34941.59,42872290546,3378539554,5623343052.0,0.9998,15.66,122.8818,5.33,72.0,13.0,52.0
2023-11-03,1832.71,315000.2678,34716.78,42099528379,3284719078,5305963768.0,0.9997,14.91,121.7564,5.33,65.0,13.0,52.0
2023-11-04,1855.54,171538.0364,35062.07,42919054803,3371874489,5659260905.0,0.9995,,,5.33,68.0,13.0,52.0
2023-11-05,1891.71,383106.7628,35011.88,43691190207,3408363488,5659769927.0,0.9994,,,5.33,70.0,14.0,74.0
2023-11-06,1900.95,328746.2394,35046.09,43648466438,3409140789,5625325977.0,0.9997,14.89,121.6484,5.33,74.0,14.0,74.0
2023-11-07,1885.27,332419.4406,35399.12,43850867683,3406061940,5610834046.0,0.9996,14.81,122.0777,5.33,68.0,14.0,74.0
2023-11-08,1888.12,247881.0997,35624.72,43854437514,3428411393,5655776359.0,0.9997,14.45,122.0926,5.33,66.0,14.0,74.0
2023-11-09,2121.32,1100330.3237,36701.09,44368871296,3454697326,5715252439.0,0.9998,15.29,122.1281,5.33,69.0,14.0,74.0
2023-11-10,2077.72,555573.6495,37301.63,46659342736,3665764945,6139029178.0,0.9994,14.17,,5.33,70.0,14.0,74.0
2023-11-11,2053.17,370966.0372,37130.0,46740189063,3650754562,6090931865.0,0.9998,,,5.33,70.0,14.0,74.0
2023-11-12,2044.68,281907.559,37064.13,46547821863,3614282309,6033004990.0,0.9995,,,5.33,73.0,16.0,66.0
2023-11-13,2053.65,529143.5815,36462.93,46752924445,3632739718,6108796449.0,0.9997,14.76,122.4264,5.33,72.0,16.0,66.0
2023-11-14,1979.39,481909.733,35551.19,45969059176,3603354998,5850246531.0,0.9998,14.16,121.35,5.33,69.0,16.0,66.0
2023-11-15,2058.48,421870.8032,37858.2,45501891961,3562563233,5687301556.0,0.9996,14.18,121.0749,5.33,60.0,16.0,66.0
2023-11-16,1961.77,545286.1297,36163.51,47220154912,3689660543,5942589017.0,0.9999,14.32,121.1754,5.33,70.0,16.0,66.0
2023-11-17,1960.82,401100.5069,36613.92,45487940364,3582615844,5652128127.0,0.9996,13.8,120.8477,5.33,63.0,16.0,66.0
2023-11-18,1962.6,279368.2208,36568.1,45598841170,3553046640,5654371374.0,0.9996,,,5.33,69.0,16.0,66.0
2023-11-19,2011.47,251132.6192,37359.86,45800034836,3546640500,5664042889.0,0.9996,,,5.33,66.0,17.0,59.0
2023-11-20,2021.4,421717.679,37448.78,46798266528,3657152372,5780540819.0,0.9993,13.41,120.2533,5.33,69.0,17.0,59.0
2023-11-21,1933.01,490163.9863,35741.65,46818530363,3667310408,5783037443.0,0.9996,13.35,120.2241,5.33,71.0,17.0,59.0
2023-11-22,2063.21,466120.5109,37408.34,44864770654,3493732050,5540753007.0,0.9997,12.85,120.6802,5.33,62.0,17.0,59.0
2023-11-23,2062.2,250960.6958,37294.28,46780419409,3750438349,5842850083.0,0.9999,12.8,,5.33,66.0,17.0,59.0
2023-11-24,2080.84,426932.5402,37713.57,46785774971,3743423229,5836868111.0,0.9992,12.46,120.2105,5.33,66.0,17.0,59.0
2023-11-25,2083.09,138847.393,37780.67,47074046318,3737769243,5879227962.0,0.9995,,,5.33,73.0,17.0,59.0
2023-11-26,2062.33,241262.9136,37447.43,46944464087,3738857990,5871305862.0,0.9997,,,5.33,73.0,18.0,57.0
2023-11-27,2027.5,326073.2298,37242.7,46202903676,3745543256,5824094339.0,1.0,12.69,120.173,5.33,66.0,18.0,57.0
2023-11-28,2048.14,283775.9279,37818.87,45641725712,3701851743,5713337693.0,0.9995,12.69,119.5904,5.33,68.0,18.0,57.0
2023-11-29,2028.81,254843.7319,37854.64,46132204002,3712621849,5788574619.0,0.9999,12.98,119.8159,5.33,72.0,18.0,57.0
2023-11-30,2051.96,243680.0921,37723.96,45947109543,3699064977,5751848926.0,0.9999,12.92,120.2434,5.33,74.0,18.0,57.0
2023-12-01,2087.24,372645.586,38682.52,46249530158,3765056357,5793565368.0,0.9995,12.63,119.9424,5.33,71.0,18.0,57.0
2023-12-02,2164.74,320979.9768,39450.35,46835990405,3819576045,5867884647.0,0.9996,,,5.33,74.0,18.0,57.0
2023-12-03,2192.95,257879.1136,39972.26,48106188110,3910857371,6109210752.0,0.9997,,,5.33,73.0,18.0,95.0
2023-12-04,2243.37,565307.7134,41991.1,48589362175,3902805167,6171465716.0,1.0,13.08,120.4727,5.33,74.0,18.0,95.0
2023-12-05,2293.33,529829.7214,44073.32,49209604321,3935311121,6273371286.0,0.9999,12.85,120.7913,5.33,75.0,18.0,95.0
2023-12-06,2232.7,408338.9056,43762.69,50340064125,4001207713,6477646024.0,0.9999,12.97,120.5334,5.33,72.0,18.0,95.0
2023-12-07,2355.73,485190.0609,43273.14,49520577357,3920983181,6339870366.0,0.9998,13.06,120.6013,5.33,72.0,18.0,95.0
2023-12-08,2358.72,378569.8126,44170.99,51011762745,4061871335,6607199293.0,0.9997,12.35,120.7607,5.33,72.0,18.0,95.0
2023-12-09,2340.49,287771.0664,43713.6,51819114331,4135038205,6674341762.0,0.9996,,,5.33,73.0,18.0,95.0
2023-12-10,2352.39,200037.2102,43789.51,51030052423,4104321935,6536826208.0,0.9999,,,5.33,74.0,15.0,74.0
2023-12-11,2225.12,640414.9166,41253.4,50629345777,4031679196,6550122330.0,1.0004,12.63,120.9279,5.33,74.0,15.0,74.0
2023-12-12,2203.46,361588.9087,41492.39,49280079604,4050890882,6194522942.0,1.0005,12.07,120.6817,5.33,67.0,15.0,74.0
2023-12-13,2260.16,418916.6154,42869.03,48968046269,4031226039,6143745220.0,0.9999,12.19,121.1571,5.33,65.0,15.0,74.0
2023-12-14,2315.32,409508.0931,43022.26,50167494986,4081322605,6383252753.0,0.9999,12.48,119.5683,5.33,72.0,15.0,74.0
2023-12-15,2220.5,333552.6328,41940.3,51330204876,4080564329,6515205520.0,1.0,12.28,119.7382,5.33,70.0,15.0,74.0
2023-12-16,2228.96,199285.923,42278.03,49660737664,4070994058,6282219315.0,1.0008,,,5.33,67.0,15.0,74.0
2023-12-17,2196.52,225925.7675,41374.65,49971620767,4061651774,6325334296.0,1.0009,,,5.33,73.0,15.0,70.0
2023-12-18,2219.43,364103.1181,42657.8,49410260163,3990259861,6237361238.0,1.0002,12.56,119.9102,5.33,65.0,15.0,70.0
2023-12-19,2177.91,383551.4049,42275.99,50388697364,4048058557,6326462374.0,1.0002,12.53,119.4632,5.33,73.0,15.0,70.0
2023-12-20,2202.17,416841.6272,43668.93,49945469800,4022410164,6219634891.0,0.9999,13.67,119.5435,5.33,74.0,15.0,70.0
2023-12-21,2239.61,453069.7252,43861.8,50993528992,4262014990,6314813039.0,0.9999,13.65,119.3168,5.33,70.0,15.0,70.0
2023-12-22,2324.54,591357.488,43969.04,51669804020,4054821630,6411155933.0,0.9993,13.03,119.0625,5.33,74.0,15.0,70.0
2023-12-23,2308.2,255626.9352,43702.16,52633408349,4081856116,6589044350.0,0.9997,,,5.33,70.0,15.0,70.0
2023-12-24,2264.05,307951.076,42991.5,52752098195,4084990750,6561909772.0,0.9995,,,5.33,71.0,13.0,74.0
2023-12-25,2271.35,286277.1616,43576.13,52332638778,4088762214,6464163574.0,0.9998,,,5.33,73.0,13.0,74.0
2023-12-26,2230.88,410413.1591,42508.93,52536725524,3613721699,6525985245.0,1.0001,12.99,118.8875,5.33,71.0,13.0,74.0
2023-12-27,2378.35,541537.3574,43428.85,52219902239,3609431685,6449907474.0,0.9993,12.43,118.4729,5.33,73.0,13.0,74.0
2023-12-28,2344.15,580459.982,42563.76,54174270118,3792380895,6862490578.0,0.9996,12.47,118.4104,5.33,73.0,13.0,74.0
2023-12-29,2299.2,450201.2069,42066.95,53415231067,3738925559,6739691597.0,0.9998,12.45,118.4208,5.33,65.0,13.0,74.0
2023-12-30,2291.68,210539.1327,42140.28,52749025422,3711771741,6621748014.0,1.0,,,5.33,68.0,13.0,74.0
2023-12-31,2281.87,222175.8779,42283.58,52810902969,3726205092,6606956087.0,1.0003,,,5.33,67.0,15.0,73.0
2024-01-01,2352.04,216702.6914,44179.55,52599714575,3712660765,6628392894.0,0.9999,,,5.33,65.0,15.0,73.0
2024-01-02,2355.34,458041.6642,44946.91,54770861270,3832802257,6849093339.0,0.9997,13.2,119.2686,5.33,71.0,15.0,73.0
2024-01-03,2209.72,798729.4869,42845.23,54630763766,3825481818,6853216354.0,0.9995,14.04,119.6958,5.33,70.0,15.0,73.0
2024-01-04,2267.11,448844.055,44151.1,52079923354,3658153416,6444211054.0,0.9991,14.13,119.6208,5.33,68.0,15.0,73.0
2024-01-05,2268.78,405568.0006,44145.11,53606835381,3727835526,6646272999.0,0.9993,13.35,119.388,5.33,72.0,15.0,73.0
2024-01-06,2240.78,194067.8656,43968.32,53202448825,3703819804,6795855754.0,0.9995,,,5.33,70.0,15.0,73.0
2024-01-07,2221.42,207138.6927,43929.02,52762612008,3701512382,6745052096.0,0.9994,,,5.33,71.0,9.0,59.0
2024-01-08,2330.44,539407.5547,46951.04,52050778304,4064144132,6648641405.0,0.9992,13.08,119.2506,5.33,71.0,9.0,59.0
2024-01-09,2344.29,551454.9931,46110.0,54048592936,4148107796,6960442334.0,0.9998,12.76,119.6666,5.33,76.0,9.0,59.0
2024-01-10,2584.38,1038388.666,46653.99,54184013250,4241100622,7000972250.0,0.9997,12.69,119.7614,5.33,73.0,9.0,59.0
2024-01-11,2618.01,838712.2577,46339.16,57362518301,4429896112,7625851529.0,1.0,12.44,119.8916,5.33,76.0,9.0,59.0
2024-01-12,2522.54,887457.7627,42782.73,57743866790,4448909441,7735464900.0,1.0004,12.7,119.534,5.33,71.0,9.0,59.0
2024-01-13,2578.19,422061.232,42847.99,55542313385,4334564638,7400179017.0,1.0002,,,5.33,64.0,9.0,59.0
2024-01-14,2472.87,306207.7463,41732.35,56361177709,4419600830,7527115208.0,1.0007,,,5.33,60.0,10.0,44.0
2024-01-15,2511.78,315247.8819,42511.1,55601751304,4363421133,7348678383.0,1.0006,13.25,,5.33,52.0,10.0,44.0
2024-01-16,2587.4,381077.6247,43137.95,55870487201,4387176308,7438792937.0,1.0003,13.84,120.5759,5.33,64.0,10.0,44.0
2024-01-17,2530.19,366281.3477,42776.1,56676991770,4468851130,7537526422.0,1.001,14.79,121.0402,5.33,60.0,10.0,44.0
2024-01-18,2470.81,452090.1074,41327.5,56009287142,4393439725,7370181187.0,1.001,14.13,120.8895,5.33,63.0,10.0,44.0
2024-01-19,2492.0,424209.0029,41659.03,54894190080,4291940012,7229174387.0,1.0009,13.3,120.6442,5.33,51.0,10.0,44.0
2024-01-20,2472.01,136620.9577,41696.04,55068626767,4339333041,7225072957.0,1.0007,,,5.33,52.0,10.0,44.0
2024-01-21,2457.05,122572.1687,41580.33,55046829134,4327815059,7258826806.0,1.0006,,,5.33,56.0,9.0,36.0
2024-01-22,2314.2,526337.6492,39568.02,54884414103,4336745101,7191881115.0,1.0012,13.19,120.6178,5.33,55.0,9.0,36.0
2024-01-23,2242.6,700105.3314,39897.6,52885902872,4150345948,6763908456.0,1.0008,12.55,121.1001,5.33,50.0,9.0,36.0
2024-01-24,2235.02,359851.1496,40084.88,52263235883,4063329531,6674985460.0,1.0005,13.14,120.4916,5.33,48.0,9.0,36.0
2024-01-25,2218.64,330426.6061,39961.09,52452758697,4077040102,6690268059.0,1.0005,13.45,120.8311,5.33,52.0,9.0,36.0
2024-01-26,2267.68,363566.4255,41823.51,52462851418,4064324321,6688875413.0,1.0002,13.26,120.6173,5.33,49.0,9.0,36.0
2024-01-27,2267.94,145109.3836,42120.63,53815645931,4154549029,6896436107.0,1.0001,,,5.33,55.0,9.0,36.0
2024-01-28,2256.9,209326.9087,42031.06,54055575795,4093631754,6902065806.0,1.0001,,,5.33,54.0,10.0,31.0
2024-01-29,2317.6,305528.0776,43302.7,54006439172,4089610731,6871555659.0,1.0,13.6,120.8538,5.33,55.0,10.0,31.0
2024-01-30,2343.01,372879.5791,42941.1,55171857135,4163772304,6947968839.0,1.0001,13.31,120.6025,5.33,61.0,10.0,31.0
2024-01-31,2283.14,397116.1859,42580.0,55004372066,4186994056,6938434812.0,1.0006,14.35,120.4331,5.33,60.0,10.0,31.0
2024-02-01,2304.28,310997.4538,43082.94,53880057079,4065308869,6811813368.0,1.0003,13.88,120.3335,5.33,63.0,10.0,31.0
2024-02-02,2309.06,238230.511,43200.0,54673230224,4131088907,6920362657.0,1.0005,13.85,120.902,5.33,63.0,10.0,31.0
2024-02-03,2296.49,133232.845,43011.09,54998427742,4128534546,6968147015.0,1.0003,,,5.33,60.0,10.0,31.0
2024-02-04,2289.79,171232.0444,42582.88,54525686746,4108465256,6914746010.0,1.0004,,,5.33,60.0,9.0,36.0
2024-02-05,2301.83,236610.412,42708.7,54436885977,4100253007,6936586370.0,1.0013,13.67,121.349,5.33,60.0,9.0,36.0
2024-02-06,2372.64,368942.7498,43098.95,55916036702,4149197721,6967544716.0,1.0003,13.06,120.9588,5.33,64.0,9.0,36.0
2024-02-07,2425.1,342791.7013,44349.6,57636920645,4251068659,7073906650.0,1.0002,12.83,120.9049,5.33,62.0,9.0,36.0
2024-02-08,2419.55,338040.0539,45288.65,59003999306,4320546722,7190716756.0,0.9999,12.79,121.0798,5.33,66.0,9.0,36.0
2024-02-09,2486.56,492384.385,47132.77,60099723396,4322246652,7176283658.0,0.9995,12.93,121.039,5.33,72.0,9.0,36.0
2024-02-10,2500.24,185099.59,47751.09,61971527412,4402768087,7415208726.0,0.9997,,,5.33,74.0,9.0,36.0
2024-02-11,2507.21,219975.1471,48299.99,62191699395,4424464256,7477947893.0,0.9996,,,5.33,71.0,9.0,49.0
2024-02-12,2659.99,449501.776,49917.27,62401551519,4433893126,7513041002.0,0.9997,13.93,120.9378,5.33,70.0,9.0,49.0
2024-02-13,2639.99,502447.745,49699.59,64893400641,4630639609,7874473464.0,0.9995,15.85,121.5202,5.33,79.0,9.0,49.0
2024-02-14,2774.81,461670.6944,51795.17,64407526639,4538551540,7810503159.0,0.9992,14.38,121.4002,5.33,74.0,9.0,49.0
2024-02-15,2822.59,481689.1874,51880.0,67117428799,4740963033,8190341155.0,0.999,14.01,121.2121,5.33,72.0,9.0,49.0
2024-02-16,2801.8,378070.8037,52124.11,67265246672,4733805318,8332364047.0,0.9993,14.24,121.1505,5.33,72.0,9.0,49.0
2024-02-17,2785.93,243302.8759,51642.64,66955354323,4698472081,8281891582.0,0.9997,,,5.33,76.0,9.0,49.0
2024-02-18,2881.2,367987.8833,52137.67,66940306489,4691515625,8232254605.0,0.9998,,,5.33,72.0,12.0,52.0
2024-02-19,2944.8,446451.0401,51774.73,68557781475,4835532104,8418385888.0,0.9998,14.71,,5.33,75.0,12.0,52.0
2024-02-20,3014.81,634681.7471,52258.82,69730820956,4883513472,8556470271.0,0.9999,15.42,121.0199,5.33,72.0,12.0,52.0
2024-02-21,2967.9,595955.0033,51849.39,70331792161,4998085809,8639437048.0,1.0,15.34,121.0379,5.33,78.0,12.0,52.0
2024-02-22,2971.4,563525.9936,51288.42,69691875438,4936387994,8525112833.0,1.0007,14.54,121.102,5.33,74.0,12.0,52.0
2024-02-23,2922.24,428826.5787,50744.15,69800002130,4994319902,8506381001.0,1.0001,13.75,121.0369,5.33,76.0,12.0,52.0
2024-02-24,2992.62,243854.0783,51568.22,68848255791,4937596481,8374787710.0,1.0001,,,5.33,72.0,12.0,52.0
2024-02-25,3112.59,412306.2237,51728.85,70131613967,5019300036,8559096615.0,1.0001,,,5.33,74.0,10.0,83.0
2024-02-26,3175.94,546722.7747,54476.47,71654786701,5157804920,8805585946.0,0.9992,13.74,121.0592,5.33,72.0,10.0,83.0
2024-02-27,3242.36,625939.1221,57037.34,73835055076,5190790839,9093517769.0,0.9996,13.43,120.9647,5.33,79.0,10.0,83.0
2024-02-28,3383.1,947538.766,62432.1,75309392951,5206494929,9299228933.0,0.9988,13.84,121.128,5.33,82.0,10.0,83.0
2024-02-29,3340.09,759698.1123,61130.98,78455902300,5368375864,9755087873.0,0.9994,13.4,121.1824,5.33,80.0,10.0,83.0
2024-03-01,3433.43,412788.5773,62387.9,78150848990,5276228500,9848975155.0,0.9992,13.11,121.0111,5.33,80.0,10.0,83.0
2024-03-02,3421.4,283984.9448,61987.28,80584101518,5534038568,10097043925.0,0.9992,,,5.33,80.0,10.0,83.0
2024-03-03,3487.81,341631.531,63113.97,80639165189,5587136195,10087535163.0,0.9995,,,5.33,83.0,11.0,100.0
2024-03-04,3627.76,715360.6361,68245.71,82126328818,5708023859,10296141939.0,0.9987,13.49,120.872,5.33,82.0,11.0,100.0
2024-03-05,3553.65,1392904.864,63724.01,84598312045,5831580776,10734348515.0,0.9987,14.46,120.8846,5.33,90.0,11.0,100.0
2024-03-06,3818.59,969494.71,66074.04,82407597741,5667325389,10472732032.0,0.9992,14.5,120.4649,5.33,75.0,11.0,100.0
2024-03-07,3868.76,540780.675,66823.17,87719414946,5898065684,11176466831.0,0.9984,14.44,120.1909,5.33,82.0,11.0,100.0
2024-03-08,3883.36,646399.2589,68124.19,88545687244,5941402651,11302178237.0,0.9977,14.74,119.975,5.33,81.0,11.0,100.0
2024-03-09,3905.21,254839.1386,68313.27,89985888018,5974809975,11438314073.0,0.9978,,,5.33,84.0,11.0,100.0
2024-03-10,3878.47,356664.68,68955.88,90593098395,6052172036,11513011474.0,0.999,,,5.33,79.0,10.0,94.0
2024-03-11,4064.8,721554.5139,72078.1,90506957497,6005144368,11570263331.0,0.9997,15.22,120.0394,5.33,82.0,10.0,94.0
2024-03-12,3979.96,632787.3941,71452.01,94610481665,6262042348,12111611704.0,0.9998,13.84,120.1668,5.33,81.0,10.0,94.0
2024-03-13,4004.79,482305.7766,73072.41,93056333943,6142000824,11895889899.0,0.9994,13.75,119.9642,5.33,81.0,10.0,94.0
2024-03-14,3881.7,648237.5245,71388.94,94493564962,6193736625,12067356450.0,1.0002,14.4,120.241,5.33,88.0,10.0,94.0
2024-03-15,3742.19,947537.4071,69499.85,92444916574,6107198402,11759625816.0,0.9999,14.41,120.4003,5.33,83.0,10.0,94.0
2024-03-16,3523.09,548288.1569,65300.63,90187525759,5880764006,11439693078.0,1.0007,,,5.33,81.0,10.0,94.0
2024-03-17,3644.71,517790.9936,68393.48,85679353363,5573709279,10845670749.0,1.0007,,,5.33,79.0,10.0,68.0
2024-03-18,3520.46,570901.2851,67609.99,88669920685,5732130204,11141824892.0,1.0001,14.33,120.5752,5.33,77.0,10.0,68.0
2024-03-19,3158.64,1049629.6936,61937.4,86390904335,5569406308,10930140807.0,1.0005,13.82,120.9332,5.33,79.0,10.0,68.0
2024-03-20,3516.53,1207322.8201,67840.51,79672567918,5242246566,9836366100.0,0.9999,13.04,120.9289,5.33,74.0,10.0,68.0
2024-03-21,3492.85,602755.2072,65501.27,87364715588,5767534429,10971748523.0,1.0004,12.92,120.8086,5.33,78.0,10.0,68.0
2024-03-22,3336.35,558848.888,63796.64,86583679700,5734821735,10566234014.0,0.9998,13.06,121.1842,5.33,75.0,10.0,68.0
2024-03-23,3329.53,323675.9448,63990.01,83931968029,5632336813,10495645148.0,0.9998,,,5.33,73.0,10.0,68.0
2024-03-24,3454.98,260824.1408,67209.99,85139088087,5635946969,10615649864.0,1.0001,,,5.33,74.0,10.0,56.0
2024-03-25,3590.42,548577.6942,69880.01,87713423427,5894217640,10973392956.0,0.9997,13.19,121.0295,5.33,75.0,10.0,56.0
2024-03-26,3587.33,499013.8384,69988.0,91200049343,6055996983,11570585683.0,1.0001,13.24,121.0742,5.33,81.0,10.0,56.0
2024-03-27,3501.19,443195.3297,69469.99,91322576620,6069146040,11573324183.0,1.0006,12.78,121.0089,5.33,83.0,10.0,56.0
2024-03-28,3560.49,404654.0311,70780.6,89929106619,6000358297,11233401037.0,0.9999,13.01,121.0635,5.33,80.0,10.0,56.0
2024-03-29,3509.74,323086.179,69850.54,91652128957,6054802880,11509494540.0,0.9994,,121.0191,5.33,79.0,10.0,56.0
2024-03-30,3505.64,216025.2634,69582.18,91022867774,6008176213,11241161958.0,0.9996,,,5.33,75.0,10.0,56.0
2024-03-31,3645.29,243464.9877,71280.01,90963983639,6087815913,11190122357.0,1.0,,,5.33,75.0,10.0,45.0
2024-04-01,3503.8,408854.1225,69649.8,93246549466,6114447680,11668706414.0,0.9996,13.65,121.5151,5.33,79.0,10.0,45.0
2024-04-02,3278.96,623264.6476,65463.99,90933796228,5926196048,11280548670.0,0.9998,14.61,121.3035,5.33,79.0,10.0,45.0
2024-04-03,3310.83,410484.1933,65963.28,86745165121,5818343956,10535666374.0,0.9996,14.33,121.0198,5.33,71.0,10.0,45.0
2024-04-04,3327.4,356338.5716,68487.79,87524057389,5879234452,10638988689.0,0.9997,16.35,120.7613,5.33,70.0,10.0,45.0
2024-04-05,3317.85,344556.7983,67820.62,88212618503,5900141937,10726888248.0,0.9996,16.03,120.9646,5.33,79.0,10.0,45.0
2024-04-06,3351.59,183312.2125,68896.0,88040894078,5878261234,10835774890.0,0.9998,,,5.33,75.0,10.0,45.0
2024-04-07,3454.2,210459.0752,69360.39,89045723525,5925210902,10972058231.0,1.0001,,,5.33,78.0,9.0,46.0
2024-04-08,3694.61,496841.3532,71620.0,90380261677,6057735239,11054129802.0,1.0,15.19,120.7359,5.33,76.0,9.0,46.0
2024-04-09,3506.39,457592.252,69146.0,95276716255,6458140107,11868017526.0,1.0005,14.98,120.7048,5.33,80.0,9.0,46.0
2024-04-10,3545.64,389404.9055,70631.08,92165893914,6185383212,11290665494.0,1.0,15.8,121.5727,5.33,78.0,9.0,46.0
2024-04-11,3502.52,338139.5534,70006.23,93082402560,6234487507,11518117545.0,0.9999,14.91,121.6081,5.33,76.0,9.0,46.0
2024-04-12,3237.43,697327.1174,67116.52,93628474181,7073986451,11399042412.0,0.9996,17.31,122.2885,5.33,79.0,9.0,46.0
2024-04-13,3007.01,994971.2354,63924.51,86061535708,5646380494,10568007674.0,0.9987,,,5.33,72.0,9.0,46.0
2024-04-14,3155.11,737580.4666,65661.84,79256751217,5139713056,9614379315.0,0.9989,,,5.33,72.0,9.0,45.0
2024-04-15,3101.99,605430.8863,63419.99,83706914791,5649999849,10330283276.0,0.9996,19.23,122.425,5.33,74.0,9.0,45.0
2024-04-16,3084.22,526113.855,63793.39,83393928327,5510045967,10151722300.0,0.9996,18.4,123.1234,5.33,65.0,9.0,45.0
2024-04-17,2985.41,491897.5661,61277.37,82456411431,5483680448,10235916287.0,1.0,18.21,123.0207,5.33,67.0,9.0,45.0
2024-04-18,3064.4,389060.7133,63470.08,80787102246,5403564202,10007060157.0,0.9995,18.0,123.0017,5.33,57.0,9.0,45.0
2024-04-19,3056.46,607850.4019,63818.01,82763487420,5487627757,10188069868.0,0.9995,18.71,123.1075,5.33,66.0,9.0,45.0
2024-04-20,3155.79,242577.6371,64940.59,83513571355,5546822868,10422859276.0,0.9996,,,5.33,66.0,9.0,45.0
2024-04-21,3147.67,219970.5072,64941.15,85857041567,5709941005,10618517067.0,0.9998,,,5.33,72.0,9.0,38.0
2024-04-22,3200.2,290879.9569,66819.32,86053626253,5709862621,10660819368.0,0.9996,16.94,123.0609,5.33,73.0,9.0,38.0
2024-04-23,3219.46,253914.2263,66414.0,87462037034,5783611656,10872548196.0,0.9999,15.69,122.7227,5.33,71.0,9.0,38.0
2024-04-24,3140.8,393314.3414,64289.59,87987043249,5767014140,10881450987.0,1.0006,15.97,122.89,5.33,72.0,9.0,38.0
2024-04-25,3155.8,352288.5502,64498.34,85472569236,5624204177,10611647879.0,1.0003,15.37,122.8384,5.33,72.0,9.0,38.0
2024-04-26,3131.3,252522.655,63770.01,86094933139,5683538606,10645478691.0,1.0003,15.03,122.9471,5.33,70.0,9.0,38.0
2024-04-27,3255.56,323811.1919,63461.98,85222521496,5599852374,10609441917.0,1.0007,,,5.33,67.0,9.0,38.0
2024-04-28,3263.45,304766.009,63118.62,87220270828,5708360482,10779427773.0,1.0003,,,5.33,65.0,9.0,36.0
2024-04-29,3216.73,421831.2912,63866.0,87553898150,5805049759,10897305122.0,1.0003,14.67,122.5449,5.33,67.0,9.0,36.0
2024-04-30,3014.05,561717.4866,60672.0,85866471418,5630283169,10672423928.0,1.0009,15.65,122.9853,5.33,67.0,9.0,36.0
2024-05-01,2972.46,624963.7773,58364.97,81327422617,5370070588,10117541950.0,1.0014,15.39,123.0168,5.33,54.0,9.0,36.0
2024-05-02,2986.19,365939.7191,59060.61,81206264299,5260844573,9988376285.0,1.0,14.68,122.4384,5.33,43.0,9.0,36.0
2024-05-03,3102.61,355825.8391,62882.01,82447344833,5340920146,10155169278.0,0.9997,13.49,122.1375,5.33,48.0,9.0,36.0
2024-05-04,3117.23,196263.9488,63892.04,85731247101,5575350295,10615157970.0,0.9998,,,5.33,67.0,9.0,36.0
2024-05-05,3136.41,218760.2662,64012.0,86427306948,5596402568,10681871051.0,0.9998,,,5.33,69.0,9.0,31.0
2024-05-06,3062.6,355135.3027,63165.19,87088738113,5597040596,10692789722.0,0.9999,13.49,121.8913,5.33,71.0,9.0,31.0
2024-05-07,3005.69,298796.6829,62312.08,85722581541,5548395964,10537927736.0,0.9999,13.23,122.093,5.33,68.0,9.0,31.0
2024-05-08,2974.21,266934.8125,61193.03,84649685284,5510558484,10502938238.0,1.0004,13.0,122.1926,5.33,64.0,9.0,31.0
2024-05-09,3036.23,238561.7462,63074.01,83067545030,5370022507,10358266885.0,1.0002,12.69,122.1634,5.33,55.0,9.0,31.0
2024-05-10,2909.99,327855.8758,60799.99,84650221927,5469684772,10558592575.0,1.0002,12.55,122.014,5.33,66.0,9.0,31.0
2024-05-11,2912.45,138163.1087,60825.99,82382047898,5383118073,10283298749.0,1.0003,,,5.33,53.0,9.0,31.0
2024-05-12,2929.29,107670.6323,61483.99,82679580203,5408295670,10336065460.0,1.0005,,,5.33,56.0,9.0,32.0
2024-05-13,2950.99,368664.7648,62940.08,83081464748,5404734059,10370146933.0,1.0001,13.6,122.0261,5.33,57.0,9.0,32.0
2024-05-14,2881.93,269675.3037,61577.49,83180462679,5398665824,10455089928.0,1.0004,13.42,121.9256,5.33,66.0,9.0,32.0
2024-05-15,3032.55,350254.3188,66206.5,81727109776,5272550879,10252020145.0,0.9996,12.45,121.3543,5.33,64.0,9.0,32.0
2024-05-16,2944.7,293874.1513,65235.21,85443355664,5491395620,10799426183.0,0.9999,12.42,121.2236,5.33,70.0,9.0,32.0
2024-05-17,3092.01,357724.7731,67024.0,84628983868,5365980520,10640392924.0,0.9995,11.99,121.2354,5.33,74.0,9.0,32.0
2024-05-18,3122.94,199976.5456,66915.2,87599641968,5608719705,11128685656.0,0.9998,,,5.33,73.0,9.0,32.0
2024-05-19,3071.19,166145.0102,66274.01,88228389129,5638638800,11213559567.0,1.0,,,5.33,72.0,9.0,86.0
2024-05-20,3661.78,847107.8828,71446.62,87300279805,5551878594,11066682629.0,0.9997,12.15,121.2289,5.33,70.0,9.0,86.0
2024-05-21,3789.6,952437.2694,70148.34,97130727554,6259337587,12555364816.0,1.0001,11.86,121.3793,5.33,76.0,9.0,86.0
2024-05-22,3737.73,574938.3099,69166.62,98721376719,6323248999,12946405800.0,1.0004,12.29,121.5462,5.33,76.0,9.0,86.0
2024-05-23,3783.61,1127866.076,67969.65,98983336213,6288345730,12985214843.0,1.0005,12.77,121.7477,5.33,76.0,9.0,86.0
2024-05-24,3728.28,479418.4318,68549.99,98269289505,6353268217,13145980836.0,1.0002,11.93,121.6172,5.33,74.0,9.0,86.0
2024-05-25,3749.26,158711.8992,69290.57,98242430001,6285289950,12893200380.0,1.0001,,,5.33,76.0,9.0,86.0
2024-05-26,3826.47,292208.2937,68507.67,98804472465,6303595000,12954678464.0,1.0005,,,5.33,75.0,10.0,50.0
2024-05-27,3894.22,363717.6473,69436.43,100358504767,6285744293,13196692936.0,1.0007,12.36,,5.33,74.0,10.0,50.0
2024-05-28,3844.69,416249.8344,68398.39,100970065361,6389356208,13360792204.0,1.0011,12.92,121.43,5.33,72.0,10.0,50.0
2024-05-29,3767.43,334759.6348,67652.42,99944833314,6324097877,13179289285.0,1.0013,14.28,122.1641,5.33,72.0,10.0,50.0
2024-05-30,3747.91,277034.2894,68352.17,98632557682,6249443799,12889729307.0,1.0003,14.47,121.9601,5.33,73.0,10.0,50.0
2024-05-31,3762.29,273406.766,67540.01,98467301755,6203646899,12871534888.0,1.001,12.92,122.098,5.33,73.0,10.0,50.0
2024-06-01,3815.82,132687.2006,67766.85,99288381544,6128728499,12979549530.0,1.0007,,,5.33,72.0,10.0,50.0
2024-06-02,3780.91,210295.4407,67765.63,100098558005,6136608694,13071190458.0,1.0006,,,5.33,73.0,10.0,45.0
2024-06-03,3767.06,248848.702,68809.9,99784540213,6105911243,12984812035.0,1.0001,13.11,122.3509,5.33,73.0,10.0,45.0
2024-06-04,3810.23,232063.7468,70537.84,99639323079,6122013859,12908703632.0,0.9999,13.16,122.7256,5.33,73.0,10.0,45.0
2024-06-05,3865.99,273738.6035,71108.0,101187128652,6200842339,13175000709.0,0.9998,12.63,122.5339,5.33,75.0,10.0,45.0
2024-06-06,3813.46,237504.1905,70799.06,102409034622,6237117425,13301092019.0,1.0004,12.58,122.3713,5.33,78.0,10.0,45.0
2024-06-07,3678.32,362223.3594,69355.6,101641269928,6198817718,13132776019.0,1.0003,12.22,123.549,5.33,77.0,10.0,45.0
2024-06-08,3681.57,140550.8394,69310.46,99090134047,6021214679,12873009377.0,1.0002,,,5.33,72.0,10.0,45.0
2024-06-09,3706.4,103451.102,69648.14,98520331323,5976269350,12885879867.0,1.0001,,,5.33,75.0,11.0,38.0
2024-06-10,3667.85,156363.1846,69540.0,98957774997,6122742250,12989921084.0,1.0004,12.74,123.9125,5.33,72.0,11.0,38.0
2024-06-11,3497.33,439568.5978,67314.24,97495966270,5994273625,12867180537.0,1.0001,12.85,124.0349,5.33,74.0,11.0,38.0
2024-06-12,3560.12,387043.774,68263.99,94904162512,5822656038,12366870144.0,1.0002,12.04,123.8295,5.33,72.0,11.0,38.0
2024-06-13,3469.4,300230.8299,66773.01,96498514639,5932640791,12592609867.0,1.0004,11.94,124.0235,5.33,70.0,11.0,38.0
2024-06-14,3481.8,322316.4214,66043.99,94619103627,5856761119,12330974177.0,1.0005,12.66,124.1694,5.33,74.0,11.0,38.0
2024-06-15,3568.74,246649.5894,66228.25,94248438674,5822613225,12300073680.0,1.0006,,,5.33,74.0,11.0,38.0
2024-06-16,3624.41,149839.982,66676.87,95568340674,5868626303,12485925101.0,1.0007,,,5.33,71.0,9.0,33.0
2024-06-17,3511.46,337805.6402,66504.33,96385329808,5938374132,12579467617.0,1.0004,12.75,124.239,5.33,71.0,9.0,33.0
2024-06-18,3483.42,449913.3014,65175.32,94239425478,5743580739,12372261017.0,1.0004,12.3,123.9776,5.33,74.0,9.0,33.0
2024-06-19,3560.51,321500.0027,64974.37,93111039811,5609568561,12200394608.0,1.0003,12.48,,5.33,64.0,9.0,33.0
2024-06-20,3513.08,329117.8453,64869.99,94149025872,5763087282,12427621113.0,1.0006,13.28,124.192,5.33,60.0,9.0,33.0
2024-06-21,3518.5,342155.102,64143.56,92829379765,5743543742,12382047437.0,1.0005,13.2,124.1086,5.33,63.0,9.0,33.0
2024-06-22,3495.75,115774.6157,64262.01,92688509005,5663235660,12628493507.0,1.0003,,,5.33,53.0,9.0,33.0
2024-06-23,3420.91,133411.4304,63210.01,92914680870,5667613898,12582430712.0,1.0007,,,5.33,55.0,8.0,31.0
2024-06-24,3352.73,543370.4229,60293.3,91009478132,5613596329,12346304272.0,1.0006,13.33,123.7125,5.33,51.0,8.0,31.0
2024-06-25,3394.91,240036.2236,61806.01,89175802474,5604934603,12043159066.0,1.0002,12.84,123.9417,5.33,30.0,8.0,31.0
2024-06-26,3371.44,206949.3418,60864.99,90836085894,5694223326,12282120845.0,1.0004,12.55,124.26,5.33,46.0,8.0,31.0
2024-06-27,3450.44,201041.6609,61706.47,90051766273,5606778128,12279982821.0,1.0011,12.24,124.3379,5.33,40.0,8.0,31.0
2024-06-28,3380.15,221634.3435,60427.84,91090323561,5699229789,12467774530.0,1.0018,12.44,124.2103,5.33,47.0,8.0,31.0
2024-06-29,3378.8,88329.7651,60986.68,89307484020,5610091404,12265633831.0,1.0015,,,5.33,30.0,8.0,31.0
2024-06-30,3438.16,141221.6185,62772.01,89560826947,5608474767,12343121376.0,1.0014,,,5.33,47.0,7.0,33.0
2024-07-01,3442.2,224273.2122,62899.99,91230730788,5701629401,12460752781.0,1.0008,12.22,124.4667,5.33,53.0,7.0,33.0
2024-07-02,3421.35,137932.7014,62135.47,91754852378,5738810110,12640318758.0,1.0015,12.03,124.2917,5.33,51.0,7.0,33.0
2024-07-03,3295.48,310408.451,60208.58,90769016703,5666160743,12517800683.0,1.001,12.09,123.7768,5.33,50.0,7.0,33.0
2024-07-04,3059.7,450402.5692,57050.01,88246214184,5452252893,12139979747.0,1.0003,12.26,,5.33,44.0,7.0,33.0
2024-07-05,2981.78,886994.3753,56628.79,83909583103,5262490481,11687652280.0,1.0,12.48,123.4762,5.33,29.0,7.0,33.0
2024-07-06,3066.83,214487.9713,58230.13,82314480278,5017936757,11373872288.0,0.9998,,,5.33,26.0,7.0,33.0
2024-07-07,2931.0,179892.7612,55857.81,83463902539,5134142330,11627894786.0,1.0,,,5.33,29.0,7.0,32.0
2024-07-08,3019.01,500445.0105,56714.62,80851865605,4967528975,11302835458.0,1.0001,12.37,123.3576,5.33,28.0,7.0,32.0
2024-07-09,3066.65,280358.1424,58050.0,82890551769,5046171748,11625538689.0,1.0,12.51,123.4071,5.33,27.0,7.0,32.0
2024-07-10,3101.05,270827.0844,57725.85,83978175619,5090353611,11804086398.0,1.0,12.85,123.1895,5.33,28.0,7.0,32.0
2024-07-11,3099.57,289229.32,57339.89,84674977313,5138310853,11869326710.0,1.0,12.92,122.769,5.33,29.0,7.0,32.0
2024-07-12,3133.88,185745.1825,57889.1,84826813190,5140556215,11924163439.0,0.9997,12.46,122.4404,5.33,25.0,7.0,32.0
2024-07-13,3175.93,119302.4769,59204.02,85310155838,5153729351,11976173248.0,0.9997,,,5.33,25.0,7.0,32.0
2024-07-14,3245.08,165430.7716,60797.91,86563236266,5237578916,12107073591.0,0.9996,,,5.33,33.0,7.0,42.0
2024-07-15,3483.39,314296.8452,64724.14,88898381593,5311789342,12500261263.0,0.9994,13.12,122.6347,5.33,52.0,7.0,42.0
2024-07-16,3444.13,376128.7869,65043.99,91979920818,5682785368,13088584390.0,0.9995,13.19,122.7264,5.33,65.0,7.0,42.0
2024-07-17,3387.05,297812.5162,64087.99,92825129779,6038537253,13178484994.0,0.9999,14.48,122.518,5.33,69.0,7.0,42.0
2024-07-18,3426.5,241950.3457,63987.92,92062521625,5691503185,13157301629.0,1.0002,15.93,122.7909,5.33,61.0,7.0,42.0
2024-07-19,3503.53,299511.6422,66660.0,91909795445,5693694590,13138444988.0,0.9994,16.52,123.147,5.33,60.0,7.0,42.0
2024-07-20,3517.5,147510.8165,67139.96,94617199069,5847441866,13494210466.0,0.9996,,,5.33,74.0,7.0,42.0
2024-07-21,3535.92,218890.9656,68165.34,95086132390,5949210307,13599537875.0,0.9998,,,5.33,74.0,8.0,50.0
2024-07-22,3439.6,207859.5043,67532.01,95586668811,5859570336,13678709201.0,0.9995,14.91,123.2172,5.33,70.0,8.0,50.0
2024-07-23,3482.51,500568.7811,65936.01,94672963101,5698713375,13433807142.0,0.9997,14.72,123.3843,5.33,71.0,8.0,50.0
2024-07-24,3335.81,275479.0506,65376.0,94499254326,5722267897,13423992265.0,1.0,18.04,123.5575,5.33,69.0,8.0,50.0
2024-07-25,3175.48,494282.6398,65799.95,91610915926,5516678788,13023736157.0,1.0001,18.46,123.5286,5.33,68.0,8.0,50.0
2024-07-26,3274.61,260237.4641,67907.99,90047368771,5318051011,12574856194.0,1.0,16.39,123.672,5.33,68.0,8.0,50.0
2024-07-27,3249.01,231991.9037,67896.5,92545069706,5584476452,12988223460.0,1.0,,,5.33,72.0,8.0,50.0
2024-07-28,3270.16,103529.8329,68249.88,92813144806,5573720135,12992143013.0,0.9999,,,5.33,71.0,7.0,36.0
2024-07-29,3317.66,318471.5055,66784.69,92967557530,5485429857,12954314181.0,1.0,16.6,124.1392,5.33,74.0,7.0,36.0
2024-07-30,3279.21,197277.1641,66188.0,93716751946,5637059155,13321013829.0,1.0003,17.69,124.2855,5.33,67.0,7.0,36.0
2024-07-31,3232.74,233711.3352,64628.0,92290255917,5491431901,13150554156.0,1.0003,16.36,123.6373,5.33,61.0,7.0,36.0
2024-08-01,3203.4,323285.6105,65354.02,90647127129,5409489308,12964180586.0,1.0008,18.59,123.8693,5.33,52.0,7.0,36.0
2024-08-02,2989.61,385704.0395,61498.33,89658171680,5324440979,12766090761.0,1.0011,23.39,123.4681,5.33,57.0,7.0,36.0
2024-08-03,2903.64,344595.3157,60697.99,85361764880,5010569097,12181344769.0,1.0006,,,5.33,37.0,7.0,36.0
2024-08-04,2688.92,512064.2612,58161.0,83081129261,4939069294,11766597704.0,1.0003,,,5.33,34.0,8.0,60.0
2024-08-05,2419.59,2670604.1003,54018.81,77280736547,4688117900,11283998240.0,0.9996,38.57,123.5787,5.33,26.0,8.0,60.0
2024-08-06,2461.33,642283.8038,56022.01,73046176031,4227153533,10556813782.0,0.9996,27.71,123.6532,5.33,17.0,8.0,60.0
2024-08-07,2342.8,630115.4228,55134.16,75429487902,4342849753,10866630226.0,0.9997,27.85,123.5698,5.33,29.0,8.0,60.0
2024-08-08,2682.5,586502.8754,61685.99,73155913564,4172692122,10488619645.0,0.9997,23.79,123.4466,5.33,20.0,8.0,60.0
2024-08-09,2598.78,406739.9611,60837.99,78917127814,4482663157,11471827283.0,0.9995,20.37,122.9276,5.33,48.0,8.0,60.0
2024-08-10,2609.92,171012.3619,60923.51,79161440132,4543127871,11501625487.0,0.9998,,,5.33,40.0,8.0,60.0
2024-08-11,2555.38,297098.9145,58712.59,79548207256,4510926671,11526999480.0,0.9998,,,5.33,39.0,8.0,35.0
2024-08-12,2722.3,483414.2506,59346.64,77511576814,4459124969,11310148689.0,0.9997,20.71,123.2204,5.33,25.0,8.0,35.0
2024-08-13,2702.44,325668.6964,60587.15,79253164172,4622832791,11721760495.0,0.9996,18.12,123.0146,5.33,31.0,8.0,35.0
2024-08-14,2661.45,338808.7141,58683.39,80776190388,4705194593,11919165848.0,0.9998,16.19,122.4297,5.33,30.0,8.0,35.0
2024-08-15,2569.89,356546.8059,57541.06,78947590299,4575669556,11560788778.0,0.9997,15.23,122.5844,5.33,29.0,8.0,35.0
2024-08-16,2592.73,270684.1373,58874.6,77994919467,4420209391,11287786843.0,0.9996,14.8,122.3972,5.33,27.0,8.0,35.0
2024-08-17,2614.51,89348.676,59491.99,78949527378,4458893982,11554992147.0,0.9998,,,5.33,25.0,8.0,35.0
2024-08-18,2612.15,174074.0585,58427.35,79211002590,4481864080,11502729005.0,0.9999,,,5.33,31.0,9.0,33.0
2024-08-19,2636.36,224867.1336,59438.5,79839083770,4526221713,11646415003.0,0.9996,14.65,121.8788,5.33,28.0,9.0,33.0
2024-08-20,2572.82,281315.8751,59013.8,79821548916,4490685768,11538100085.0,0.9998,15.88,121.7728,5.33,30.0,9.0,33.0
2024-08-21,2630.71,245286.6218,61156.03,79619225524,4574266743,11503056455.0,0.9997,16.27,121.8535,5.33,26.0,9.0,33.0
2024-08-22,2622.88,199063.1196,60375.84,81165994693,4654351582,11865510562.0,0.9998,17.55,122.3626,5.33,39.0,9.0,33.0
2024-08-23,2762.48,401786.4447,64037.24,80878841614,4640646706,11788231704.0,0.9992,15.86,121.4597,5.33,34.0,9.0,33.0
2024-08-24,2768.0,263542.9441,64157.01,84943045117,4893885618,12385832733.0,0.9995,,,5.33,56.0,9.0,33.0
2024-08-25,2746.13,154527.2352,64220.0,84619453566,4846037939,12295032104.0,0.9994,,,5.33,54.0,8.0,32.0
2024-08-26,2680.49,211708.1247,62834.0,85052361059,4799749155,12387445943.0,0.9997,16.15,121.6943,5.33,55.0,8.0,32.0
2024-08-27,2457.33,412660.7197,59415.0,82988848955,4775220093,12032089712.0,0.9996,15.43,121.8672,5.33,48.0,8.0,32.0
2024-08-28,2528.33,451266.634,59034.9,78145366194,4443253368,11225676422.0,0.9998,17.11,121.8943,5.33,30.0,8.0,32.0
2024-08-29,2527.61,237002.9632,59359.01,78613013068,4527402642,11352469644.0,0.9997,15.65,122.2333,5.33,29.0,8.0,32.0
2024-08-30,2526.0,338379.1941,59123.99,78642467939,4473829848,11370809967.0,1.0001,15.0,122.3262,5.33,34.0,8.0,32.0
2024-08-31,2513.01,97946.1147,58973.99,78489802848,4535637179,11391330488.0,1.0001,,,5.33,29.0,8.0,32.0
2024-09-01,2425.72,223127.776,57301.86,78272266413,4475136402,11367693759.0,0.9999,,,5.13,26.0,8.0,32.0
2024-09-02,2538.01,262632.8385,59132.13,76576165956,4450771509,11080527929.0,1.0,15.55,,5.13,26.0,8.0,32.0
2024-09-03,2425.29,224793.1299,57487.73,78676846615,4568940979,11521113448.0,1.0001,20.72,122.7811,5.13,26.0,8.0,32.0
2024-09-04,2450.71,384179.3854,57970.9,76670297142,4394544320,11228421380.0,1.0,21.32,122.5144,5.13,27.0,8.0,32.0
2024-09-05,2368.81,278549.0969,56180.0,77438696283,4406541271,11257671950.0,1.0003,19.9,122.4533,5.13,29.0,8.0,32.0
2024-09-06,2225.23,643027.111,53962.97,75845528157,4290634129,10914812378.0,1.0002,22.38,122.4991,5.13,22.0,8.0,32.0
2024-09-07,2273.58,219453.2076,54160.86,72373818729,4079420368,10412547065.0,1.0001,,,5.13,23.0,8.0,32.0
2024-09-08,2297.3,192775.6493,54869.95,73657247975,4151244933,10526351452.0,0.9999,,,5.13,29.0,10.0,32.0
2024-09-09,2359.5,321698.99,57042.0,74567236759,4221644827,10613160863.0,0.9997,19.45,122.7156,5.13,26.0,10.0,32.0
2024-09-10,2388.52,224382.1729,57635.99,76642728570,4346466171,11068647586.0,0.9999,19.08,123.0071,5.13,33.0,10.0,32.0
2024-09-11,2340.55,282898.3125,57338.0,77140381334,4418865343,11137144994.0,0.9998,17.69,122.7754,5.13,37.0,10.0,32.0
2024-09-12,2361.76,202611.1308,58132.32,76611781895,4381702381,11077988251.0,1.0,17.07,122.4423,5.13,31.0,10.0,32.0
2024-09-13,2439.19,253888.616,60498.0,77339532895,4408026392,11129949784.0,0.9992,16.56,121.6551,5.13,32.0,10.0,32.0
2024-09-14,2417.79,122931.2302,59993.03,79862686895,4602544367,11626183120.0,0.9997,,,5.13,50.0,10.0,32.0
2024-09-15,2316.1,174364.1946,59132.0,79157641530,4502244244,11576969668.0,0.9998,,,5.13,51.0,9.0,32.0
2024-09-16,2295.68,330555.232,58213.99,77731954741,4412145511,11287544719.0,1.0,17.14,121.4976,5.13,39.0,9.0,32.0
2024-09-17,2341.8,274206.2588,60313.99,75953935300,4301393966,11114433241.0,0.9997,17.61,121.6031,5.13,33.0,9.0,32.0
2024-09-18,2374.75,292917.6008,61759.99,77639366360,4322942581,11387303971.0,0.9999,18.23,121.5618,5.13,45.0,9.0,32.0
2024-09-19,2465.21,326746.032,62947.99,77648742322,4267731493,11365897944.0,0.9997,16.33,121.3059,5.13,49.0,9.0,32.0
2024-09-20,2561.4,340754.5912,63201.05,80543583957,4500096934,11818200606.0,0.9998,16.15,121.4052,5.13,54.0,9.0,32.0
2024-09-21,2612.4,154757.8773,63348.96,82549972422,4594271562,12131437365.0,0.9998,,,5.13,54.0,9.0,32.0
2024-09-22,2581.0,214266.3257,63578.76,83156139632,4631150210,12143178818.0,1.0,,,5.13,52.0,8.0,30.0
2024-09-23,2646.97,333282.0149,63339.99,82495303842,4529714663,12093632672.0,1.0,15.89,121.4303,5.13,50.0,8.0,30.0
2024-09-24,2653.2,288600.0402,64262.7,84345336209,4771329768,12542043182.0,0.9999,15.39,121.1291,5.13,54.0,8.0,30.0
2024-09-25,2579.95,220343.4293,63152.01,85011548374,4810552354,12665540092.0,1.0002,15.41,121.4447,5.13,59.0,8.0,30.0
2024-09-26,2632.26,278686.3573,65173.99,83463739689,4713728415,12474006292.0,0.9997,15.37,121.0785,5.13,50.0,8.0,30.0
2024-09-27,2694.43,281826.9792,65769.95,85560420141,4832408474,12807840289.0,0.9997,16.96,121.1111,5.13,61.0,8.0,30.0
2024-09-28,2675.21,137230.0342,65858.0,86696505511,4906314179,13045563732.0,0.9997,,,5.13,64.0,8.0,30.0
2024-09-29,2657.62,160554.3146,65602.01,86149741625,4902985459,12953369000.0,0.9997,,,5.13,63.0,10.0,25.0
2024-09-30,2602.23,282475.7961,63327.59,86192594881,4881969285,12900101699.0,1.0002,16.73,121.2864,5.13,61.0,10.0,25.0
2024-10-01,2447.79,502828.6804,60805.78,84455835194,4791020624,12575037576.0,1.0001,19.26,121.6881,4.83,50.0,10.0,25.0
2024-10-02,2364.1,317484.735,60649.28,81184040533,4592242927,11986386979.0,1.0001,18.9,121.5724,4.83,42.0,10.0,25.0
2024-10-03,2349.8,314635.9263,60752.71,78852573593,4456990943,11772084186.0,1.0,20.49,122.1197,4.83,37.0,10.0,25.0
2024-10-04,2414.41,239383.017,62086.0,78588143544,4393431705,11701128708.0,1.0,19.21,122.2197,4.83,41.0,10.0,25.0
2024-10-05,2414.66,103740.2316,62058.0,80553778256,4623019053,12053460677.0,1.0,,,4.83,49.0,10.0,25.0
2024-10-06,2440.03,105752.7096,62819.91,80253507112,4570097881,11902690155.0,1.0001,,,4.83,50.0,9.0,22.0
2024-10-07,2422.71,300459.5407,62224.0,79781804791,4608266846,11996359143.0,1.0002,22.64,122.4241,4.83,50.0,9.0,22.0
2024-10-08,2440.89,201358.3312,62160.49,80293340939,4652489597,11906602886.0,1.0004,21.42,122.6625,4.83,49.0,9.0,22.0
2024-10-09,2370.47,242082.2725,60636.02,79473863969,4603860917,11836575739.0,1.0007,20.86,122.8821,4.83,49.0,9.0,22.0
2024-10-10,2386.49,257862.9619,60326.39,77885462860,4556487872,11664816952.0,1.0007,20.93,123.0951,4.83,39.0,9.0,22.0
2024-10-11,2439.5,235441.2197,62540.0,77712617371,4552727847,11655600473.0,1.0002,20.46,122.9805,4.83,32.0,9.0,22.0
2024-10-12,2476.4,139637.5062,63206.22,80407488835,4729778780,11997538429.0,1.0002,,,4.83,49.0,9.0,22.0
2024-10-13,2468.91,120022.8179,62870.02,81463210304,4788991304,12299374184.0,1.0003,,,4.83,50.0,10.0,23.0
2024-10-14,2629.79,435900.1619,66083.99,81193058814,4776370642,12256446654.0,1.0001,19.7,,4.83,48.0,10.0,23.0
2024-10-15,2607.41,416285.6663,67074.14,84717881823,5014220656,12954472117.0,1.0001,20.64,123.5124,4.83,65.0,10.0,23.0
2024-10-16,2611.1,260322.4242,67620.01,83771563937,4951230768,12879607998.0,1.0001,19.58,123.9235,4.83,73.0,10.0,23.0
2024-10-17,2605.8,221624.5434,67421.78,83716543307,5037812504,12927823012.0,1.0002,19.11,124.1122,4.83,71.0,10.0,23.0
2024-10-18,2642.17,292444.1153,68428.0,82503221009,5001257267,13002154372.0,0.9999,18.03,123.9185,4.83,73.0,10.0,23.0
2024-10-19,2648.2,105413.7646,68378.0,83280136349,5079493945,13127501448.0,1.0,,,4.83,72.0,10.0,23.0
2024-10-20,2746.91,256910.7448,69031.99,83340316549,5056098195,13191867284.0,1.0002,,,4.83,73.0,11.0,24.0
2024-10-21,2666.7,310674.7232,67377.5,85401015246,5182670188,13562189938.0,1.0004,18.37,124.4757,4.83,72.0,11.0,24.0
2024-10-22,2622.81,265747.713,67426.0,85512049820,4994597670,13393297863.0,1.0005,18.2,124.4107,4.83,70.0,11.0,24.0
2024-10-23,2524.61,352647.7086,66668.65,85507415746,4983415166,13326122615.0,1.0008,19.24,124.6931,4.83,71.0,11.0,24.0
2024-10-24,2535.82,290851.7842,68198.28,83483872742,4727630021,12878324490.0,1.0005,19.08,124.5127,4.83,69.0,11.0,24.0
2024-10-25,2440.62,514799.8822,66698.33,84856486800,4789189550,13088944497.0,1.0019,20.33,124.6105,4.83,72.0,11.0,24.0
2024-10-26,2482.51,248724.8313,67092.76,82549080455,4664901535,12810228801.0,1.0011,,,4.83,,11.0,24.0
2024-10-27,2507.8,137580.8836,68021.7,82860422253,4660827686,13026227818.0,1.0011,,,4.83,74.0,10.0,30.0
2024-10-28,2567.48,360605.327,69962.21,82949793887,4771483544,13184195490.0,1.0006,19.8,124.8076,4.83,72.0,10.0,30.0
2024-10-29,2638.8,451915.7025,72736.42,84415015619,4837526119,13430691017.0,1.0002,19.34,124.8612,4.83,72.0,10.0,30.0
2024-10-30,2659.19,460627.126,72344.74,86389481677,4994987636,13717796816.0,1.0002,20.35,124.8153,4.83,77.0,10.0,30.0
2024-10-31,2518.61,403427.2017,70292.01,86844052545,4954515548,13944469683.0,1.0013,23.16,124.7988,4.83,77.0,10.0,30.0
2024-11-01,2511.49,430249.1073,69496.01,83810360547,4761678765,13348867386.0,1.0004,21.88,124.8076,4.64,75.0,10.0,30.0
2024-11-02,2494.23,145961.13,69374.74,83692829534,4742440566,13374147379.0,1.0002,,,4.64,72.0,10.0,30.0
2024-11-03,2457.73,276009.1197,68775.99,83223304879,4702475998,13316407755.0,1.0004,,,4.64,74.0,10.0,46.0
2024-11-04,2398.21,306316.9645,67850.01,82546493816,4600066454,13363873016.0,1.0006,21.98,124.5903,4.64,70.0,10.0,46.0
2024-11-05,2422.55,331619.2545,69372.01,80734757112,4460926878,13066000973.0,1.0001,20.49,124.5532,4.64,70.0,10.0,46.0
2024-11-06,2721.87,1002141.3618,75571.99,82482627191,4607715182,13311083141.0,0.9991,16.27,125.7035,4.64,70.0,10.0,46.0
2024-11-07,2895.47,730845.9524,75857.89,89626064051,5046235782,14678850379.0,0.9993,15.2,124.775,4.64,77.0,10.0,46.0
2024-11-08,2961.75,568864.435,76509.78,92373600786,5244898260,15168646508.0,0.9993,14.94,125.5811,4.64,75.0,10.0,46.0
2024-11-09,3126.21,526719.4212,76677.46,93734669593,5359168486,15500741099.0,0.9995,,,4.64,75.0,10.0,46.0
2024-11-10,3183.21,865536.7322,80370.01,96812123093,5463808743,16063463922.0,0.9991,,,4.64,78.0,12.0,88.0
2024-11-11,3371.59,1000093.9664,88647.99,99362852255,5611796501,16573019787.0,0.9987,14.97,,4.64,76.0,12.0,88.0
2024-11-12,3243.8,973215.7285,87952.01,103993033913,5814178568,17409880088.0,0.999,14.71,126.7762,4.64,80.0,12.0,88.0
2024-11-13,3187.16,919686.3747,90375.2,103473573258,5801886258,17178564173.0,0.9986,14.02,126.9572,4.64,84.0,12.0,88.0
2024-11-14,3058.82,605780.6662,87325.59,102065412895,5646291929,17145511569.0,1.0,14.31,127.0015,4.64,88.0,12.0,88.0
2024-11-15,3090.01,519623.6317,91032.07,99576382060,5533974805,16667407214.0,0.9997,16.14,126.8848,4.64,80.0,12.0,88.0
2024-11-16,3132.87,423639.1573,90586.92,101729480889,5635397374,16933658131.0,0.9995,,,4.64,86.0,12.0,88.0
2024-11-17,3076.0,449818.9575,89855.99,102705272939,5670127451,17159550242.0,0.9998,,,4.64,90.0,11.0,69.0
2024-11-18,3207.8,640658.4357,90464.08,102206460336,5609667644,16894004635.0,0.9993,15.58,126.6045,4.64,83.0,11.0,69.0
2024-11-19,3107.44,500112.0194,92310.79,104750108086,5716664463,17370860302.0,0.9987,16.35,126.3994,4.64,90.0,11.0,69.0
2024-11-20,3069.97,503607.8336,94286.56,103476045655,5609663093,17177519015.0,0.9992,17.16,126.88,4.64,83.0,11.0,69.0
2024-11-21,3355.81,974923.3035,98317.12,103180481831,5547664949,17128042735.0,0.9988,16.87,127.1047,4.64,82.0,11.0,69.0
2024-11-22,3327.78,603273.7093,98892.0,109950313538,5943157651,18577767384.0,0.9989,15.24,127.4712,4.64,94.0,11.0,69.0
2024-11-23,3393.91,721024.0009,97672.4,110412063287,5940080516,18617394263.0,0.9991,,,4.64,93.0,11.0,69.0
2024-11-24,3361.2,479098.0921,97900.04,112153421151,5915326847,19010911552.0,0.999,,,4.64,80.0,11.0,69.0
2024-11-25,3414.49,949330.37,93010.01,111719440807,5883570261,18942693417.0,1.0001,14.6,126.9948,4.64,82.0,11.0,69.0
2024-11-26,3324.73,672367.1503,91965.16,110207458852,5985660831,18700748673.0,1.0004,14.1,127.4301,4.64,79.0,11.0,69.0
2024-11-27,3653.28,754573.6485,95863.11,108715507652,5857274134,18422407373.0,0.9989,14.1,126.8205,4.64,75.0,11.0,69.0
2024-11-28,3578.79,560976.425,95643.98,117146767969,6291237649,19833597351.0,0.9999,13.9,,4.64,77.0,11.0,69.0
2024-11-29,3592.21,425493.2449,97460.0,115949861765,6185558532,19556909658.0,0.9996,13.51,126.5798,4.64,78.0,11.0,69.0
2024-11-30,3703.6,503684.7485,96407.99,117655968411,6241718611,19925375614.0,0.9995,,,4.64,84.0,11.0,69.0
2024-12-01,3707.61,429089.2633,97185.18,119971629065,6421276064,20325855696.0,0.9993,,,4.48,81.0,12.0,81.0
2024-12-02,3643.42,737130.569,95840.62,120428632118,6464071393,20453715408.0,0.9997,13.34,127.1272,4.48,80.0,12.0,81.0
2024-12-03,3614.51,678400.2032,95849.69,118824636049,6324791093,20233312895.0,0.9992,13.3,126.9565,4.48,76.0,12.0,81.0
2024-12-04,3837.8,968744.0399,98587.32,126970400577,6415881771,20287878091.0,0.9984,13.45,126.7574,4.48,78.0,12.0,81.0
2024-12-05,3785.2,946493.276,96945.63,125657908405,6721859250,21165976876.0,0.9988,13.54,126.4286,4.48,84.0,12.0,81.0
2024-12-06,3998.87,803855.1146,99740.84,124606823398,6534993911,20943723915.0,0.9983,12.77,126.688,4.48,72.0,12.0,81.0
2024-12-07,3996.22,283920.02,99831.99,129876179329,6774828290,22059006182.0,0.999,,,4.48,75.0,12.0,81.0
2024-12-08,4004.15,251362.1685,101109.59,130107049031,6745982116,22193850432.0,0.9992,,,4.48,79.0,10.0,70.0
2024-12-09,3712.0,939642.2001,97276.47,129979143940,6790380916,22270487875.0,0.9995,14.19,126.5981,4.48,78.0,10.0,70.0
2024-12-10,3628.25,942206.0337,96593.0,120317686696,6318111108,20991189579.0,0.9993,14.18,126.957,4.48,78.0,10.0,70.0
2024-12-11,3831.81,461818.7801,101125.0,120289209216,6256931846,20779074678.0,0.9993,13.58,126.8483,4.48,74.0,10.0,70.0
2024-12-12,3881.61,572098.6343,100004.29,126909840258,6604269910,21860486733.0,0.9998,13.92,126.9556,4.48,83.0,10.0,70.0
2024-12-13,3906.8,387765.6873,101424.25,128135969812,6685815114,21942008003.0,0.9998,13.81,127.3096,4.48,76.0,10.0,70.0
2024-12-14,3870.29,265538.9479,101420.0,129170004596,6738505856,22325862150.0,1.0002,,,4.48,83.0,10.0,70.0
2024-12-15,3959.09,253833.2141,104463.99,128219546299,6709053941,22289586506.0,1.0002,,,4.48,80.0,10.0,68.0
2024-12-16,3986.24,673351.0723,106058.66,131141530528,6831607084,22389618379.0,0.9997,14.69,127.2687,4.48,83.0,10.0,68.0
2024-12-17,3893.01,450825.9861,106133.74,133358149326,6831653644,23178593987.0,0.9999,15.87,127.5043,4.48,87.0,10.0,68.0
2024-12-18,3626.8,722505.0618,100204.01,130589441585,6567864673,22635511318.0,1.0004,27.62,127.6418,4.48,81.0,10.0,68.0
2024-12-19,3417.01,1078153.4851,97461.86,123869101027,6356449174,21092275091.0,1.0008,24.09,128.6366,4.48,75.0,10.0,68.0
2024-12-20,3472.21,1332783.731,97805.44,117910434748,6027343481,20287440539.0,1.0005,18.36,127.893,4.48,74.0,10.0,68.0
2024-12-21,3338.92,475275.82,97291.99,118169191221,5884782895,20243404921.0,1.0006,,,4.48,73.0,10.0,68.0
2024-12-22,3281.83,361920.2495,95186.27,114821193985,5643867737,19801125114.0,1.001,,,4.48,73.0,8.0,50.0
2024-12-23,3422.53,488253.41,94881.47,114034644954,5628248408,19579422030.0,1.0012,16.78,128.3021,4.48,70.0,8.0,50.0
2024-12-24,3493.18,315723.6763,98663.58,117734881724,5875723900,20294845142.0,1.0007,14.27,128.3377,4.48,73.0,8.0,50.0
2024-12-25,3497.0,219846.0452,99429.6,120854320997,6027405650,21045739838.0,1.0009,,,4.48,73.0,8.0,50.0
2024-12-26,3335.05,310170.1719,95791.6,120844292024,6031865576,21020455676.0,1.0011,14.73,128.3329,4.48,79.0,8.0,50.0
2024-12-27,3333.51,342529.6038,94299.03,116541070559,5771130334,20375735207.0,1.0015,15.95,128.45,4.48,74.0,8.0,50.0
2024-12-28,3404.0,175963.613,95300.0,116158803259,5862914960,20261713145.0,1.0019,,,4.48,72.0,8.0,50.0
2024-12-29,3356.48,156256.8819,93738.2,118464880819,5996405428,20715896107.0,1.0018,,,4.48,73.0,9.0,48.0
2024-12-30,3361.84,420794.6476,92792.05,116890087373,5914810901,20590937499.0,1.0018,17.4,128.8205,4.48,65.0,9.0,48.0
2024-12-31,3337.78,303053.1685,93576.0,116125410480,5897923748,20387190605.0,1.0019,17.35,129.2775,4.48,64.0,9.0,48.0
2025-01-01,3360.38,190238.5861,94591.79,115657176462,5877844689,20408397740.0,1.0021,,,4.33,66.0,9.0,48.0
2025-01-02,3455.67,338632.8874,96984.79,117380058389,5959316536,20814608338.0,1.0009,17.93,129.4598,4.33,70.0,9.0,48.0
2025-01-03,3609.01,334041.0604,98174.18,120169407894,6113013477,21122671065.0,1.0005,16.13,129.4535,4.33,74.0,9.0,48.0
2025-01-04,3656.88,229266.3133,98220.5,124382903087,6354453906,21522938559.0,1.0001,,,4.33,73.0,9.0,48.0
2025-01-05,3635.99,155444.1741,98363.61,125638737775,6372929044,21761709210.0,1.0001,,,4.33,72.0,3.0,16.0
2025-01-06,3687.45,329642.3648,102235.6,125321253606,6386839683,21825698836.0,0.9995,16.04,128.538,4.33,76.0,3.0,16.0
2025-01-07,3381.31,541543.2874,96954.61,126954407046,6480842514,22114899472.0,1.0001,17.82,128.613,4.33,78.0,3.0,16.0
2025-01-08,3327.29,584749.9627,95060.61,118718891596,6064340675,20269799759.0,1.0002,17.7,129.0785,4.33,70.0,3.0,16.0
2025-01-09,3219.2,501818.4247,92552.49,116897409595,6093468051,20108906485.0,1.0001,18.07,129.2827,4.33,69.0,3.0,16.0
2025-01-10,3267.04,454142.1333,94726.11,113825460477,5880592732,19736496564.0,1.0002,19.54,129.8664,4.33,50.0,3.0,16.0
2025-01-11,3282.83,151679.7487,94599.99,116095818691,6030978362,20312030225.0,1.0004,,,4.33,69.0,3.0,16.0
2025-01-12,3267.3,164879.9709,94545.06,116642415553,6006358397,20534545563.0,1.0004,,,4.33,62.0,3.0,17.0
2025-01-13,3137.51,845907.5669,94536.1,115500939926,5891574151,20688516702.0,1.0003,19.19,130.0413,4.33,61.0,3.0,17.0
2025-01-14,3225.63,374308.4517,96560.86,113043940947,5752077723,20301546524.0,1.0003,18.71,129.3812,4.33,63.0,3.0,17.0
2025-01-15,3451.52,464188.034,100497.35,116243230062,5993549388,20896596302.0,0.9998,16.12,129.2092,4.33,70.0,3.0,17.0
2025-01-16,3308.05,471282.6787,99987.3,122402309269,6354998745,21912249447.0,1.0001,16.6,129.436,4.33,75.0,3.0,17.0
2025-01-17,3473.63,518550.1813,104077.48,120121177107,6169418610,21303340323.0,0.9996,15.97,129.4859,4.33,75.0,3.0,17.0
2025-01-18,3307.71,634197.1281,104556.23,125139709674,6046306166,22165200061.0,1.0011,,,4.33,77.0,3.0,17.0
2025-01-19,3215.12,1342301.5217,101331.57,122109470323,6009911650,21512079246.0,1.0014,,,4.33,77.0,3.0,20.0
2025-01-20,3284.0,1158354.7814,102260.01,119351052576,5771817978,21063010429.0,1.0012,15.81,,4.33,76.0,3.0,20.0
2025-01-21,3327.54,548706.0513,106143.82,120289815379,5771323036,21379948182.0,0.9999,15.06,128.4151,4.33,76.0,3.0,20.0
2025-01-22,3242.6,349240.7498,103706.66,123073630834,5895949636,21688679844.0,1.0005,15.1,128.3402,4.33,84.0,3.0,20.0
2025-01-23,3338.21,605592.7225,103910.34,121833460588,5794333642,21421586764.0,0.9998,15.02,128.2162,4.33,75.0,3.0,20.0
2025-01-24,3310.09,451524.2752,104870.5,122853688631,5874269499,21649367678.0,1.0,14.85,127.4611,4.33,75.0,3.0,20.0
2025-01-25,3318.77,208559.0415,104746.85,122514600471,5904430607,21871609661.0,1.0002,,,4.33,75.0,3.0,20.0
2025-01-26,3232.61,272165.469,102620.0,123375970751,5937076397,22009312420.0,1.0004,,,4.33,73.0,3.0,16.0
2025-01-27,3182.44,753004.7529,102082.83,121184354810,5809031414,21792060309.0,1.0001,17.9,128.0912,4.33,71.0,3.0,16.0
2025-01-28,3077.72,350959.7173,101335.52,117921428988,5617844398,20971974270.0,1.0006,16.41,128.2817,4.33,72.0,3.0,16.0
2025-01-29,3113.9,409737.2576,103733.24,115635633214,5493922705,20990835529.0,1.0,16.56,128.3418,4.33,72.0,3.0,16.0
2025-01-30,3247.39,350639.4823,104722.94,117729905889,5634397603,21279668624.0,1.0,15.84,128.1004,4.33,70.0,3.0,16.0
2025-01-31,3300.99,648681.6561,102429.56,120940335176,5817769753,21918331536.0,1.0003,16.43,128.4828,4.33,76.0,3.0,16.0
2025-02-01,3117.54,354065.2525,100635.65,119865610438,5894625017,22108741531.0,1.0002,,,4.33,68.0,3.0,16.0
2025-02-02,2869.68,1050805.93,97700.59,115336760505,5722117591,21252624754.0,1.0002,,,4.33,60.0,4.0,22.0
2025-02-03,2879.9,2807979.021,101328.52,106994732493,5564975931,19685342172.0,0.999,18.62,129.109,4.33,44.0,4.0,22.0
2025-02-04,2731.19,1259594.3919,97763.13,109840062413,5313328930,20409749449.0,0.9997,17.21,128.1083,4.33,72.0,4.0,22.0
2025-02-05,2788.25,686593.0429,96612.43,106114047938,5134812118,19771961575.0,1.0,15.77,127.9751,4.33,54.0,4.0,22.0
2025-02-06,2686.64,719459.9571,96554.35,106876815749,5026504539,19721375718.0,1.0,15.5,128.2017,4.33,49.0,4.0,22.0
2025-02-07,2622.1,695467.3612,96506.8,106544891180,4890451544,19609131074.0,0.9998,16.54,128.4292,4.33,44.0,4.0,22.0
2025-02-08,2632.46,379685.1509,96444.74,106094237656,4835201363,19373464708.0,0.9999,,,4.33,44.0,4.0,22.0
2025-02-09,2627.18,387166.7911,96462.75,106872796561,4859111695,19524298255.0,0.9999,,,4.33,46.0,3.0,14.0
2025-02-10,2661.19,398173.2716,97430.82,106903792144,4841885177,19403178927.0,0.9999,15.81,128.6382,4.33,43.0,3.0,14.0
2025-02-11,2602.59,484196.1435,95778.2,108443788354,4894870147,19773070278.0,1.0001,16.02,128.4322,4.33,47.0,3.0,14.0
2025-02-12,2738.27,646295.8959,97869.99,107134211763,4753282112,19304263969.0,0.9998,15.89,128.3288,4.33,46.0,3.0,14.0
2025-02-13,2675.87,443769.2853,96608.14,110889082113,4857681874,19874643485.0,0.9999,15.1,127.8931,4.33,50.0,3.0,14.0
2025-02-14,2725.95,419895.7862,97500.48,109427324151,4799268663,19756259648.0,0.9999,14.77,127.1491,4.33,48.0,3.0,14.0
2025-02-15,2693.04,202971.4295,97569.66,110438333991,4856668876,20011258417.0,0.9998,,,4.33,50.0,3.0,14.0
2025-02-16,2661.41,191231.5314,96118.12,109981686188,4839688843,19875781935.0,0.9999,,,4.33,54.0,3.0,13.0
2025-02-17,2744.05,639739.8197,95780.0,109078826389,4874184678,19603080912.0,0.9999,15.37,,4.33,51.0,3.0,13.0
2025-02-18,2671.99,604863.8737,95671.74,108911253105,4850261056,20009016965.0,1.0004,15.35,127.2906,4.33,47.0,3.0,13.0
2025-02-19,2715.5,326154.0202,96644.37,107204209671,4770876850,19635282776.0,1.0,15.27,127.7317,4.33,44.0,3.0,13.0
2025-02-20,2738.04,336735.2544,98305.0,109096015979,4814506066,19949291692.0,0.9997,15.66,127.1126,4.33,49.0,3.0,13.0
2025-02-21,2663.0,890440.0604,96181.98,110435470384,4883596374,20209497391.0,1.0004,18.21,127.1408,4.33,55.0,3.0,13.0
2025-02-22,2763.22,444989.6669,96551.01,107051480674,4771941811,19701522863.0,0.9999,,,4.33,49.0,3.0,13.0
2025-02-23,2819.69,611002.1222,96258.0,109126416948,4905978477,19724641670.0,1.0,,,4.33,50.0,3.0,17.0
2025-02-24,2513.52,876876.3707,91552.88,110424739362,4944759165,20549153214.0,1.0001,18.98,127.1921,4.33,49.0,3.0,17.0
2025-02-25,2495.7,1322016.8718,88680.4,102594423985,4428954507,19295633018.0,1.0013,19.43,127.3752,4.33,25.0,3.0,17.0
2025-02-26,2336.37,863087.2133,84250.09,100784034403,4452646163,19176001547.0,1.0014,19.1,127.2822,4.33,21.0,3.0,17.0
2025-02-27,2307.72,637583.9106,84708.58,96129153973,4246809453,18096041252.0,1.0007,21.13,127.9704,4.33,10.0,3.0,17.0
2025-02-28,2237.59,1291539.0557,84349.94,95896681789,4134524337,18154244711.0,1.0003,19.63,128.2805,4.33,16.0,3.0,17.0
2025-03-01,2217.39,446430.7271,86064.53,96204825668,4178241386,18112530526.0,1.0004,,,4.33,20.0,3.0,17.0
2025-03-02,2518.11,1266684.7748,94270.0,96586977893,4085883188,18211125800.0,0.9999,,,4.33,26.0,3.0,17.0
2025-03-03,2149.01,1109565.2003,86220.61,104825285869,4495973802,20000944989.0,1.0006,22.78,127.75,4.33,33.0,3.0,17.0
2025-03-04,2171.51,1257822.3372,87281.98,94742187181,4005142948,18079760950.0,1.0002,23.51,127.9966,4.33,15.0,3.0,17.0
2025-03-05,2241.59,687130.7897,90606.01,95253661458,4099602842,18213529061.0,1.0001,21.93,126.504,4.33,20.0,3.0,17.0
2025-03-06,2202.2,596908.3935,89931.89,98276933510,4246068897,18797388031.0,0.9999,24.87,126.1099,4.33,25.0,3.0,17.0
2025-03-07,2141.6,782387.2606,86801.75,95982725361,4095608428,18150534273.0,1.0002,23.37,125.9814,4.33,34.0,3.0,17.0
2025-03-08,2203.58,328793.0979,86222.45,95392793344,4060889728,18140654625.0,1.0001,,,4.33,28.0,3.0,17.0
2025-03-09,2020.41,601671.5882,80734.37,95989791847,4126712161,18273451828.0,1.0002,,,4.33,27.0,3.0,16.0
2025-03-10,1865.1,1248745.3514,78595.86,90350580881,3874643470,17228419986.0,1.0004,27.86,126.268,4.33,20.0,3.0,16.0
2025-03-11,1923.43,1171427.9995,82932.99,86489979653,3595914929,16577754767.0,1.0002,26.92,126.0457,4.33,24.0,3.0,16.0
2025-03-12,1908.2,788739.6763,83680.12,89052005547,3743841986,17045972677.0,1.0002,24.23,125.8664,4.33,34.0,3.0,16.0
2025-03-13,1864.59,569537.2622,81115.78,89435951699,3695913161,17173034713.0,1.0004,24.66,126.0031,4.33,45.0,3.0,16.0
2025-03-14,1911.65,375805.7355,83983.2,88740618621,3623175535,16969163709.0,0.9999,21.77,125.6942,4.33,27.0,3.0,16.0
2025-03-15,1937.17,209545.8675,84338.44,90978409120,3725156358,17550596797.0,1.0,,,4.33,46.0,3.0,16.0
2025-03-16,1887.0,324766.6564,82574.53,92192161165,4007852065,17726351501.0,1.0,,,4.33,30.0,3.0,13.0
2025-03-17,1926.31,334840.4877,84010.03,90445722710,3916254201,17545451882.0,1.0,20.51,125.3688,4.33,32.0,3.0,13.0
2025-03-18,1931.54,332896.0155,82715.03,91835822201,3995157483,17694665467.0,1.0002,21.7,125.488,4.33,34.0,3.0,13.0
2025-03-19,2056.06,691809.5034,86845.94,91826603953,3970347151,17714439011.0,0.9997,19.9,125.8006,4.33,32.0,3.0,13.0
2025-03-20,1983.79,401518.9282,84223.39,94584123247,4125356123,17761017284.0,1.0005,19.8,125.985,4.33,49.0,3.0,13.0
2025-03-21,1965.75,262641.659,84088.79,92160000727,3936001896,17378691795.0,1.0004,19.28,126.2679,4.33,31.0,3.0,13.0
2025-03-22,1980.69,170782.9574,83840.59,92045098757,4018239395,17572426004.0,1.0002,,,4.33,32.0,3.0,13.0
2025-03-23,2005.99,268707.5233,86082.5,92695813794,3974659581,17863091316.0,1.0,,,4.33,30.0,3.0,12.0
2025-03-24,2081.2,477912.8154,87498.16,94354189378,4057675634,18396332041.0,0.9999,17.48,126.1956,4.33,45.0,3.0,12.0
2025-03-25,2066.15,328765.3292,87392.87,97625235360,4090076259,19038316010.0,0.9998,17.15,126.0535,4.33,46.0,3.0,12.0
2025-03-26,2009.52,428975.3286,86909.17,98480272626,4128301370,19285847638.0,0.9999,18.33,126.2364,4.33,47.0,3.0,12.0
2025-03-27,2003.66,360634.8383,87232.01,97152187226,4084584433,18848256157.0,1.0003,18.69,126.3626,4.33,40.0,3.0,12.0
2025-03-28,1896.9,626167.5832,84424.38,96789626552,4079434162,19026534203.0,1.0004,21.65,126.4187,4.33,44.0,3.0,12.0
2025-03-29,1828.08,409769.7555,82648.54,92940986107,3898889721,18239007924.0,1.0004,,,4.33,26.0,3.0,12.0
2025-03-30,1807.74,327843.4476,82389.99,90755201865,3760969647,17736343569.0,1.0001,,,4.33,32.0,3.0,12.0
2025-03-31,1822.43,497854.9052,82550.01,89524801932,3734694729,16765305462.0,1.0001,22.28,126.7075,4.33,34.0,3.0,12.0
2025-04-01,1904.98,452989.0974,85158.34,91615239197,3743377958,17184789140.0,1.0,21.77,126.4338,4.33,34.0,3.0,12.0
2025-04-02,1795.22,750840.7823,82516.29,93336440021,3854432034,17809023476.0,1.0002,21.51,126.3811,4.33,44.0,3.0,12.0
2025-04-03,1817.23,508075.018,83213.09,90584620921,3801750129,17166657191.0,1.0004,30.02,124.7316,4.33,25.0,3.0,12.0
2025-04-04,1816.87,572734.4702,83889.87,91341467475,3820986274,17452014594.0,1.0004,45.31,125.8129,4.33,28.0,3.0,12.0
2025-04-05,1806.01,201716.2696,83537.99,91859579194,3961227498,17571664216.0,1.0004,,,4.33,30.0,3.0,12.0
2025-04-06,1580.76,979847.0958,78430.0,91479343029,3931940107,17661845734.0,1.0007,,,4.33,34.0,3.0,17.0
2025-04-07,1553.04,2168796.0067,79163.24,84678775731,3535161481,16388323566.0,1.0004,46.98,126.8282,4.33,23.0,3.0,17.0
2025-04-08,1473.41,891846.1327,76322.42,84273043077,3402038850,16671928550.0,1.0008,52.33,126.8668,4.33,24.0,3.0,17.0
2025-04-09,1669.51,1968530.9138,82615.22,81984684662,3275069742,16356417268.0,1.0002,33.62,126.628,4.33,18.0,3.0,17.0
2025-04-10,1522.25,911855.3934,79607.3,87723514812,3605634757,17759283232.0,1.0007,40.72,125.089,4.33,39.0,3.0,17.0
2025-04-11,1566.85,578484.3183,83423.84,84202789290,3411326813,16968402982.0,1.0004,37.56,124.0163,4.33,25.0,3.0,17.0
2025-04-12,1644.18,501867.9033,85276.9,85862508681,3546008150,17381040283.0,1.0001,,,4.33,43.0,3.0,17.0
2025-04-13,1597.76,580136.6145,83760.0,88071280346,3659185958,17565723992.0,1.0003,,,4.33,45.0,3.0,11.0
2025-04-14,1623.77,645930.1419,84591.58,87213638329,3608431107,17637376756.0,1.0,30.89,123.6598,4.33,31.0,3.0,11.0
2025-04-15,1588.78,476178.8915,83643.99,87284834437,3606526398,17902368179.0,1.0,30.12,123.776,4.33,38.0,3.0,11.0
2025-04-16,1577.14,611387.8686,84030.38,86875878607,3673622780,17823115944.0,1.0001,32.64,123.2724,4.33,29.0,3.0,11.0
2025-04-17,1583.62,449870.3628,84947.91,85983890967,3753238741,17945015741.0,1.0001,29.65,123.1298,4.33,30.0,3.0,11.0
2025-04-18,1588.6,200409.0359,84474.69,86221955108,3844804538,17934112882.0,1.0001,,122.9865,4.33,33.0,3.0,11.0
2025-04-19,1613.27,223096.3899,85077.01,85766706584,3902127776,17881431284.0,1.0001,,,4.33,32.0,3.0,11.0
2025-04-20,1587.36,276052.2306,85179.24,87063210144,3896154345,18103028844.0,1.0,,,4.33,37.0,3.0,12.0
2025-04-21,1579.57,691486.6667,87516.23,86705780540,3871209619,17904909465.0,1.0,33.82,122.3145,4.33,39.0,3.0,12.0
2025-04-22,1756.26,1103036.9586,93442.99,86073482555,3810507906,17260832130.0,0.9996,30.57,122.4175,4.33,47.0,3.0,12.0
2025-04-23,1795.07,887545.6316,93691.08,91604614945,3891304000,18860523070.0,0.9995,28.45,123.0252,4.33,72.0,3.0,12.0
2025-04-24,1769.65,483465.0385,93980.47,92871205178,3846187938,19415743166.0,0.9995,26.47,122.9251,4.33,63.0,3.0,12.0
2025-04-25,1784.6,595610.8894,94638.68,93805761614,4018739416,19556473353.0,0.9993,24.84,122.8858,4.33,60.0,3.0,12.0
2025-04-26,1820.88,355068.0442,94628.0,95981298850,3942504830,19949623985.0,0.9997,,,4.33,65.0,3.0,12.0
2025-04-27,1791.29,340332.6435,93749.3,97045798743,3999203226,19749515078.0,0.9996,,,4.33,61.0,3.0,10.0
2025-04-28,1799.88,587269.743,95011.18,96327594889,3914363612,19849753481.0,0.9998,25.15,122.7176,4.33,54.0,3.0,10.0
2025-04-29,1797.81,480456.3884,94256.82,96879246055,3975767297,19863643518.0,0.9997,24.17,122.5944,4.33,60.0,3.0,10.0
2025-04-30,1793.61,473523.9877,94172.0,96161614075,3942809571,19718184192.0,1.0,24.7,122.5921,4.33,56.0,3.0,10.0
2025-05-01,1838.11,537198.7291,96489.91,96036740184,4015789916,19707810904.0,0.9997,24.6,123.1405,4.33,53.0,3.0,10.0
2025-05-02,1842.2,410667.875,96887.14,97959800452,4121843254,20308654576.0,0.9996,22.68,122.4962,4.33,67.0,3.0,10.0
2025-05-03,1833.52,213751.5979,95856.42,98531862578,4124067956,20664079939.0,0.9998,,,4.33,65.0,3.0,10.0
2025-05-04,1808.86,238254.3564,94277.62,97956015176,4133699830,20553155642.0,0.9999,,,4.33,64.0,3.0,15.0
2025-05-05,1820.19,342341.0078,94733.68,96981351298,4083376811,20331937933.0,1.0002,23.64,122.2613,4.33,52.0,3.0,15.0
2025-05-06,1817.0,384584.2451,96834.02,96562233361,4056151521,20186728485.0,1.0001,24.76,122.0417,4.33,59.0,3.0,15.0
2025-05-07,1811.11,456170.0705,97030.5,96578190162,4083984399,20412619365.0,0.9999,23.55,122.117,4.33,67.0,3.0,15.0
2025-05-08,2207.39,1473152.686,103261.6,95650655949,4134760002,19469722299.0,1.0001,22.48,122.7568,4.33,65.0,3.0,15.0
2025-05-09,2345.04,1667041.0382,102971.99,105460999060,4614235502,22194389503.0,1.0,21.9,122.5191,4.33,73.0,3.0,15.0
2025-05-10,2583.23,979350.1606,104809.53,108458027466,4729660347,23414836201.0,1.0,,,4.33,70.0,3.0,15.0
2025-05-11,2514.57,831584.3888,104118.0,114529482350,5023802690,24869976555.0,0.9998,,,4.33,70.0,3.0,18.0
2025-05-12,2495.47,1068680.9433,102791.32,113130044638,4989142527,24440142103.0,0.9999,18.39,123.4863,4.33,70.0,3.0,18.0
2025-05-13,2679.71,1031355.6465,104103.72,111258976617,4885367259,24007712960.0,0.9999,18.22,122.9583,4.33,70.0,3.0,18.0
2025-05-14,2609.74,830047.1122,103507.82,115586679186,5165992059,25221579328.0,0.9998,18.62,122.6746,4.33,73.0,3.0,18.0
2025-05-15,2548.69,768954.0332,103763.71,112814724304,5037107163,23927492096.0,0.9998,17.83,122.8174,4.33,70.0,3.0,18.0
2025-05-16,2537.12,605953.6919,103463.9,110732228443,4924117142,23357854774.0,0.9996,17.24,123.0737,4.33,71.0,3.0,18.0
2025-05-17,2475.08,494333.2782,103126.65,110792336957,4959250775,23633028441.0,0.9995,,,4.33,74.0,3.0,18.0
2025-05-18,2497.78,810103.1851,106454.26,109649331345,4794125084,23412732902.0,0.9996,,,4.33,74.0,3.0,16.0
2025-05-19,2528.14,861747.523,105573.74,110465597389,4717734854,23964618355.0,0.9996,18.14,122.4186,4.33,74.0,3.0,16.0
2025-05-20,2524.19,676989.1747,106849.99,111593583370,4848659094,24177271191.0,0.9995,18.09,122.3199,4.33,71.0,3.0,16.0
2025-05-21,2550.99,1095890.2902,109643.99,112343912387,4863006717,24371482535.0,0.9995,20.87,121.7496,4.33,70.0,3.0,16.0
2025-05-22,2664.82,852555.6669,111696.21,114329405689,5007728794,24690813402.0,0.9998,20.28,122.0429,4.33,72.0,3.0,16.0
2025-05-23,2526.5,971442.4532,107318.3,116573667436,5181880028,25563167074.0,0.9998,22.29,121.3837,4.33,78.0,3.0,16.0
2025-05-24,2530.4,257544.2344,107761.91,111993112543,4948682912,24664415186.0,0.9996,,,4.33,66.0,3.0,16.0
2025-05-25,2551.22,359890.0299,109004.19,112173628683,4939873324,24699278547.0,0.9995,,,4.33,74.0,3.0,13.0
2025-05-26,2563.7,362971.1182,109434.79,113347511518,5003339964,24809307201.0,0.9995,20.57,,4.33,73.0,3.0,13.0
2025-05-27,2660.81,798430.8862,108938.17,114132955119,4949912554,25010911052.0,0.9994,18.96,121.6099,4.33,74.0,3.0,13.0
2025-05-28,2681.6,560095.6833,107781.78,116016560843,5123700275,25425673202.0,0.9997,19.31,121.9888,4.33,71.0,3.0,13.0
2025-05-29,2631.39,811567.2545,105589.75,115665352741,5121704104,25342785187.0,0.9999,19.18,121.5617,4.33,74.0,3.0,13.0
2025-05-30,2531.34,763045.2564,103985.48,113080684577,5064879461,24891124980.0,0.9996,18.57,121.7674,4.33,60.0,3.0,13.0
2025-05-31,2528.06,394537.2521,104591.88,110038428553,4831358648,24297057077.0,0.9995,,,4.33,50.0,3.0,13.0
2025-06-01,2539.21,332021.7088,105642.93,110225155844,4847380406,24456673573.0,0.9994,,,4.33,56.0,3.0,12.0
2025-06-02,2607.41,468889.9737,105857.99,110924862993,4876271891,24732088749.0,0.9995,18.36,121.1881,4.33,64.0,3.0,12.0
2025-06-03,2593.36,454383.0439,105376.89,110429297553,4956993462,25143342703.0,0.9993,17.69,121.4592,4.33,64.0,3.0,12.0
2025-06-04,2607.68,502494.8214,104696.86,109833336238,4962183819,25142997101.0,0.9993,17.61,121.0539,4.33,62.0,3.0,12.0
2025-06-05,2414.01,808938.0344,101508.68,109851093632,4901877359,25198721875.0,0.9994,18.48,120.9596,4.33,57.0,3.0,12.0
2025-06-06,2476.1,578843.4974,104288.44,104941768941,4640672276,23919790719.0,0.9992,16.77,121.161,4.33,45.0,3.0,12.0
2025-06-07,2524.63,264787.6743,105552.15,107269566249,4720242298,24517070639.0,0.9994,,,4.33,52.0,3.0,12.0
2025-06-08,2509.83,266474.7139,105734.0,108934139071,4868423096,24916618294.0,0.9995,,,4.33,62.0,4.0,14.0
2025-06-09,2680.13,568726.3025,110263.02,108818428423,4854321954,24839514919.0,0.9996,17.16,120.9103,4.33,62.0,4.0,14.0
2025-06-10,2816.4,1138405.4775,110274.39,113078076876,5135805525,25482160661.0,0.9997,16.95,121.0485,4.33,71.0,4.0,14.0
2025-06-11,2771.61,850210.9324,108645.12,116339078984,5310820754,26443234139.0,0.9996,17.26,120.587,4.33,72.0,4.0,14.0
2025-06-12,2642.65,699593.3757,105671.73,115549306963,5377296688,26277679531.0,0.9995,18.02,120.1723,4.33,71.0,4.0,14.0
2025-06-13,2579.19,1202176.2972,106066.59,109894448185,4949020921,25247853720.0,0.9994,20.82,120.3245,4.33,61.0,4.0,14.0
2025-06-14,2530.76,331438.9278,105414.64,109918469360,4990256494,25094925538.0,0.9994,,,4.33,63.0,4.0,14.0
2025-06-15,2547.61,299701.6624,105594.01,108919057126,4944593685,24865223587.0,0.9997,,,4.33,60.0,3.0,12.0
2025-06-16,2544.17,680429.988,106794.53,109254788685,4957656089,24902018303.0,0.9994,19.11,120.1565,4.33,61.0,3.0,12.0
2025-06-17,2509.95,715930.4081,104551.17,111510586401,5018447724,26187332818.0,0.9997,21.6,120.5048,4.33,68.0,3.0,12.0
2025-06-18,2525.0,504532.1818,104886.78,109807076709,4924546265,25558798942.0,0.9997,20.14,120.7305,4.33,52.0,3.0,12.0
2025-06-19,2521.12,252646.059,104658.59,110208508872,4881524071,25585868093.0,0.9998,22.17,,4.33,57.0,3.0,12.0
2025-06-20,2406.49,632027.8235,103297.99,110217444017,4895935494,25523865851.0,0.9999,20.62,121.0408,4.33,54.0,3.0,12.0
2025-06-21,2295.73,496783.864,102120.01,106791581760,4765859063,24557387218.0,0.9996,,,4.33,49.0,3.0,12.0
2025-06-22,2227.7,840155.8295,100963.87,103547196125,4568947541,23766792946.0,0.9997,,,4.33,42.0,3.0,12.0
2025-06-23,2411.66,744583.8003,105333.93,101037282732,4457211554,22794325471.0,0.9993,19.83,121.1694,4.33,47.0,3.0,12.0
2025-06-24,2448.45,516760.6621,106083.0,107042984852,4763254459,24428814003.0,0.9996,17.48,120.3645,4.33,65.0,3.0,12.0
2025-06-25,2418.49,414894.7387,107340.58,108699456643,4795799765,24763903720.0,0.9995,16.76,120.3336,4.33,66.0,3.0,12.0
2025-06-26,2415.96,463704.0261,106947.06,108532375000,4795872287,24965731440.0,0.9995,16.59,119.6451,4.33,74.0,3.0,12.0
2025-06-27,2423.17,381474.766,107047.59,107241366205,4715576782,24438012058.0,0.9996,16.32,119.659,4.33,65.0,3.0,12.0
2025-06-28,2435.62,155814.9859,107296.79,107685701190,4731759393,24714201572.0,0.9996,,,4.33,65.0,3.0,12.0
2025-06-29,2500.09,284291.8057,108356.93,109287171426,4777667974,24893654071.0,0.9997,,,4.33,68.0,3.0,11.0
2025-06-30,2485.47,440455.714,107146.5,110885697577,4875771320,25439482815.0,0.9997,16.73,119.4088,4.33,66.0,3.0,11.0
2025-07-01,2405.01,351951.0868,105681.14,110473026797,4820581309,24999167419.0,0.9997,16.83,119.3436,4.33,64.0,3.0,11.0
2025-07-02,2570.41,634967.0337,108849.6,108286488243,4724234623,24449917753.0,0.9996,16.64,119.3037,4.33,63.0,3.0,11.0
2025-07-03,2591.25,504943.6592,109584.78,112076883905,4951293950,25646239195.0,0.9996,16.38,119.2382,4.33,73.0,3.0,11.0
2025-07-04,2508.04,452593.02,107984.24,113617997289,4990964424,26111360218.0,0.9998,17.48,,4.33,73.0,3.0,11.0
2025-07-05,2516.41,157198.0958,108198.12,111372718119,4890474985,25532719158.0,0.9997,,,4.33,67.0,3.0,11.0
2025-07-06,2570.35,277593.6319,109203.84,111933426939,4911480987,25846054599.0,0.9999,,,4.33,66.0,3.0,17.0
2025-07-07,2542.29,315707.5272,108262.94,113372911905,4973625978,26237645497.0,0.9998,17.79,119.6201,4.33,73.0,3.0,17.0
2025-07-08,2615.25,370915.7321,108922.98,112315575397,4897494509,25980408881.0,0.9998,16.81,119.8371,4.33,65.0,3.0,17.0
2025-07-09,2768.74,686119.3772,111233.99,114242923270,4961456357,26491627553.0,0.9997,15.94,119.7311,4.33,66.0,3.0,17.0
2025-07-10,2951.29,951896.07,116010.0,118152599938,5137650702,27723164747.0,0.9998,15.78,119.8343,4.33,71.0,3.0,17.0
2025-07-11,2958.22,906839.1689,117527.66,122939826378,5250903546,28723030325.0,0.9996,16.4,119.9214,4.33,71.0,3.0,17.0
2025-07-12,2943.28,348884.8877,117420.0,123413173770,5244616168,28752272546.0,0.9997,,,4.33,79.0,3.0,17.0
2025-07-13,2972.03,357333.5016,119086.64,123149273376,5199884713,28771281889.0,0.9996,,,4.33,74.0,3.0,30.0
2025-07-14,3013.62,815552.6496,119841.18,124528572349,5269051797,29274808068.0,0.9998,17.2,120.2209,4.33,74.0,3.0,30.0
2025-07-15,3137.89,863583.7377,117758.09,124968941911,5227072481,29652031272.0,0.9999,17.38,120.5105,4.33,73.0,3.0,30.0
2025-07-16,3371.35,1135950.5831,118630.43,126623603239,5339037550,30277202548.0,0.9995,17.16,120.4175,4.33,70.0,3.0,30.0
2025-07-17,3476.87,974065.8264,119177.56,130223581182,5494151124,30296252231.0,0.9992,16.52,120.6384,4.33,74.0,3.0,30.0
2025-07-18,3546.92,1163823.3977,117924.84,132348340718,5666302016,30872662372.0,0.9993,16.41,120.356,4.33,73.0,3.0,30.0
2025-07-19,3592.01,381791.9213,117840.0,133839818489,5712891314,31695417714.0,0.9994,,,4.33,74.0,3.0,30.0
2025-07-20,3756.69,852356.5533,117265.12,134822780713,5734356286,32164985067.0,0.9994,,,4.33,72.0,3.0,32.0
2025-07-21,3762.33,812074.0534,117380.36,138584459767,5865951628,33448022753.0,0.9996,16.65,119.9961,4.33,71.0,3.0,32.0
2025-07-22,3746.21,870127.3864,119954.42,138541806549,5871128823,33359268380.0,0.9996,16.5,119.681,4.33,72.0,3.0,32.0
2025-07-23,3628.29,800259.4025,118755.99,140011226415,5788489289,33264342032.0,0.9995,15.37,119.5697,4.33,74.0,3.0,32.0
2025-07-24,3706.94,749459.495,118340.99,136580524127,5632389065,32838906204.0,0.9995,15.39,119.5664,4.33,71.0,3.0,32.0
2025-07-25,3724.96,764606.7261,117614.31,136074965615,5561198441,32802454678.0,0.9998,14.93,119.9857,4.33,70.0,3.0,32.0
2025-07-26,3741.1,407259.7024,117919.99,138001613876,5675134409,33367171266.0,0.9997,,,4.33,72.0,3.0,32.0
2025-07-27,3872.1,457352.4605,119415.55,138804208202,5763079760,33580094835.0,0.9996,,,4.33,73.0,4.0,30.0
2025-07-28,3799.0,620994.7463,118062.32,142528355964,5896370922,35020961273.0,0.9998,15.03,120.6149,4.33,75.0,4.0,30.0
2025-07-29,3793.79,584210.4393,117950.76,139490177054,5767238822,34062046643.0,1.0001,15.98,120.9674,4.33,73.0,4.0,30.0
2025-07-30,3810.0,525424.9003,117840.3,139117715689,5693406303,34049405095.0,1.0,15.48,121.4042,4.33,74.0,4.0,30.0
2025-07-31,3698.39,516088.4503,115764.08,138909052388,5704623203,34288229867.0,1.0001,16.72,121.721,4.33,72.0,4.0,30.0
2025-08-01,3488.2,783869.1517,113297.93,135923895190,5556824368,33904601662.0,1.0003,20.38,121.2122,4.33,65.0,4.0,30.0
2025-08-02,3393.94,494195.7094,112546.35,130878175555,5362623619,32358866694.0,1.0001,,,4.33,55.0,4.0,30.0
2025-08-03,3496.74,296347.6758,114208.8,128560050740,5221143276,31923378582.0,0.9998,,,4.33,53.0,5.0,47.0
2025-08-04,3720.99,463349.9861,115055.03,132084635392,5397475719,32814012910.0,0.9999,17.52,120.9859,4.33,64.0,5.0,47.0
2025-08-05,3612.0,489070.9589,114129.75,136570848045,5571152112,34389087292.0,0.9999,17.85,120.9082,4.33,60.0,5.0,47.0
2025-08-06,3683.31,365309.9205,114992.27,135336357724,5471440104,34415615564.0,0.9997,16.77,120.5082,4.33,54.0,5.0,47.0
2025-08-07,3910.31,631678.9872,117472.01,137474099609,5585504922,34939817881.0,0.9996,16.57,120.5043,4.33,62.0,5.0,47.0
2025-08-08,4009.5,723300.0109,116674.74,143697457090,6127659076,36984734718.0,0.9997,15.15,120.3329,4.33,74.0,5.0,47.0
2025-08-09,4260.62,691932.1048,116462.25,144803424468,5836861039,37274228310.0,0.9996,,,4.33,67.0,5.0,47.0
2025-08-10,4250.57,494843.8105,119294.01,149412935767,6043997473,38523241627.0,0.9998,,,4.33,69.0,6.0,100.0
2025-08-11,4223.22,722664.04,118686.0,149109861277,6097321605,38662050362.0,0.9998,16.25,120.6892,4.33,70.0,6.0,100.0
2025-08-12,4590.52,885288.0652,120134.08,147948591441,5941993414,38516836717.0,1.0,14.73,120.2736,4.33,68.0,6.0,100.0
2025-08-13,4749.3,925931.4988,123306.43,154875056847,6200696940,40176575054.0,0.9996,14.49,120.13,4.33,73.0,6.0,100.0
2025-08-14,4546.84,1265449.0453,118295.09,158103199171,6359003479,40197752993.0,0.9992,14.83,120.6446,4.33,75.0,6.0,100.0
2025-08-15,4439.47,880409.2591,117342.05,153380696406,6260555189,38916799315.0,0.9992,15.09,120.3377,4.33,60.0,6.0,100.0
2025-08-16,4421.99,358676.5884,117380.66,150596704749,6095797517,37745467840.0,0.9993,,,4.33,56.0,6.0,100.0
2025-08-17,4472.33,442461.3829,117405.01,150737517120,6167272921,37598048682.0,0.9993,,,4.33,64.0,6.0,83.0
2025-08-18,4312.99,823188.1269,116227.05,151089441253,6218235343,37610688199.0,0.9995,14.99,120.5622,4.33,60.0,6.0,83.0
2025-08-19,4075.59,831222.7951,112872.94,148379162012,6075104287,37046226972.0,1.0,15.57,120.7224,4.33,56.0,6.0,83.0
2025-08-20,4336.16,728324.8933,114271.24,143025171171,5780167893,35608903636.0,0.9998,15.69,120.7757,4.33,44.0,6.0,83.0
2025-08-21,4225.3,433836.3992,112500.0,148305321924,5954319391,36986949141.0,1.0002,16.6,121.0843,4.33,50.0,6.0,83.0
2025-08-22,4832.07,1277976.63526,116935.99,147042782018,5817615404,36767429617.0,1.0002,14.22,120.2774,4.33,50.0,6.0,83.0
2025-08-23,4778.4,512442.0888,115438.05,158433208309,6286243858,39953053193.0,1.0003,,,4.33,60.0,6.0,83.0
2025-08-24,4780.15,780668.77842,113493.59,159620345292,6333785172,41117713318.0,1.0,,,4.33,53.0,5.0,61.0
2025-08-25,4376.18,1043917.1659,110111.98,156718477233,6227472079,39859550214.0,0.9998,14.79,120.4214,4.33,47.0,5.0,61.0
2025-08-26,4600.63,834750.2767,111763.22,149871237030,5895039721,38652484278.0,0.9997,14.62,120.5274,4.33,48.0,5.0,61.0
2025-08-27,4506.71,606669.3611,111262.01,154327570966,5930781380,39799438663.0,0.9998,14.85,120.7274,4.33,51.0,5.0,61.0
2025-08-28,4511.21,485243.4027,112566.9,153895869021,5881518590,39559156368.0,0.9999,14.43,120.2595,4.33,48.0,5.0,61.0
2025-08-29,4360.18,679063.8777,108377.4,155135647080,5887864908,40022964461.0,0.9999,15.36,120.2082,4.33,50.0,5.0,61.0
2025-08-30,4373.7,340319.1826,108816.33,151094830192,5793644613,39432128999.0,0.9998,,,4.33,39.0,5.0,61.0
2025-08-31,4391.83,356586.1861,108246.35,151368295836,5911671031,39295703779.0,0.9999,,,4.33,48.0,5.0,40.0
2025-09-01,4314.5,513830.0395,109237.42,150968323797,5886493250,39157986866.0,0.9999,16.12,,4.22,46.0,5.0,40.0
2025-09-02,4326.5,524605.0512,111240.01,148881708943,5745812273,38893192806.0,0.9998,17.17,120.6837,4.22,49.0,5.0,40.0
2025-09-03,4450.46,487091.6861,111705.71,150046027273,5759230887,38587720289.0,0.9996,16.35,120.5052,4.22,55.0,5.0,40.0
2025-09-04,4297.55,471795.7096,110730.87,153511520268,5866182656,40221949843.0,0.9999,15.3,120.7629,4.22,51.0,5.0,40.0
2025-09-05,4307.45,624169.8754,110659.99,150477991947,5728954347,39107011800.0,0.9998,15.18,120.1282,4.22,48.0,5.0,40.0
2025-09-06,4273.14,191166.0686,110187.97,151002486127,5732690184,39445018744.0,0.9997,,,4.22,48.0,5.0,40.0
2025-09-07,4306.19,169620.8372,111137.34,150094405230,5750412663,39155481974.0,1.0,,,4.22,44.0,5.0,33.0
2025-09-08,4306.37,372882.4355,112065.23,151657779946,5832182382,40154049885.0,0.9998,15.11,120.0971,4.22,51.0,5.0,33.0
2025-09-09,4310.09,405485.7821,111546.39,152518169454,5854001699,39913161702.0,0.9999,15.04,120.1569,4.22,48.0,5.0,33.0
2025-09-10,4349.32,506633.9098,113960.0,152521942623,5819271908,39666140284.0,0.9996,15.35,120.1223,4.22,49.0,5.0,33.0
2025-09-11,4458.82,441259.6649,115482.69,154520643725,5987987783,40316978282.0,0.9996,14.71,119.9534,4.22,54.0,5.0,33.0
2025-09-12,4712.16,510777.5402,116029.42,157109757082,6012125794,40891210951.0,0.9992,14.76,120.0611,4.22,57.0,5.0,33.0
2025-09-13,4666.53,394393.6869,115918.29,162430333864,6209096312,42530197429.0,0.9994,,,4.22,52.0,5.0,33.0
2025-09-14,4604.49,278244.3205,115268.01,161760080682,6149498409,42417516821.0,0.9994,,,4.22,55.0,6.0,30.0
2025-09-15,4523.74,412291.9687,115349.71,159881899473,5974961484,42067090150.0,0.9997,15.69,119.5644,4.22,53.0,6.0,30.0
2025-09-16,4501.29,293307.1099,116788.96,158294348188,5915709772,41693929917.0,0.9995,16.36,119.1348,4.22,52.0,6.0,30.0
2025-09-17,4590.53,476981.4561,116447.59,158243929069,5917045715,40967612086.0,0.9995,15.72,119.1582,4.22,53.0,6.0,30.0
2025-09-18,4587.66,290660.377,117073.53,160833425407,6036661160,41824076491.0,0.9995,15.7,119.6616,4.22,52.0,6.0,30.0
2025-09-19,4468.59,331611.1482,115632.38,161654363378,6018952183,42724866652.0,0.9994,15.45,119.7858,4.22,53.0,6.0,30.0
2025-09-20,4480.42,130781.913,115685.63,158983144695,5875034694,41886653661.0,0.9994,,,4.22,48.0,6.0,30.0
2025-09-21,4444.97,149349.8262,115232.29,160533955011,5894427324,43075562697.0,0.9993,,,4.22,49.0,6.0,32.0
2025-09-22,4199.08,708243.2348,112650.99,158618013251,5753923345,42456536020.0,0.9991,16.1,119.8152,4.22,45.0,6.0,32.0
2025-09-23,4164.26,315227.9057,111998.8,152909885381,5627415358,40569088405.0,0.9997,16.64,119.6202,4.22,43.0,6.0,32.0
2025-09-24,4152.81,353665.5671,113307.0,150855974339,5520171665,39937619686.0,0.9994,16.18,120.1707,4.22,44.0,6.0,32.0
2025-09-25,3874.36,930327.6951,108994.49,151072830577,5511004952,40074866179.0,0.9994,16.74,120.5419,4.22,44.0,6.0,32.0
2025-09-26,4032.24,575711.0859,109643.46,145873548876,5336609117,39747808782.0,0.9992,15.29,120.4349,4.22,28.0,6.0,32.0
2025-09-27,4018.38,172693.2638,109635.85,149146803924,5441207288,40694247400.0,0.9993,,,4.22,33.0,6.0,32.0
2025-09-28,4142.16,240331.8589,112163.95,150391362846,5455170812,41606870807.0,0.9995,,,4.22,37.0,6.0,30.0
2025-09-29,4215.07,380728.6784,114311.96,154309745680,5604627738,43035683152.0,0.9992,16.12,120.115,4.22,50.0,6.0,30.0
2025-09-30,4145.15,391126.6172,114048.93,156216160070,5658795022,43633394429.0,0.9996,16.28,120.1368,4.22,50.0,6.0,30.0
2025-10-01,4348.03,507026.3822,118594.99,155530221481,5562887810,43324730121.0,0.9993,16.29,120.1502,4.09,49.0,6.0,30.0
2025-10-02,4484.35,526411.1571,120529.35,161525028322,5811873933,44554240150.0,0.9993,16.63,120.4296,4.09,64.0,6.0,30.0
2025-10-03,4512.87,485684.0267,122232.0,164843726692,5893083355,45008167932.0,0.9992,16.65,120.0881,4.09,63.0,6.0,30.0
2025-10-04,4487.15,199732.7088,122391.0,166315211673,5956718208,45021409048.0,0.9994,,,4.09,71.0,6.0,30.0
2025-10-05,4514.32,506587.9614,123482.31,165952649236,5932649979,44695834562.0,0.9996,,,4.09,74.0,5.0,34.0
2025-10-06,4684.01,456200.6528,124658.54,166925549329,6305176404,44580526637.0,0.9995,16.37,120.2722,4.09,71.0,5.0,34.0
2025-10-07,4447.7,640685.9319,121332.95,171271336470,6964620302,45808938227.0,0.9994,17.24,120.4884,4.09,70.0,5.0,34.0
2025-10-08,4525.72,399904.3287,123306.0,167395004418,6720676428,44862878937.0,0.9995,16.3,120.7766,4.09,60.0,5.0,34.0
2025-10-09,4368.09,515978.1829,121662.4,169172913055,6802841461,45350423973.0,0.9993,16.43,121.0902,4.09,70.0,5.0,34.0
2025-10-10,3829.72,1493971.0244,112774.5,164952195470,6662422023,43309684041.0,0.9983,21.66,121.1163,4.09,64.0,5.0,34.0
2025-10-11,3746.79,789885.6582,110644.4,147869068949,5889579453,38520572434.0,0.9989,,,4.09,27.0,5.0,34.0
2025-10-12,4152.29,811308.152,114958.8,145846463694,5934884865,39068766565.0,0.999,,,4.09,24.0,5.0,33.0
2025-10-13,4240.85,622813.9247,115166.0,155924437344,6382454324,41429749707.0,0.9991,19.03,,4.09,38.0,5.0,33.0
2025-10-14,4125.02,962996.7658,113028.14,159095871400,6484672888,42112956215.0,0.9994,20.81,121.1822,4.09,38.0,5.0,33.0
2025-10-15,3985.61,626081.6966,110763.28,156123244331,6376916073,41216157643.0,0.9994,20.64,120.8642,4.09,34.0,5.0,33.0
2025-10-16,3894.51,643804.6163,108194.28,151095025659,6248886060,38967510616.0,0.9997,25.31,120.6698,4.09,28.0,5.0,33.0
2025-10-17,3831.57,830127.0885,106431.68,148228266968,5723757041,38228097335.0,0.9995,20.78,120.7028,4.09,22.0,5.0,33.0
2025-10-18,3889.21,250710.6121,107185.01,145692333322,5613816961,37361503708.0,0.9995,,,4.09,23.0,5.0,33.0
2025-10-19,3982.58,408538.2545,108642.78,148633254575,5682130207,39247041195.0,0.9995,,,4.09,29.0,5.0,28.0
2025-10-20,3979.22,511382.3301,110532.09,149085056311,5776824280,37945806161.0,0.9997,18.23,120.6209,4.09,29.0,5.0,28.0
2025-10-21,3873.05,590594.1382,108297.67,151160265426,5827307063,39577773160.0,0.9995,17.87,120.8895,4.09,34.0,5.0,28.0
2025-10-22,3805.53,593130.0905,107567.44,147749459782,5672936266,37473452817.0,0.9997,18.6,120.8958,4.09,25.0,5.0,28.0
2025-10-23,3856.8,477231.0181,110078.18,145004958100,5594220153,35957126384.0,0.9995,17.3,120.9531,4.09,27.0,5.0,28.0
2025-10-24,3934.88,425926.9383,111004.89,147056924862,5888824333,36394796729.0,0.9998,16.37,120.9345,4.09,30.0,5.0,28.0
2025-10-25,3953.82,138526.3338,111646.27,149293124337,5778609681,37284429170.0,0.9998,,,4.09,37.0,5.0,28.0
2025-10-26,4158.46,344698.0918,114559.4,149639242357,5438375607,37523928292.0,0.9997,,,4.09,40.0,5.0,24.0
2025-10-27,4120.15,487131.2291,114107.65,154914099942,5628189381,39197566089.0,0.9999,15.79,120.7988,4.09,51.0,5.0,24.0
2025-10-28,3979.2,472965.8377,112898.45,154167958854,5581845744,39383947886.0,0.9998,16.42,120.6361,4.09,50.0,5.0,24.0
2025-10-29,3902.99,486452.3127,110021.29,151101846146,5471919795,38353115361.0,0.9997,16.92,120.5312,4.09,51.0,5.0,24.0
2025-10-30,3805.09,531455.9923,108322.88,149979683988,5418173828,37510228569.0,1.0,16.91,121.2832,4.09,34.0,5.0,24.0
2025-10-31,3847.99,478636.2995,109608.01,146939204002,5304777207,36868516955.0,1.0003,17.44,121.3859,4.09,29.0,5.0,24.0
2025-11-01,3873.77,152998.1626,110098.1,147289209315,5368341776,36946534266.0,1.0002,,,3.88,33.0,5.0,24.0
2025-11-02,3906.58,216083.1542,110540.68,147337752204,5437952877,36919741561.0,1.0,,,3.88,37.0,5.0,27.0
2025-11-03,3603.83,877187.3852,106583.04,147554540027,5386701858,37144359724.0,1.0,17.17,121.4512,3.88,42.0,5.0,27.0
2025-11-04,3287.05,1568004.2379,101497.22,139166804359,5063732632,34775446141.0,0.9999,19.0,121.8271,3.88,21.0,5.0,27.0
2025-11-05,3424.29,809591.5132,103885.16,129059826803,4672484251,31530534320.0,1.0,18.01,121.8482,3.88,23.0,5.0,27.0
2025-11-06,3315.14,566363.7003,101346.04,130198914620,4849600431,31334552808.0,1.0003,19.5,121.6948,3.88,27.0,5.0,27.0
2025-11-07,3436.05,683417.3854,103339.08,127523828654,4731786043,30497722130.0,1.0004,19.08,121.388,3.88,24.0,5.0,27.0
2025-11-08,3401.51,291532.2881,102312.94,130169740726,4908508701,31205770189.0,1.0002,,,3.88,20.0,5.0,27.0
2025-11-09,3583.46,464098.052,104722.96,129071004119,5296017944,30688834017.0,1.0001,,,3.88,22.0,5.0,26.0
2025-11-10,3567.85,595273.0298,106011.13,133269475998,5068993554,31804089520.0,1.0002,17.6,121.2984,3.88,29.0,5.0,26.0
2025-11-11,3417.76,660283.2747,103058.99,133462031720,5025707297,32559272609.0,1.0002,17.28,,3.88,26.0,5.0,26.0
2025-11-12,3414.92,553101.9368,101654.37,129604062163,4846038321,31806039683.0,1.0001,17.51,121.0458,3.88,24.0,5.0,26.0
2025-11-13,3231.54,951989.1347,99692.02,129155512532,4825993220,32089973943.0,1.0005,20.0,120.7725,3.88,15.0,5.0,26.0
2025-11-14,3112.4,890446.1491,94594.0,126291246747,4630016539,32478500175.0,1.0007,19.83,120.9666,3.88,16.0,5.0,26.0
2025-11-15,3167.88,338463.4782,95596.24,123799060450,4497331650,31853471603.0,1.0004,,,3.88,10.0,5.0,26.0
2025-11-16,3095.29,570633.5809,94261.44,123939198851,4412029777,31655252105.0,1.0005,,,3.88,10.0,5.0,31.0
2025-11-17,3031.44,762500.4289,92215.14,121098783324,4341046867,30017094832.0,1.0009,22.38,121.1146,3.88,14.0,5.0,31.0
2025-11-18,3123.66,766640.1058,92960.83,118708202192,4247909763,29773053595.0,1.0002,24.69,121.2127,3.88,11.0,5.0,31.0
2025-11-19,3025.48,737926.7146,91554.96,121648672809,4340225983,31080809539.0,1.0008,23.66,121.4978,3.88,15.0,5.0,31.0
2025-11-20,2834.22,912524.3718,86637.23,119322470007,4271763512,30464394494.0,1.0009,26.42,121.6889,3.88,11.0,5.0,31.0
2025-11-21,2765.85,1180475.4085,85129.43,115324996751,4083049194,29852359099.0,1.0005,23.43,121.8653,3.88,14.0,5.0,31.0
2025-11-22,2770.12,264691.3089,84739.74,111648250810,3882796159,29267289503.0,1.0003,,,3.88,11.0,5.0,31.0
2025-11-23,2802.16,409808.5734,86830.0,110192644898,3863892693,27864420351.0,1.0001,,,3.88,13.0,5.0,29.0
2025-11-24,2953.38,715279.7551,88300.01,111915532004,3902820993,29263760626.0,1.0001,20.52,121.9171,3.88,19.0,5.0,29.0
2025-11-25,2959.36,427686.4528,87369.96,115675016265,4016338396,30318272167.0,1.0002,18.56,121.6335,3.88,20.0,5.0,29.0
2025-11-26,3026.56,364535.326,90484.02,115799204368,4061674575,30594332132.0,1.0,17.19,121.2437,3.88,15.0,5.0,29.0
2025-11-27,3015.23,274980.3955,91333.95,118196193513,4144154556,31007649613.0,0.9999,17.21,,3.88,22.0,5.0,29.0
2025-11-28,3031.15,346616.0275,90890.7,117844668046,4169921538,31076975131.0,0.9997,16.35,121.0527,3.88,25.0,5.0,29.0
2025-11-29,2989.16,217904.1303,90802.44,117748385588,4161658708,31153286733.0,0.9997,,,3.88,28.0,5.0,29.0
2025-11-30,2991.26,182722.4253,90360.0,116465514878,4119517542,30586080480.0,0.9997,,,3.88,28.0,5.0,30.0
2025-12-01,2799.07,849002.9909,86286.01,115425791857,4061282946,30506708507.0,0.9998,17.24,120.9862,3.72,24.0,5.0,30.0
2025-12-02,2996.07,523707.3586,91277.88,111172549583,3889272368,29278289879.0,0.9996,16.59,121.1467,3.72,23.0,5.0,30.0
2025-12-03,3188.36,553669.8146,93429.95,116163993986,4111420671,29972880070.0,0.9996,16.08,120.7336,3.72,28.0,5.0,30.0
2025-12-04,3133.26,486698.3987,92078.06,120671813356,4322847796,31352064715.0,0.9997,15.78,120.6766,3.72,26.0,5.0,30.0
2025-12-05,3021.78,530382.8986,89330.04,119115273621,4232333165,31018232584.0,0.9996,15.41,120.6863,3.72,28.0,5.0,30.0
2025-12-06,3038.06,159721.2488,89236.79,116915081615,4062736528,31266255198.0,0.9997,,,3.72,23.0,5.0,30.0
2025-12-07,3059.85,391129.675,90395.31,116872332132,4161525705,31308087543.0,0.9998,,,3.72,20.0,4.0,22.0
2025-12-08,3124.16,452820.2207,90634.34,117294680952,4179395246,31431707906.0,0.9997,16.66,120.776,3.72,20.0,4.0,22.0
2025-12-09,3318.04,603859.9458,92678.8,117968555519,4204300764,31418011400.0,0.9998,16.93,120.6832,3.72,22.0,4.0,22.0
2025-12-10,3324.14,539585.4535,92015.37,121492885231,4346206176,32613818839.0,0.9997,15.77,120.6752,3.72,26.0,4.0,22.0
2025-12-11,3237.39,504114.2391,92513.38,120708103593,4263737245,32166763815.0,0.9996,14.85,119.98,3.72,29.0,4.0,22.0
2025-12-12,3084.86,435686.4435,90268.42,120306417293,4314137819,31982908130.0,0.9998,15.74,120.1442,3.72,29.0,4.0,22.0
2025-12-13,3114.64,136465.7567,90240.01,118396283617,4183788543,31023967353.0,0.9997,,,3.72,23.0,4.0,22.0
2025-12-14,3063.5,279058.3545,88172.17,119241325292,4181229152,31302863936.0,0.9998,,,3.72,21.0,4.0,21.0
2025-12-15,2964.85,520509.9555,86432.08,118872326392,4171278043,31937586429.0,0.9999,16.5,119.9561,3.72,16.0,4.0,21.0
2025-12-16,2962.3,378293.1159,87863.42,115732776754,3981330290,31021385322.0,1.0001,16.48,119.8902,3.72,11.0,4.0,21.0
2025-12-17,2833.49,497630.4162,86243.22,116700390185,3997555801,31590754314.0,1.0002,17.62,120.155,3.72,16.0,4.0,21.0
2025-12-18,2828.57,595253.7997,85516.41,113832765585,3878059653,30699057565.0,1.0003,16.87,120.0528,3.72,17.0,4.0,21.0
2025-12-19,2979.5,531702.5439,88136.94,113282430600,3862288819,30818344171.0,1.0005,14.91,120.1652,3.72,16.0,4.0,21.0
2025-12-20,2977.93,91783.7734,88360.9,116400664978,4014190213,31733991943.0,1.0003,,,3.72,20.0,4.0,21.0
2025-12-21,3002.02,162244.8067,88658.86,116868030948,4019767150,31916642033.0,1.0002,,,3.72,20.0,3.0,16.0
2025-12-22,3009.49,298443.5633,88620.79,117677081895,4015756829,32238040970.0,1.0004,14.08,119.9912,3.72,25.0,3.0,16.0
2025-12-23,2965.02,386465.747,87486.0,117253542463,4098250306,31910363997.0,1.0003,14.0,119.7057,3.72,24.0,3.0,16.0
2025-12-24,2947.47,197035.5598,87669.45,114967572180,4052036666,31589463991.0,1.0005,13.47,119.4372,3.72,24.0,3.0,16.0
2025-12-25,2903.95,188721.2981,87225.27,115221977018,4015829646,31508806972.0,1.0004,,,3.72,23.0,3.0,16.0
2025-12-26,2927.99,314830.9989,87369.56,114497929440,3993730418,31203478612.0,1.0006,13.6,119.4723,3.72,20.0,3.0,16.0
2025-12-27,2949.05,95040.3956,87877.01,114547253260,3967511883,31305359510.0,1.0004,,,3.72,23.0,3.0,16.0
2025-12-28,2950.91,128834.139,87952.71,115166020770,3985254700,31548485643.0,1.0004,,,3.72,24.0,3.0,16.0
2025-12-29,2937.9,485959.1824,87237.13,115610503769,4008555842,31615989555.0,1.0008,14.2,119.5899,3.72,24.0,3.0,16.0
2025-12-30,2973.69,286583.2879,88485.49,113731838615,3975388284,30811742299.0,1.0008,14.33,119.4939,3.72,23.0,3.0,16.0
2025-12-31,2971.64,233729.5887,87648.22,113578285139,4008799394,30513541788.0,1.0012,14.95,119.7456,3.72,21.0,3.0,16.0
